2025-11-05 16:59:54,466 [INFO] Activator:176 - 


2025-11-05 16:59:54,482 [INFO] Activator:177 - !SESSION log4j initialized
2025-11-05 17:00:03,705 [INFO] LogOutputStream:77 - [STDOUT_REDIRECT] 
2025-11-05 17:00:04,110 [ERROR] ConfigurationRetriever:142 - IOException on connection: sw-center.st.com
2025-11-05 17:00:04,112 [ERROR] ConfigurationRetriever:142 - IOException on connection: sw-center.st.com
2025-11-05 17:00:04,113 [ERROR] ConfigurationRetriever:142 - IOException on connection: sw-center.st.com
2025-11-05 17:00:04,124 [ERROR] ConfigurationRetriever:142 - IOException on connection: sw-center.st.com
2025-11-05 17:00:04,124 [ERROR] ConfigurationRetriever:142 - IOException on connection: sw-center.st.com
2025-11-05 17:00:04,127 [ERROR] ConfigurationRetriever:142 - IOException on connection: sw-center.st.com
2025-11-05 17:00:06,928 [INFO] ApplicationProperties:184 - Using Application install path: C:\ST\STM32CubeIDE_1.19.0\STM32CubeIDE\plugins\com.st.stm32cube.common.mx_6.15.0.202507011659
2025-11-05 17:00:06,949 [INFO] DbMcusXml:78 - Set database path to: C:\ST\STM32CubeIDE_1.19.0\STM32CubeIDE\plugins\com.st.stm32cube.common.mx_6.15.0.202507011659\\db\/mcu/
2025-11-05 17:00:06,950 [INFO] ApiDb:274 - Set plugin database path to: C:\ST\STM32CubeIDE_1.19.0\STM32CubeIDE\plugins\com.st.stm32cube.common.mx_6.15.0.202507011659\\db\/plugins/boardmanager/
2025-11-05 17:00:06,950 [WARN] ApiDb:259 - Overriding images path with different value:  => C:\ST\STM32CubeIDE_1.19.0\STM32CubeIDE\plugins\com.st.stm32cube.common.mx_6.15.0.202507011659\\db\/plugins/mcufinder/images/
2025-11-05 17:00:06,968 [INFO] ApiDb:250 - Set database path to: C:\Users\allan\.stmcufinder\plugins\mcufinder//mcu/
2025-11-05 17:00:06,970 [INFO] DbMcusAds:125 - Set database path to: C:\Users\allan\.stmcufinder\plugins\mcufinder//mcu/
2025-11-05 17:00:06,973 [INFO] CrossReferenceDbSqlite:203 - Set database path to: C:\Users\allan\.stmcufinder\plugins\mcufinder//mcu/cs/
2025-11-05 17:00:07,102 [INFO] RulesReader:64 - Compatibility file has been processed (317 Rules)
2025-11-05 17:00:07,211 [INFO] DbMcusXml:78 - Set database path to: C:\ST\STM32CubeIDE_1.19.0\STM32CubeIDE\plugins\com.st.stm32cube.common.mx_6.15.0.202507011659\\db\/mcu/
2025-11-05 17:00:07,211 [INFO] ApiDb:274 - Set plugin database path to: C:\ST\STM32CubeIDE_1.19.0\STM32CubeIDE\plugins\com.st.stm32cube.common.mx_6.15.0.202507011659\\db\/plugins/boardmanager/
2025-11-05 17:00:07,211 [INFO] ApiDb:261 - Set plugin images path to: C:\ST\STM32CubeIDE_1.19.0\STM32CubeIDE\plugins\com.st.stm32cube.common.mx_6.15.0.202507011659\\db\/plugins/mcufinder/images/
2025-11-05 17:00:07,212 [WARN] DbFile:41 - Overriding database path with different value: C:\Users\allan\.stmcufinder\plugins\mcufinder/ => C:\Users\allan\.stmcufinder\plugins\mcufinder
2025-11-05 17:00:07,212 [INFO] ApiDb:250 - Set database path to: C:\Users\allan\.stmcufinder\plugins\mcufinder//mcu/
2025-11-05 17:00:07,212 [WARN] DbFile:41 - Overriding database path with different value: C:\Users\allan\.stmcufinder\plugins\mcufinder/ => C:\Users\allan\.stmcufinder\plugins\mcufinder
2025-11-05 17:00:07,212 [INFO] DbMcusAds:125 - Set database path to: C:\Users\allan\.stmcufinder\plugins\mcufinder//mcu/
2025-11-05 17:00:07,212 [WARN] DbFile:41 - Overriding database path with different value: C:\Users\allan\.stmcufinder\plugins\mcufinder/ => C:\Users\allan\.stmcufinder\plugins\mcufinder
2025-11-05 17:00:07,212 [WARN] DbFile:41 - Overriding database path with different value: C:\Users\allan\.stmcufinder\plugins\mcufinder/ => C:\Users\allan\.stmcufinder\plugins\mcufinder
2025-11-05 17:00:07,212 [INFO] CrossReferenceDbSqlite:203 - Set database path to: C:\Users\allan\.stmcufinder\plugins\mcufinder//mcu/cs/
2025-11-05 17:00:07,312 [INFO] MainPanel:274 - HeapMemory: 268435456
2025-11-05 17:00:07,458 [INFO] DbMcusXml:78 - Set database path to: C:\ST\STM32CubeIDE_1.19.0\STM32CubeIDE\plugins\com.st.stm32cube.common.mx_6.15.0.202507011659\\db\/mcu/
2025-11-05 17:00:07,458 [INFO] ApiDb:274 - Set plugin database path to: C:\ST\STM32CubeIDE_1.19.0\STM32CubeIDE\plugins\com.st.stm32cube.common.mx_6.15.0.202507011659\\db\/plugins/boardmanager/
2025-11-05 17:00:07,459 [INFO] ApiDb:261 - Set plugin images path to: C:\ST\STM32CubeIDE_1.19.0\STM32CubeIDE\plugins\com.st.stm32cube.common.mx_6.15.0.202507011659\\db\/plugins/mcufinder/images/
2025-11-05 17:00:07,459 [WARN] DbFile:41 - Overriding database path with different value: C:\Users\allan\.stmcufinder\plugins\mcufinder/ => C:\Users\allan\.stmcufinder\plugins\mcufinder
2025-11-05 17:00:07,459 [INFO] ApiDb:250 - Set database path to: C:\Users\allan\.stmcufinder\plugins\mcufinder//mcu/
2025-11-05 17:00:07,459 [WARN] DbFile:41 - Overriding database path with different value: C:\Users\allan\.stmcufinder\plugins\mcufinder/ => C:\Users\allan\.stmcufinder\plugins\mcufinder
2025-11-05 17:00:07,459 [INFO] DbMcusAds:125 - Set database path to: C:\Users\allan\.stmcufinder\plugins\mcufinder//mcu/
2025-11-05 17:00:07,459 [WARN] DbFile:41 - Overriding database path with different value: C:\Users\allan\.stmcufinder\plugins\mcufinder/ => C:\Users\allan\.stmcufinder\plugins\mcufinder
2025-11-05 17:00:07,460 [WARN] DbFile:41 - Overriding database path with different value: C:\Users\allan\.stmcufinder\plugins\mcufinder/ => C:\Users\allan\.stmcufinder\plugins\mcufinder
2025-11-05 17:00:07,460 [INFO] CrossReferenceDbSqlite:203 - Set database path to: C:\Users\allan\.stmcufinder\plugins\mcufinder//mcu/cs/
2025-11-05 17:00:07,484 [INFO] ApplicationProperties:184 - Using Application install path: C:\ST\STM32CubeIDE_1.19.0\STM32CubeIDE\plugins\com.st.stm32cube.common.mx_6.15.0.202507011659
2025-11-05 17:00:07,485 [INFO] PluginManage:196 - Search for loadable plugins [exclusion list=, ]
2025-11-05 17:00:07,487 [INFO] PluginManage:310 - Check plugin analytics
2025-11-05 17:00:07,689 [INFO] AnalyticsPlugin:253 - Accepted Software Licenses: STM32CubeMX.6.15.0
2025-11-05 17:00:07,689 [INFO] AnalyticsPlugin:255 - Accepted CMSIS Pack Licenses: 
2025-11-05 17:00:07,689 [INFO] AnalyticsPlugin:257 - Accepted Firmware Licenses: FW.H7.1.12.0
2025-11-05 17:00:07,693 [INFO] PluginManage:359 - Loaded plugin analytics (category:tool,tabindex:-1)
2025-11-05 17:00:07,694 [ERROR] ConfigurationRetriever:142 - IOException on connection: sw-center.st.com
2025-11-05 17:00:07,694 [INFO] PluginManage:310 - Check plugin cadmodel
2025-11-05 17:00:07,694 [ERROR] ConfigurationRetriever:142 - IOException on connection: sw-center.st.com
2025-11-05 17:00:07,695 [ERROR] ConfigurationRetriever:142 - IOException on connection: sw-center.st.com
2025-11-05 17:00:07,722 [INFO] CADModel:105 - Init CAD model plugin
2025-11-05 17:00:07,722 [INFO] PluginManage:359 - Loaded plugin cadmodel (category:power,tabindex:5)
2025-11-05 17:00:07,723 [INFO] PluginManage:310 - Check plugin clock
2025-11-05 17:00:07,755 [INFO] PluginManage:359 - Loaded plugin clock (category:base,tabindex:2)
2025-11-05 17:00:07,756 [INFO] PluginManage:310 - Check plugin ddr
2025-11-05 17:00:07,759 [INFO] PluginManage:359 - Loaded plugin ddr (category:tool,tabindex:6)
2025-11-05 17:00:07,759 [INFO] PluginManage:310 - Check plugin filemanager
2025-11-05 17:00:07,932 [INFO] PluginManage:359 - Loaded plugin filemanager (category:base,tabindex:10)
2025-11-05 17:00:07,932 [INFO] PluginManage:310 - Check plugin ipmanager
2025-11-05 17:00:07,942 [INFO] PluginManage:359 - Loaded plugin ipmanager (category:base,tabindex:5)
2025-11-05 17:00:07,942 [INFO] PluginManage:310 - Check plugin lpbam
2025-11-05 17:00:07,969 [INFO] PluginManage:359 - Loaded plugin lpbam (category:base,tabindex:0)
2025-11-05 17:00:07,970 [INFO] PluginManage:310 - Check plugin memorymap
2025-11-05 17:00:08,004 [INFO] PluginManage:359 - Loaded plugin memorymap (category:base,tabindex:4)
2025-11-05 17:00:08,004 [INFO] PluginManage:310 - Check plugin pinoutandconfiguration
2025-11-05 17:00:08,033 [INFO] PluginManage:359 - Loaded plugin pinoutandconfiguration (category:base,tabindex:1)
2025-11-05 17:00:08,033 [INFO] PluginManage:310 - Check plugin pinoutconfig
2025-11-05 17:00:08,180 [WARN] SupportedApi:132 - Cannot load RTOS API schema: s4s-elt-must-match.1: The content of 'definitions' must match (annotation?, (simpleType | complexType)?, (unique | key | keyref)*)). A problem was found starting at: attribute.
2025-11-05 17:00:08,319 [INFO] PluginManage:359 - Loaded plugin pinoutconfig (category:base,tabindex:0)
2025-11-05 17:00:08,319 [INFO] PluginManage:310 - Check plugin power
2025-11-05 17:00:08,346 [INFO] PluginManage:359 - Loaded plugin power (category:power,tabindex:4)
2025-11-05 17:00:08,346 [INFO] PluginManage:310 - Check plugin projectmanager
2025-11-05 17:00:08,364 [INFO] PluginManage:359 - Loaded plugin projectmanager (category:projectmanager,tabindex:4)
2025-11-05 17:00:08,364 [INFO] PluginManage:310 - Check plugin rif
2025-11-05 17:00:08,396 [INFO] PluginManage:359 - Loaded plugin rif (category:base,tabindex:3)
2025-11-05 17:00:08,397 [INFO] PluginManage:310 - Check plugin thirdparty
2025-11-05 17:00:08,815 [INFO] PluginManage:359 - Loaded plugin thirdparty (category:base,tabindex:-1)
2025-11-05 17:00:08,815 [WARN] IntegrityCheckThread:84 - waiting for thirdparty lock release [integrity check]
2025-11-05 17:00:08,816 [INFO] PluginManage:310 - Check plugin tools
2025-11-05 17:00:08,816 [INFO] IntegrityCheckThread:86 - entering critical section [integrity check]
2025-11-05 17:00:08,816 [INFO] ThirdPartyUpdaterWithRetryManager:70 - Updater plugin not ready yet. [1/15]
2025-11-05 17:00:08,873 [INFO] PluginManage:359 - Loaded plugin tools (category:base,tabindex:7)
2025-11-05 17:00:08,873 [INFO] PluginManage:310 - Check plugin tutovideos
2025-11-05 17:00:09,145 [INFO] PluginManage:359 - Loaded plugin tutovideos (category:base,tabindex:-1)
2025-11-05 17:00:09,145 [INFO] PluginManage:310 - Check plugin updater
2025-11-05 17:00:09,173 [INFO] PluginManage:359 - Loaded plugin updater (category:base,tabindex:12)
2025-11-05 17:00:09,173 [INFO] PluginManage:310 - Check plugin userauth
2025-11-05 17:00:09,178 [INFO] UserAuth:118 - Init User Auth plugin
2025-11-05 17:00:09,179 [INFO] PluginManage:359 - Loaded plugin userauth (category:base,tabindex:14)
2025-11-05 17:00:09,180 [INFO] PluginManage:283 - PluginManage : Loaded plugins [18]
2025-11-05 17:00:09,433 [INFO] PinOutPanel:1589 - setPackage(No Configuration,No Configuration)
2025-11-05 17:00:09,540 [INFO] CADModel:165 - CPN selected for project level
2025-11-05 17:00:09,540 [INFO] CADModel:114 - Register for checkConnection events
2025-11-05 17:00:09,577 [INFO] IPUIPlugin:80 - create IPUIPlugin
2025-11-05 17:00:09,578 [INFO] PluginManager:220 - loadIPPluginJar : add adc
2025-11-05 17:00:09,644 [INFO] IPUIPlugin:80 - create IPUIPlugin
2025-11-05 17:00:09,645 [INFO] PluginManager:220 - loadIPPluginJar : add aes
2025-11-05 17:00:09,717 [INFO] IPUIPlugin:80 - create IPUIPlugin
2025-11-05 17:00:09,717 [INFO] PluginManager:220 - loadIPPluginJar : add can
2025-11-05 17:00:09,762 [INFO] IPUIPlugin:80 - create IPUIPlugin
2025-11-05 17:00:09,762 [INFO] PluginManager:220 - loadIPPluginJar : add comp
2025-11-05 17:00:09,823 [INFO] IPUIPlugin:80 - create IPUIPlugin
2025-11-05 17:00:09,823 [INFO] PluginManager:220 - loadIPPluginJar : add cryp
2025-11-05 17:00:09,847 [INFO] IPUIPlugin:80 - create IPUIPlugin
2025-11-05 17:00:09,847 [INFO] PluginManager:220 - loadIPPluginJar : add ddr_ctrl_phy
2025-11-05 17:00:09,896 [INFO] IPUIPlugin:80 - create IPUIPlugin
2025-11-05 17:00:09,896 [INFO] PluginManager:220 - loadIPPluginJar : add dfsdm
2025-11-05 17:00:09,918 [INFO] IPUIPlugin:80 - create IPUIPlugin
2025-11-05 17:00:09,918 [INFO] PluginManager:220 - loadIPPluginJar : add dma
2025-11-05 17:00:09,980 [INFO] IPUIPlugin:80 - create IPUIPlugin
2025-11-05 17:00:09,980 [INFO] PluginManager:220 - loadIPPluginJar : add dma3
2025-11-05 17:00:10,045 [INFO] IPUIPlugin:80 - create IPUIPlugin
2025-11-05 17:00:10,045 [INFO] PluginManager:220 - loadIPPluginJar : add extmemmanager
2025-11-05 17:00:10,079 [INFO] IPUIPlugin:80 - create IPUIPlugin
2025-11-05 17:00:10,079 [INFO] PluginManager:220 - loadIPPluginJar : add fatfs
2025-11-05 17:00:10,147 [INFO] IPUIPlugin:80 - create IPUIPlugin
2025-11-05 17:00:10,147 [INFO] PluginManager:220 - loadIPPluginJar : add fmc
2025-11-05 17:00:10,168 [INFO] IPUIPlugin:80 - create IPUIPlugin
2025-11-05 17:00:10,168 [INFO] PluginManager:220 - loadIPPluginJar : add freertos
2025-11-05 17:00:10,200 [INFO] IPUIPlugin:80 - create IPUIPlugin
2025-11-05 17:00:10,200 [INFO] PluginManager:220 - loadIPPluginJar : add genericplugin
2025-11-05 17:00:10,325 [INFO] IPUIPlugin:80 - create IPUIPlugin
2025-11-05 17:00:10,325 [INFO] PluginManager:220 - loadIPPluginJar : add gfxmmu
2025-11-05 17:00:10,488 [INFO] IPUIPlugin:80 - create IPUIPlugin
2025-11-05 17:00:10,489 [INFO] PluginManager:220 - loadIPPluginJar : add gic
2025-11-05 17:00:10,507 [INFO] IPUIPlugin:80 - create IPUIPlugin
2025-11-05 17:00:10,507 [INFO] PluginManager:220 - loadIPPluginJar : add gpio
2025-11-05 17:00:10,624 [INFO] IPUIPlugin:80 - create IPUIPlugin
2025-11-05 17:00:10,624 [INFO] PluginManager:220 - loadIPPluginJar : add gtzc
2025-11-05 17:00:10,671 [INFO] IPUIPlugin:80 - create IPUIPlugin
2025-11-05 17:00:10,671 [INFO] PluginManager:220 - loadIPPluginJar : add hash
2025-11-05 17:00:10,735 [INFO] IPUIPlugin:80 - create IPUIPlugin
2025-11-05 17:00:10,736 [INFO] PluginManager:220 - loadIPPluginJar : add i2c
2025-11-05 17:00:10,792 [INFO] IPUIPlugin:80 - create IPUIPlugin
2025-11-05 17:00:10,793 [INFO] PluginManager:220 - loadIPPluginJar : add i2s
2025-11-05 17:00:10,848 [INFO] IPUIPlugin:80 - create IPUIPlugin
2025-11-05 17:00:10,848 [INFO] PluginManager:220 - loadIPPluginJar : add i3c
2025-11-05 17:00:10,978 [INFO] IPUIPlugin:80 - create IPUIPlugin
2025-11-05 17:00:10,978 [INFO] PluginManager:220 - loadIPPluginJar : add ipddr
2025-11-05 17:00:11,090 [INFO] IPUIPlugin:80 - create IPUIPlugin
2025-11-05 17:00:11,090 [INFO] PluginManager:220 - loadIPPluginJar : add linkedlist
2025-11-05 17:00:11,142 [INFO] IPUIPlugin:80 - create IPUIPlugin
2025-11-05 17:00:11,142 [INFO] PluginManager:220 - loadIPPluginJar : add lorawan
2025-11-05 17:00:11,189 [INFO] IPUIPlugin:80 - create IPUIPlugin
2025-11-05 17:00:11,190 [INFO] PluginManager:220 - loadIPPluginJar : add ltdc
2025-11-05 17:00:11,207 [INFO] IPUIPlugin:80 - create IPUIPlugin
2025-11-05 17:00:11,208 [INFO] PluginManager:220 - loadIPPluginJar : add mdma
2025-11-05 17:00:11,225 [INFO] IPUIPlugin:80 - create IPUIPlugin
2025-11-05 17:00:11,225 [INFO] PluginManager:220 - loadIPPluginJar : add nvic
2025-11-05 17:00:11,278 [INFO] IPUIPlugin:80 - create IPUIPlugin
2025-11-05 17:00:11,278 [INFO] PluginManager:220 - loadIPPluginJar : add opamp
2025-11-05 17:00:11,358 [INFO] IPUIPlugin:80 - create IPUIPlugin
2025-11-05 17:00:11,358 [INFO] PluginManager:220 - loadIPPluginJar : add openamp
2025-11-05 17:00:11,414 [INFO] IPUIPlugin:80 - create IPUIPlugin
2025-11-05 17:00:11,414 [INFO] PluginManager:220 - loadIPPluginJar : add pdm2pcm
2025-11-05 17:00:11,433 [INFO] IPUIPlugin:80 - create IPUIPlugin
2025-11-05 17:00:11,436 [INFO] PluginManager:220 - loadIPPluginJar : add plateformsettings
2025-11-05 17:00:11,468 [INFO] IPUIPlugin:80 - create IPUIPlugin
2025-11-05 17:00:11,468 [INFO] PluginManager:220 - loadIPPluginJar : add quadspi
2025-11-05 17:00:11,503 [INFO] IPUIPlugin:80 - create IPUIPlugin
2025-11-05 17:00:11,504 [INFO] PluginManager:220 - loadIPPluginJar : add radio
2025-11-05 17:00:11,521 [INFO] IPUIPlugin:80 - create IPUIPlugin
2025-11-05 17:00:11,521 [INFO] PluginManager:220 - loadIPPluginJar : add resmgrutility
2025-11-05 17:00:11,581 [INFO] IPUIPlugin:80 - create IPUIPlugin
2025-11-05 17:00:11,582 [INFO] PluginManager:220 - loadIPPluginJar : add sai
2025-11-05 17:00:11,649 [INFO] IPUIPlugin:80 - create IPUIPlugin
2025-11-05 17:00:11,649 [INFO] PluginManager:220 - loadIPPluginJar : add spi
2025-11-05 17:00:11,753 [INFO] IPUIPlugin:80 - create IPUIPlugin
2025-11-05 17:00:11,753 [INFO] PluginManager:220 - loadIPPluginJar : add stm32_wpan
2025-11-05 17:00:11,791 [INFO] IPUIPlugin:80 - create IPUIPlugin
2025-11-05 17:00:11,791 [INFO] PluginManager:220 - loadIPPluginJar : add tim
2025-11-05 17:00:11,817 [INFO] ThirdPartyUpdaterWithRetryManager:70 - Updater plugin not ready yet. [2/15]
2025-11-05 17:00:11,875 [INFO] IPUIPlugin:80 - create IPUIPlugin
2025-11-05 17:00:11,875 [INFO] PluginManager:220 - loadIPPluginJar : add touchsensing
2025-11-05 17:00:11,909 [INFO] IPUIPlugin:80 - create IPUIPlugin
2025-11-05 17:00:11,909 [INFO] PluginManager:220 - loadIPPluginJar : add tracer_emb
2025-11-05 17:00:11,940 [INFO] IPUIPlugin:80 - create IPUIPlugin
2025-11-05 17:00:11,940 [INFO] PluginManager:220 - loadIPPluginJar : add ts
2025-11-05 17:00:11,970 [INFO] IPUIPlugin:80 - create IPUIPlugin
2025-11-05 17:00:11,970 [INFO] PluginManager:220 - loadIPPluginJar : add tsc
2025-11-05 17:00:12,002 [INFO] IPUIPlugin:80 - create IPUIPlugin
2025-11-05 17:00:12,002 [INFO] PluginManager:220 - loadIPPluginJar : add ucpd
2025-11-05 17:00:12,056 [INFO] IPUIPlugin:80 - create IPUIPlugin
2025-11-05 17:00:12,056 [INFO] PluginManager:220 - loadIPPluginJar : add usart
2025-11-05 17:00:12,115 [INFO] IPUIPlugin:80 - create IPUIPlugin
2025-11-05 17:00:12,115 [INFO] PluginManager:220 - loadIPPluginJar : add usbx
2025-11-05 17:00:12,250 [FATAL] Updater:351 - Updater called before beeing initialized
2025-11-05 17:00:12,277 [INFO] RulesReader:64 - Compatibility file has been processed (317 Rules)
2025-11-05 17:00:12,295 [INFO] RulesReader:64 - Compatibility file has been processed (317 Rules)
2025-11-05 17:00:12,306 [INFO] CADModel:165 - CPN selected for project level
2025-11-05 17:00:12,306 [INFO] CADModel:114 - Register for checkConnection events
2025-11-05 17:00:12,306 [FATAL] Updater:351 - Updater called before beeing initialized
2025-11-05 17:00:12,306 [ERROR] CADModel:125 - Updater not yet initialized, retry later 
2025-11-05 17:00:12,482 [FATAL] Updater:351 - Updater called before beeing initialized
2025-11-05 17:00:12,485 [INFO] CADModel:165 - CPN selected for project level
2025-11-05 17:00:12,485 [INFO] CADModel:114 - Register for checkConnection events
2025-11-05 17:00:12,485 [FATAL] Updater:351 - Updater called before beeing initialized
2025-11-05 17:00:12,485 [ERROR] CADModel:125 - Updater not yet initialized, retry later 
2025-11-05 17:00:12,488 [FATAL] Updater:351 - Updater called before beeing initialized
2025-11-05 17:00:12,650 [FATAL] Updater:351 - Updater called before beeing initialized
2025-11-05 17:00:12,668 [INFO] DbMcusAds:53 - JSON generation date=Thu Oct 02 17:36:05 CST 2025 (1759397765645)
2025-11-05 17:00:12,668 [FATAL] Updater:351 - Updater called before beeing initialized
2025-11-05 17:00:12,713 [WARN] DetailPanel:346 - Failed to get advertising image, set to default
2025-11-05 17:00:12,807 [FATAL] Updater:351 - Updater called before beeing initialized
2025-11-05 17:00:12,809 [FATAL] Updater:351 - Updater called before beeing initialized
2025-11-05 17:00:12,809 [FATAL] Updater:351 - Updater called before beeing initialized
2025-11-05 17:00:12,809 [WARN] DetailPanel:346 - Failed to get advertising image, set to default
2025-11-05 17:00:12,810 [FATAL] Updater:351 - Updater called before beeing initialized
2025-11-05 17:00:12,880 [ERROR] Updater:1198 - MainUpdater not yet initialized. External WinMGr cannot be set.
2025-11-05 17:00:12,893 [INFO] Updater:1134 - Updater Version found : 6.15.0
2025-11-05 17:00:12,907 [INFO] ApplicationProperties:184 - Using Application install path: C:\ST\STM32CubeIDE_1.19.0\STM32CubeIDE\plugins\com.st.stm32cube.common.mx_6.15.0.202507011659
2025-11-05 17:00:14,492 [ERROR] LogOutputStream:75 - [STDERR_REDIRECT] Nov 05, 2025 5:00:14 PM java.util.prefs.WindowsPreferences <init>
2025-11-05 17:00:14,493 [ERROR] LogOutputStream:75 - [STDERR_REDIRECT] WARNING: Could not open/create prefs root node Software\JavaSoft\Prefs at root 0xffffffff80000002. Windows RegCreateKeyEx(...) returned error code 5.
2025-11-05 17:00:14,493 [ERROR] LogOutputStream:75 - [STDERR_REDIRECT] 
2025-11-05 17:00:14,782 [INFO] MainUpdater:2872 - connection check result : 22
2025-11-05 17:00:14,783 [INFO] MainUpdater:289 - Updater Check For Update Now.
2025-11-05 17:00:14,783 [INFO] MicroXplorer:498 - Change Database Version : DB.6.0.150
2025-11-05 17:00:14,803 [INFO] McuFinderGlobals:63 - Set McuFinder mode to 2 (CubeIDE integrated)
2025-11-05 17:00:14,815 [INFO] UserAuth:487 - Internet connection configuration mode: 2
2025-11-05 17:00:14,819 [WARN] MainUpdater:1193 - Updater busy. Cannot search thirdparties
2025-11-05 17:00:14,820 [INFO] ThirdPartyUpdaterWithRetryManager:96 - Updater plugin is busy. [1/15]
2025-11-05 17:00:14,823 [INFO] UserAuth:487 - Internet connection configuration mode: 2
2025-11-05 17:00:14,968 [ERROR] LogOutputStream:75 - [STDERR_REDIRECT] [Fatal Error] :1:1: Premature end of file.
2025-11-05 17:00:14,968 [ERROR] LogOutputStream:75 - [STDERR_REDIRECT] 
2025-11-05 17:00:15,019 [INFO] CheckServerUpdateThread:120 - End of CheckServer Thread
2025-11-05 17:00:15,909 [ERROR] LogOutputStream:75 - [STDERR_REDIRECT] [Fatal Error] :1:1: Premature end of file.
2025-11-05 17:00:15,909 [ERROR] LogOutputStream:75 - [STDERR_REDIRECT] 
2025-11-05 17:00:16,908 [ERROR] LogOutputStream:75 - [STDERR_REDIRECT] [Fatal Error] :1:1: Premature end of file.
2025-11-05 17:00:16,908 [ERROR] LogOutputStream:75 - [STDERR_REDIRECT] 
2025-11-05 17:00:17,913 [ERROR] LogOutputStream:75 - [STDERR_REDIRECT] [Fatal Error] :1:1: Premature end of file.
2025-11-05 17:00:17,913 [ERROR] LogOutputStream:75 - [STDERR_REDIRECT] 
2025-11-05 17:00:18,136 [WARN] PackLoader:240 - Cannot read IP mode file for STMicroelectronics.FP-SNS-MOTENVWB1.1.4.0
2025-11-05 17:00:18,163 [WARN] PackLoader:240 - Cannot read IP mode file for STMicroelectronics.FP-ATR-ASTRA1.2.0.2
2025-11-05 17:00:18,181 [WARN] PackLoader:240 - Cannot read IP mode file for STMicroelectronics.X-CUBE-SMBUS.2.1.0
2025-11-05 17:00:18,201 [WARN] PackLoader:240 - Cannot read IP mode file for STMicroelectronics.X-CUBE-ST60.1.0.0
2025-11-05 17:00:18,255 [WARN] PackLoader:240 - Cannot read IP mode file for STMicroelectronics.X-CUBE-AZRTOS-F7.1.1.0
2025-11-05 17:00:18,281 [WARN] PackLoader:240 - Cannot read IP mode file for Cesanta.I-CUBE-Mongoose.7.19.0
2025-11-05 17:00:18,306 [WARN] PackLoader:240 - Cannot read IP mode file for WES.I-CUBE-Cesium.1.4.0
2025-11-05 17:00:18,341 [WARN] PackLoader:240 - Cannot read IP mode file for Infineon.AIROC-Wi-Fi-Bluetooth-STM32.1.7.1
2025-11-05 17:00:18,394 [WARN] PackLoader:240 - Cannot read IP mode file for STMicroelectronics.X-CUBE-AZRTOS-H7.3.4.0
2025-11-05 17:00:18,423 [WARN] PackLoader:240 - Cannot read IP mode file for STMicroelectronics.X-CUBE-DISPLAY.3.0.0
2025-11-05 17:00:18,446 [WARN] PackLoader:240 - Cannot read IP mode file for STMicroelectronics.X-CUBE-NFC10.1.0.0
2025-11-05 17:00:18,462 [WARN] PackLoader:240 - Cannot read IP mode file for STMicroelectronics.X-CUBE-ST60.1.1.0
2025-11-05 17:00:18,480 [WARN] PackLoader:240 - Cannot read IP mode file for emotas.I-CUBE-CANOPEN.1.3.0
2025-11-05 17:00:18,498 [WARN] PackLoader:240 - Cannot read IP mode file for STMicroelectronics.FP-SNS-STBOX1.2.1.0
2025-11-05 17:00:18,515 [WARN] PackLoader:240 - Cannot read IP mode file for STMicroelectronics.FP-SNS-SMARTAG2.1.2.0
2025-11-05 17:00:18,532 [WARN] PackLoader:240 - Cannot read IP mode file for STMicroelectronics.FP-SNS-FLIGHT1.5.1.0
2025-11-05 17:00:18,556 [INFO] LogOutputStream:77 - [STDOUT_REDIRECT] 1 : Invalid condition id : UX_CORESTACK_Condition cause : null
2025-11-05 17:00:18,557 [INFO] LogOutputStream:77 - [STDOUT_REDIRECT] 1 : Invalid condition id : UX_CORESTACK_Condition cause : null
2025-11-05 17:00:18,558 [INFO] LogOutputStream:77 - [STDOUT_REDIRECT] 1 : Invalid condition id : UX_CORESTACK_Condition cause : null
2025-11-05 17:00:18,559 [INFO] LogOutputStream:77 - [STDOUT_REDIRECT] 1 : Invalid condition id : UX_CORESTACK_Condition cause : null
2025-11-05 17:00:18,560 [INFO] LogOutputStream:77 - [STDOUT_REDIRECT] 1 : Invalid condition id : UX_CORESTACK_Condition cause : null
2025-11-05 17:00:18,563 [WARN] PackLoader:240 - Cannot read IP mode file for STMicroelectronics.X-CUBE-AZRTOS-WL.2.0.0
2025-11-05 17:00:18,587 [WARN] PackLoader:240 - Cannot read IP mode file for STMicroelectronics.FP-SNS-MOTENV1.5.0.0
2025-11-05 17:00:18,610 [WARN] PackLoader:240 - Cannot read IP mode file for STMicroelectronics.X-CUBE-BLE2.3.3.0
2025-11-05 17:00:18,630 [WARN] PackLoader:240 - Cannot read IP mode file for STMicroelectronics.X-CUBE-NFC9.1.0.0
2025-11-05 17:00:18,650 [WARN] PackLoader:240 - Cannot read IP mode file for wolfSSL.I-CUBE-wolfSSL.5.8.2
2025-11-05 17:00:18,669 [WARN] PackLoader:240 - Cannot read IP mode file for STMicroelectronics.X-CUBE-BLE1.7.1.0
2025-11-05 17:00:18,688 [WARN] PackLoader:240 - Cannot read IP mode file for wolfSSL.I-CUBE-wolfMQTT.1.19.2
2025-11-05 17:00:18,711 [WARN] PackLoader:240 - Cannot read IP mode file for STMicroelectronics.X-CUBE-EEPRMA1.5.2.0
2025-11-05 17:00:18,737 [WARN] PackLoader:240 - Cannot read IP mode file for STMicroelectronics.X-CUBE-ST67W61.1.1.0
2025-11-05 17:00:18,780 [WARN] PackLoader:240 - Cannot read IP mode file for STMicroelectronics.X-CUBE-AZRTOS-G0.1.1.0
2025-11-05 17:00:18,806 [WARN] PackLoader:240 - Cannot read IP mode file for STMicroelectronics.X-CUBE-SAFEA1.1.2.2
2025-11-05 17:00:18,824 [WARN] PackLoader:240 - Cannot read IP mode file for STMicroelectronics.X-CUBE-NFC4.3.0.0
2025-11-05 17:00:18,845 [WARN] PackLoader:240 - Cannot read IP mode file for EmbeddedOffice.I-CUBE-FS-RTOS.1.0.1
2025-11-05 17:00:18,865 [WARN] PackLoader:240 - Cannot read IP mode file for STMicroelectronics.X-CUBE-WB05N.2.0.0
2025-11-05 17:00:18,883 [WARN] PackLoader:240 - Cannot read IP mode file for wolfSSL.I-CUBE-wolfTPM.3.8.0
2025-11-05 17:00:18,901 [WARN] PackLoader:240 - Cannot read IP mode file for STMicroelectronics.X-CUBE-TCPP.4.2.0
2025-11-05 17:00:18,915 [ERROR] LogOutputStream:75 - [STDERR_REDIRECT] [Fatal Error] :1:1: Premature end of file.
2025-11-05 17:00:18,915 [ERROR] LogOutputStream:75 - [STDERR_REDIRECT] 
2025-11-05 17:00:18,922 [WARN] PackLoader:240 - Cannot read IP mode file for RealThread.X-CUBE-RT-Thread_Nano.4.1.1
2025-11-05 17:00:18,938 [WARN] PackLoader:240 - Cannot read IP mode file for STMicroelectronics.FP-ATR-SIGFOX1.3.2.0
2025-11-05 17:00:18,955 [WARN] PackLoader:240 - Cannot read IP mode file for ITTIA_DB.I-CUBE-ITTIADB.8.9.0
2025-11-05 17:00:18,972 [WARN] PackLoader:240 - Cannot read IP mode file for STMicroelectronics.X-CUBE-ST67W61.1.0.0
2025-11-05 17:00:18,989 [WARN] PackLoader:240 - Cannot read IP mode file for STMicroelectronics.X-CUBE-AI.10.2.0
2025-11-05 17:00:19,018 [WARN] PackLoader:240 - Cannot read IP mode file for SEGGER.I-CUBE-embOS.1.3.1
2025-11-05 17:00:19,067 [WARN] PackLoader:240 - Cannot read IP mode file for STMicroelectronics.X-CUBE-ALGOBUILD.1.4.0
2025-11-05 17:00:19,163 [WARN] PackLoader:240 - Cannot read IP mode file for STMicroelectronics.X-CUBE-MEMS1.11.3.0
2025-11-05 17:00:19,340 [WARN] PackLoader:240 - Cannot read IP mode file for STMicroelectronics.X-CUBE-PM33A1.1.0.0
2025-11-05 17:00:19,380 [WARN] PackLoader:240 - Cannot read IP mode file for STMicroelectronics.X-CUBE-AZRTOS-F4.1.1.0
2025-11-05 17:00:19,401 [WARN] PackLoader:240 - Cannot read IP mode file for STMicroelectronics.X-CUBE-ISPU.2.1.0
2025-11-05 17:00:19,432 [WARN] PackLoader:240 - Cannot read IP mode file for STMicroelectronics.X-CUBE-IPS.3.2.0
2025-11-05 17:00:19,466 [WARN] PackLoader:240 - Cannot read IP mode file for STMicroelectronics.X-CUBE-NFC12.1.0.0
2025-11-05 17:00:19,511 [WARN] PackLoader:240 - Cannot read IP mode file for STMicroelectronics.X-CUBE-AZRTOS-L5.2.0.0
2025-11-05 17:00:19,536 [WARN] PackLoader:240 - Cannot read IP mode file for STMicroelectronics.X-CUBE-NFC6.3.1.0
2025-11-05 17:00:19,556 [WARN] PackLoader:240 - Cannot read IP mode file for STMicroelectronics.X-CUBE-FREERTOS.1.3.1
2025-11-05 17:00:19,576 [WARN] PackLoader:240 - Cannot read IP mode file for STMicroelectronics.X-CUBE-TOUCHGFX.4.26.0
2025-11-05 17:00:19,595 [WARN] PackLoader:240 - Cannot read IP mode file for STMicroelectronics.FP-SNS-STAIOTCFT.1.0.0
2025-11-05 17:00:19,615 [WARN] PackLoader:240 - Cannot read IP mode file for STMicroelectronics.X-CUBE-DPower.1.3.0
2025-11-05 17:00:19,648 [WARN] ConditionMgr:438 - getConditionDescription Invalid condition id : LAN8742 Phy interface Condition cause : null
2025-11-05 17:00:19,649 [WARN] PackLoader:240 - Cannot read IP mode file for STMicroelectronics.X-CUBE-AZRTOS-L4.2.0.0
2025-11-05 17:00:19,650 [WARN] ConditionMgr:1044 - genDependencies : Invalid condition id : LAN8742 Phy interface Condition cause : null
2025-11-05 17:00:19,650 [WARN] ConditionMgr:1044 - genDependencies : Invalid condition id : LAN8742 Phy interface Condition cause : null
2025-11-05 17:00:19,651 [WARN] ConditionMgr:1044 - genDependencies : Invalid condition id : LAN8742 Phy interface Condition cause : null
2025-11-05 17:00:19,678 [WARN] PackLoader:240 - Cannot read IP mode file for STMicroelectronics.X-CUBE-SFXS2LP1.4.0.0
2025-11-05 17:00:19,705 [WARN] PackLoader:240 - Cannot read IP mode file for STMicroelectronics.X-CUBE-BLEMGR.4.1.0
2025-11-05 17:00:19,736 [WARN] ConditionMgr:438 - getConditionDescription Invalid condition id : UX DEVICE CLASS RTOS Condition cause : null
2025-11-05 17:00:19,736 [WARN] ConditionMgr:438 - getConditionDescription Invalid condition id : UX DEVICE CLASS RTOS Condition cause : null
2025-11-05 17:00:19,738 [WARN] PackLoader:240 - Cannot read IP mode file for STMicroelectronics.X-CUBE-AZRTOS-WB.2.0.0
2025-11-05 17:00:19,739 [WARN] ConditionMgr:1044 - genDependencies : Invalid condition id : UX DEVICE CLASS RTOS Condition cause : null
2025-11-05 17:00:19,739 [WARN] ConditionMgr:1044 - genDependencies : Invalid condition id : UX DEVICE CLASS RTOS Condition cause : null
2025-11-05 17:00:19,739 [WARN] ConditionMgr:1044 - genDependencies : Invalid condition id : UX DEVICE CLASS RTOS Condition cause : null
2025-11-05 17:00:19,739 [WARN] ConditionMgr:1044 - genDependencies : Invalid condition id : UX DEVICE CLASS RTOS Condition cause : null
2025-11-05 17:00:19,739 [WARN] ConditionMgr:1044 - genDependencies : Invalid condition id : UX DEVICE CLASS RTOS Condition cause : null
2025-11-05 17:00:19,756 [WARN] PackLoader:240 - Cannot read IP mode file for STMicroelectronics.X-CUBE-GNSS1.7.0.1
2025-11-05 17:00:19,772 [WARN] PackLoader:240 - Cannot read IP mode file for STMicroelectronics.X-CUBE-TOUCHGFX.4.25.0
2025-11-05 17:00:19,790 [WARN] ConditionMgr:438 - getConditionDescription Invalid condition id : Cortex-A Device cause : null
2025-11-05 17:00:19,816 [WARN] ConditionMgr:1044 - genDependencies : Invalid condition id : Cortex-A Device cause : null
2025-11-05 17:00:19,816 [WARN] ConditionMgr:1044 - genDependencies : Invalid condition id : Cortex-A Device cause : null
2025-11-05 17:00:19,816 [WARN] ConditionMgr:1044 - genDependencies : Invalid condition id : Cortex-A Device cause : null
2025-11-05 17:00:19,838 [WARN] PackLoader:240 - Cannot read IP mode file for STMicroelectronics.X-CUBE-SUBG2.5.0.0
2025-11-05 17:00:19,870 [WARN] PackLoader:240 - Cannot read IP mode file for STMicroelectronics.X-CUBE-AZRTOS-H7RS.1.1.0
2025-11-05 17:00:19,904 [WARN] PackLoader:240 - Cannot read IP mode file for STMicroelectronics.X-CUBE-AZRTOS-G4.2.0.0
2025-11-05 17:00:19,915 [ERROR] LogOutputStream:75 - [STDERR_REDIRECT] [Fatal Error] :1:1: Premature end of file.
2025-11-05 17:00:19,915 [ERROR] LogOutputStream:75 - [STDERR_REDIRECT] 
2025-11-05 17:00:19,921 [WARN] PackLoader:240 - Cannot read IP mode file for wolfSSL.I-CUBE-wolfSSH.1.4.20
2025-11-05 17:00:19,935 [WARN] PackLoader:240 - Cannot read IP mode file for STMicroelectronics.X-CUBE-NFC7.2.0.0
2025-11-05 17:00:19,954 [WARN] PackLoader:240 - Cannot read IP mode file for STMicroelectronics.X-CUBE-IPS.3.1.0
2025-11-05 17:00:19,973 [WARN] PackLoader:240 - Cannot read IP mode file for STMicroelectronics.X-CUBE-ALS.1.0.2
2025-11-05 17:00:19,990 [WARN] PackLoader:240 - Cannot read IP mode file for STMicroelectronics.X-CUBE-STSE01.1.0.0
2025-11-05 17:00:20,012 [WARN] PackLoader:240 - Cannot read IP mode file for STMicroelectronics.X-CUBE-TOF1.3.4.3
2025-11-05 17:00:20,018 [INFO] ThirdParty:978 - Integrity check success = true
2025-11-05 17:00:20,018 [INFO] IntegrityCheckThread:100 - exiting critical section [integrity check]
2025-11-05 17:00:20,018 [INFO] IntegrityCheckThread:103 - End integrity checks thread
2025-11-05 17:00:20,914 [ERROR] LogOutputStream:75 - [STDERR_REDIRECT] [Fatal Error] :1:1: Premature end of file.
2025-11-05 17:00:20,914 [ERROR] LogOutputStream:75 - [STDERR_REDIRECT] 
2025-11-05 17:00:21,911 [ERROR] LogOutputStream:75 - [STDERR_REDIRECT] [Fatal Error] :1:1: Premature end of file.
2025-11-05 17:00:21,912 [ERROR] LogOutputStream:75 - [STDERR_REDIRECT] 
2025-11-05 17:00:22,908 [ERROR] LogOutputStream:75 - [STDERR_REDIRECT] [Fatal Error] :1:1: Premature end of file.
2025-11-05 17:00:22,908 [ERROR] LogOutputStream:75 - [STDERR_REDIRECT] 
2025-11-05 17:00:23,909 [ERROR] LogOutputStream:75 - [STDERR_REDIRECT] [Fatal Error] :1:1: Premature end of file.
2025-11-05 17:00:23,909 [ERROR] LogOutputStream:75 - [STDERR_REDIRECT] 
2025-11-05 17:00:24,911 [ERROR] LogOutputStream:75 - [STDERR_REDIRECT] [Fatal Error] :1:1: Premature end of file.
2025-11-05 17:00:24,911 [ERROR] LogOutputStream:75 - [STDERR_REDIRECT] 
2025-11-05 17:00:25,909 [ERROR] LogOutputStream:75 - [STDERR_REDIRECT] [Fatal Error] :1:1: Premature end of file.
2025-11-05 17:00:25,909 [ERROR] LogOutputStream:75 - [STDERR_REDIRECT] 
2025-11-05 17:00:26,909 [ERROR] LogOutputStream:75 - [STDERR_REDIRECT] [Fatal Error] :1:1: Premature end of file.
2025-11-05 17:00:26,910 [ERROR] LogOutputStream:75 - [STDERR_REDIRECT] 
2025-11-05 17:00:27,909 [ERROR] LogOutputStream:75 - [STDERR_REDIRECT] [Fatal Error] :1:1: Premature end of file.
2025-11-05 17:00:27,909 [ERROR] LogOutputStream:75 - [STDERR_REDIRECT] 
2025-11-05 17:00:28,909 [ERROR] LogOutputStream:75 - [STDERR_REDIRECT] [Fatal Error] :1:1: Premature end of file.
2025-11-05 17:00:28,909 [ERROR] LogOutputStream:75 - [STDERR_REDIRECT] 
2025-11-05 17:00:29,910 [ERROR] LogOutputStream:75 - [STDERR_REDIRECT] [Fatal Error] :1:1: Premature end of file.
2025-11-05 17:00:29,910 [ERROR] LogOutputStream:75 - [STDERR_REDIRECT] 
2025-11-05 17:00:30,912 [ERROR] LogOutputStream:75 - [STDERR_REDIRECT] [Fatal Error] :1:1: Premature end of file.
2025-11-05 17:00:30,913 [ERROR] LogOutputStream:75 - [STDERR_REDIRECT] 
2025-11-05 17:00:31,916 [ERROR] LogOutputStream:75 - [STDERR_REDIRECT] [Fatal Error] :1:1: Premature end of file.
2025-11-05 17:00:31,917 [ERROR] LogOutputStream:75 - [STDERR_REDIRECT] 
2025-11-05 17:00:32,909 [ERROR] LogOutputStream:75 - [STDERR_REDIRECT] [Fatal Error] :1:1: Premature end of file.
2025-11-05 17:00:32,909 [ERROR] LogOutputStream:75 - [STDERR_REDIRECT] 
2025-11-05 17:00:33,911 [ERROR] LogOutputStream:75 - [STDERR_REDIRECT] [Fatal Error] :1:1: Premature end of file.
2025-11-05 17:00:33,911 [ERROR] LogOutputStream:75 - [STDERR_REDIRECT] 
2025-11-05 17:00:34,921 [ERROR] LogOutputStream:75 - [STDERR_REDIRECT] [Fatal Error] :1:1: Premature end of file.
2025-11-05 17:00:34,921 [ERROR] LogOutputStream:75 - [STDERR_REDIRECT] 
2025-11-05 17:00:36,608 [ERROR] LogOutputStream:75 - [STDERR_REDIRECT] [Fatal Error] :1:1: Premature end of file.
2025-11-05 17:00:36,608 [ERROR] LogOutputStream:75 - [STDERR_REDIRECT] 
2025-11-05 17:00:36,908 [ERROR] LogOutputStream:75 - [STDERR_REDIRECT] [Fatal Error] :1:1: Premature end of file.
2025-11-05 17:00:36,908 [ERROR] LogOutputStream:75 - [STDERR_REDIRECT] 
2025-11-05 17:00:37,929 [ERROR] LogOutputStream:75 - [STDERR_REDIRECT] [Fatal Error] :1:1: Premature end of file.
2025-11-05 17:00:37,930 [ERROR] LogOutputStream:75 - [STDERR_REDIRECT] 
2025-11-05 17:00:38,910 [ERROR] LogOutputStream:75 - [STDERR_REDIRECT] [Fatal Error] :1:1: Premature end of file.
2025-11-05 17:00:38,910 [ERROR] LogOutputStream:75 - [STDERR_REDIRECT] 
2025-11-05 17:00:39,911 [ERROR] LogOutputStream:75 - [STDERR_REDIRECT] [Fatal Error] :1:1: Premature end of file.
2025-11-05 17:00:39,911 [ERROR] LogOutputStream:75 - [STDERR_REDIRECT] 
2025-11-05 17:00:40,910 [ERROR] LogOutputStream:75 - [STDERR_REDIRECT] [Fatal Error] :1:1: Premature end of file.
2025-11-05 17:00:40,911 [ERROR] LogOutputStream:75 - [STDERR_REDIRECT] 
2025-11-05 17:00:41,917 [ERROR] LogOutputStream:75 - [STDERR_REDIRECT] [Fatal Error] :1:1: Premature end of file.
2025-11-05 17:00:41,918 [ERROR] LogOutputStream:75 - [STDERR_REDIRECT] 
2025-11-05 17:00:42,914 [ERROR] LogOutputStream:75 - [STDERR_REDIRECT] [Fatal Error] :1:1: Premature end of file.
2025-11-05 17:00:42,914 [ERROR] LogOutputStream:75 - [STDERR_REDIRECT] 
2025-11-05 17:00:43,911 [ERROR] LogOutputStream:75 - [STDERR_REDIRECT] [Fatal Error] :1:1: Premature end of file.
2025-11-05 17:00:43,911 [ERROR] LogOutputStream:75 - [STDERR_REDIRECT] 
2025-11-05 17:00:44,910 [ERROR] LogOutputStream:75 - [STDERR_REDIRECT] [Fatal Error] :1:1: Premature end of file.
2025-11-05 17:00:44,910 [ERROR] LogOutputStream:75 - [STDERR_REDIRECT] 
2025-11-05 17:00:45,909 [ERROR] LogOutputStream:75 - [STDERR_REDIRECT] [Fatal Error] :1:1: Premature end of file.
2025-11-05 17:00:45,909 [ERROR] LogOutputStream:75 - [STDERR_REDIRECT] 
2025-11-05 17:00:46,910 [ERROR] LogOutputStream:75 - [STDERR_REDIRECT] [Fatal Error] :1:1: Premature end of file.
2025-11-05 17:00:46,910 [ERROR] LogOutputStream:75 - [STDERR_REDIRECT] 
2025-11-05 17:00:47,909 [ERROR] LogOutputStream:75 - [STDERR_REDIRECT] [Fatal Error] :1:1: Premature end of file.
2025-11-05 17:00:47,909 [ERROR] LogOutputStream:75 - [STDERR_REDIRECT] 
2025-11-05 17:00:48,119 [INFO] McuFinderGlobals:63 - Set McuFinder mode to 2 (CubeIDE integrated)
2025-11-05 17:00:48,160 [INFO] MainUpdater:2872 - connection check result : 22
2025-11-05 17:00:48,918 [ERROR] LogOutputStream:75 - [STDERR_REDIRECT] [Fatal Error] :1:1: Premature end of file.
2025-11-05 17:00:48,918 [ERROR] LogOutputStream:75 - [STDERR_REDIRECT] 
2025-11-05 17:00:49,910 [ERROR] LogOutputStream:75 - [STDERR_REDIRECT] [Fatal Error] :1:1: Premature end of file.
2025-11-05 17:00:49,910 [ERROR] LogOutputStream:75 - [STDERR_REDIRECT] 
2025-11-05 17:00:50,911 [ERROR] LogOutputStream:75 - [STDERR_REDIRECT] [Fatal Error] :1:1: Premature end of file.
2025-11-05 17:00:50,911 [ERROR] LogOutputStream:75 - [STDERR_REDIRECT] 
2025-11-05 17:00:51,915 [ERROR] LogOutputStream:75 - [STDERR_REDIRECT] [Fatal Error] :1:1: Premature end of file.
2025-11-05 17:00:51,915 [ERROR] LogOutputStream:75 - [STDERR_REDIRECT] 
2025-11-05 17:00:52,909 [ERROR] LogOutputStream:75 - [STDERR_REDIRECT] [Fatal Error] :1:1: Premature end of file.
2025-11-05 17:00:52,910 [ERROR] LogOutputStream:75 - [STDERR_REDIRECT] 
2025-11-05 17:00:53,910 [ERROR] LogOutputStream:75 - [STDERR_REDIRECT] [Fatal Error] :1:1: Premature end of file.
2025-11-05 17:00:53,910 [ERROR] LogOutputStream:75 - [STDERR_REDIRECT] 
2025-11-05 17:00:54,908 [ERROR] LogOutputStream:75 - [STDERR_REDIRECT] [Fatal Error] :1:1: Premature end of file.
2025-11-05 17:00:54,908 [ERROR] LogOutputStream:75 - [STDERR_REDIRECT] 
2025-11-05 17:00:55,911 [ERROR] LogOutputStream:75 - [STDERR_REDIRECT] [Fatal Error] :1:1: Premature end of file.
2025-11-05 17:00:55,911 [ERROR] LogOutputStream:75 - [STDERR_REDIRECT] 
2025-11-05 17:00:56,912 [ERROR] LogOutputStream:75 - [STDERR_REDIRECT] [Fatal Error] :1:1: Premature end of file.
2025-11-05 17:00:56,912 [ERROR] LogOutputStream:75 - [STDERR_REDIRECT] 
2025-11-05 17:00:57,916 [ERROR] LogOutputStream:75 - [STDERR_REDIRECT] [Fatal Error] :1:1: Premature end of file.
2025-11-05 17:00:57,916 [ERROR] LogOutputStream:75 - [STDERR_REDIRECT] 
2025-11-05 17:00:58,915 [ERROR] LogOutputStream:75 - [STDERR_REDIRECT] [Fatal Error] :1:1: Premature end of file.
2025-11-05 17:00:58,915 [ERROR] LogOutputStream:75 - [STDERR_REDIRECT] 
2025-11-05 17:00:59,940 [ERROR] LogOutputStream:75 - [STDERR_REDIRECT] [Fatal Error] :1:1: Premature end of file.
2025-11-05 17:00:59,940 [ERROR] LogOutputStream:75 - [STDERR_REDIRECT] 
2025-11-05 17:01:00,922 [ERROR] LogOutputStream:75 - [STDERR_REDIRECT] [Fatal Error] :1:1: Premature end of file.
2025-11-05 17:01:00,923 [ERROR] LogOutputStream:75 - [STDERR_REDIRECT] 
2025-11-05 17:01:01,912 [ERROR] LogOutputStream:75 - [STDERR_REDIRECT] [Fatal Error] :1:1: Premature end of file.
2025-11-05 17:01:01,912 [ERROR] LogOutputStream:75 - [STDERR_REDIRECT] 
2025-11-05 17:01:02,913 [ERROR] LogOutputStream:75 - [STDERR_REDIRECT] [Fatal Error] :1:1: Premature end of file.
2025-11-05 17:01:02,913 [ERROR] LogOutputStream:75 - [STDERR_REDIRECT] 
2025-11-05 17:01:03,914 [ERROR] LogOutputStream:75 - [STDERR_REDIRECT] [Fatal Error] :1:1: Premature end of file.
2025-11-05 17:01:03,915 [ERROR] LogOutputStream:75 - [STDERR_REDIRECT] 
2025-11-05 17:01:04,991 [ERROR] LogOutputStream:75 - [STDERR_REDIRECT] [Fatal Error] :1:1: Premature end of file.
2025-11-05 17:01:04,992 [ERROR] LogOutputStream:75 - [STDERR_REDIRECT] 
2025-11-05 17:01:05,948 [ERROR] LogOutputStream:75 - [STDERR_REDIRECT] [Fatal Error] :1:1: Premature end of file.
2025-11-05 17:01:05,949 [ERROR] LogOutputStream:75 - [STDERR_REDIRECT] 
2025-11-05 17:01:06,920 [ERROR] LogOutputStream:75 - [STDERR_REDIRECT] [Fatal Error] :1:1: Premature end of file.
2025-11-05 17:01:06,921 [ERROR] LogOutputStream:75 - [STDERR_REDIRECT] 
2025-11-05 17:01:07,937 [ERROR] LogOutputStream:75 - [STDERR_REDIRECT] [Fatal Error] :1:1: Premature end of file.
2025-11-05 17:01:07,938 [ERROR] LogOutputStream:75 - [STDERR_REDIRECT] 
2025-11-05 17:01:08,924 [ERROR] LogOutputStream:75 - [STDERR_REDIRECT] [Fatal Error] :1:1: Premature end of file.
2025-11-05 17:01:08,924 [ERROR] LogOutputStream:75 - [STDERR_REDIRECT] 
2025-11-05 17:01:09,913 [ERROR] LogOutputStream:75 - [STDERR_REDIRECT] [Fatal Error] :1:1: Premature end of file.
2025-11-05 17:01:09,913 [ERROR] LogOutputStream:75 - [STDERR_REDIRECT] 
2025-11-05 17:01:10,915 [ERROR] LogOutputStream:75 - [STDERR_REDIRECT] [Fatal Error] :1:1: Premature end of file.
2025-11-05 17:01:10,916 [ERROR] LogOutputStream:75 - [STDERR_REDIRECT] 
2025-11-05 17:01:11,914 [ERROR] LogOutputStream:75 - [STDERR_REDIRECT] [Fatal Error] :1:1: Premature end of file.
2025-11-05 17:01:11,914 [ERROR] LogOutputStream:75 - [STDERR_REDIRECT] 
2025-11-05 17:01:12,913 [ERROR] LogOutputStream:75 - [STDERR_REDIRECT] [Fatal Error] :1:1: Premature end of file.
2025-11-05 17:01:12,913 [ERROR] LogOutputStream:75 - [STDERR_REDIRECT] 
2025-11-05 17:01:13,912 [ERROR] LogOutputStream:75 - [STDERR_REDIRECT] [Fatal Error] :1:1: Premature end of file.
2025-11-05 17:01:13,912 [ERROR] LogOutputStream:75 - [STDERR_REDIRECT] 
2025-11-05 17:01:14,919 [ERROR] LogOutputStream:75 - [STDERR_REDIRECT] [Fatal Error] :1:1: Premature end of file.
2025-11-05 17:01:14,919 [ERROR] LogOutputStream:75 - [STDERR_REDIRECT] 
2025-11-05 17:01:15,919 [ERROR] LogOutputStream:75 - [STDERR_REDIRECT] [Fatal Error] :1:1: Premature end of file.
2025-11-05 17:01:15,919 [ERROR] LogOutputStream:75 - [STDERR_REDIRECT] 
2025-11-05 17:01:16,931 [ERROR] LogOutputStream:75 - [STDERR_REDIRECT] [Fatal Error] :1:1: Premature end of file.
2025-11-05 17:01:16,931 [ERROR] LogOutputStream:75 - [STDERR_REDIRECT] 
2025-11-05 17:01:17,915 [ERROR] LogOutputStream:75 - [STDERR_REDIRECT] [Fatal Error] :1:1: Premature end of file.
2025-11-05 17:01:17,915 [ERROR] LogOutputStream:75 - [STDERR_REDIRECT] 
2025-11-05 17:01:18,912 [ERROR] LogOutputStream:75 - [STDERR_REDIRECT] [Fatal Error] :1:1: Premature end of file.
2025-11-05 17:01:18,912 [ERROR] LogOutputStream:75 - [STDERR_REDIRECT] 
2025-11-05 17:01:19,928 [ERROR] LogOutputStream:75 - [STDERR_REDIRECT] [Fatal Error] :1:1: Premature end of file.
2025-11-05 17:01:19,928 [ERROR] LogOutputStream:75 - [STDERR_REDIRECT] 
2025-11-05 17:01:20,909 [ERROR] LogOutputStream:75 - [STDERR_REDIRECT] [Fatal Error] :1:1: Premature end of file.
2025-11-05 17:01:20,909 [ERROR] LogOutputStream:75 - [STDERR_REDIRECT] 
2025-11-05 17:01:21,907 [ERROR] LogOutputStream:75 - [STDERR_REDIRECT] [Fatal Error] :1:1: Premature end of file.
2025-11-05 17:01:21,907 [ERROR] LogOutputStream:75 - [STDERR_REDIRECT] 
2025-11-05 17:01:22,910 [ERROR] LogOutputStream:75 - [STDERR_REDIRECT] [Fatal Error] :1:1: Premature end of file.
2025-11-05 17:01:22,910 [ERROR] LogOutputStream:75 - [STDERR_REDIRECT] 
2025-11-05 17:01:23,937 [ERROR] LogOutputStream:75 - [STDERR_REDIRECT] [Fatal Error] :1:1: Premature end of file.
2025-11-05 17:01:23,937 [ERROR] LogOutputStream:75 - [STDERR_REDIRECT] 
2025-11-05 17:01:24,416 [INFO] MainUpdater:2872 - connection check result : 10
2025-11-05 17:01:24,450 [INFO] McuFinderGlobals:76 - Set McuFinderConnectedMode to true
2025-11-05 17:01:24,958 [ERROR] LogOutputStream:75 - [STDERR_REDIRECT] [Fatal Error] :1:1: Premature end of file.
2025-11-05 17:01:24,958 [ERROR] LogOutputStream:75 - [STDERR_REDIRECT] 
2025-11-05 17:01:24,998 [INFO] ServerAccessManage:452 - Complete download http(s) 200
2025-11-05 17:01:25,000 [INFO] ServerAccessManage:509 - Download File mcusAds.json._tmp_
2025-11-05 17:01:25,128 [INFO] LoadUrlFilesThread:156 - End of LoadUrlFiles Thread
2025-11-05 17:01:25,449 [INFO] ServerAccessManage:452 - Complete download http(s) 200
2025-11-05 17:01:25,450 [INFO] ServerAccessManage:509 - Download File cube-finder-db.zip
2025-11-05 17:01:25,948 [ERROR] LogOutputStream:75 - [STDERR_REDIRECT] [Fatal Error] :1:1: Premature end of file.
2025-11-05 17:01:25,948 [ERROR] LogOutputStream:75 - [STDERR_REDIRECT] 
2025-11-05 17:01:26,946 [ERROR] LogOutputStream:75 - [STDERR_REDIRECT] [Fatal Error] :1:1: Premature end of file.
2025-11-05 17:01:26,946 [ERROR] LogOutputStream:75 - [STDERR_REDIRECT] 
2025-11-05 17:01:27,818 [INFO] FileExtend:248 - Unzip File : cube-finder-db.zip
2025-11-05 17:01:27,819 [INFO] FileExtend:263 - Standard Zip Deflate
2025-11-05 17:01:27,976 [ERROR] LogOutputStream:75 - [STDERR_REDIRECT] [Fatal Error] :1:1: Premature end of file.
2025-11-05 17:01:27,976 [ERROR] LogOutputStream:75 - [STDERR_REDIRECT] 
2025-11-05 17:01:29,062 [ERROR] LogOutputStream:75 - [STDERR_REDIRECT] [Fatal Error] :1:1: Premature end of file.
2025-11-05 17:01:29,064 [ERROR] LogOutputStream:75 - [STDERR_REDIRECT] 
2025-11-05 17:01:29,696 [INFO] LoadUrlFilesThread:156 - End of LoadUrlFiles Thread
2025-11-05 17:01:30,017 [ERROR] LogOutputStream:75 - [STDERR_REDIRECT] [Fatal Error] :1:1: Premature end of file.
2025-11-05 17:01:30,017 [ERROR] LogOutputStream:75 - [STDERR_REDIRECT] 
2025-11-05 17:01:30,989 [ERROR] LogOutputStream:75 - [STDERR_REDIRECT] [Fatal Error] :1:1: Premature end of file.
2025-11-05 17:01:30,990 [ERROR] LogOutputStream:75 - [STDERR_REDIRECT] 
2025-11-05 17:01:31,027 [INFO] ServerAccessManage:452 - Complete download http(s) 200
2025-11-05 17:01:31,028 [INFO] ServerAccessManage:509 - Download File crdb.zip
2025-11-05 17:01:31,942 [ERROR] LogOutputStream:75 - [STDERR_REDIRECT] [Fatal Error] :1:1: Premature end of file.
2025-11-05 17:01:31,943 [ERROR] LogOutputStream:75 - [STDERR_REDIRECT] 
2025-11-05 17:01:32,441 [INFO] FileExtend:248 - Unzip File : crdb.zip
2025-11-05 17:01:32,442 [INFO] FileExtend:263 - Standard Zip Deflate
2025-11-05 17:01:32,589 [INFO] LoadUrlFilesThread:156 - End of LoadUrlFiles Thread
2025-11-05 17:01:32,770 [INFO] ServerAccessManage:452 - Complete download http(s) 200
2025-11-05 17:01:32,770 [INFO] ServerAccessManage:509 - Download File tutoVideoDB.zip
2025-11-05 17:01:32,788 [INFO] FileExtend:248 - Unzip File : tutoVideoDB.zip
2025-11-05 17:01:32,788 [INFO] FileExtend:263 - Standard Zip Deflate
2025-11-05 17:01:32,924 [ERROR] LogOutputStream:75 - [STDERR_REDIRECT] [Fatal Error] :1:1: Premature end of file.
2025-11-05 17:01:32,924 [ERROR] LogOutputStream:75 - [STDERR_REDIRECT] 
2025-11-05 17:01:32,932 [INFO] LoadUrlFilesThread:156 - End of LoadUrlFiles Thread
2025-11-05 17:01:32,938 [WARN] DbFile:41 - Overriding database path with different value: C:\Users\allan\.stmcufinder\plugins\mcufinder/ => C:\Users\allan\.stmcufinder\plugins\mcufinder
2025-11-05 17:01:33,099 [INFO] ServerAccessManage:452 - Complete download http(s) 200
2025-11-05 17:01:33,101 [INFO] ServerAccessManage:509 - Download File api_config.json
2025-11-05 17:01:33,220 [INFO] LoadUrlFilesThread:156 - End of LoadUrlFiles Thread
2025-11-05 17:01:33,225 [INFO] DbMcusAds:53 - JSON generation date=Thu Oct 02 17:36:05 CST 2025 (1759397765645)
2025-11-05 17:01:33,265 [INFO] LoadUrlFilesThread:185 - End of LoadServerUrlFiles without Thread
2025-11-05 17:01:33,265 [INFO] TargetSelectorAdapter:259 - Refresh data is successful
2025-11-05 17:01:33,658 [INFO] ApiDb:581 - Connected to CubeFinder SQLite database (C:\Users\allan\.stmcufinder\plugins\mcufinder\mcu\cube-finder-db.db)
2025-11-05 17:01:33,791 [INFO] ApiDb:668 - CubeFinder database Data Model version=2.1
2025-11-05 17:01:33,791 [INFO] ApiDb:669 - CubeFinder database Configuration version=3.0.39
2025-11-05 17:01:33,792 [INFO] ApiDb:670 - CubeFinder database generation date=2025-10-27 (1761571959)
2025-11-05 17:01:33,792 [INFO] ApiDb:671 - CubeFinder database FW Pack versions=[FP-ATR-ASTRA1_V2.0.0, FP-SNS-FLIGHT1_V5.1.0, FP-SNS-MOTENV1_V5.0.0, FP-SNS-MOTENVWB1_V1.4.0, FP-SNS-SMARTAG2_V1.2.0, FP-SNS-STBOX1_V2.1.0, STM32Cube_FW_C0_V1.4.0, STM32Cube_FW_F4_V1.28.3, STM32Cube_FW_F7_V1.17.4, STM32Cube_FW_G0_V1.6.2, STM32Cube_FW_G4_V1.6.1, STM32Cube_FW_H5_V1.5.0, STM32Cube_FW_H7RS_V1.2.0, STM32Cube_FW_H7_V1.12.1, STM32Cube_FW_L0_V1.12.2, STM32Cube_FW_L4_V1.18.1, STM32Cube_FW_L5_V1.5.1, STM32Cube_FW_N6_V1.2.0, STM32Cube_FW_U0_V1.3.0, STM32Cube_FW_U3_V1.2.1, STM32Cube_FW_U5_V1.8.0, STM32Cube_FW_WB0_V1.3.0, STM32Cube_FW_WBA_V1.7.0, STM32Cube_FW_WB_V1.23.0, STM32Cube_FW_WL3_V1.2.0, STM32Cube_FW_WL_V1.3.1, X-CUBE-ALGOBUILD_V1.4.0, X-CUBE-ALS_V1.0.2, X-CUBE-AZRTOS-F4_V1.1.0, X-CUBE-AZRTOS-F7_V1.1.0, X-CUBE-AZRTOS-G0_V1.1.0, X-CUBE-AZRTOS-G4_V2.0.0, X-CUBE-AZRTOS-H7RS_V1.1.0, X-CUBE-AZRTOS-H7_V3.4.0, X-CUBE-AZRTOS-L4_V2.0.0, X-CUBE-AZRTOS-L5_V2.0.0, X-CUBE-AZRTOS-WB_V2.0.0, X-CUBE-AZRTOS-WL_V2.0.0, X-CUBE-BLE1_V7.1.0, X-CUBE-BLE2_V3.3.0, X-CUBE-BLEMGR_V4.1.0, X-CUBE-EEPRMA1_V5.2.0, X-CUBE-FREERTOS_V1.3.1, X-CUBE-GNSS1_V6.0.0, X-CUBE-MEMS1_V11.3.0, X-CUBE-NFC4_V3.0.0, X-CUBE-NFC7_V2.0.0, X-CUBE-SFXS2LP1_V4.0.0, X-CUBE-ST67W61_V1.1.0, X-CUBE-SUBG2_V5.0.0, X-CUBE-TOF1_V3.4.3]
2025-11-05 17:01:33,936 [ERROR] LogOutputStream:75 - [STDERR_REDIRECT] [Fatal Error] :1:1: Premature end of file.
2025-11-05 17:01:33,937 [ERROR] LogOutputStream:75 - [STDERR_REDIRECT] 
2025-11-05 17:01:34,925 [ERROR] LogOutputStream:75 - [STDERR_REDIRECT] [Fatal Error] :1:1: Premature end of file.
2025-11-05 17:01:34,925 [ERROR] LogOutputStream:75 - [STDERR_REDIRECT] 
2025-11-05 17:01:35,927 [ERROR] LogOutputStream:75 - [STDERR_REDIRECT] [Fatal Error] :1:1: Premature end of file.
2025-11-05 17:01:35,927 [ERROR] LogOutputStream:75 - [STDERR_REDIRECT] 
2025-11-05 17:01:36,958 [ERROR] LogOutputStream:75 - [STDERR_REDIRECT] [Fatal Error] :1:1: Premature end of file.
2025-11-05 17:01:36,958 [ERROR] LogOutputStream:75 - [STDERR_REDIRECT] 
2025-11-05 17:01:37,409 [INFO] ApiDb:240 - Found 880 in-development CPN: [B-G473E-ZEST1S, B-WB1M-WPAN1, B-WBA5M-WPAN, B-WL5M-SUBG1, NUCLEO-C031C6, NUCLEO-C051C8, NUCLEO-C071RB, NUCLEO-C092RC, NUCLEO-H503RB, NUCLEO-H533RE, NUCLEO-H563ZI, NUCLEO-H7S3L8, NUCLEO-N657X0-Q, NUCLEO-U031R8, NUCLEO-U083RC, NUCLEO-U385RG-Q, NUCLEO-U545RE-Q, NUCLEO-U5A5ZJ-Q, NUCLEO-WB05KZ, NUCLEO-WB07CC, NUCLEO-WB09KE, NUCLEO-WBA52CG, NUCLEO-WBA55CG, NUCLEO-WL33CC1, NUCLEO-WL33CC2, STEVAL-PROTEUS1, STEVAL-SMARTAG2, STEVAL-STWINBX1, STM320518-EVAL, STM32C0116-DK, STM32C011D6Y3TR, STM32C011D6Y6TR, STM32C011F4P3, STM32C011F4P6, STM32C011F4U3, STM32C011F4U6TR, STM32C011F6P3, STM32C011F6P6, STM32C011F6U3, STM32C011F6U6TR, STM32C011J4M3, STM32C011J4M6, STM32C011J6M3, STM32C011J6M6, STM32C0316-DK, STM32C031C4T3, STM32C031C4T6, STM32C031C4U3, STM32C031C4U6, STM32C031C6T3, STM32C031C6T6, STM32C031C6U3, STM32C031C6U6, STM32C031F4P3, STM32C031F4P6, STM32C031F6P3, STM32C031F6P6, STM32C031G4U3, STM32C031G4U6, STM32C031G6U3, STM32C031G6U6, STM32C031K4T3, STM32C031K4T6, STM32C031K4U3, STM32C031K4U6, STM32C031K6T3, STM32C031K6T6, STM32C031K6U3, STM32C031K6U6, STM32C051C6T6, STM32C051C6U6, STM32C051C8T6, STM32C051C8U6, STM32C051D8Y6TR, STM32C051F6P6, STM32C051F8P6, STM32C051G6U6, STM32C051G8U6, STM32C051K6T6, STM32C051K6U6, STM32C051K8T6, STM32C071C8T6, STM32C071C8T6N, STM32C071C8U6, STM32C071C8U6N, STM32C071CBT6, STM32C071CBT6N, STM32C071CBU6, STM32C071CBU6N, STM32C071F8P6, STM32C071F8P6N, STM32C071FBP6, STM32C071FBP6N, STM32C071FBY6TR, STM32C071G8U6, STM32C071G8U6N, STM32C071GBU6, STM32C071GBU6N, STM32C071K8T6, STM32C071K8T6N, STM32C071K8U6, STM32C071K8U6N, STM32C071KBT6, STM32C071KBT6N, STM32C071KBU6, STM32C071KBU6N, STM32C071R8T6, STM32C071R8T6N, STM32C071RBI6N, STM32C071RBT6, STM32C071RBT6N, STM32C091CBT6, STM32C091CBU6, STM32C091CCT6, STM32C091CCU6, STM32C091ECY6TR, STM32C091FBP6, STM32C091FCP6, STM32C091GBU6, STM32C091GCU6, STM32C091KBT6, STM32C091KBU6, STM32C091KCT6, STM32C091KCU6, STM32C091RBT6, STM32C091RCI6, STM32C091RCT6, STM32C092CBT6, STM32C092CBU6, STM32C092CCT6, STM32C092CCU6, STM32C092ECY6TR, STM32C092FBP6, STM32C092FCP6, STM32C092GBU6, STM32C092GCU6, STM32C092KBT6, STM32C092KBU6, STM32C092KCT6, STM32C092KCU6, STM32C092RBT6, STM32C092RCI6, STM32C092RCT6, STM32G071K8TXN, STM32G071K8UXN, STM32G081GBU6N, STM32G081KBT6N, STM32G081KBUXN, STM32G0B1CCT6N, STM32G0B1KCT6, STM32G0B1NEY6TR, STM32G0B1RCT6N, STM32G0C1CCT6, STM32G0C1CCT6N, STM32G0C1CCU6N, STM32G0C1CET6N, STM32G0C1CEU6N, STM32G0C1KCT6, STM32G0C1NEY6TR, STM32G0C1RCI6N, STM32G0C1RCT6N, STM32G0C1REI6N, STM32G0C1RET6N, STM32G0C1VCI6, STM32G0C1VEI6, STM32G411C6T3, STM32G411C6T6, STM32G411C6U3, STM32G411C6U6, STM32G411C8T3, STM32G411C8T6, STM32G411C8U3, STM32G411C8U6, STM32G411CBT3, STM32G411CBT6, STM32G411CBU3, STM32G411CBU6, STM32G411K6T3, STM32G411K6T6, STM32G411K6U3, STM32G411K6U6, STM32G411K8T3, STM32G411K8T6, STM32G411K8U3, STM32G411K8U6, STM32G411KBT3, STM32G411KBT6, STM32G411KBU3, STM32G411KBU6, STM32G411M6T3, STM32G411M6T6, STM32G411M8T3, STM32G411M8T6, STM32G411MBT3, STM32G411MBT6, STM32G411R6T3, STM32G411R6T6, STM32G411R8T3, STM32G411R8T6, STM32G411RBT3, STM32G411RBT6, STM32G414CBT3, STM32G414CBT6, STM32G414CBU3, STM32G414CBU6, STM32G414CCT3, STM32G414CCT6, STM32G414CCU3, STM32G414CCU6, STM32G414MBT3, STM32G414MBT6, STM32G414MCT3, STM32G414MCT6, STM32G414RBT3, STM32G414RBT6, STM32G414RCT3, STM32G414RCT6, STM32G414VBT3, STM32G414VBT6, STM32G414VCT3, STM32G414VCT6, STM32G431CBT3Z, STM32G431RBT3Z, STM32G471CCT6, STM32G471CCU6, STM32G471CET3, STM32G471CET6, STM32G471CEU3, STM32G471CEU6, STM32G471MCT6, STM32G471MET3, STM32G471MET6, STM32G471MEY6TR, STM32G471QCT6, STM32G471QET3, STM32G471RCT6, STM32G471RET3, STM32G471RET6, STM32G471VCH6, STM32G471VCI6, STM32G471VCT6, STM32G471VEH3, STM32G471VEH6, STM32G471VEI3, STM32G471VEI6, STM32G471VET3, STM32G471VET6, STM32G473QET3Z, STM32G473RET3Z, STM32G474CCT6, STM32G491RET3Z, STM32H503CBT6, STM32H503CBU6, STM32H503EBY6TR, STM32H503KBU6, STM32H503RBT6, STM32H523CCT6, STM32H523CCU6, STM32H523CET6, STM32H523CEU6, STM32H523HEY6TR, STM32H523RCT6, STM32H523RET6, STM32H523VCI6, STM32H523VCT6, STM32H523VEI6, STM32H523VET6, STM32H523ZCJ6, STM32H523ZCT6, STM32H523ZEJ6, STM32H523ZET6, STM32H533CET6, STM32H533CEU6, STM32H533HEY6TR, STM32H533RET6, STM32H533VEI6, STM32H533VET6, STM32H533ZEJ6, STM32H533ZET6, STM32H562AGI6, STM32H562AII6, STM32H562IGK6, STM32H562IGT6, STM32H562IIK6, STM32H562IIT6, STM32H562RGT6, STM32H562RGV6, STM32H562RIT6, STM32H562RIV6, STM32H562VGT6, STM32H562VIT6, STM32H562ZGT6, STM32H562ZIT6, STM32H563AGI6, STM32H563AII3Q, STM32H563AII6, STM32H563IGK6, STM32H563IGT6, STM32H563IIK3Q, STM32H563IIK6, STM32H563IIT3Q, STM32H563IIT6, STM32H563MIY3QTR, STM32H563RGT6, STM32H563RGV6, STM32H563RIT6, STM32H563RIV6, STM32H563VGT6, STM32H563VIT3Q, STM32H563VIT6, STM32H563ZGT6, STM32H563ZIT3Q, STM32H563ZIT6, STM32H573AII3Q, STM32H573AII6, STM32H573I-DK, STM32H573IIK3Q, STM32H573IIK6, STM32H573IIT3Q, STM32H573IIT6, STM32H573MIY3QTR, STM32H573RIT6, STM32H573RIV6, STM32H573VIT3Q, STM32H573VIT6, STM32H573ZIT3Q, STM32H573ZIT6, STM32H7R3A8I6, STM32H7R3I8K6, STM32H7R3I8T6, STM32H7R3L8H6, STM32H7R3L8H6H, STM32H7R3R8V6, STM32H7R3V8H6, STM32H7R3V8T6, STM32H7R3V8Y6TR, STM32H7R3Z8J6, STM32H7R3Z8T6, STM32H7R7A8I6, STM32H7R7I8K6, STM32H7R7I8T6, STM32H7R7L8H6, STM32H7R7L8H6H, STM32H7R7Z8J6, STM32H7S3A8I6, STM32H7S3I8K6, STM32H7S3I8T6, STM32H7S3L8H6, STM32H7S3L8H6H, STM32H7S3R8V6, STM32H7S3V8H6, STM32H7S3V8T6, STM32H7S3V8Y6TR, STM32H7S3Z8J6, STM32H7S3Z8T6, STM32H7S78-DK, STM32H7S7A8I6, STM32H7S7I8K6, STM32H7S7I8T6, STM32H7S7L8H6, STM32H7S7L8H6H, STM32H7S7Z8J6, STM32L4R5QGI6STR, STM32MP131AAE3, STM32MP131AAF3, STM32MP131AAG3, STM32MP131CAE3, STM32MP131CAF3, STM32MP131CAG3, STM32MP131DAE7, STM32MP131DAF7, STM32MP131DAG7, STM32MP131FAE7, STM32MP131FAF7, STM32MP131FAG7, STM32MP133AAE3, STM32MP133AAF3, STM32MP133AAG3, STM32MP133CAE3, STM32MP133CAF3, STM32MP133CAG3, STM32MP133DAE7, STM32MP133DAF7, STM32MP133DAG7, STM32MP133FAE7, STM32MP133FAF7, STM32MP133FAG7, STM32MP135AAE3, STM32MP135AAF3, STM32MP135AAG3, STM32MP135CAE3, STM32MP135CAF3, STM32MP135CAG3, STM32MP135DAE7, STM32MP135DAF7, STM32MP135DAG7, STM32MP135F-DK, STM32MP135FAE7, STM32MP135FAF7, STM32MP135FAF7T, STM32MP135FAF7U, STM32MP135FAG7, STM32MP211AAL3, STM32MP211AAM3, STM32MP211AAN3, STM32MP211AAO3, STM32MP211CAL3, STM32MP211CAM3, STM32MP211CAN3, STM32MP211CAO3, STM32MP211DAL3, STM32MP211DAM3, STM32MP211DAN3, STM32MP211DAO3, STM32MP211FAL3, STM32MP211FAM3, STM32MP211FAN3, STM32MP211FAO3, STM32MP213AAL3, STM32MP213AAM3, STM32MP213AAN3, STM32MP213AAO3, STM32MP213CAL3, STM32MP213CAM3, STM32MP213CAN3, STM32MP213CAO3, STM32MP213DAL3, STM32MP213DAM3, STM32MP213DAN3, STM32MP213DAO3, STM32MP213FAL3, STM32MP213FAM3, STM32MP213FAN3, STM32MP213FAO3, STM32MP215AAL3, STM32MP215AAM3, STM32MP215AAN3, STM32MP215AAO3, STM32MP215CAL3, STM32MP215CAM3, STM32MP215CAN3, STM32MP215CAO3, STM32MP215DAL3, STM32MP215DAM3, STM32MP215DAN3, STM32MP215DAO3, STM32MP215F-DK, STM32MP215FAL3, STM32MP215FAM3, STM32MP215FAN3, STM32MP215FAO3, STM32MP231AAJ3, STM32MP231AAK3, STM32MP231AAL3, STM32MP231CAJ3, STM32MP231CAK3, STM32MP231CAL3, STM32MP231DAJ3, STM32MP231DAK3, STM32MP231DAL3, STM32MP231FAJ3, STM32MP231FAK3, STM32MP231FAL3, STM32MP233AAJ3, STM32MP233AAK3, STM32MP233AAL3, STM32MP233CAJ3, STM32MP233CAK3, STM32MP233CAL3, STM32MP233DAJ3, STM32MP233DAK3, STM32MP233DAL3, STM32MP233FAJ3, STM32MP233FAK3, STM32MP233FAL3, STM32MP235AAJ3, STM32MP235AAK3, STM32MP235AAL3, STM32MP235CAJ3, STM32MP235CAK3, STM32MP235CAL3, STM32MP235DAJ3, STM32MP235DAK3, STM32MP235DAL3, STM32MP235FAJ3, STM32MP235FAK3, STM32MP235FAL3, STM32MP251AAI3, STM32MP251AAK3, STM32MP251AAL3, STM32MP251CAI3, STM32MP251CAK3, STM32MP251CAL3, STM32MP251DAI3, STM32MP251DAK3, STM32MP251DAL3, STM32MP251FAI3, STM32MP251FAK3, STM32MP251FAL3, STM32MP253AAI3, STM32MP253AAK3, STM32MP253AAL3, STM32MP253CAI3, STM32MP253CAK3, STM32MP253CAL3, STM32MP253DAI3, STM32MP253DAK3, STM32MP253DAL3, STM32MP253FAI3, STM32MP253FAK3, STM32MP253FAL3, STM32MP255AAI3, STM32MP255AAK3, STM32MP255AAL3, STM32MP255CAI3, STM32MP255CAK3, STM32MP255CAL3, STM32MP255DAI3, STM32MP255DAK3, STM32MP255DAL3, STM32MP255FAI3, STM32MP255FAK3, STM32MP255FAL3, STM32MP257AAI3, STM32MP257AAK3, STM32MP257AAL3, STM32MP257CAI3, STM32MP257CAK3, STM32MP257CAL3, STM32MP257DAI3, STM32MP257DAK3, STM32MP257DAL3, STM32MP257F-DK, STM32MP257F-EV1, STM32MP257FAI3, STM32MP257FAK3, STM32MP257FAL3, STM32N645A0H3Q, STM32N645B0H3Q, STM32N645I0H3Q, STM32N645L0H3Q, STM32N645X0H3Q, STM32N645Z0H3Q, STM32N647A0H3Q, STM32N647B0H3Q, STM32N647I0H3Q, STM32N647L0H3Q, STM32N647X0H3Q, STM32N647Z0H3Q, STM32N655A0H3Q, STM32N655B0H3Q, STM32N655I0H3Q, STM32N655L0H3Q, STM32N655X0H3Q, STM32N655Z0H3Q, STM32N6570-DK, STM32N657A0H3Q, STM32N657B0H3Q, STM32N657I0H3Q, STM32N657L0H3Q, STM32N657X0H3Q, STM32N657Z0H3Q, STM32U031C6T6, STM32U031C6U6, STM32U031C8T6, STM32U031C8U6, STM32U031F4P6, STM32U031F6P6, STM32U031F8P6, STM32U031G6Y6TR, STM32U031G8Y6TR, STM32U031K4U6, STM32U031K6U6, STM32U031K8U6, STM32U031R6I6, STM32U031R6T6, STM32U031R8I6, STM32U031R8T6, STM32U073C8T6, STM32U073C8U6, STM32U073CBT6, STM32U073CBU6, STM32U073CCT6, STM32U073CCU6, STM32U073H8Y6TR, STM32U073HBY6TR, STM32U073HCY6TR, STM32U073K8U6, STM32U073KBU6, STM32U073KCU6, STM32U073M8I6, STM32U073M8T6, STM32U073MBI6, STM32U073MBT6, STM32U073MCI6, STM32U073MCT6, STM32U073R8I6, STM32U073R8T6, STM32U073RBI6, STM32U073RBT6, STM32U073RCI6, STM32U073RCT6, STM32U083C-DK, STM32U083CCT6, STM32U083CCU6, STM32U083HCY6TR, STM32U083KCU6, STM32U083MCI6, STM32U083MCT6, STM32U083RCI6, STM32U083RCT6, STM32U375CET6, STM32U375CET6Q, STM32U375CEU6, STM32U375CEU6Q, STM32U375CEY6QTR, STM32U375CGT6, STM32U375CGT6Q, STM32U375CGU6, STM32U375CGU6Q, STM32U375CGY6QTR, STM32U375KEU6, STM32U375KGU6, STM32U375REI6, STM32U375REI6Q, STM32U375RET6, STM32U375RET6Q, STM32U375REY6GTR, STM32U375REY6QTR, STM32U375RGI6, STM32U375RGI6Q, STM32U375RGT6, STM32U375RGT6Q, STM32U375RGY6GTR, STM32U375RGY6QTR, STM32U375VEI6, STM32U375VEI6Q, STM32U375VET6, STM32U375VET6Q, STM32U375VGI6, STM32U375VGI6Q, STM32U375VGT6, STM32U375VGT6Q, STM32U385CGT6, STM32U385CGT6Q, STM32U385CGU6, STM32U385CGU6Q, STM32U385CGY6QTR, STM32U385KGU6, STM32U385RGI6, STM32U385RGI6Q, STM32U385RGT6, STM32U385RGT6Q, STM32U385RGY6GTR, STM32U385RGY6QTR, STM32U385VGI6, STM32U385VGI6Q, STM32U385VGT6, STM32U385VGT6Q, STM32U535CBT6, STM32U535CBT6Q, STM32U535CBU6, STM32U535CBU6Q, STM32U535CCT6, STM32U535CCT6Q, STM32U535CCU6, STM32U535CCU6Q, STM32U535CET6, STM32U535CET6Q, STM32U535CEU6, STM32U535CEU6Q, STM32U535JEY6QTR, STM32U535NCY6QTR, STM32U535NEY6QTR, STM32U535RBI6, STM32U535RBI6Q, STM32U535RBT6, STM32U535RBT6Q, STM32U535RCI6, STM32U535RCI6Q, STM32U535RCT6, STM32U535RCT6Q, STM32U535REI6, STM32U535REI6Q, STM32U535RET6, STM32U535RET6Q, STM32U535VCI6, STM32U535VCI6Q, STM32U535VCT6, STM32U535VCT6Q, STM32U535VEI6, STM32U535VEI6Q, STM32U535VET6, STM32U535VET6Q, STM32U545CET6, STM32U545CET6Q, STM32U545CEU6, STM32U545CEU6Q, STM32U545JEY6QTR, STM32U545NEY6QTR, STM32U545REI6, STM32U545REI6Q, STM32U545RET6, STM32U545RET6Q, STM32U545VEI6, STM32U545VEI6Q, STM32U545VET6, STM32U545VET6Q, STM32U595AIH6, STM32U595AIH6Q, STM32U595AJH6, STM32U595AJH6Q, STM32U595QII6, STM32U595QII6Q, STM32U595QJI6, STM32U595QJI6Q, STM32U595RIT6, STM32U595RIT6Q, STM32U595RJT6, STM32U595RJT6Q, STM32U595VIT6, STM32U595VIT6Q, STM32U595VJT6, STM32U595VJT6Q, STM32U595ZIT6, STM32U595ZIT6Q, STM32U595ZIY6QTR, STM32U595ZJT6, STM32U595ZJT6Q, STM32U595ZJY6QTR, STM32U599BJY6QTR, STM32U599NIH6Q, STM32U599NJH6Q, STM32U599VIT6Q, STM32U599VJT6, STM32U599VJT6Q, STM32U599ZIT6Q, STM32U599ZIY6QTR, STM32U599ZJT6Q, STM32U599ZJY6QTR, STM32U5A5AJH6, STM32U5A5AJH6Q, STM32U5A5QII3Q , STM32U5A5QJI6, STM32U5A5QJI6Q, STM32U5A5RJT6, STM32U5A5RJT6Q, STM32U5A5VJT6, STM32U5A5VJT6Q, STM32U5A5ZJT6, STM32U5A5ZJT6Q, STM32U5A5ZJY6QTR, STM32U5A9BJY6QTR, STM32U5A9J-DK, STM32U5A9NJH6Q, STM32U5A9VJT6Q, STM32U5A9ZJT6Q, STM32U5A9ZJY6QTR, STM32U5F7VIT6, STM32U5F7VIT6Q, STM32U5F7VJT6, STM32U5F7VJT6Q, STM32U5F9BJY6QTR, STM32U5F9NJH6Q, STM32U5F9VIT6Q, STM32U5F9VJT6Q, STM32U5F9ZIJ6QTR, STM32U5F9ZIT6Q, STM32U5F9ZJJ6QTR, STM32U5F9ZJT6Q, STM32U5G7VJT6, STM32U5G7VJT6Q, STM32U5G9BJY6QTR, STM32U5G9J-DK1, STM32U5G9J-DK2, STM32U5G9NJH6Q, STM32U5G9VJT6Q, STM32U5G9ZJJ6QTR, STM32U5G9ZJT6Q, STM32WB05KZV6TR, STM32WB05KZV7TR, STM32WB05TZF6TR, STM32WB05TZF7TR, STM32WB06CCF6TR, STM32WB06CCF7TR, STM32WB06CCV6TR, STM32WB06CCV7TR, STM32WB06KCV6TR, STM32WB06KCV7TR, STM32WB07CCF6TR, STM32WB07CCF7TR, STM32WB07CCV6TR, STM32WB07CCV7TR, STM32WB07KCV6TR, STM32WB07KCV7TR, STM32WB09KEV6TR, STM32WB09KEV7TR, STM32WB09TEF6TR, STM32WB09TEF7TR, STM32WB1MMCH6, STM32WBA50KGU6, STM32WBA50KGU6TR, STM32WBA52CEU6, STM32WBA52CEU6TR, STM32WBA52CEU7, STM32WBA52CEU7TR, STM32WBA52CGU6, STM32WBA52CGU6TR, STM32WBA52CGU6U, STM32WBA52CGU7, STM32WBA52CGU7TR, STM32WBA52KEU6, STM32WBA52KEU6TR, STM32WBA52KGU6, STM32WBA52KGU6TR, STM32WBA54CEU6, STM32WBA54CEU6TR, STM32WBA54CEU7, STM32WBA54CEU7TR, STM32WBA54CGU6, STM32WBA54CGU6TR, STM32WBA54CGU7, STM32WBA54CGU7TR, STM32WBA54KEU6, STM32WBA54KEU6TR, STM32WBA54KEU7, STM32WBA54KEU7TR, STM32WBA54KGU6, STM32WBA54KGU6TR, STM32WBA54KGU7, STM32WBA54KGU7TR, STM32WBA55CEU6, STM32WBA55CEU6TR, STM32WBA55CEU7, STM32WBA55CEU7TR, STM32WBA55CGU6, STM32WBA55CGU6TR, STM32WBA55CGU6U, STM32WBA55CGU7, STM32WBA55CGU7TR, STM32WBA55G-DK1, STM32WBA55HEF6, STM32WBA55HEF7, STM32WBA55HGF6, STM32WBA55HGF7, STM32WBA55UEI6, STM32WBA55UEI6TR, STM32WBA55UEI7, STM32WBA55UEI7TR, STM32WBA55UGI6, STM32WBA55UGI6TR, STM32WBA55UGI7, STM32WBA55UGI7TR, STM32WBA5MMGH6TR, STM32WBA62MGF6, STM32WBA62MIF6, STM32WBA65MGF7, STM32WBA65MIF6, STM32WBA65MIF7, STM32WL30K8V6, STM32WL30KBV6, STM32WL31C8V6, STM32WL31CBV6, STM32WL31K8V6, STM32WL31KBV6, STM32WL33C8V6, STM32WL33C8V6X, STM32WL33CBV6, STM32WL33CBV6X, STM32WL33CCV6, STM32WL33CCV6A, STM32WL33CCV6X, STM32WL33K8V7, STM32WL33K8V7X, STM32WL33KBV7 , STM32WL33KBV7X, STM32WL33KCV7, STM32WL33KCV7X, STM32WL5MOCH6, STM32WL5MOCH6TR]
2025-11-05 17:01:37,417 [INFO] DbMcus:218 - Found 4801 MCUs, 4801 are supported
2025-11-05 17:01:37,418 [INFO] ApiDb:423 - Load user favorites file C:\Users\allan/.stm32cubeide/favorites.mcus.txt: 0 item(s)
2025-11-05 17:01:37,419 [INFO] ApiDb:427 - User favorites MCUs=[]
2025-11-05 17:01:37,419 [INFO] DbMcus:224 - Set 0 / 0 favorites MCUs
2025-11-05 17:01:37,924 [ERROR] LogOutputStream:75 - [STDERR_REDIRECT] [Fatal Error] :1:1: Premature end of file.
2025-11-05 17:01:37,924 [ERROR] LogOutputStream:75 - [STDERR_REDIRECT] 
2025-11-05 17:01:38,064 [INFO] ApiDb:668 - CubeFinder database Data Model version=2.1
2025-11-05 17:01:38,064 [INFO] ApiDb:669 - CubeFinder database Configuration version=3.0.39
2025-11-05 17:01:38,064 [INFO] ApiDb:670 - CubeFinder database generation date=2025-10-27 (1761571959)
2025-11-05 17:01:38,064 [INFO] ApiDb:671 - CubeFinder database FW Pack versions=[FP-ATR-ASTRA1_V2.0.0, FP-SNS-FLIGHT1_V5.1.0, FP-SNS-MOTENV1_V5.0.0, FP-SNS-MOTENVWB1_V1.4.0, FP-SNS-SMARTAG2_V1.2.0, FP-SNS-STBOX1_V2.1.0, STM32Cube_FW_C0_V1.4.0, STM32Cube_FW_F4_V1.28.3, STM32Cube_FW_F7_V1.17.4, STM32Cube_FW_G0_V1.6.2, STM32Cube_FW_G4_V1.6.1, STM32Cube_FW_H5_V1.5.0, STM32Cube_FW_H7RS_V1.2.0, STM32Cube_FW_H7_V1.12.1, STM32Cube_FW_L0_V1.12.2, STM32Cube_FW_L4_V1.18.1, STM32Cube_FW_L5_V1.5.1, STM32Cube_FW_N6_V1.2.0, STM32Cube_FW_U0_V1.3.0, STM32Cube_FW_U3_V1.2.1, STM32Cube_FW_U5_V1.8.0, STM32Cube_FW_WB0_V1.3.0, STM32Cube_FW_WBA_V1.7.0, STM32Cube_FW_WB_V1.23.0, STM32Cube_FW_WL3_V1.2.0, STM32Cube_FW_WL_V1.3.1, X-CUBE-ALGOBUILD_V1.4.0, X-CUBE-ALS_V1.0.2, X-CUBE-AZRTOS-F4_V1.1.0, X-CUBE-AZRTOS-F7_V1.1.0, X-CUBE-AZRTOS-G0_V1.1.0, X-CUBE-AZRTOS-G4_V2.0.0, X-CUBE-AZRTOS-H7RS_V1.1.0, X-CUBE-AZRTOS-H7_V3.4.0, X-CUBE-AZRTOS-L4_V2.0.0, X-CUBE-AZRTOS-L5_V2.0.0, X-CUBE-AZRTOS-WB_V2.0.0, X-CUBE-AZRTOS-WL_V2.0.0, X-CUBE-BLE1_V7.1.0, X-CUBE-BLE2_V3.3.0, X-CUBE-BLEMGR_V4.1.0, X-CUBE-EEPRMA1_V5.2.0, X-CUBE-FREERTOS_V1.3.1, X-CUBE-GNSS1_V6.0.0, X-CUBE-MEMS1_V11.3.0, X-CUBE-NFC4_V3.0.0, X-CUBE-NFC7_V2.0.0, X-CUBE-SFXS2LP1_V4.0.0, X-CUBE-ST67W61_V1.1.0, X-CUBE-SUBG2_V5.0.0, X-CUBE-TOF1_V3.4.3]
2025-11-05 17:01:38,155 [INFO] DbBoardsSqlite:226 - include board P-NUCLEO-WB55-NUCLEO as a kit item of type 'Nucleo-64'
2025-11-05 17:01:38,155 [INFO] DbBoardsSqlite:226 - include board P-NUCLEO-WB55-USBDONGLE as a kit item of type 'Nucleo USB Dongle'
2025-11-05 17:01:38,155 [INFO] DbBoardsSqlite:226 - include board STEVAL-IDP005V1 as a kit item of type 'Evaluation Board'
2025-11-05 17:01:38,156 [INFO] DbBoardsSqlite:226 - include board STEVAL-IDP005V2 as a kit item of type 'Evaluation Board'
2025-11-05 17:01:38,253 [INFO] ApiDb:240 - Found 880 in-development CPN: [B-G473E-ZEST1S, B-WB1M-WPAN1, B-WBA5M-WPAN, B-WL5M-SUBG1, NUCLEO-C031C6, NUCLEO-C051C8, NUCLEO-C071RB, NUCLEO-C092RC, NUCLEO-H503RB, NUCLEO-H533RE, NUCLEO-H563ZI, NUCLEO-H7S3L8, NUCLEO-N657X0-Q, NUCLEO-U031R8, NUCLEO-U083RC, NUCLEO-U385RG-Q, NUCLEO-U545RE-Q, NUCLEO-U5A5ZJ-Q, NUCLEO-WB05KZ, NUCLEO-WB07CC, NUCLEO-WB09KE, NUCLEO-WBA52CG, NUCLEO-WBA55CG, NUCLEO-WL33CC1, NUCLEO-WL33CC2, STEVAL-PROTEUS1, STEVAL-SMARTAG2, STEVAL-STWINBX1, STM320518-EVAL, STM32C0116-DK, STM32C011D6Y3TR, STM32C011D6Y6TR, STM32C011F4P3, STM32C011F4P6, STM32C011F4U3, STM32C011F4U6TR, STM32C011F6P3, STM32C011F6P6, STM32C011F6U3, STM32C011F6U6TR, STM32C011J4M3, STM32C011J4M6, STM32C011J6M3, STM32C011J6M6, STM32C0316-DK, STM32C031C4T3, STM32C031C4T6, STM32C031C4U3, STM32C031C4U6, STM32C031C6T3, STM32C031C6T6, STM32C031C6U3, STM32C031C6U6, STM32C031F4P3, STM32C031F4P6, STM32C031F6P3, STM32C031F6P6, STM32C031G4U3, STM32C031G4U6, STM32C031G6U3, STM32C031G6U6, STM32C031K4T3, STM32C031K4T6, STM32C031K4U3, STM32C031K4U6, STM32C031K6T3, STM32C031K6T6, STM32C031K6U3, STM32C031K6U6, STM32C051C6T6, STM32C051C6U6, STM32C051C8T6, STM32C051C8U6, STM32C051D8Y6TR, STM32C051F6P6, STM32C051F8P6, STM32C051G6U6, STM32C051G8U6, STM32C051K6T6, STM32C051K6U6, STM32C051K8T6, STM32C071C8T6, STM32C071C8T6N, STM32C071C8U6, STM32C071C8U6N, STM32C071CBT6, STM32C071CBT6N, STM32C071CBU6, STM32C071CBU6N, STM32C071F8P6, STM32C071F8P6N, STM32C071FBP6, STM32C071FBP6N, STM32C071FBY6TR, STM32C071G8U6, STM32C071G8U6N, STM32C071GBU6, STM32C071GBU6N, STM32C071K8T6, STM32C071K8T6N, STM32C071K8U6, STM32C071K8U6N, STM32C071KBT6, STM32C071KBT6N, STM32C071KBU6, STM32C071KBU6N, STM32C071R8T6, STM32C071R8T6N, STM32C071RBI6N, STM32C071RBT6, STM32C071RBT6N, STM32C091CBT6, STM32C091CBU6, STM32C091CCT6, STM32C091CCU6, STM32C091ECY6TR, STM32C091FBP6, STM32C091FCP6, STM32C091GBU6, STM32C091GCU6, STM32C091KBT6, STM32C091KBU6, STM32C091KCT6, STM32C091KCU6, STM32C091RBT6, STM32C091RCI6, STM32C091RCT6, STM32C092CBT6, STM32C092CBU6, STM32C092CCT6, STM32C092CCU6, STM32C092ECY6TR, STM32C092FBP6, STM32C092FCP6, STM32C092GBU6, STM32C092GCU6, STM32C092KBT6, STM32C092KBU6, STM32C092KCT6, STM32C092KCU6, STM32C092RBT6, STM32C092RCI6, STM32C092RCT6, STM32G071K8TXN, STM32G071K8UXN, STM32G081GBU6N, STM32G081KBT6N, STM32G081KBUXN, STM32G0B1CCT6N, STM32G0B1KCT6, STM32G0B1NEY6TR, STM32G0B1RCT6N, STM32G0C1CCT6, STM32G0C1CCT6N, STM32G0C1CCU6N, STM32G0C1CET6N, STM32G0C1CEU6N, STM32G0C1KCT6, STM32G0C1NEY6TR, STM32G0C1RCI6N, STM32G0C1RCT6N, STM32G0C1REI6N, STM32G0C1RET6N, STM32G0C1VCI6, STM32G0C1VEI6, STM32G411C6T3, STM32G411C6T6, STM32G411C6U3, STM32G411C6U6, STM32G411C8T3, STM32G411C8T6, STM32G411C8U3, STM32G411C8U6, STM32G411CBT3, STM32G411CBT6, STM32G411CBU3, STM32G411CBU6, STM32G411K6T3, STM32G411K6T6, STM32G411K6U3, STM32G411K6U6, STM32G411K8T3, STM32G411K8T6, STM32G411K8U3, STM32G411K8U6, STM32G411KBT3, STM32G411KBT6, STM32G411KBU3, STM32G411KBU6, STM32G411M6T3, STM32G411M6T6, STM32G411M8T3, STM32G411M8T6, STM32G411MBT3, STM32G411MBT6, STM32G411R6T3, STM32G411R6T6, STM32G411R8T3, STM32G411R8T6, STM32G411RBT3, STM32G411RBT6, STM32G414CBT3, STM32G414CBT6, STM32G414CBU3, STM32G414CBU6, STM32G414CCT3, STM32G414CCT6, STM32G414CCU3, STM32G414CCU6, STM32G414MBT3, STM32G414MBT6, STM32G414MCT3, STM32G414MCT6, STM32G414RBT3, STM32G414RBT6, STM32G414RCT3, STM32G414RCT6, STM32G414VBT3, STM32G414VBT6, STM32G414VCT3, STM32G414VCT6, STM32G431CBT3Z, STM32G431RBT3Z, STM32G471CCT6, STM32G471CCU6, STM32G471CET3, STM32G471CET6, STM32G471CEU3, STM32G471CEU6, STM32G471MCT6, STM32G471MET3, STM32G471MET6, STM32G471MEY6TR, STM32G471QCT6, STM32G471QET3, STM32G471RCT6, STM32G471RET3, STM32G471RET6, STM32G471VCH6, STM32G471VCI6, STM32G471VCT6, STM32G471VEH3, STM32G471VEH6, STM32G471VEI3, STM32G471VEI6, STM32G471VET3, STM32G471VET6, STM32G473QET3Z, STM32G473RET3Z, STM32G474CCT6, STM32G491RET3Z, STM32H503CBT6, STM32H503CBU6, STM32H503EBY6TR, STM32H503KBU6, STM32H503RBT6, STM32H523CCT6, STM32H523CCU6, STM32H523CET6, STM32H523CEU6, STM32H523HEY6TR, STM32H523RCT6, STM32H523RET6, STM32H523VCI6, STM32H523VCT6, STM32H523VEI6, STM32H523VET6, STM32H523ZCJ6, STM32H523ZCT6, STM32H523ZEJ6, STM32H523ZET6, STM32H533CET6, STM32H533CEU6, STM32H533HEY6TR, STM32H533RET6, STM32H533VEI6, STM32H533VET6, STM32H533ZEJ6, STM32H533ZET6, STM32H562AGI6, STM32H562AII6, STM32H562IGK6, STM32H562IGT6, STM32H562IIK6, STM32H562IIT6, STM32H562RGT6, STM32H562RGV6, STM32H562RIT6, STM32H562RIV6, STM32H562VGT6, STM32H562VIT6, STM32H562ZGT6, STM32H562ZIT6, STM32H563AGI6, STM32H563AII3Q, STM32H563AII6, STM32H563IGK6, STM32H563IGT6, STM32H563IIK3Q, STM32H563IIK6, STM32H563IIT3Q, STM32H563IIT6, STM32H563MIY3QTR, STM32H563RGT6, STM32H563RGV6, STM32H563RIT6, STM32H563RIV6, STM32H563VGT6, STM32H563VIT3Q, STM32H563VIT6, STM32H563ZGT6, STM32H563ZIT3Q, STM32H563ZIT6, STM32H573AII3Q, STM32H573AII6, STM32H573I-DK, STM32H573IIK3Q, STM32H573IIK6, STM32H573IIT3Q, STM32H573IIT6, STM32H573MIY3QTR, STM32H573RIT6, STM32H573RIV6, STM32H573VIT3Q, STM32H573VIT6, STM32H573ZIT3Q, STM32H573ZIT6, STM32H7R3A8I6, STM32H7R3I8K6, STM32H7R3I8T6, STM32H7R3L8H6, STM32H7R3L8H6H, STM32H7R3R8V6, STM32H7R3V8H6, STM32H7R3V8T6, STM32H7R3V8Y6TR, STM32H7R3Z8J6, STM32H7R3Z8T6, STM32H7R7A8I6, STM32H7R7I8K6, STM32H7R7I8T6, STM32H7R7L8H6, STM32H7R7L8H6H, STM32H7R7Z8J6, STM32H7S3A8I6, STM32H7S3I8K6, STM32H7S3I8T6, STM32H7S3L8H6, STM32H7S3L8H6H, STM32H7S3R8V6, STM32H7S3V8H6, STM32H7S3V8T6, STM32H7S3V8Y6TR, STM32H7S3Z8J6, STM32H7S3Z8T6, STM32H7S78-DK, STM32H7S7A8I6, STM32H7S7I8K6, STM32H7S7I8T6, STM32H7S7L8H6, STM32H7S7L8H6H, STM32H7S7Z8J6, STM32L4R5QGI6STR, STM32MP131AAE3, STM32MP131AAF3, STM32MP131AAG3, STM32MP131CAE3, STM32MP131CAF3, STM32MP131CAG3, STM32MP131DAE7, STM32MP131DAF7, STM32MP131DAG7, STM32MP131FAE7, STM32MP131FAF7, STM32MP131FAG7, STM32MP133AAE3, STM32MP133AAF3, STM32MP133AAG3, STM32MP133CAE3, STM32MP133CAF3, STM32MP133CAG3, STM32MP133DAE7, STM32MP133DAF7, STM32MP133DAG7, STM32MP133FAE7, STM32MP133FAF7, STM32MP133FAG7, STM32MP135AAE3, STM32MP135AAF3, STM32MP135AAG3, STM32MP135CAE3, STM32MP135CAF3, STM32MP135CAG3, STM32MP135DAE7, STM32MP135DAF7, STM32MP135DAG7, STM32MP135F-DK, STM32MP135FAE7, STM32MP135FAF7, STM32MP135FAF7T, STM32MP135FAF7U, STM32MP135FAG7, STM32MP211AAL3, STM32MP211AAM3, STM32MP211AAN3, STM32MP211AAO3, STM32MP211CAL3, STM32MP211CAM3, STM32MP211CAN3, STM32MP211CAO3, STM32MP211DAL3, STM32MP211DAM3, STM32MP211DAN3, STM32MP211DAO3, STM32MP211FAL3, STM32MP211FAM3, STM32MP211FAN3, STM32MP211FAO3, STM32MP213AAL3, STM32MP213AAM3, STM32MP213AAN3, STM32MP213AAO3, STM32MP213CAL3, STM32MP213CAM3, STM32MP213CAN3, STM32MP213CAO3, STM32MP213DAL3, STM32MP213DAM3, STM32MP213DAN3, STM32MP213DAO3, STM32MP213FAL3, STM32MP213FAM3, STM32MP213FAN3, STM32MP213FAO3, STM32MP215AAL3, STM32MP215AAM3, STM32MP215AAN3, STM32MP215AAO3, STM32MP215CAL3, STM32MP215CAM3, STM32MP215CAN3, STM32MP215CAO3, STM32MP215DAL3, STM32MP215DAM3, STM32MP215DAN3, STM32MP215DAO3, STM32MP215F-DK, STM32MP215FAL3, STM32MP215FAM3, STM32MP215FAN3, STM32MP215FAO3, STM32MP231AAJ3, STM32MP231AAK3, STM32MP231AAL3, STM32MP231CAJ3, STM32MP231CAK3, STM32MP231CAL3, STM32MP231DAJ3, STM32MP231DAK3, STM32MP231DAL3, STM32MP231FAJ3, STM32MP231FAK3, STM32MP231FAL3, STM32MP233AAJ3, STM32MP233AAK3, STM32MP233AAL3, STM32MP233CAJ3, STM32MP233CAK3, STM32MP233CAL3, STM32MP233DAJ3, STM32MP233DAK3, STM32MP233DAL3, STM32MP233FAJ3, STM32MP233FAK3, STM32MP233FAL3, STM32MP235AAJ3, STM32MP235AAK3, STM32MP235AAL3, STM32MP235CAJ3, STM32MP235CAK3, STM32MP235CAL3, STM32MP235DAJ3, STM32MP235DAK3, STM32MP235DAL3, STM32MP235FAJ3, STM32MP235FAK3, STM32MP235FAL3, STM32MP251AAI3, STM32MP251AAK3, STM32MP251AAL3, STM32MP251CAI3, STM32MP251CAK3, STM32MP251CAL3, STM32MP251DAI3, STM32MP251DAK3, STM32MP251DAL3, STM32MP251FAI3, STM32MP251FAK3, STM32MP251FAL3, STM32MP253AAI3, STM32MP253AAK3, STM32MP253AAL3, STM32MP253CAI3, STM32MP253CAK3, STM32MP253CAL3, STM32MP253DAI3, STM32MP253DAK3, STM32MP253DAL3, STM32MP253FAI3, STM32MP253FAK3, STM32MP253FAL3, STM32MP255AAI3, STM32MP255AAK3, STM32MP255AAL3, STM32MP255CAI3, STM32MP255CAK3, STM32MP255CAL3, STM32MP255DAI3, STM32MP255DAK3, STM32MP255DAL3, STM32MP255FAI3, STM32MP255FAK3, STM32MP255FAL3, STM32MP257AAI3, STM32MP257AAK3, STM32MP257AAL3, STM32MP257CAI3, STM32MP257CAK3, STM32MP257CAL3, STM32MP257DAI3, STM32MP257DAK3, STM32MP257DAL3, STM32MP257F-DK, STM32MP257F-EV1, STM32MP257FAI3, STM32MP257FAK3, STM32MP257FAL3, STM32N645A0H3Q, STM32N645B0H3Q, STM32N645I0H3Q, STM32N645L0H3Q, STM32N645X0H3Q, STM32N645Z0H3Q, STM32N647A0H3Q, STM32N647B0H3Q, STM32N647I0H3Q, STM32N647L0H3Q, STM32N647X0H3Q, STM32N647Z0H3Q, STM32N655A0H3Q, STM32N655B0H3Q, STM32N655I0H3Q, STM32N655L0H3Q, STM32N655X0H3Q, STM32N655Z0H3Q, STM32N6570-DK, STM32N657A0H3Q, STM32N657B0H3Q, STM32N657I0H3Q, STM32N657L0H3Q, STM32N657X0H3Q, STM32N657Z0H3Q, STM32U031C6T6, STM32U031C6U6, STM32U031C8T6, STM32U031C8U6, STM32U031F4P6, STM32U031F6P6, STM32U031F8P6, STM32U031G6Y6TR, STM32U031G8Y6TR, STM32U031K4U6, STM32U031K6U6, STM32U031K8U6, STM32U031R6I6, STM32U031R6T6, STM32U031R8I6, STM32U031R8T6, STM32U073C8T6, STM32U073C8U6, STM32U073CBT6, STM32U073CBU6, STM32U073CCT6, STM32U073CCU6, STM32U073H8Y6TR, STM32U073HBY6TR, STM32U073HCY6TR, STM32U073K8U6, STM32U073KBU6, STM32U073KCU6, STM32U073M8I6, STM32U073M8T6, STM32U073MBI6, STM32U073MBT6, STM32U073MCI6, STM32U073MCT6, STM32U073R8I6, STM32U073R8T6, STM32U073RBI6, STM32U073RBT6, STM32U073RCI6, STM32U073RCT6, STM32U083C-DK, STM32U083CCT6, STM32U083CCU6, STM32U083HCY6TR, STM32U083KCU6, STM32U083MCI6, STM32U083MCT6, STM32U083RCI6, STM32U083RCT6, STM32U375CET6, STM32U375CET6Q, STM32U375CEU6, STM32U375CEU6Q, STM32U375CEY6QTR, STM32U375CGT6, STM32U375CGT6Q, STM32U375CGU6, STM32U375CGU6Q, STM32U375CGY6QTR, STM32U375KEU6, STM32U375KGU6, STM32U375REI6, STM32U375REI6Q, STM32U375RET6, STM32U375RET6Q, STM32U375REY6GTR, STM32U375REY6QTR, STM32U375RGI6, STM32U375RGI6Q, STM32U375RGT6, STM32U375RGT6Q, STM32U375RGY6GTR, STM32U375RGY6QTR, STM32U375VEI6, STM32U375VEI6Q, STM32U375VET6, STM32U375VET6Q, STM32U375VGI6, STM32U375VGI6Q, STM32U375VGT6, STM32U375VGT6Q, STM32U385CGT6, STM32U385CGT6Q, STM32U385CGU6, STM32U385CGU6Q, STM32U385CGY6QTR, STM32U385KGU6, STM32U385RGI6, STM32U385RGI6Q, STM32U385RGT6, STM32U385RGT6Q, STM32U385RGY6GTR, STM32U385RGY6QTR, STM32U385VGI6, STM32U385VGI6Q, STM32U385VGT6, STM32U385VGT6Q, STM32U535CBT6, STM32U535CBT6Q, STM32U535CBU6, STM32U535CBU6Q, STM32U535CCT6, STM32U535CCT6Q, STM32U535CCU6, STM32U535CCU6Q, STM32U535CET6, STM32U535CET6Q, STM32U535CEU6, STM32U535CEU6Q, STM32U535JEY6QTR, STM32U535NCY6QTR, STM32U535NEY6QTR, STM32U535RBI6, STM32U535RBI6Q, STM32U535RBT6, STM32U535RBT6Q, STM32U535RCI6, STM32U535RCI6Q, STM32U535RCT6, STM32U535RCT6Q, STM32U535REI6, STM32U535REI6Q, STM32U535RET6, STM32U535RET6Q, STM32U535VCI6, STM32U535VCI6Q, STM32U535VCT6, STM32U535VCT6Q, STM32U535VEI6, STM32U535VEI6Q, STM32U535VET6, STM32U535VET6Q, STM32U545CET6, STM32U545CET6Q, STM32U545CEU6, STM32U545CEU6Q, STM32U545JEY6QTR, STM32U545NEY6QTR, STM32U545REI6, STM32U545REI6Q, STM32U545RET6, STM32U545RET6Q, STM32U545VEI6, STM32U545VEI6Q, STM32U545VET6, STM32U545VET6Q, STM32U595AIH6, STM32U595AIH6Q, STM32U595AJH6, STM32U595AJH6Q, STM32U595QII6, STM32U595QII6Q, STM32U595QJI6, STM32U595QJI6Q, STM32U595RIT6, STM32U595RIT6Q, STM32U595RJT6, STM32U595RJT6Q, STM32U595VIT6, STM32U595VIT6Q, STM32U595VJT6, STM32U595VJT6Q, STM32U595ZIT6, STM32U595ZIT6Q, STM32U595ZIY6QTR, STM32U595ZJT6, STM32U595ZJT6Q, STM32U595ZJY6QTR, STM32U599BJY6QTR, STM32U599NIH6Q, STM32U599NJH6Q, STM32U599VIT6Q, STM32U599VJT6, STM32U599VJT6Q, STM32U599ZIT6Q, STM32U599ZIY6QTR, STM32U599ZJT6Q, STM32U599ZJY6QTR, STM32U5A5AJH6, STM32U5A5AJH6Q, STM32U5A5QII3Q , STM32U5A5QJI6, STM32U5A5QJI6Q, STM32U5A5RJT6, STM32U5A5RJT6Q, STM32U5A5VJT6, STM32U5A5VJT6Q, STM32U5A5ZJT6, STM32U5A5ZJT6Q, STM32U5A5ZJY6QTR, STM32U5A9BJY6QTR, STM32U5A9J-DK, STM32U5A9NJH6Q, STM32U5A9VJT6Q, STM32U5A9ZJT6Q, STM32U5A9ZJY6QTR, STM32U5F7VIT6, STM32U5F7VIT6Q, STM32U5F7VJT6, STM32U5F7VJT6Q, STM32U5F9BJY6QTR, STM32U5F9NJH6Q, STM32U5F9VIT6Q, STM32U5F9VJT6Q, STM32U5F9ZIJ6QTR, STM32U5F9ZIT6Q, STM32U5F9ZJJ6QTR, STM32U5F9ZJT6Q, STM32U5G7VJT6, STM32U5G7VJT6Q, STM32U5G9BJY6QTR, STM32U5G9J-DK1, STM32U5G9J-DK2, STM32U5G9NJH6Q, STM32U5G9VJT6Q, STM32U5G9ZJJ6QTR, STM32U5G9ZJT6Q, STM32WB05KZV6TR, STM32WB05KZV7TR, STM32WB05TZF6TR, STM32WB05TZF7TR, STM32WB06CCF6TR, STM32WB06CCF7TR, STM32WB06CCV6TR, STM32WB06CCV7TR, STM32WB06KCV6TR, STM32WB06KCV7TR, STM32WB07CCF6TR, STM32WB07CCF7TR, STM32WB07CCV6TR, STM32WB07CCV7TR, STM32WB07KCV6TR, STM32WB07KCV7TR, STM32WB09KEV6TR, STM32WB09KEV7TR, STM32WB09TEF6TR, STM32WB09TEF7TR, STM32WB1MMCH6, STM32WBA50KGU6, STM32WBA50KGU6TR, STM32WBA52CEU6, STM32WBA52CEU6TR, STM32WBA52CEU7, STM32WBA52CEU7TR, STM32WBA52CGU6, STM32WBA52CGU6TR, STM32WBA52CGU6U, STM32WBA52CGU7, STM32WBA52CGU7TR, STM32WBA52KEU6, STM32WBA52KEU6TR, STM32WBA52KGU6, STM32WBA52KGU6TR, STM32WBA54CEU6, STM32WBA54CEU6TR, STM32WBA54CEU7, STM32WBA54CEU7TR, STM32WBA54CGU6, STM32WBA54CGU6TR, STM32WBA54CGU7, STM32WBA54CGU7TR, STM32WBA54KEU6, STM32WBA54KEU6TR, STM32WBA54KEU7, STM32WBA54KEU7TR, STM32WBA54KGU6, STM32WBA54KGU6TR, STM32WBA54KGU7, STM32WBA54KGU7TR, STM32WBA55CEU6, STM32WBA55CEU6TR, STM32WBA55CEU7, STM32WBA55CEU7TR, STM32WBA55CGU6, STM32WBA55CGU6TR, STM32WBA55CGU6U, STM32WBA55CGU7, STM32WBA55CGU7TR, STM32WBA55G-DK1, STM32WBA55HEF6, STM32WBA55HEF7, STM32WBA55HGF6, STM32WBA55HGF7, STM32WBA55UEI6, STM32WBA55UEI6TR, STM32WBA55UEI7, STM32WBA55UEI7TR, STM32WBA55UGI6, STM32WBA55UGI6TR, STM32WBA55UGI7, STM32WBA55UGI7TR, STM32WBA5MMGH6TR, STM32WBA62MGF6, STM32WBA62MIF6, STM32WBA65MGF7, STM32WBA65MIF6, STM32WBA65MIF7, STM32WL30K8V6, STM32WL30KBV6, STM32WL31C8V6, STM32WL31CBV6, STM32WL31K8V6, STM32WL31KBV6, STM32WL33C8V6, STM32WL33C8V6X, STM32WL33CBV6, STM32WL33CBV6X, STM32WL33CCV6, STM32WL33CCV6A, STM32WL33CCV6X, STM32WL33K8V7, STM32WL33K8V7X, STM32WL33KBV7 , STM32WL33KBV7X, STM32WL33KCV7, STM32WL33KCV7X, STM32WL5MOCH6, STM32WL5MOCH6TR]
2025-11-05 17:01:38,648 [INFO] BoardInfo:889 - No configuration file found for board P-NUCLEO-WB55
2025-11-05 17:01:38,650 [INFO] DbBoards:161 - Kit is not supported: P-NUCLEO-WB55
2025-11-05 17:01:38,659 [INFO] BoardInfo:889 - No configuration file found for board STEVAL-BFA001V1B
2025-11-05 17:01:38,661 [INFO] DbBoards:161 - Kit is not supported: STEVAL-BFA001V1B
2025-11-05 17:01:38,663 [INFO] BoardInfo:889 - No configuration file found for board STEVAL-BFA001V2B
2025-11-05 17:01:38,664 [INFO] DbBoards:161 - Kit is not supported: STEVAL-BFA001V2B
2025-11-05 17:01:38,920 [ERROR] LogOutputStream:75 - [STDERR_REDIRECT] [Fatal Error] :1:1: Premature end of file.
2025-11-05 17:01:38,921 [ERROR] LogOutputStream:75 - [STDERR_REDIRECT] 
2025-11-05 17:01:39,069 [INFO] DbBoards:168 - Found 212 boards, 209 are supported
2025-11-05 17:01:39,069 [INFO] DbBoards:169 - Found 212 boards, 43 of them is supported for  Bsp
2025-11-05 17:01:39,073 [INFO] ApiDb:414 - User favorites file not found: C:\Users\allan/.stm32cubeide/favorites.boards.txt
2025-11-05 17:01:39,073 [INFO] DbBoards:198 - Set 0 / 0 favorites Boards
2025-11-05 17:01:39,076 [INFO] ApiDb:668 - CubeFinder database Data Model version=2.1
2025-11-05 17:01:39,076 [INFO] ApiDb:669 - CubeFinder database Configuration version=3.0.39
2025-11-05 17:01:39,076 [INFO] ApiDb:670 - CubeFinder database generation date=2025-10-27 (1761571959)
2025-11-05 17:01:39,076 [INFO] ApiDb:671 - CubeFinder database FW Pack versions=[FP-ATR-ASTRA1_V2.0.0, FP-SNS-FLIGHT1_V5.1.0, FP-SNS-MOTENV1_V5.0.0, FP-SNS-MOTENVWB1_V1.4.0, FP-SNS-SMARTAG2_V1.2.0, FP-SNS-STBOX1_V2.1.0, STM32Cube_FW_C0_V1.4.0, STM32Cube_FW_F4_V1.28.3, STM32Cube_FW_F7_V1.17.4, STM32Cube_FW_G0_V1.6.2, STM32Cube_FW_G4_V1.6.1, STM32Cube_FW_H5_V1.5.0, STM32Cube_FW_H7RS_V1.2.0, STM32Cube_FW_H7_V1.12.1, STM32Cube_FW_L0_V1.12.2, STM32Cube_FW_L4_V1.18.1, STM32Cube_FW_L5_V1.5.1, STM32Cube_FW_N6_V1.2.0, STM32Cube_FW_U0_V1.3.0, STM32Cube_FW_U3_V1.2.1, STM32Cube_FW_U5_V1.8.0, STM32Cube_FW_WB0_V1.3.0, STM32Cube_FW_WBA_V1.7.0, STM32Cube_FW_WB_V1.23.0, STM32Cube_FW_WL3_V1.2.0, STM32Cube_FW_WL_V1.3.1, X-CUBE-ALGOBUILD_V1.4.0, X-CUBE-ALS_V1.0.2, X-CUBE-AZRTOS-F4_V1.1.0, X-CUBE-AZRTOS-F7_V1.1.0, X-CUBE-AZRTOS-G0_V1.1.0, X-CUBE-AZRTOS-G4_V2.0.0, X-CUBE-AZRTOS-H7RS_V1.1.0, X-CUBE-AZRTOS-H7_V3.4.0, X-CUBE-AZRTOS-L4_V2.0.0, X-CUBE-AZRTOS-L5_V2.0.0, X-CUBE-AZRTOS-WB_V2.0.0, X-CUBE-AZRTOS-WL_V2.0.0, X-CUBE-BLE1_V7.1.0, X-CUBE-BLE2_V3.3.0, X-CUBE-BLEMGR_V4.1.0, X-CUBE-EEPRMA1_V5.2.0, X-CUBE-FREERTOS_V1.3.1, X-CUBE-GNSS1_V6.0.0, X-CUBE-MEMS1_V11.3.0, X-CUBE-NFC4_V3.0.0, X-CUBE-NFC7_V2.0.0, X-CUBE-SFXS2LP1_V4.0.0, X-CUBE-ST67W61_V1.1.0, X-CUBE-SUBG2_V5.0.0, X-CUBE-TOF1_V3.4.3]
2025-11-05 17:01:39,793 [ERROR] DbExamplesSqlite:437 - Missing JSON key: board_cpn
2025-11-05 17:01:39,793 [ERROR] DbExamplesSqlite:437 - Missing JSON key: board_cpn
2025-11-05 17:01:39,794 [ERROR] DbExamplesSqlite:437 - Missing JSON key: board_cpn
2025-11-05 17:01:39,794 [ERROR] DbExamplesSqlite:437 - Missing JSON key: board_cpn
2025-11-05 17:01:39,934 [ERROR] LogOutputStream:75 - [STDERR_REDIRECT] [Fatal Error] :1:1: Premature end of file.
2025-11-05 17:01:39,934 [ERROR] LogOutputStream:75 - [STDERR_REDIRECT] 
2025-11-05 17:01:40,226 [ERROR] DbExamplesSqlite:437 - Missing JSON key: board_cpn
2025-11-05 17:01:40,226 [ERROR] DbExamplesSqlite:437 - Missing JSON key: board_cpn
2025-11-05 17:01:40,233 [INFO] DbExamplesSqlite:395 - Ignored 33 examples not supported by CubeIDE
2025-11-05 17:01:40,233 [INFO] DbExamplesSqlite:396 - Found 10875 examples active
2025-11-05 17:01:40,233 [INFO] DbExamplesSqlite:397 - Found 0 examples obsolete
2025-11-05 17:01:40,234 [INFO] DbExamplesSqlite:398 - Found 0 examples under development
2025-11-05 17:01:40,234 [INFO] DbExamplesSqlite:399 - Found 65 examples not building
2025-11-05 17:01:40,238 [INFO] DbExamples:125 - Found 10907 examples
2025-11-05 17:01:40,269 [INFO] DbExamples:222 - Found 134 boards with related examples
2025-11-05 17:01:40,271 [INFO] DbExamples:235 - Found 111 MCUs with related examples
2025-11-05 17:01:40,300 [INFO] ApiDb:414 - User favorites file not found: C:\Users\allan/.stm32cubeide/favorites.examples.txt
2025-11-05 17:01:40,300 [INFO] DbExamples:250 - Set 0 / 0 favorites Examples
2025-11-05 17:01:40,854 [INFO] McuFinderGlobals:76 - Set McuFinderConnectedMode to true
2025-11-05 17:01:40,867 [INFO] MultiScanPanel:200 - Auto-refresh data requested => check proxy status ongoing
2025-11-05 17:01:40,874 [INFO] FinderPluginLoader:96 - Searching for filters in installed packs
2025-11-05 17:01:40,946 [ERROR] LogOutputStream:75 - [STDERR_REDIRECT] [Fatal Error] :1:1: Premature end of file.
2025-11-05 17:01:40,946 [ERROR] LogOutputStream:75 - [STDERR_REDIRECT] 
2025-11-05 17:01:41,930 [ERROR] LogOutputStream:75 - [STDERR_REDIRECT] [Fatal Error] :1:1: Premature end of file.
2025-11-05 17:01:41,930 [ERROR] LogOutputStream:75 - [STDERR_REDIRECT] 
2025-11-05 17:01:42,796 [INFO] LoadUrlFilesThread:185 - End of LoadServerUrlFiles without Thread
2025-11-05 17:01:42,818 [INFO] DetailPanel:341 - Set advertising image to C:/Users/allan/STM32Cube/Repository/\en.mcu-finder-stm32n6dk.jpg
2025-11-05 17:01:42,958 [ERROR] LogOutputStream:75 - [STDERR_REDIRECT] [Fatal Error] :1:1: Premature end of file.
2025-11-05 17:01:42,958 [ERROR] LogOutputStream:75 - [STDERR_REDIRECT] 
2025-11-05 17:01:43,963 [ERROR] LogOutputStream:75 - [STDERR_REDIRECT] [Fatal Error] :1:1: Premature end of file.
2025-11-05 17:01:43,963 [ERROR] LogOutputStream:75 - [STDERR_REDIRECT] 
2025-11-05 17:01:44,951 [ERROR] LogOutputStream:75 - [STDERR_REDIRECT] [Fatal Error] :1:1: Premature end of file.
2025-11-05 17:01:44,952 [ERROR] LogOutputStream:75 - [STDERR_REDIRECT] 
2025-11-05 17:01:45,944 [ERROR] LogOutputStream:75 - [STDERR_REDIRECT] [Fatal Error] :1:1: Premature end of file.
2025-11-05 17:01:45,944 [ERROR] LogOutputStream:75 - [STDERR_REDIRECT] 
2025-11-05 17:01:46,927 [ERROR] LogOutputStream:75 - [STDERR_REDIRECT] [Fatal Error] :1:1: Premature end of file.
2025-11-05 17:01:46,927 [ERROR] LogOutputStream:75 - [STDERR_REDIRECT] 
2025-11-05 17:01:47,918 [ERROR] LogOutputStream:75 - [STDERR_REDIRECT] [Fatal Error] :1:1: Premature end of file.
2025-11-05 17:01:47,918 [ERROR] LogOutputStream:75 - [STDERR_REDIRECT] 
2025-11-05 17:01:48,911 [ERROR] LogOutputStream:75 - [STDERR_REDIRECT] [Fatal Error] :1:1: Premature end of file.
2025-11-05 17:01:48,911 [ERROR] LogOutputStream:75 - [STDERR_REDIRECT] 
2025-11-05 17:01:49,909 [ERROR] LogOutputStream:75 - [STDERR_REDIRECT] [Fatal Error] :1:1: Premature end of file.
2025-11-05 17:01:49,910 [ERROR] LogOutputStream:75 - [STDERR_REDIRECT] 
2025-11-05 17:01:50,924 [ERROR] LogOutputStream:75 - [STDERR_REDIRECT] [Fatal Error] :1:1: Premature end of file.
2025-11-05 17:01:50,925 [ERROR] LogOutputStream:75 - [STDERR_REDIRECT] 
2025-11-05 17:01:51,939 [ERROR] LogOutputStream:75 - [STDERR_REDIRECT] [Fatal Error] :1:1: Premature end of file.
2025-11-05 17:01:51,939 [ERROR] LogOutputStream:75 - [STDERR_REDIRECT] 
2025-11-05 17:01:52,942 [ERROR] LogOutputStream:75 - [STDERR_REDIRECT] [Fatal Error] :1:1: Premature end of file.
2025-11-05 17:01:52,943 [ERROR] LogOutputStream:75 - [STDERR_REDIRECT] 
2025-11-05 17:01:53,925 [ERROR] LogOutputStream:75 - [STDERR_REDIRECT] [Fatal Error] :1:1: Premature end of file.
2025-11-05 17:01:53,925 [ERROR] LogOutputStream:75 - [STDERR_REDIRECT] 
2025-11-05 17:01:54,925 [ERROR] LogOutputStream:75 - [STDERR_REDIRECT] [Fatal Error] :1:1: Premature end of file.
2025-11-05 17:01:54,925 [ERROR] LogOutputStream:75 - [STDERR_REDIRECT] 
2025-11-05 17:01:55,911 [ERROR] LogOutputStream:75 - [STDERR_REDIRECT] [Fatal Error] :1:1: Premature end of file.
2025-11-05 17:01:55,912 [ERROR] LogOutputStream:75 - [STDERR_REDIRECT] 
2025-11-05 17:01:56,919 [ERROR] LogOutputStream:75 - [STDERR_REDIRECT] [Fatal Error] :1:1: Premature end of file.
2025-11-05 17:01:56,919 [ERROR] LogOutputStream:75 - [STDERR_REDIRECT] 
2025-11-05 17:01:57,920 [ERROR] LogOutputStream:75 - [STDERR_REDIRECT] [Fatal Error] :1:1: Premature end of file.
2025-11-05 17:01:57,920 [ERROR] LogOutputStream:75 - [STDERR_REDIRECT] 
2025-11-05 17:01:58,910 [ERROR] LogOutputStream:75 - [STDERR_REDIRECT] [Fatal Error] :1:1: Premature end of file.
2025-11-05 17:01:58,911 [ERROR] LogOutputStream:75 - [STDERR_REDIRECT] 
2025-11-05 17:01:59,912 [ERROR] LogOutputStream:75 - [STDERR_REDIRECT] [Fatal Error] :1:1: Premature end of file.
2025-11-05 17:01:59,912 [ERROR] LogOutputStream:75 - [STDERR_REDIRECT] 
2025-11-05 17:02:00,911 [ERROR] LogOutputStream:75 - [STDERR_REDIRECT] [Fatal Error] :1:1: Premature end of file.
2025-11-05 17:02:00,912 [ERROR] LogOutputStream:75 - [STDERR_REDIRECT] 
2025-11-05 17:02:01,932 [ERROR] LogOutputStream:75 - [STDERR_REDIRECT] [Fatal Error] :1:1: Premature end of file.
2025-11-05 17:02:01,932 [ERROR] LogOutputStream:75 - [STDERR_REDIRECT] 
2025-11-05 17:02:02,928 [ERROR] LogOutputStream:75 - [STDERR_REDIRECT] [Fatal Error] :1:1: Premature end of file.
2025-11-05 17:02:02,929 [ERROR] LogOutputStream:75 - [STDERR_REDIRECT] 
2025-11-05 17:02:03,910 [ERROR] LogOutputStream:75 - [STDERR_REDIRECT] [Fatal Error] :1:1: Premature end of file.
2025-11-05 17:02:03,910 [ERROR] LogOutputStream:75 - [STDERR_REDIRECT] 
2025-11-05 17:02:04,921 [ERROR] LogOutputStream:75 - [STDERR_REDIRECT] [Fatal Error] :1:1: Premature end of file.
2025-11-05 17:02:04,921 [ERROR] LogOutputStream:75 - [STDERR_REDIRECT] 
2025-11-05 17:02:05,908 [ERROR] LogOutputStream:75 - [STDERR_REDIRECT] [Fatal Error] :1:1: Premature end of file.
2025-11-05 17:02:05,910 [ERROR] LogOutputStream:75 - [STDERR_REDIRECT] 
2025-11-05 17:02:06,925 [ERROR] LogOutputStream:75 - [STDERR_REDIRECT] [Fatal Error] :1:1: Premature end of file.
2025-11-05 17:02:06,925 [ERROR] LogOutputStream:75 - [STDERR_REDIRECT] 
2025-11-05 17:02:07,913 [ERROR] LogOutputStream:75 - [STDERR_REDIRECT] [Fatal Error] :1:1: Premature end of file.
2025-11-05 17:02:07,914 [ERROR] LogOutputStream:75 - [STDERR_REDIRECT] 
2025-11-05 17:02:08,909 [ERROR] LogOutputStream:75 - [STDERR_REDIRECT] [Fatal Error] :1:1: Premature end of file.
2025-11-05 17:02:08,909 [ERROR] LogOutputStream:75 - [STDERR_REDIRECT] 
2025-11-05 17:02:09,909 [ERROR] LogOutputStream:75 - [STDERR_REDIRECT] [Fatal Error] :1:1: Premature end of file.
2025-11-05 17:02:09,909 [ERROR] LogOutputStream:75 - [STDERR_REDIRECT] 
2025-11-05 17:02:10,909 [ERROR] LogOutputStream:75 - [STDERR_REDIRECT] [Fatal Error] :1:1: Premature end of file.
2025-11-05 17:02:10,909 [ERROR] LogOutputStream:75 - [STDERR_REDIRECT] 
2025-11-05 17:02:11,916 [ERROR] LogOutputStream:75 - [STDERR_REDIRECT] [Fatal Error] :1:1: Premature end of file.
2025-11-05 17:02:11,917 [ERROR] LogOutputStream:75 - [STDERR_REDIRECT] 
2025-11-05 17:02:12,912 [ERROR] LogOutputStream:75 - [STDERR_REDIRECT] [Fatal Error] :1:1: Premature end of file.
2025-11-05 17:02:12,912 [ERROR] LogOutputStream:75 - [STDERR_REDIRECT] 
2025-11-05 17:02:13,909 [ERROR] LogOutputStream:75 - [STDERR_REDIRECT] [Fatal Error] :1:1: Premature end of file.
2025-11-05 17:02:13,909 [ERROR] LogOutputStream:75 - [STDERR_REDIRECT] 
2025-11-05 17:02:14,921 [ERROR] LogOutputStream:75 - [STDERR_REDIRECT] [Fatal Error] :1:1: Premature end of file.
2025-11-05 17:02:14,921 [ERROR] LogOutputStream:75 - [STDERR_REDIRECT] 
2025-11-05 17:02:15,916 [ERROR] LogOutputStream:75 - [STDERR_REDIRECT] [Fatal Error] :1:1: Premature end of file.
2025-11-05 17:02:15,916 [ERROR] LogOutputStream:75 - [STDERR_REDIRECT] 
2025-11-05 17:02:16,911 [ERROR] LogOutputStream:75 - [STDERR_REDIRECT] [Fatal Error] :1:1: Premature end of file.
2025-11-05 17:02:16,911 [ERROR] LogOutputStream:75 - [STDERR_REDIRECT] 
2025-11-05 17:02:17,907 [ERROR] LogOutputStream:75 - [STDERR_REDIRECT] [Fatal Error] :1:1: Premature end of file.
2025-11-05 17:02:17,907 [ERROR] LogOutputStream:75 - [STDERR_REDIRECT] 
2025-11-05 17:02:18,907 [ERROR] LogOutputStream:75 - [STDERR_REDIRECT] [Fatal Error] :1:1: Premature end of file.
2025-11-05 17:02:18,907 [ERROR] LogOutputStream:75 - [STDERR_REDIRECT] 
2025-11-05 17:02:19,909 [ERROR] LogOutputStream:75 - [STDERR_REDIRECT] [Fatal Error] :1:1: Premature end of file.
2025-11-05 17:02:19,909 [ERROR] LogOutputStream:75 - [STDERR_REDIRECT] 
2025-11-05 17:02:20,910 [ERROR] LogOutputStream:75 - [STDERR_REDIRECT] [Fatal Error] :1:1: Premature end of file.
2025-11-05 17:02:20,911 [ERROR] LogOutputStream:75 - [STDERR_REDIRECT] 
2025-11-05 17:02:21,911 [ERROR] LogOutputStream:75 - [STDERR_REDIRECT] [Fatal Error] :1:1: Premature end of file.
2025-11-05 17:02:21,911 [ERROR] LogOutputStream:75 - [STDERR_REDIRECT] 
2025-11-05 17:02:22,909 [ERROR] LogOutputStream:75 - [STDERR_REDIRECT] [Fatal Error] :1:1: Premature end of file.
2025-11-05 17:02:22,909 [ERROR] LogOutputStream:75 - [STDERR_REDIRECT] 
2025-11-05 17:02:23,910 [ERROR] LogOutputStream:75 - [STDERR_REDIRECT] [Fatal Error] :1:1: Premature end of file.
2025-11-05 17:02:23,910 [ERROR] LogOutputStream:75 - [STDERR_REDIRECT] 
2025-11-05 17:02:24,911 [ERROR] LogOutputStream:75 - [STDERR_REDIRECT] [Fatal Error] :1:1: Premature end of file.
2025-11-05 17:02:24,911 [ERROR] LogOutputStream:75 - [STDERR_REDIRECT] 
2025-11-05 17:02:25,910 [ERROR] LogOutputStream:75 - [STDERR_REDIRECT] [Fatal Error] :1:1: Premature end of file.
2025-11-05 17:02:25,910 [ERROR] LogOutputStream:75 - [STDERR_REDIRECT] 
2025-11-05 17:02:27,452 [ERROR] LogOutputStream:75 - [STDERR_REDIRECT] [Fatal Error] :1:1: Premature end of file.
2025-11-05 17:02:27,452 [ERROR] LogOutputStream:75 - [STDERR_REDIRECT] 
2025-11-05 17:02:27,906 [ERROR] LogOutputStream:75 - [STDERR_REDIRECT] [Fatal Error] :1:1: Premature end of file.
2025-11-05 17:02:27,908 [ERROR] LogOutputStream:75 - [STDERR_REDIRECT] 
2025-11-05 17:02:28,909 [ERROR] LogOutputStream:75 - [STDERR_REDIRECT] [Fatal Error] :1:1: Premature end of file.
2025-11-05 17:02:28,909 [ERROR] LogOutputStream:75 - [STDERR_REDIRECT] 
2025-11-05 17:02:29,913 [ERROR] LogOutputStream:75 - [STDERR_REDIRECT] [Fatal Error] :1:1: Premature end of file.
2025-11-05 17:02:29,914 [ERROR] LogOutputStream:75 - [STDERR_REDIRECT] 
2025-11-05 17:02:30,140 [INFO] MainUpdater:2872 - connection check result : 10
2025-11-05 17:02:30,140 [INFO] MainUpdater:2872 - connection check result : 10
2025-11-05 17:02:30,914 [ERROR] LogOutputStream:75 - [STDERR_REDIRECT] [Fatal Error] :1:1: Premature end of file.
2025-11-05 17:02:30,914 [ERROR] LogOutputStream:75 - [STDERR_REDIRECT] 
2025-11-05 17:02:31,914 [ERROR] LogOutputStream:75 - [STDERR_REDIRECT] [Fatal Error] :1:1: Premature end of file.
2025-11-05 17:02:31,914 [ERROR] LogOutputStream:75 - [STDERR_REDIRECT] 
2025-11-05 17:02:32,912 [ERROR] LogOutputStream:75 - [STDERR_REDIRECT] [Fatal Error] :1:1: Premature end of file.
2025-11-05 17:02:32,912 [ERROR] LogOutputStream:75 - [STDERR_REDIRECT] 
2025-11-05 17:02:33,911 [ERROR] LogOutputStream:75 - [STDERR_REDIRECT] [Fatal Error] :1:1: Premature end of file.
2025-11-05 17:02:33,911 [ERROR] LogOutputStream:75 - [STDERR_REDIRECT] 
2025-11-05 17:02:34,915 [ERROR] LogOutputStream:75 - [STDERR_REDIRECT] [Fatal Error] :1:1: Premature end of file.
2025-11-05 17:02:34,915 [ERROR] LogOutputStream:75 - [STDERR_REDIRECT] 
2025-11-05 17:02:35,908 [ERROR] LogOutputStream:75 - [STDERR_REDIRECT] [Fatal Error] :1:1: Premature end of file.
2025-11-05 17:02:35,908 [ERROR] LogOutputStream:75 - [STDERR_REDIRECT] 
2025-11-05 17:02:36,907 [ERROR] LogOutputStream:75 - [STDERR_REDIRECT] [Fatal Error] :1:1: Premature end of file.
2025-11-05 17:02:36,907 [ERROR] LogOutputStream:75 - [STDERR_REDIRECT] 
2025-11-05 17:02:37,117 [INFO] MicroXplorer:468 - Change Database Path : 
2025-11-05 17:02:37,117 [INFO] MicroXplorer:498 - Change Database Version : DB.6.0.150
2025-11-05 17:02:37,124 [WARN] ThirdParty:871 - waiting for thirdparty lock release [close project]
2025-11-05 17:02:37,124 [INFO] ThirdParty:873 - entering critical section [close project]
2025-11-05 17:02:37,125 [INFO] ThirdParty:883 - exiting critical section [close project]
2025-11-05 17:02:37,127 [INFO] PinOutPanel:1589 - setPackage(No Configuration,No Configuration)
2025-11-05 17:02:37,130 [INFO] UtilMem:75 - Begin LoadConfig() Used Memory: 322408632 Bytes (552599552)
2025-11-05 17:02:37,131 [INFO] MicroXplorer:468 - Change Database Path : 
2025-11-05 17:02:37,132 [INFO] MicroXplorer:498 - Change Database Version : DB.6.0.150
2025-11-05 17:02:37,132 [INFO] OpenFileManager:355 - Change cursor
2025-11-05 17:02:37,201 [INFO] Mcu:2029 - Initializing MCU STM32H743VITx STM32H743VITx STM32H743VIT6
2025-11-05 17:02:37,924 [ERROR] LogOutputStream:75 - [STDERR_REDIRECT] [Fatal Error] :1:1: Premature end of file.
2025-11-05 17:02:37,924 [ERROR] LogOutputStream:75 - [STDERR_REDIRECT] 
2025-11-05 17:02:38,914 [ERROR] LogOutputStream:75 - [STDERR_REDIRECT] [Fatal Error] :1:1: Premature end of file.
2025-11-05 17:02:38,915 [ERROR] LogOutputStream:75 - [STDERR_REDIRECT] 
2025-11-05 17:02:39,926 [ERROR] LogOutputStream:75 - [STDERR_REDIRECT] [Fatal Error] :1:1: Premature end of file.
2025-11-05 17:02:39,926 [ERROR] LogOutputStream:75 - [STDERR_REDIRECT] 
2025-11-05 17:02:40,929 [ERROR] LogOutputStream:75 - [STDERR_REDIRECT] [Fatal Error] :1:1: Premature end of file.
2025-11-05 17:02:40,930 [ERROR] LogOutputStream:75 - [STDERR_REDIRECT] 
2025-11-05 17:02:41,930 [ERROR] LogOutputStream:75 - [STDERR_REDIRECT] [Fatal Error] :1:1: Premature end of file.
2025-11-05 17:02:41,930 [ERROR] LogOutputStream:75 - [STDERR_REDIRECT] 
2025-11-05 17:02:41,961 [INFO] Context:786 - Trying to add GPIOservice into a context  which must be forbidden
2025-11-05 17:02:42,920 [ERROR] LogOutputStream:75 - [STDERR_REDIRECT] [Fatal Error] :1:1: Premature end of file.
2025-11-05 17:02:42,920 [ERROR] LogOutputStream:75 - [STDERR_REDIRECT] 
2025-11-05 17:02:43,930 [ERROR] LogOutputStream:75 - [STDERR_REDIRECT] [Fatal Error] :1:1: Premature end of file.
2025-11-05 17:02:43,930 [ERROR] LogOutputStream:75 - [STDERR_REDIRECT] 
2025-11-05 17:02:44,314 [INFO] ImportTextPane:234 - (OptionalMessage_ERROR) Unable to find key (Mcu.ThirdPartyNb) in loaded IOC file
2025-11-05 17:02:44,314 [INFO] ImportTextPane:234 - (OptionalMessage_ERROR) Unable to find key (Mcu.PinsNb) in loaded IOC file
2025-11-05 17:02:44,315 [INFO] ImportTextPane:234 - (OptionalMessage_ERROR) Pin0 (VP_RIF_VS_RIF1) cannot be retrieved for this MCU
2025-11-05 17:02:44,315 [INFO] ImportTextPane:234 - (OptionalMessage_ERROR) Unable to find key (Mcu.IPNb) in loaded IOC file
2025-11-05 17:02:44,434 [INFO] RtosManager:558 - Registered RTOS mode: class=CMSIS, group=RTOS, mode=CMSIS_V1, owner=FREERTOS
2025-11-05 17:02:44,434 [INFO] RtosManager:558 - Registered RTOS mode: class=CMSIS, group=RTOS2, mode=CMSIS_V2, owner=FREERTOS
2025-11-05 17:02:44,434 [INFO] RtosManager:558 - Registered RTOS mode: class=RTOS, group=Core, mode=CMSIS_V1, owner=FREERTOS
2025-11-05 17:02:44,434 [INFO] RtosManager:558 - Registered RTOS mode: class=RTOS, group=Core, mode=CMSIS_V2, owner=FREERTOS
2025-11-05 17:02:44,434 [WARN] ModelIntegratedComponent:184 - Missing modes for component STMicroelectronics:FreeRTOS:0.0.1:STMicroelectronics:RTOS:FreeRTOS:Core:::10.2.0:
2025-11-05 17:02:44,468 [WARN] ModelIntegratedComponent:63 - No mode defined for component null
2025-11-05 17:02:44,468 [WARN] ModelIntegratedComponent:63 - No mode defined for component null
2025-11-05 17:02:44,468 [WARN] ModelIntegratedComponent:63 - No mode defined for component null
2025-11-05 17:02:44,468 [WARN] ModelIntegratedComponent:63 - No mode defined for component null
2025-11-05 17:02:44,468 [WARN] ModelIntegratedComponent:63 - No mode defined for component null
2025-11-05 17:02:44,468 [WARN] ModelIntegratedComponent:63 - No mode defined for component null
2025-11-05 17:02:44,468 [WARN] ModelIntegratedComponent:63 - No mode defined for component null
2025-11-05 17:02:44,468 [WARN] ModelIntegratedComponent:63 - No mode defined for component null
2025-11-05 17:02:44,468 [WARN] ModelIntegratedComponent:63 - No mode defined for component null
2025-11-05 17:02:44,468 [WARN] ModelIntegratedComponent:63 - No mode defined for component null
2025-11-05 17:02:44,468 [WARN] ModelIntegratedComponent:63 - No mode defined for component null
2025-11-05 17:02:44,468 [WARN] ModelIntegratedComponent:63 - No mode defined for component null
2025-11-05 17:02:44,469 [WARN] ModelIntegratedComponent:63 - No mode defined for component null
2025-11-05 17:02:44,469 [WARN] ModelIntegratedComponent:63 - No mode defined for component null
2025-11-05 17:02:44,469 [WARN] ModelIntegratedComponent:63 - No mode defined for component null
2025-11-05 17:02:44,469 [WARN] ModelIntegratedComponent:63 - No mode defined for component null
2025-11-05 17:02:44,469 [WARN] ModelIntegratedComponent:63 - No mode defined for component null
2025-11-05 17:02:44,469 [WARN] ModelIntegratedComponent:63 - No mode defined for component null
2025-11-05 17:02:44,469 [WARN] ModelIntegratedComponent:63 - No mode defined for component null
2025-11-05 17:02:44,469 [WARN] ModelIntegratedComponent:63 - No mode defined for component null
2025-11-05 17:02:44,469 [WARN] ModelIntegratedComponent:63 - No mode defined for component null
2025-11-05 17:02:44,469 [WARN] ModelIntegratedComponent:63 - No mode defined for component null
2025-11-05 17:02:44,469 [WARN] ModelIntegratedComponent:63 - No mode defined for component null
2025-11-05 17:02:44,469 [WARN] ModelIntegratedComponent:63 - No mode defined for component null
2025-11-05 17:02:44,469 [WARN] ModelIntegratedComponent:63 - No mode defined for component null
2025-11-05 17:02:44,469 [WARN] ModelIntegratedComponent:63 - No mode defined for component null
2025-11-05 17:02:44,469 [WARN] ModelIntegratedComponent:63 - No mode defined for component null
2025-11-05 17:02:44,469 [WARN] ModelIntegratedComponent:63 - No mode defined for component null
2025-11-05 17:02:44,469 [WARN] ModelIntegratedComponent:63 - No mode defined for component null
2025-11-05 17:02:44,469 [WARN] ModelIntegratedComponent:63 - No mode defined for component null
2025-11-05 17:02:44,469 [WARN] ModelIntegratedComponent:63 - No mode defined for component null
2025-11-05 17:02:44,469 [WARN] ModelIntegratedComponent:63 - No mode defined for component null
2025-11-05 17:02:44,469 [WARN] ModelIntegratedComponent:63 - No mode defined for component null
2025-11-05 17:02:44,469 [WARN] ModelIntegratedComponent:63 - No mode defined for component null
2025-11-05 17:02:44,470 [WARN] ModelIntegratedComponent:63 - No mode defined for component null
2025-11-05 17:02:44,470 [WARN] ModelPack:524 - Component already loaded: STMicroelectronics:HAL Drivers:0.0.0:STMicroelectronics:Device:STMicro_Driver:XSPI:HAL::0.0.1:HAL_XSPI
2025-11-05 17:02:44,606 [INFO] ThirdPartyModel:298 - Start build external matchings
2025-11-05 17:02:44,914 [ERROR] LogOutputStream:75 - [STDERR_REDIRECT] [Fatal Error] :1:1: Premature end of file.
2025-11-05 17:02:44,914 [ERROR] LogOutputStream:75 - [STDERR_REDIRECT] 
2025-11-05 17:02:45,458 [INFO] ThirdPartyModel:316 - End build external matchings
2025-11-05 17:02:45,930 [ERROR] LogOutputStream:75 - [STDERR_REDIRECT] [Fatal Error] :1:1: Premature end of file.
2025-11-05 17:02:45,930 [ERROR] LogOutputStream:75 - [STDERR_REDIRECT] 
2025-11-05 17:02:46,064 [INFO] UtilMem:75 - End LoadConfig() Used Memory: 700964352 Bytes (801112064)
2025-11-05 17:02:46,124 [WARN] ThirdParty:833 - waiting for thirdparty lock release [change project]
2025-11-05 17:02:46,124 [INFO] ThirdParty:835 - entering critical section [change project]
2025-11-05 17:02:46,126 [INFO] ThirdParty:1030 - CMSIS Pack Vendor :STMicroelectronics X-CUBE-PM33A1 1.0.0
2025-11-05 17:02:46,126 [INFO] ThirdParty:1030 - CMSIS Pack Vendor :STMicroelectronics USBPD 4.1
2025-11-05 17:02:46,126 [INFO] ThirdParty:1030 - CMSIS Pack Vendor :STMicroelectronics X-CUBE-NFC9 1.0.0
2025-11-05 17:02:46,126 [INFO] ThirdParty:1030 - CMSIS Pack Vendor :STMicroelectronics USB_HOST 2.0.0
2025-11-05 17:02:46,126 [INFO] ThirdParty:1030 - CMSIS Pack Vendor :STMicroelectronics FP-SNS-MOTENVWB1 1.4.0
2025-11-05 17:02:46,126 [INFO] ThirdParty:1030 - CMSIS Pack Vendor :STMicroelectronics X-CUBE-AZRTOS-F4 1.1.0
2025-11-05 17:02:46,126 [INFO] ThirdParty:1030 - CMSIS Pack Vendor :STMicroelectronics LIBJPEG 8.0.0
2025-11-05 17:02:46,126 [INFO] ThirdParty:1030 - CMSIS Pack Vendor :STMicroelectronics FP-ATR-ASTRA1 2.0.2
2025-11-05 17:02:46,126 [INFO] ThirdParty:1030 - CMSIS Pack Vendor :wolfSSL I-CUBE-wolfSSL 5.8.2
2025-11-05 17:02:46,126 [INFO] ThirdParty:1030 - CMSIS Pack Vendor :STMicroelectronics X-CUBE-BLE1 7.1.0
2025-11-05 17:02:46,126 [INFO] ThirdParty:1030 - CMSIS Pack Vendor :STMicroelectronics X-CUBE-SMBUS 2.1.0
2025-11-05 17:02:46,126 [INFO] ThirdParty:1030 - CMSIS Pack Vendor :wolfSSL I-CUBE-wolfMQTT 1.19.2
2025-11-05 17:02:46,126 [INFO] ThirdParty:1030 - CMSIS Pack Vendor :STMicroelectronics USB_DEVICE 3.0.0
2025-11-05 17:02:46,126 [INFO] ThirdParty:1030 - CMSIS Pack Vendor :STMicroelectronics X-CUBE-ISPU 2.1.0
2025-11-05 17:02:46,126 [INFO] ThirdParty:1030 - CMSIS Pack Vendor :STMicroelectronics X-CUBE-EEPRMA1 5.2.0
2025-11-05 17:02:46,126 [INFO] ThirdParty:1030 - CMSIS Pack Vendor :STMicroelectronics X-CUBE-IPS 3.2.0
2025-11-05 17:02:46,126 [INFO] ThirdParty:1030 - CMSIS Pack Vendor :STMicroelectronics X-CUBE-BLEMGR 4.1.0
2025-11-05 17:02:46,126 [INFO] ThirdParty:1030 - CMSIS Pack Vendor :STMicroelectronics X-CUBE-AZRTOS-WB 2.0.0
2025-11-05 17:02:46,126 [INFO] ThirdParty:1030 - CMSIS Pack Vendor :STMicroelectronics X-CUBE-ST60 1.0.0
2025-11-05 17:02:46,126 [INFO] ThirdParty:1030 - CMSIS Pack Vendor :STMicroelectronics X-CUBE-GNSS1 7.0.1
2025-11-05 17:02:46,127 [INFO] ThirdParty:1030 - CMSIS Pack Vendor :STMicroelectronics X-CUBE-NFC12 1.0.0
2025-11-05 17:02:46,127 [INFO] ThirdParty:1030 - CMSIS Pack Vendor :STMicroelectronics X-CUBE-AZRTOS-F7 1.1.0
2025-11-05 17:02:46,127 [INFO] ThirdParty:1030 - CMSIS Pack Vendor :STMicroelectronics X-CUBE-AZRTOS-L5 2.0.0
2025-11-05 17:02:46,127 [INFO] ThirdParty:1030 - CMSIS Pack Vendor :STMicroelectronics X-CUBE-TOUCHGFX 4.25.0
2025-11-05 17:02:46,127 [INFO] ThirdParty:1030 - CMSIS Pack Vendor :STMicroelectronics USB_DEVICE 2.0.0
2025-11-05 17:02:46,127 [INFO] ThirdParty:1030 - CMSIS Pack Vendor :STMicroelectronics X-CUBE-NFC6 3.1.0
2025-11-05 17:02:46,127 [INFO] ThirdParty:1030 - CMSIS Pack Vendor :STMicroelectronics X-CUBE-ST67W61 1.1.0
2025-11-05 17:02:46,127 [INFO] ThirdParty:1030 - CMSIS Pack Vendor :Cesanta I-CUBE-Mongoose 7.19.0
2025-11-05 17:02:46,127 [INFO] ThirdParty:1030 - CMSIS Pack Vendor :quantropi X-CUBE-qispace-sdk-base 2.1.0
2025-11-05 17:02:46,127 [INFO] ThirdParty:1030 - CMSIS Pack Vendor :STMicroelectronics FreeRTOS 0.0.1
2025-11-05 17:02:46,127 [INFO] ThirdParty:1030 - CMSIS Pack Vendor :STMicroelectronics X-CUBE-AZRTOS-G0 1.1.0
2025-11-05 17:02:46,127 [INFO] ThirdParty:1030 - CMSIS Pack Vendor :STMicroelectronics X-CUBE-SAFEA1 1.2.2
2025-11-05 17:02:46,127 [INFO] ThirdParty:1030 - CMSIS Pack Vendor :STMicroelectronics X-CUBE-NFC4 3.0.0
2025-11-05 17:02:46,127 [INFO] ThirdParty:1030 - CMSIS Pack Vendor :STMicroelectronics X-CUBE-SUBG2 5.0.0
2025-11-05 17:02:46,127 [INFO] ThirdParty:1030 - CMSIS Pack Vendor :STMicroelectronics X-CUBE-AZRTOS-H7RS 1.1.0
2025-11-05 17:02:46,127 [INFO] ThirdParty:1030 - CMSIS Pack Vendor :STMicroelectronics STM32_WPAN 1.0.0
2025-11-05 17:02:46,127 [INFO] ThirdParty:1030 - CMSIS Pack Vendor :EmbeddedOffice I-CUBE-FS-RTOS 1.0.1
2025-11-05 17:02:46,127 [INFO] ThirdParty:1030 - CMSIS Pack Vendor :STMicroelectronics lwIP 2.0.3
2025-11-05 17:02:46,128 [INFO] ThirdParty:1030 - CMSIS Pack Vendor :WES I-CUBE-Cesium 1.4.0
2025-11-05 17:02:46,128 [INFO] ThirdParty:1030 - CMSIS Pack Vendor :STMicroelectronics USB_HOST 1.0.0
2025-11-05 17:02:46,128 [INFO] ThirdParty:1030 - CMSIS Pack Vendor :Infineon AIROC-Wi-Fi-Bluetooth-STM32 1.7.1
2025-11-05 17:02:46,128 [INFO] ThirdParty:1030 - CMSIS Pack Vendor :STMicroelectronics X-CUBE-AZRTOS-G4 2.0.0
2025-11-05 17:02:46,128 [INFO] ThirdParty:1030 - CMSIS Pack Vendor :STMicroelectronics X-CUBE-WB05N 2.0.0
2025-11-05 17:02:46,128 [INFO] ThirdParty:1030 - CMSIS Pack Vendor :STMicroelectronics PDM2PCM 3.1.0
2025-11-05 17:02:46,128 [INFO] ThirdParty:1030 - CMSIS Pack Vendor :STMicroelectronics PDM2PCM 3.3.0
2025-11-05 17:02:46,128 [INFO] ThirdParty:1030 - CMSIS Pack Vendor :wolfSSL I-CUBE-wolfTPM 3.8.0
2025-11-05 17:02:46,128 [INFO] ThirdParty:1030 - CMSIS Pack Vendor :STMicroelectronics X-CUBE-AZRTOS-H7 3.4.0
2025-11-05 17:02:46,128 [INFO] ThirdParty:1030 - CMSIS Pack Vendor :STMicroelectronics X-CUBE-DISPLAY 3.0.0
2025-11-05 17:02:46,128 [INFO] ThirdParty:1030 - CMSIS Pack Vendor :wolfSSL I-CUBE-wolfSSH 1.4.20
2025-11-05 17:02:46,128 [INFO] ThirdParty:1030 - CMSIS Pack Vendor :STMicroelectronics X-CUBE-NFC7 2.0.0
2025-11-05 17:02:46,128 [INFO] ThirdParty:1030 - CMSIS Pack Vendor :STMicroelectronics X-CUBE-TCPP 4.2.0
2025-11-05 17:02:46,128 [INFO] ThirdParty:1030 - CMSIS Pack Vendor :RealThread X-CUBE-RT-Thread_Nano 4.1.1
2025-11-05 17:02:46,128 [INFO] ThirdParty:1030 - CMSIS Pack Vendor :STMicroelectronics FP-ATR-SIGFOX1 3.2.0
2025-11-05 17:02:46,128 [INFO] ThirdParty:1030 - CMSIS Pack Vendor :STMicroelectronics X-CUBE-NFC10 1.0.0
2025-11-05 17:02:46,128 [INFO] ThirdParty:1030 - CMSIS Pack Vendor :STMicroelectronics X-CUBE-FREERTOS 1.3.1
2025-11-05 17:02:46,128 [INFO] ThirdParty:1030 - CMSIS Pack Vendor :STMicroelectronics HAL Drivers 0.0.0
2025-11-05 17:02:46,129 [INFO] ThirdParty:1030 - CMSIS Pack Vendor :STMicroelectronics MBEDTLS 2.16.2
2025-11-05 17:02:46,129 [INFO] ThirdParty:1030 - CMSIS Pack Vendor :STMicroelectronics X-CUBE-ST60 1.1.0
2025-11-05 17:02:46,129 [INFO] ThirdParty:1030 - CMSIS Pack Vendor :STMicroelectronics X-CUBE-IPS 3.1.0
2025-11-05 17:02:46,129 [INFO] ThirdParty:1030 - CMSIS Pack Vendor :STMicroelectronics X-CUBE-ALS 1.0.2
2025-11-05 17:02:46,129 [INFO] ThirdParty:1030 - CMSIS Pack Vendor :emotas I-CUBE-CANOPEN 1.3.0
2025-11-05 17:02:46,129 [INFO] ThirdParty:1030 - CMSIS Pack Vendor :STMicroelectronics MBEDTLS 2.14.1
2025-11-05 17:02:46,129 [INFO] ThirdParty:1030 - CMSIS Pack Vendor :ITTIA_DB I-CUBE-ITTIADB 8.9.0
2025-11-05 17:02:46,129 [INFO] ThirdParty:1030 - CMSIS Pack Vendor :STMicroelectronics X-CUBE-TOUCHGFX 4.26.0
2025-11-05 17:02:46,129 [INFO] ThirdParty:1030 - CMSIS Pack Vendor :STMicroelectronics X-CUBE-STSE01 1.0.0
2025-11-05 17:02:46,129 [INFO] ThirdParty:1030 - CMSIS Pack Vendor :STMicroelectronics X-CUBE-ST67W61 1.0.0
2025-11-05 17:02:46,129 [INFO] ThirdParty:1030 - CMSIS Pack Vendor :STMicroelectronics FP-SNS-STBOX1 2.1.0
2025-11-05 17:02:46,130 [INFO] ThirdParty:1030 - CMSIS Pack Vendor :STMicroelectronics X-CUBE-AI 10.2.0
2025-11-05 17:02:46,130 [INFO] ThirdParty:1030 - CMSIS Pack Vendor :STMicroelectronics FP-SNS-STAIOTCFT 1.0.0
2025-11-05 17:02:46,130 [INFO] ThirdParty:1030 - CMSIS Pack Vendor :STMicroelectronics ThreadX 1.0.0
2025-11-05 17:02:46,130 [INFO] ThirdParty:1030 - CMSIS Pack Vendor :STMicroelectronics FP-SNS-SMARTAG2 1.2.0
2025-11-05 17:02:46,130 [INFO] ThirdParty:1030 - CMSIS Pack Vendor :STMicroelectronics FP-SNS-FLIGHT1 5.1.0
2025-11-05 17:02:46,131 [INFO] ThirdParty:1030 - CMSIS Pack Vendor :STMicroelectronics X-CUBE-AZRTOS-WL 2.0.0
2025-11-05 17:02:46,131 [INFO] ThirdParty:1030 - CMSIS Pack Vendor :SEGGER I-CUBE-embOS 1.3.1
2025-11-05 17:02:46,131 [INFO] ThirdParty:1030 - CMSIS Pack Vendor :STMicroelectronics X-CUBE-ALGOBUILD 1.4.0
2025-11-05 17:02:46,131 [INFO] ThirdParty:1030 - CMSIS Pack Vendor :STMicroelectronics X-CUBE-DPower 1.3.0
2025-11-05 17:02:46,131 [INFO] ThirdParty:1030 - CMSIS Pack Vendor :STMicroelectronics X-CUBE-MEMS1 11.3.0
2025-11-05 17:02:46,131 [INFO] ThirdParty:1030 - CMSIS Pack Vendor :STMicroelectronics FP-SNS-MOTENV1 5.0.0
2025-11-05 17:02:46,131 [INFO] ThirdParty:1030 - CMSIS Pack Vendor :STMicroelectronics USB_DEVICE 1.0.0
2025-11-05 17:02:46,131 [INFO] ThirdParty:1030 - CMSIS Pack Vendor :STMicroelectronics X-CUBE-AZRTOS-L4 2.0.0
2025-11-05 17:02:46,132 [INFO] ThirdParty:1030 - CMSIS Pack Vendor :STMicroelectronics ThreadX 0.0.2
2025-11-05 17:02:46,132 [INFO] ThirdParty:1030 - CMSIS Pack Vendor :STMicroelectronics lwIP 2.1.2
2025-11-05 17:02:46,132 [INFO] ThirdParty:1030 - CMSIS Pack Vendor :STMicroelectronics X-CUBE-SFXS2LP1 4.0.0
2025-11-05 17:02:46,132 [INFO] ThirdParty:1030 - CMSIS Pack Vendor :STMicroelectronics X-CUBE-BLE2 3.3.0
2025-11-05 17:02:46,132 [INFO] ThirdParty:1030 - CMSIS Pack Vendor :STMicroelectronics X-CUBE-TOF1 3.4.3
2025-11-05 17:02:46,132 [INFO] ThirdParty:1030 - CMSIS Pack Vendor :STMicroelectronics PDM2PCM 3.2.0
2025-11-05 17:02:46,133 [INFO] ThirdParty:841 - exiting critical section [change project]
2025-11-05 17:02:46,938 [ERROR] LogOutputStream:75 - [STDERR_REDIRECT] [Fatal Error] :1:1: Premature end of file.
2025-11-05 17:02:46,938 [ERROR] LogOutputStream:75 - [STDERR_REDIRECT] 
2025-11-05 17:02:47,125 [INFO] PinOutPanel:1589 - setPackage(No Configuration,No Configuration)
2025-11-05 17:02:47,127 [INFO] PinOutPanel:1589 - setPackage(STM32H743VITx,LQFP100)
2025-11-05 17:02:47,937 [ERROR] LogOutputStream:75 - [STDERR_REDIRECT] [Fatal Error] :1:1: Premature end of file.
2025-11-05 17:02:47,937 [ERROR] LogOutputStream:75 - [STDERR_REDIRECT] 
2025-11-05 17:02:48,455 [INFO] UtilMem:75 - Before build in PCC Used Memory: 405845768 Bytes (801112064)
2025-11-05 17:02:48,922 [ERROR] LogOutputStream:75 - [STDERR_REDIRECT] [Fatal Error] :1:1: Premature end of file.
2025-11-05 17:02:48,923 [ERROR] LogOutputStream:75 - [STDERR_REDIRECT] 
2025-11-05 17:02:49,567 [INFO] UtilMem:75 - After build in PCC Used Memory: 502314760 Bytes (801112064)
2025-11-05 17:02:49,631 [INFO] IPUIPlugin:80 - create IPUIPlugin
2025-11-05 17:02:49,631 [INFO] IPUIPlugin:80 - create IPUIPlugin
2025-11-05 17:02:49,631 [INFO] IPUIPlugin:80 - create IPUIPlugin
2025-11-05 17:02:49,631 [INFO] IPUIPlugin:80 - create IPUIPlugin
2025-11-05 17:02:49,633 [INFO] IPUIPlugin:80 - create IPUIPlugin
2025-11-05 17:02:49,633 [INFO] IPUIPlugin:80 - create IPUIPlugin
2025-11-05 17:02:49,633 [INFO] IPUIPlugin:80 - create IPUIPlugin
2025-11-05 17:02:49,633 [INFO] IPUIPlugin:80 - create IPUIPlugin
2025-11-05 17:02:49,633 [INFO] IPUIPlugin:80 - create IPUIPlugin
2025-11-05 17:02:49,634 [INFO] IPUIPlugin:80 - create IPUIPlugin
2025-11-05 17:02:49,634 [INFO] IPUIPlugin:80 - create IPUIPlugin
2025-11-05 17:02:49,634 [INFO] IPUIPlugin:80 - create IPUIPlugin
2025-11-05 17:02:49,634 [INFO] IPUIPlugin:80 - create IPUIPlugin
2025-11-05 17:02:49,634 [INFO] IPUIPlugin:80 - create IPUIPlugin
2025-11-05 17:02:49,634 [INFO] IPUIPlugin:80 - create IPUIPlugin
2025-11-05 17:02:49,634 [INFO] IPUIPlugin:80 - create IPUIPlugin
2025-11-05 17:02:49,634 [INFO] IPUIPlugin:80 - create IPUIPlugin
2025-11-05 17:02:49,634 [INFO] IPUIPlugin:80 - create IPUIPlugin
2025-11-05 17:02:49,634 [INFO] IPUIPlugin:80 - create IPUIPlugin
2025-11-05 17:02:49,635 [INFO] IPUIPlugin:80 - create IPUIPlugin
2025-11-05 17:02:49,635 [INFO] IPUIPlugin:80 - create IPUIPlugin
2025-11-05 17:02:49,635 [INFO] IPUIPlugin:80 - create IPUIPlugin
2025-11-05 17:02:49,635 [INFO] IPUIPlugin:80 - create IPUIPlugin
2025-11-05 17:02:49,635 [INFO] IPUIPlugin:80 - create IPUIPlugin
2025-11-05 17:02:49,635 [INFO] IPUIPlugin:80 - create IPUIPlugin
2025-11-05 17:02:49,636 [INFO] IPUIPlugin:80 - create IPUIPlugin
2025-11-05 17:02:49,636 [INFO] IPUIPlugin:80 - create IPUIPlugin
2025-11-05 17:02:49,636 [INFO] IPUIPlugin:80 - create IPUIPlugin
2025-11-05 17:02:49,636 [INFO] IPUIPlugin:80 - create IPUIPlugin
2025-11-05 17:02:49,637 [INFO] IPUIPlugin:80 - create IPUIPlugin
2025-11-05 17:02:49,637 [INFO] IPUIPlugin:80 - create IPUIPlugin
2025-11-05 17:02:49,637 [INFO] IPUIPlugin:80 - create IPUIPlugin
2025-11-05 17:02:49,637 [INFO] IPUIPlugin:80 - create IPUIPlugin
2025-11-05 17:02:49,637 [INFO] IPUIPlugin:80 - create IPUIPlugin
2025-11-05 17:02:49,637 [INFO] IPUIPlugin:80 - create IPUIPlugin
2025-11-05 17:02:49,637 [INFO] IPUIPlugin:80 - create IPUIPlugin
2025-11-05 17:02:49,637 [INFO] IPUIPlugin:80 - create IPUIPlugin
2025-11-05 17:02:49,640 [INFO] IPUIPlugin:80 - create IPUIPlugin
2025-11-05 17:02:49,640 [INFO] IPUIPlugin:80 - create IPUIPlugin
2025-11-05 17:02:49,640 [INFO] IPUIPlugin:80 - create IPUIPlugin
2025-11-05 17:02:49,640 [INFO] IPUIPlugin:80 - create IPUIPlugin
2025-11-05 17:02:49,641 [INFO] IPUIPlugin:80 - create IPUIPlugin
2025-11-05 17:02:49,641 [INFO] IPUIPlugin:80 - create IPUIPlugin
2025-11-05 17:02:49,641 [INFO] IPUIPlugin:80 - create IPUIPlugin
2025-11-05 17:02:49,641 [INFO] IPUIPlugin:80 - create IPUIPlugin
2025-11-05 17:02:49,641 [INFO] IPUIPlugin:80 - create IPUIPlugin
2025-11-05 17:02:49,642 [INFO] IPUIPlugin:80 - create IPUIPlugin
2025-11-05 17:02:49,642 [INFO] IPUIPlugin:80 - create IPUIPlugin
2025-11-05 17:02:49,642 [INFO] IPUIPlugin:80 - create IPUIPlugin
2025-11-05 17:02:49,642 [INFO] IPUIPlugin:80 - create IPUIPlugin
2025-11-05 17:02:49,644 [INFO] IPUIPlugin:80 - create IPUIPlugin
2025-11-05 17:02:49,644 [INFO] IPUIPlugin:80 - create IPUIPlugin
2025-11-05 17:02:49,644 [INFO] IPUIPlugin:80 - create IPUIPlugin
2025-11-05 17:02:49,645 [INFO] IPUIPlugin:80 - create IPUIPlugin
2025-11-05 17:02:49,645 [INFO] IPUIPlugin:80 - create IPUIPlugin
2025-11-05 17:02:49,645 [INFO] IPUIPlugin:80 - create IPUIPlugin
2025-11-05 17:02:49,646 [INFO] IPUIPlugin:80 - create IPUIPlugin
2025-11-05 17:02:49,646 [INFO] IPUIPlugin:80 - create IPUIPlugin
2025-11-05 17:02:49,646 [INFO] IPUIPlugin:80 - create IPUIPlugin
2025-11-05 17:02:49,647 [INFO] IPUIPlugin:80 - create IPUIPlugin
2025-11-05 17:02:49,647 [INFO] IPUIPlugin:80 - create IPUIPlugin
2025-11-05 17:02:49,648 [INFO] IPUIPlugin:80 - create IPUIPlugin
2025-11-05 17:02:49,648 [INFO] IPUIPlugin:80 - create IPUIPlugin
2025-11-05 17:02:49,648 [INFO] IPUIPlugin:80 - create IPUIPlugin
2025-11-05 17:02:49,648 [INFO] IPUIPlugin:80 - create IPUIPlugin
2025-11-05 17:02:49,648 [INFO] IPUIPlugin:80 - create IPUIPlugin
2025-11-05 17:02:49,648 [INFO] IPUIPlugin:80 - create IPUIPlugin
2025-11-05 17:02:49,648 [INFO] IPUIPlugin:80 - create IPUIPlugin
2025-11-05 17:02:49,650 [INFO] IPUIPlugin:80 - create IPUIPlugin
2025-11-05 17:02:49,651 [INFO] IPUIPlugin:80 - create IPUIPlugin
2025-11-05 17:02:49,652 [INFO] IPUIPlugin:80 - create IPUIPlugin
2025-11-05 17:02:49,653 [INFO] IPUIPlugin:80 - create IPUIPlugin
2025-11-05 17:02:49,653 [INFO] IPUIPlugin:80 - create IPUIPlugin
2025-11-05 17:02:49,653 [INFO] IPUIPlugin:80 - create IPUIPlugin
2025-11-05 17:02:49,654 [INFO] IPUIPlugin:80 - create IPUIPlugin
2025-11-05 17:02:49,654 [INFO] IPUIPlugin:80 - create IPUIPlugin
2025-11-05 17:02:49,655 [INFO] IPUIPlugin:80 - create IPUIPlugin
2025-11-05 17:02:49,655 [INFO] IPUIPlugin:80 - create IPUIPlugin
2025-11-05 17:02:49,655 [INFO] IPUIPlugin:80 - create IPUIPlugin
2025-11-05 17:02:49,656 [INFO] IPUIPlugin:80 - create IPUIPlugin
2025-11-05 17:02:49,656 [INFO] IPUIPlugin:80 - create IPUIPlugin
2025-11-05 17:02:49,657 [INFO] IPUIPlugin:80 - create IPUIPlugin
2025-11-05 17:02:49,657 [INFO] IPUIPlugin:80 - create IPUIPlugin
2025-11-05 17:02:49,657 [INFO] IPUIPlugin:80 - create IPUIPlugin
2025-11-05 17:02:49,658 [INFO] IPUIPlugin:80 - create IPUIPlugin
2025-11-05 17:02:49,658 [INFO] IPUIPlugin:80 - create IPUIPlugin
2025-11-05 17:02:49,658 [INFO] IPUIPlugin:80 - create IPUIPlugin
2025-11-05 17:02:49,659 [INFO] IPUIPlugin:80 - create IPUIPlugin
2025-11-05 17:02:49,659 [INFO] IPUIPlugin:80 - create IPUIPlugin
2025-11-05 17:02:49,660 [INFO] IPUIPlugin:80 - create IPUIPlugin
2025-11-05 17:02:49,660 [INFO] IPUIPlugin:80 - create IPUIPlugin
2025-11-05 17:02:49,662 [INFO] IPUIPlugin:80 - create IPUIPlugin
2025-11-05 17:02:49,663 [INFO] IPUIPlugin:80 - create IPUIPlugin
2025-11-05 17:02:49,663 [INFO] IPUIPlugin:80 - create IPUIPlugin
2025-11-05 17:02:49,664 [INFO] IPUIPlugin:80 - create IPUIPlugin
2025-11-05 17:02:49,665 [INFO] IPUIPlugin:80 - create IPUIPlugin
2025-11-05 17:02:49,665 [INFO] IPUIPlugin:80 - create IPUIPlugin
2025-11-05 17:02:49,752 [INFO] ApiDbMcu:532 - Load IP Config File for PDM2PCM
2025-11-05 17:02:49,934 [ERROR] LogOutputStream:75 - [STDERR_REDIRECT] [Fatal Error] :1:1: Premature end of file.
2025-11-05 17:02:49,934 [ERROR] LogOutputStream:75 - [STDERR_REDIRECT] 
2025-11-05 17:02:49,970 [INFO] CADModel:165 - CPN selected for project levelSTM32H743VIT6
2025-11-05 17:02:49,970 [INFO] CADModel:114 - Register for checkConnection events
2025-11-05 17:02:50,025 [INFO] OpenFileManager:386 - Restore cursor
2025-11-05 17:02:50,936 [ERROR] LogOutputStream:75 - [STDERR_REDIRECT] [Fatal Error] :1:1: Premature end of file.
2025-11-05 17:02:50,936 [ERROR] LogOutputStream:75 - [STDERR_REDIRECT] 
2025-11-05 17:02:51,442 [INFO] UtilMem:75 - End SaveConfig() Used Memory: 729411536 Bytes (801112064)
2025-11-05 17:02:51,594 [WARN] Context:862 - Trying to set MEMORYMAP twice on same context Cortex-M7NS
2025-11-05 17:02:51,621 [INFO] UtilMem:75 - End SaveConfig() Used Memory: 347128480 Bytes (801112064)
2025-11-05 17:02:51,922 [ERROR] LogOutputStream:75 - [STDERR_REDIRECT] [Fatal Error] :1:1: Premature end of file.
2025-11-05 17:02:51,922 [ERROR] LogOutputStream:75 - [STDERR_REDIRECT] 
2025-11-05 17:02:52,172 [INFO] BlockDiagram:2775 - set Specific Code input for plugin: RCC
2025-11-05 17:02:52,173 [INFO] BlockDiagram:2775 - set Specific Code input for plugin: MEMORYMAP
2025-11-05 17:02:52,173 [INFO] BlockDiagram:2775 - set Specific Code input for plugin: SYS
2025-11-05 17:02:52,173 [INFO] BlockDiagram:2775 - set Specific Code input for plugin: NVIC
2025-11-05 17:02:52,173 [INFO] BlockDiagram:2775 - set Specific Code input for plugin: CORTEX_M7
2025-11-05 17:02:52,178 [INFO] CodeGenerator:892 - code generatio: config db path: C:\ST\STM32CubeIDE_1.19.0\STM32CubeIDE\plugins\com.st.stm32cube.common.mx_6.15.0.202507011659\\db\
2025-11-05 17:02:52,422 [INFO] CodeEngine:265 - oldGeneratedFile, C:\Users\allan\Documents\AI_Wallet_Grade3\Basic\STM32\BLE\MXTmpFiles\license.tmp_save
2025-11-05 17:02:52,938 [ERROR] LogOutputStream:75 - [STDERR_REDIRECT] [Fatal Error] :1:1: Premature end of file.
2025-11-05 17:02:52,938 [ERROR] LogOutputStream:75 - [STDERR_REDIRECT] 
2025-11-05 17:02:52,989 [INFO] CodeEngine:289 - Generated code: C:\Users\allan\Documents\AI_Wallet_Grade3\Basic\STM32\BLE\MXTmpFiles\license.tmp
2025-11-05 17:02:53,180 [WARN] IPConfigManager:103 - WARNING: Missing Config File for MEMORYMAP ip!!
2025-11-05 17:02:53,320 [INFO] CodeEngine:265 - oldGeneratedFile, C:\Users\allan\Documents\AI_Wallet_Grade3\Basic\STM32\BLE\MXTmpFiles\cortex.tmp_save
2025-11-05 17:02:53,696 [INFO] CodeEngine:289 - Generated code: C:\Users\allan\Documents\AI_Wallet_Grade3\Basic\STM32\BLE\MXTmpFiles\cortex.tmp
2025-11-05 17:02:53,769 [INFO] CodeEngine:265 - oldGeneratedFile, C:\Users\allan\Documents\AI_Wallet_Grade3\Basic\STM32\BLE\Core\Src\stm32h7xx_it.c_save
2025-11-05 17:02:53,947 [ERROR] LogOutputStream:75 - [STDERR_REDIRECT] [Fatal Error] :1:1: Premature end of file.
2025-11-05 17:02:53,947 [ERROR] LogOutputStream:75 - [STDERR_REDIRECT] 
2025-11-05 17:02:54,175 [INFO] CodeEngine:289 - Generated code: C:\Users\allan\Documents\AI_Wallet_Grade3\Basic\STM32\BLE\Core\Src\stm32h7xx_it.c
2025-11-05 17:02:54,220 [INFO] CodeEngine:265 - oldGeneratedFile, C:\Users\allan\Documents\AI_Wallet_Grade3\Basic\STM32\BLE\Core\Inc\stm32h7xx_it.h_save
2025-11-05 17:02:54,422 [INFO] CodeEngine:289 - Generated code: C:\Users\allan\Documents\AI_Wallet_Grade3\Basic\STM32\BLE\Core\Inc\stm32h7xx_it.h
2025-11-05 17:02:54,540 [INFO] CodeEngine:265 - oldGeneratedFile, C:\Users\allan\Documents\AI_Wallet_Grade3\Basic\STM32\BLE\Core\Src\stm32h7xx_hal_msp.c_save
2025-11-05 17:02:54,818 [INFO] CodeEngine:289 - Generated code: C:\Users\allan\Documents\AI_Wallet_Grade3\Basic\STM32\BLE\Core\Src\stm32h7xx_hal_msp.c
2025-11-05 17:02:54,846 [INFO] CodeEngine:265 - oldGeneratedFile, C:\Users\allan\Documents\AI_Wallet_Grade3\Basic\STM32\BLE\MXTmpFiles\system.tmp_save
2025-11-05 17:02:54,929 [ERROR] LogOutputStream:75 - [STDERR_REDIRECT] [Fatal Error] :1:1: Premature end of file.
2025-11-05 17:02:54,931 [ERROR] LogOutputStream:75 - [STDERR_REDIRECT] 
2025-11-05 17:02:54,969 [INFO] CodeEngine:289 - Generated code: C:\Users\allan\Documents\AI_Wallet_Grade3\Basic\STM32\BLE\MXTmpFiles\system.tmp
2025-11-05 17:02:55,028 [INFO] CodeEngine:321 - oldGeneratedFile, C:\Users\allan\Documents\AI_Wallet_Grade3\Basic\STM32\BLE\Core\Inc\stm32h7xx_hal_conf.h_save
2025-11-05 17:02:55,268 [INFO] CodeEngine:345 - Generated code: C:\Users\allan\Documents\AI_Wallet_Grade3\Basic\STM32\BLE\Core\Inc\stm32h7xx_hal_conf.h
2025-11-05 17:02:55,369 [INFO] ApiDbMcu:532 - Load IP Config File for RCC
2025-11-05 17:02:55,392 [INFO] CodeEngine:265 - oldGeneratedFile, C:\Users\allan\Documents\AI_Wallet_Grade3\Basic\STM32\BLE\Core\Inc\main.h_save
2025-11-05 17:02:55,649 [INFO] CodeEngine:289 - Generated code: C:\Users\allan\Documents\AI_Wallet_Grade3\Basic\STM32\BLE\Core\Inc\main.h
2025-11-05 17:02:55,679 [INFO] CodeEngine:265 - oldGeneratedFile, C:\Users\allan\Documents\AI_Wallet_Grade3\Basic\STM32\BLE\Core\Src\main.c_save
2025-11-05 17:02:55,930 [INFO] CodeEngine:289 - Generated code: C:\Users\allan\Documents\AI_Wallet_Grade3\Basic\STM32\BLE\Core\Src\main.c
2025-11-05 17:02:55,940 [ERROR] LogOutputStream:75 - [STDERR_REDIRECT] [Fatal Error] :1:1: Premature end of file.
2025-11-05 17:02:55,941 [ERROR] LogOutputStream:75 - [STDERR_REDIRECT] 
2025-11-05 17:02:56,938 [ERROR] LogOutputStream:75 - [STDERR_REDIRECT] [Fatal Error] :1:1: Premature end of file.
2025-11-05 17:02:56,938 [ERROR] LogOutputStream:75 - [STDERR_REDIRECT] 
2025-11-05 17:02:56,942 [INFO] ProjectBuilder:3606 - Time for Copy HAL[1] : 412mS.
2025-11-05 17:02:56,959 [INFO] ProjectBuilder:5216 - Project Generator version: 4.7.0-B52
2025-11-05 17:02:57,111 [INFO] ConfigFileManager:1595 - The Die is : DIE450
2025-11-05 17:02:57,153 [INFO] ApiDbMcu:532 - Load IP Config File for FATFS
2025-11-05 17:02:57,186 [INFO] ApiDbMcu:532 - Load IP Config File for FREERTOS
2025-11-05 17:02:57,212 [INFO] ApiDbMcu:532 - Load IP Config File for LIBJPEG
2025-11-05 17:02:57,250 [INFO] ApiDbMcu:532 - Load IP Config File for LWIP
2025-11-05 17:02:57,285 [INFO] ApiDbMcu:532 - Load IP Config File for MBEDTLS
2025-11-05 17:02:57,322 [INFO] ApiDbMcu:532 - Load IP Config File for USB_DEVICE
2025-11-05 17:02:57,349 [INFO] ApiDbMcu:532 - Load IP Config File for USB_HOST
2025-11-05 17:02:57,982 [ERROR] LogOutputStream:75 - [STDERR_REDIRECT] [Fatal Error] :1:1: Premature end of file.
2025-11-05 17:02:57,983 [ERROR] LogOutputStream:75 - [STDERR_REDIRECT] 
2025-11-05 17:02:58,739 [INFO] LogOutputStream:77 - [STDOUT_REDIRECT] 
2025-11-05 17:02:58,930 [ERROR] LogOutputStream:75 - [STDERR_REDIRECT] [Fatal Error] :1:1: Premature end of file.
2025-11-05 17:02:58,931 [ERROR] LogOutputStream:75 - [STDERR_REDIRECT] 
2025-11-05 17:02:59,966 [ERROR] LogOutputStream:75 - [STDERR_REDIRECT] [Fatal Error] :1:1: Premature end of file.
2025-11-05 17:02:59,967 [ERROR] LogOutputStream:75 - [STDERR_REDIRECT] 
2025-11-05 17:03:00,966 [ERROR] LogOutputStream:75 - [STDERR_REDIRECT] [Fatal Error] :1:1: Premature end of file.
2025-11-05 17:03:00,967 [ERROR] LogOutputStream:75 - [STDERR_REDIRECT] 
2025-11-05 17:03:01,938 [ERROR] LogOutputStream:75 - [STDERR_REDIRECT] [Fatal Error] :1:1: Premature end of file.
2025-11-05 17:03:01,938 [ERROR] LogOutputStream:75 - [STDERR_REDIRECT] 
2025-11-05 17:03:02,944 [ERROR] LogOutputStream:75 - [STDERR_REDIRECT] [Fatal Error] :1:1: Premature end of file.
2025-11-05 17:03:02,944 [ERROR] LogOutputStream:75 - [STDERR_REDIRECT] 
2025-11-05 17:03:03,987 [ERROR] LogOutputStream:75 - [STDERR_REDIRECT] [Fatal Error] :1:1: Premature end of file.
2025-11-05 17:03:03,987 [ERROR] LogOutputStream:75 - [STDERR_REDIRECT] 
2025-11-05 17:03:04,999 [ERROR] LogOutputStream:75 - [STDERR_REDIRECT] [Fatal Error] :1:1: Premature end of file.
2025-11-05 17:03:04,999 [ERROR] LogOutputStream:75 - [STDERR_REDIRECT] 
2025-11-05 17:03:05,977 [ERROR] LogOutputStream:75 - [STDERR_REDIRECT] [Fatal Error] :1:1: Premature end of file.
2025-11-05 17:03:05,978 [ERROR] LogOutputStream:75 - [STDERR_REDIRECT] 
2025-11-05 17:03:06,980 [ERROR] LogOutputStream:75 - [STDERR_REDIRECT] [Fatal Error] :1:1: Premature end of file.
2025-11-05 17:03:06,981 [ERROR] LogOutputStream:75 - [STDERR_REDIRECT] 
2025-11-05 17:03:07,951 [INFO] ProjectBuilder:5496 - Time for Generating toolchain IDE Files: 10992mS.
2025-11-05 17:03:07,956 [INFO] ProjectBuilder:3463 - Time for Copy CMSIS : 5mS.
2025-11-05 17:03:07,964 [INFO] ProjectBuilder:3463 - Time for Copy CMSIS : 0mS.
2025-11-05 17:03:07,965 [ERROR] LogOutputStream:75 - [STDERR_REDIRECT] [Fatal Error] :1:1: Premature end of file.
2025-11-05 17:03:07,965 [ERROR] LogOutputStream:75 - [STDERR_REDIRECT] 
2025-11-05 17:03:09,522 [ERROR] LogOutputStream:75 - [STDERR_REDIRECT] [Fatal Error] :1:1: Premature end of file.
2025-11-05 17:03:09,523 [ERROR] LogOutputStream:75 - [STDERR_REDIRECT] 
2025-11-05 17:03:09,976 [ERROR] LogOutputStream:75 - [STDERR_REDIRECT] [Fatal Error] :1:1: Premature end of file.
2025-11-05 17:03:09,977 [ERROR] LogOutputStream:75 - [STDERR_REDIRECT] 
2025-11-05 17:03:10,906 [INFO] McuFinderGlobals:76 - Set McuFinderConnectedMode to true
2025-11-05 17:03:10,918 [INFO] ApiDb:448 - Save user favorites file C:\Users\allan/.stm32cubeide/favorites.mcus.txt: 0 item(s)
2025-11-05 17:03:10,919 [INFO] ApiDb:452 - User favorites MCUs=[]
2025-11-05 17:03:11,223 [ERROR] LogOutputStream:75 - [STDERR_REDIRECT] [Fatal Error] :1:1: Premature end of file.
2025-11-05 17:03:11,226 [ERROR] LogOutputStream:75 - [STDERR_REDIRECT] 
2025-11-05 17:03:12,035 [ERROR] LogOutputStream:75 - [STDERR_REDIRECT] [Fatal Error] :1:1: Premature end of file.
2025-11-05 17:03:12,036 [ERROR] LogOutputStream:75 - [STDERR_REDIRECT] 
2025-11-05 17:03:12,985 [ERROR] LogOutputStream:75 - [STDERR_REDIRECT] [Fatal Error] :1:1: Premature end of file.
2025-11-05 17:03:12,986 [ERROR] LogOutputStream:75 - [STDERR_REDIRECT] 
2025-11-05 17:03:14,011 [ERROR] LogOutputStream:75 - [STDERR_REDIRECT] [Fatal Error] :1:1: Premature end of file.
2025-11-05 17:03:14,011 [ERROR] LogOutputStream:75 - [STDERR_REDIRECT] 
2025-11-05 17:03:14,961 [ERROR] LogOutputStream:75 - [STDERR_REDIRECT] [Fatal Error] :1:1: Premature end of file.
2025-11-05 17:03:14,961 [ERROR] LogOutputStream:75 - [STDERR_REDIRECT] 
2025-11-05 17:03:15,990 [ERROR] LogOutputStream:75 - [STDERR_REDIRECT] [Fatal Error] :1:1: Premature end of file.
2025-11-05 17:03:15,991 [ERROR] LogOutputStream:75 - [STDERR_REDIRECT] 
2025-11-05 17:03:16,992 [ERROR] LogOutputStream:75 - [STDERR_REDIRECT] [Fatal Error] :1:1: Premature end of file.
2025-11-05 17:03:16,993 [ERROR] LogOutputStream:75 - [STDERR_REDIRECT] 
2025-11-05 17:03:17,971 [ERROR] LogOutputStream:75 - [STDERR_REDIRECT] [Fatal Error] :1:1: Premature end of file.
2025-11-05 17:03:17,973 [ERROR] LogOutputStream:75 - [STDERR_REDIRECT] 
2025-11-05 17:03:18,968 [ERROR] LogOutputStream:75 - [STDERR_REDIRECT] [Fatal Error] :1:1: Premature end of file.
2025-11-05 17:03:18,969 [ERROR] LogOutputStream:75 - [STDERR_REDIRECT] 
2025-11-05 17:03:19,926 [ERROR] LogOutputStream:75 - [STDERR_REDIRECT] [Fatal Error] :1:1: Premature end of file.
2025-11-05 17:03:19,926 [ERROR] LogOutputStream:75 - [STDERR_REDIRECT] 
2025-11-05 17:03:20,920 [ERROR] LogOutputStream:75 - [STDERR_REDIRECT] [Fatal Error] :1:1: Premature end of file.
2025-11-05 17:03:20,920 [ERROR] LogOutputStream:75 - [STDERR_REDIRECT] 
2025-11-05 17:03:21,911 [ERROR] LogOutputStream:75 - [STDERR_REDIRECT] [Fatal Error] :1:1: Premature end of file.
2025-11-05 17:03:21,911 [ERROR] LogOutputStream:75 - [STDERR_REDIRECT] 
2025-11-05 17:03:22,909 [ERROR] LogOutputStream:75 - [STDERR_REDIRECT] [Fatal Error] :1:1: Premature end of file.
2025-11-05 17:03:22,909 [ERROR] LogOutputStream:75 - [STDERR_REDIRECT] 
2025-11-05 17:03:23,909 [ERROR] LogOutputStream:75 - [STDERR_REDIRECT] [Fatal Error] :1:1: Premature end of file.
2025-11-05 17:03:23,911 [ERROR] LogOutputStream:75 - [STDERR_REDIRECT] 
2025-11-05 17:03:24,905 [ERROR] LogOutputStream:75 - [STDERR_REDIRECT] [Fatal Error] :1:1: Premature end of file.
2025-11-05 17:03:24,905 [ERROR] LogOutputStream:75 - [STDERR_REDIRECT] 
2025-11-05 17:03:25,914 [ERROR] LogOutputStream:75 - [STDERR_REDIRECT] [Fatal Error] :1:1: Premature end of file.
2025-11-05 17:03:25,914 [ERROR] LogOutputStream:75 - [STDERR_REDIRECT] 
2025-11-05 17:03:26,911 [ERROR] LogOutputStream:75 - [STDERR_REDIRECT] [Fatal Error] :1:1: Premature end of file.
2025-11-05 17:03:26,911 [ERROR] LogOutputStream:75 - [STDERR_REDIRECT] 
2025-11-05 17:03:27,909 [ERROR] LogOutputStream:75 - [STDERR_REDIRECT] [Fatal Error] :1:1: Premature end of file.
2025-11-05 17:03:27,909 [ERROR] LogOutputStream:75 - [STDERR_REDIRECT] 
2025-11-05 17:03:28,909 [ERROR] LogOutputStream:75 - [STDERR_REDIRECT] [Fatal Error] :1:1: Premature end of file.
2025-11-05 17:03:28,909 [ERROR] LogOutputStream:75 - [STDERR_REDIRECT] 
2025-11-05 17:03:29,907 [ERROR] LogOutputStream:75 - [STDERR_REDIRECT] [Fatal Error] :1:1: Premature end of file.
2025-11-05 17:03:29,907 [ERROR] LogOutputStream:75 - [STDERR_REDIRECT] 
2025-11-05 17:03:30,910 [ERROR] LogOutputStream:75 - [STDERR_REDIRECT] [Fatal Error] :1:1: Premature end of file.
2025-11-05 17:03:30,910 [ERROR] LogOutputStream:75 - [STDERR_REDIRECT] 
2025-11-05 17:03:31,908 [ERROR] LogOutputStream:75 - [STDERR_REDIRECT] [Fatal Error] :1:1: Premature end of file.
2025-11-05 17:03:31,908 [ERROR] LogOutputStream:75 - [STDERR_REDIRECT] 
2025-11-05 17:03:32,930 [ERROR] LogOutputStream:75 - [STDERR_REDIRECT] [Fatal Error] :1:1: Premature end of file.
2025-11-05 17:03:32,930 [ERROR] LogOutputStream:75 - [STDERR_REDIRECT] 
2025-11-05 17:03:33,908 [ERROR] LogOutputStream:75 - [STDERR_REDIRECT] [Fatal Error] :1:1: Premature end of file.
2025-11-05 17:03:33,908 [ERROR] LogOutputStream:75 - [STDERR_REDIRECT] 
2025-11-05 17:03:34,915 [ERROR] LogOutputStream:75 - [STDERR_REDIRECT] [Fatal Error] :1:1: Premature end of file.
2025-11-05 17:03:34,915 [ERROR] LogOutputStream:75 - [STDERR_REDIRECT] 
2025-11-05 17:03:35,924 [ERROR] LogOutputStream:75 - [STDERR_REDIRECT] [Fatal Error] :1:1: Premature end of file.
2025-11-05 17:03:35,924 [ERROR] LogOutputStream:75 - [STDERR_REDIRECT] 
2025-11-05 17:03:36,908 [ERROR] LogOutputStream:75 - [STDERR_REDIRECT] [Fatal Error] :1:1: Premature end of file.
2025-11-05 17:03:36,909 [ERROR] LogOutputStream:75 - [STDERR_REDIRECT] 
2025-11-05 17:03:37,908 [ERROR] LogOutputStream:75 - [STDERR_REDIRECT] [Fatal Error] :1:1: Premature end of file.
2025-11-05 17:03:37,909 [ERROR] LogOutputStream:75 - [STDERR_REDIRECT] 
2025-11-05 17:03:38,909 [ERROR] LogOutputStream:75 - [STDERR_REDIRECT] [Fatal Error] :1:1: Premature end of file.
2025-11-05 17:03:38,909 [ERROR] LogOutputStream:75 - [STDERR_REDIRECT] 
2025-11-05 17:03:39,946 [ERROR] LogOutputStream:75 - [STDERR_REDIRECT] [Fatal Error] :1:1: Premature end of file.
2025-11-05 17:03:39,946 [ERROR] LogOutputStream:75 - [STDERR_REDIRECT] 
2025-11-05 17:03:40,922 [ERROR] LogOutputStream:75 - [STDERR_REDIRECT] [Fatal Error] :1:1: Premature end of file.
2025-11-05 17:03:40,923 [ERROR] LogOutputStream:75 - [STDERR_REDIRECT] 
2025-11-05 17:03:41,910 [ERROR] LogOutputStream:75 - [STDERR_REDIRECT] [Fatal Error] :1:1: Premature end of file.
2025-11-05 17:03:41,912 [ERROR] LogOutputStream:75 - [STDERR_REDIRECT] 
2025-11-05 17:03:42,932 [ERROR] LogOutputStream:75 - [STDERR_REDIRECT] [Fatal Error] :1:1: Premature end of file.
2025-11-05 17:03:42,932 [ERROR] LogOutputStream:75 - [STDERR_REDIRECT] 
2025-11-05 17:03:43,907 [ERROR] LogOutputStream:75 - [STDERR_REDIRECT] [Fatal Error] :1:1: Premature end of file.
2025-11-05 17:03:43,907 [ERROR] LogOutputStream:75 - [STDERR_REDIRECT] 
2025-11-05 17:03:44,913 [ERROR] LogOutputStream:75 - [STDERR_REDIRECT] [Fatal Error] :1:1: Premature end of file.
2025-11-05 17:03:44,913 [ERROR] LogOutputStream:75 - [STDERR_REDIRECT] 
2025-11-05 17:03:45,912 [ERROR] LogOutputStream:75 - [STDERR_REDIRECT] [Fatal Error] :1:1: Premature end of file.
2025-11-05 17:03:45,912 [ERROR] LogOutputStream:75 - [STDERR_REDIRECT] 
2025-11-05 17:03:46,909 [ERROR] LogOutputStream:75 - [STDERR_REDIRECT] [Fatal Error] :1:1: Premature end of file.
2025-11-05 17:03:46,909 [ERROR] LogOutputStream:75 - [STDERR_REDIRECT] 
2025-11-05 17:03:47,921 [ERROR] LogOutputStream:75 - [STDERR_REDIRECT] [Fatal Error] :1:1: Premature end of file.
2025-11-05 17:03:47,921 [ERROR] LogOutputStream:75 - [STDERR_REDIRECT] 
2025-11-05 17:03:48,909 [ERROR] LogOutputStream:75 - [STDERR_REDIRECT] [Fatal Error] :1:1: Premature end of file.
2025-11-05 17:03:48,909 [ERROR] LogOutputStream:75 - [STDERR_REDIRECT] 
2025-11-05 17:03:49,925 [ERROR] LogOutputStream:75 - [STDERR_REDIRECT] [Fatal Error] :1:1: Premature end of file.
2025-11-05 17:03:49,925 [ERROR] LogOutputStream:75 - [STDERR_REDIRECT] 
2025-11-05 17:03:50,907 [ERROR] LogOutputStream:75 - [STDERR_REDIRECT] [Fatal Error] :1:1: Premature end of file.
2025-11-05 17:03:50,907 [ERROR] LogOutputStream:75 - [STDERR_REDIRECT] 
2025-11-05 17:03:51,913 [ERROR] LogOutputStream:75 - [STDERR_REDIRECT] [Fatal Error] :1:1: Premature end of file.
2025-11-05 17:03:51,913 [ERROR] LogOutputStream:75 - [STDERR_REDIRECT] 
2025-11-05 17:03:52,910 [ERROR] LogOutputStream:75 - [STDERR_REDIRECT] [Fatal Error] :1:1: Premature end of file.
2025-11-05 17:03:52,911 [ERROR] LogOutputStream:75 - [STDERR_REDIRECT] 
2025-11-05 17:03:53,908 [ERROR] LogOutputStream:75 - [STDERR_REDIRECT] [Fatal Error] :1:1: Premature end of file.
2025-11-05 17:03:53,908 [ERROR] LogOutputStream:75 - [STDERR_REDIRECT] 
2025-11-05 17:03:54,909 [ERROR] LogOutputStream:75 - [STDERR_REDIRECT] [Fatal Error] :1:1: Premature end of file.
2025-11-05 17:03:54,909 [ERROR] LogOutputStream:75 - [STDERR_REDIRECT] 
2025-11-05 17:03:55,938 [ERROR] LogOutputStream:75 - [STDERR_REDIRECT] [Fatal Error] :1:1: Premature end of file.
2025-11-05 17:03:55,938 [ERROR] LogOutputStream:75 - [STDERR_REDIRECT] 
2025-11-05 17:03:56,910 [ERROR] LogOutputStream:75 - [STDERR_REDIRECT] [Fatal Error] :1:1: Premature end of file.
2025-11-05 17:03:56,910 [ERROR] LogOutputStream:75 - [STDERR_REDIRECT] 
2025-11-05 17:03:57,913 [ERROR] LogOutputStream:75 - [STDERR_REDIRECT] [Fatal Error] :1:1: Premature end of file.
2025-11-05 17:03:57,913 [ERROR] LogOutputStream:75 - [STDERR_REDIRECT] 
2025-11-05 17:03:58,907 [ERROR] LogOutputStream:75 - [STDERR_REDIRECT] [Fatal Error] :1:1: Premature end of file.
2025-11-05 17:03:58,907 [ERROR] LogOutputStream:75 - [STDERR_REDIRECT] 
2025-11-05 17:03:59,913 [ERROR] LogOutputStream:75 - [STDERR_REDIRECT] [Fatal Error] :1:1: Premature end of file.
2025-11-05 17:03:59,913 [ERROR] LogOutputStream:75 - [STDERR_REDIRECT] 
2025-11-05 17:04:00,909 [ERROR] LogOutputStream:75 - [STDERR_REDIRECT] [Fatal Error] :1:1: Premature end of file.
2025-11-05 17:04:00,910 [ERROR] LogOutputStream:75 - [STDERR_REDIRECT] 
2025-11-05 17:04:01,909 [ERROR] LogOutputStream:75 - [STDERR_REDIRECT] [Fatal Error] :1:1: Premature end of file.
2025-11-05 17:04:01,910 [ERROR] LogOutputStream:75 - [STDERR_REDIRECT] 
2025-11-05 17:04:02,911 [ERROR] LogOutputStream:75 - [STDERR_REDIRECT] [Fatal Error] :1:1: Premature end of file.
2025-11-05 17:04:02,911 [ERROR] LogOutputStream:75 - [STDERR_REDIRECT] 
2025-11-05 17:04:03,912 [ERROR] LogOutputStream:75 - [STDERR_REDIRECT] [Fatal Error] :1:1: Premature end of file.
2025-11-05 17:04:03,912 [ERROR] LogOutputStream:75 - [STDERR_REDIRECT] 
2025-11-05 17:04:04,908 [ERROR] LogOutputStream:75 - [STDERR_REDIRECT] [Fatal Error] :1:1: Premature end of file.
2025-11-05 17:04:04,908 [ERROR] LogOutputStream:75 - [STDERR_REDIRECT] 
2025-11-05 17:04:05,931 [ERROR] LogOutputStream:75 - [STDERR_REDIRECT] [Fatal Error] :1:1: Premature end of file.
2025-11-05 17:04:05,932 [ERROR] LogOutputStream:75 - [STDERR_REDIRECT] 
2025-11-05 17:04:06,939 [ERROR] LogOutputStream:75 - [STDERR_REDIRECT] [Fatal Error] :1:1: Premature end of file.
2025-11-05 17:04:06,939 [ERROR] LogOutputStream:75 - [STDERR_REDIRECT] 
2025-11-05 17:04:07,918 [ERROR] LogOutputStream:75 - [STDERR_REDIRECT] [Fatal Error] :1:1: Premature end of file.
2025-11-05 17:04:07,918 [ERROR] LogOutputStream:75 - [STDERR_REDIRECT] 
2025-11-05 17:04:08,914 [ERROR] LogOutputStream:75 - [STDERR_REDIRECT] [Fatal Error] :1:1: Premature end of file.
2025-11-05 17:04:08,914 [ERROR] LogOutputStream:75 - [STDERR_REDIRECT] 
2025-11-05 17:04:09,907 [ERROR] LogOutputStream:75 - [STDERR_REDIRECT] [Fatal Error] :1:1: Premature end of file.
2025-11-05 17:04:09,908 [ERROR] LogOutputStream:75 - [STDERR_REDIRECT] 
2025-11-05 17:04:10,907 [ERROR] LogOutputStream:75 - [STDERR_REDIRECT] [Fatal Error] :1:1: Premature end of file.
2025-11-05 17:04:10,907 [ERROR] LogOutputStream:75 - [STDERR_REDIRECT] 
2025-11-05 17:04:11,912 [ERROR] LogOutputStream:75 - [STDERR_REDIRECT] [Fatal Error] :1:1: Premature end of file.
2025-11-05 17:04:11,913 [ERROR] LogOutputStream:75 - [STDERR_REDIRECT] 
2025-11-05 17:04:12,908 [ERROR] LogOutputStream:75 - [STDERR_REDIRECT] [Fatal Error] :1:1: Premature end of file.
2025-11-05 17:04:12,908 [ERROR] LogOutputStream:75 - [STDERR_REDIRECT] 
2025-11-05 17:04:13,911 [ERROR] LogOutputStream:75 - [STDERR_REDIRECT] [Fatal Error] :1:1: Premature end of file.
2025-11-05 17:04:13,911 [ERROR] LogOutputStream:75 - [STDERR_REDIRECT] 
2025-11-05 17:04:14,916 [ERROR] LogOutputStream:75 - [STDERR_REDIRECT] [Fatal Error] :1:1: Premature end of file.
2025-11-05 17:04:14,917 [ERROR] LogOutputStream:75 - [STDERR_REDIRECT] 
2025-11-05 17:04:15,908 [ERROR] LogOutputStream:75 - [STDERR_REDIRECT] [Fatal Error] :1:1: Premature end of file.
2025-11-05 17:04:15,909 [ERROR] LogOutputStream:75 - [STDERR_REDIRECT] 
2025-11-05 17:04:16,909 [ERROR] LogOutputStream:75 - [STDERR_REDIRECT] [Fatal Error] :1:1: Premature end of file.
2025-11-05 17:04:16,909 [ERROR] LogOutputStream:75 - [STDERR_REDIRECT] 
2025-11-05 17:04:17,913 [ERROR] LogOutputStream:75 - [STDERR_REDIRECT] [Fatal Error] :1:1: Premature end of file.
2025-11-05 17:04:17,913 [ERROR] LogOutputStream:75 - [STDERR_REDIRECT] 
2025-11-05 17:04:18,911 [ERROR] LogOutputStream:75 - [STDERR_REDIRECT] [Fatal Error] :1:1: Premature end of file.
2025-11-05 17:04:18,911 [ERROR] LogOutputStream:75 - [STDERR_REDIRECT] 
2025-11-05 17:04:19,909 [ERROR] LogOutputStream:75 - [STDERR_REDIRECT] [Fatal Error] :1:1: Premature end of file.
2025-11-05 17:04:19,909 [ERROR] LogOutputStream:75 - [STDERR_REDIRECT] 
2025-11-05 17:04:20,911 [ERROR] LogOutputStream:75 - [STDERR_REDIRECT] [Fatal Error] :1:1: Premature end of file.
2025-11-05 17:04:20,911 [ERROR] LogOutputStream:75 - [STDERR_REDIRECT] 
2025-11-05 17:04:21,910 [ERROR] LogOutputStream:75 - [STDERR_REDIRECT] [Fatal Error] :1:1: Premature end of file.
2025-11-05 17:04:21,910 [ERROR] LogOutputStream:75 - [STDERR_REDIRECT] 
2025-11-05 17:04:22,911 [ERROR] LogOutputStream:75 - [STDERR_REDIRECT] [Fatal Error] :1:1: Premature end of file.
2025-11-05 17:04:22,912 [ERROR] LogOutputStream:75 - [STDERR_REDIRECT] 
2025-11-05 17:04:23,912 [ERROR] LogOutputStream:75 - [STDERR_REDIRECT] [Fatal Error] :1:1: Premature end of file.
2025-11-05 17:04:23,912 [ERROR] LogOutputStream:75 - [STDERR_REDIRECT] 
2025-11-05 17:04:24,910 [ERROR] LogOutputStream:75 - [STDERR_REDIRECT] [Fatal Error] :1:1: Premature end of file.
2025-11-05 17:04:24,910 [ERROR] LogOutputStream:75 - [STDERR_REDIRECT] 
2025-11-05 17:04:25,909 [ERROR] LogOutputStream:75 - [STDERR_REDIRECT] [Fatal Error] :1:1: Premature end of file.
2025-11-05 17:04:25,909 [ERROR] LogOutputStream:75 - [STDERR_REDIRECT] 
2025-11-05 17:04:26,913 [ERROR] LogOutputStream:75 - [STDERR_REDIRECT] [Fatal Error] :1:1: Premature end of file.
2025-11-05 17:04:26,913 [ERROR] LogOutputStream:75 - [STDERR_REDIRECT] 
2025-11-05 17:04:27,909 [ERROR] LogOutputStream:75 - [STDERR_REDIRECT] [Fatal Error] :1:1: Premature end of file.
2025-11-05 17:04:27,909 [ERROR] LogOutputStream:75 - [STDERR_REDIRECT] 
2025-11-05 17:04:28,910 [ERROR] LogOutputStream:75 - [STDERR_REDIRECT] [Fatal Error] :1:1: Premature end of file.
2025-11-05 17:04:28,910 [ERROR] LogOutputStream:75 - [STDERR_REDIRECT] 
2025-11-05 17:04:29,911 [ERROR] LogOutputStream:75 - [STDERR_REDIRECT] [Fatal Error] :1:1: Premature end of file.
2025-11-05 17:04:29,911 [ERROR] LogOutputStream:75 - [STDERR_REDIRECT] 
2025-11-05 17:04:30,913 [ERROR] LogOutputStream:75 - [STDERR_REDIRECT] [Fatal Error] :1:1: Premature end of file.
2025-11-05 17:04:30,913 [ERROR] LogOutputStream:75 - [STDERR_REDIRECT] 
2025-11-05 17:04:31,909 [ERROR] LogOutputStream:75 - [STDERR_REDIRECT] [Fatal Error] :1:1: Premature end of file.
2025-11-05 17:04:31,909 [ERROR] LogOutputStream:75 - [STDERR_REDIRECT] 
2025-11-05 17:04:32,909 [ERROR] LogOutputStream:75 - [STDERR_REDIRECT] [Fatal Error] :1:1: Premature end of file.
2025-11-05 17:04:32,909 [ERROR] LogOutputStream:75 - [STDERR_REDIRECT] 
2025-11-05 17:04:33,909 [ERROR] LogOutputStream:75 - [STDERR_REDIRECT] [Fatal Error] :1:1: Premature end of file.
2025-11-05 17:04:33,909 [ERROR] LogOutputStream:75 - [STDERR_REDIRECT] 
2025-11-05 17:04:34,911 [ERROR] LogOutputStream:75 - [STDERR_REDIRECT] [Fatal Error] :1:1: Premature end of file.
2025-11-05 17:04:34,911 [ERROR] LogOutputStream:75 - [STDERR_REDIRECT] 
2025-11-05 17:04:35,913 [ERROR] LogOutputStream:75 - [STDERR_REDIRECT] [Fatal Error] :1:1: Premature end of file.
2025-11-05 17:04:35,913 [ERROR] LogOutputStream:75 - [STDERR_REDIRECT] 
2025-11-05 17:04:36,910 [ERROR] LogOutputStream:75 - [STDERR_REDIRECT] [Fatal Error] :1:1: Premature end of file.
2025-11-05 17:04:36,910 [ERROR] LogOutputStream:75 - [STDERR_REDIRECT] 
2025-11-05 17:04:37,930 [ERROR] LogOutputStream:75 - [STDERR_REDIRECT] [Fatal Error] :1:1: Premature end of file.
2025-11-05 17:04:37,930 [ERROR] LogOutputStream:75 - [STDERR_REDIRECT] 
2025-11-05 17:04:38,934 [ERROR] LogOutputStream:75 - [STDERR_REDIRECT] [Fatal Error] :1:1: Premature end of file.
2025-11-05 17:04:38,934 [ERROR] LogOutputStream:75 - [STDERR_REDIRECT] 
2025-11-05 17:04:39,918 [ERROR] LogOutputStream:75 - [STDERR_REDIRECT] [Fatal Error] :1:1: Premature end of file.
2025-11-05 17:04:39,918 [ERROR] LogOutputStream:75 - [STDERR_REDIRECT] 
2025-11-05 17:04:40,910 [ERROR] LogOutputStream:75 - [STDERR_REDIRECT] [Fatal Error] :1:1: Premature end of file.
2025-11-05 17:04:40,910 [ERROR] LogOutputStream:75 - [STDERR_REDIRECT] 
2025-11-05 17:04:41,914 [ERROR] LogOutputStream:75 - [STDERR_REDIRECT] [Fatal Error] :1:1: Premature end of file.
2025-11-05 17:04:41,914 [ERROR] LogOutputStream:75 - [STDERR_REDIRECT] 
2025-11-05 17:04:42,910 [ERROR] LogOutputStream:75 - [STDERR_REDIRECT] [Fatal Error] :1:1: Premature end of file.
2025-11-05 17:04:42,910 [ERROR] LogOutputStream:75 - [STDERR_REDIRECT] 
2025-11-05 17:04:43,913 [ERROR] LogOutputStream:75 - [STDERR_REDIRECT] [Fatal Error] :1:1: Premature end of file.
2025-11-05 17:04:43,913 [ERROR] LogOutputStream:75 - [STDERR_REDIRECT] 
2025-11-05 17:04:44,912 [ERROR] LogOutputStream:75 - [STDERR_REDIRECT] [Fatal Error] :1:1: Premature end of file.
2025-11-05 17:04:44,912 [ERROR] LogOutputStream:75 - [STDERR_REDIRECT] 
2025-11-05 17:04:45,909 [ERROR] LogOutputStream:75 - [STDERR_REDIRECT] [Fatal Error] :1:1: Premature end of file.
2025-11-05 17:04:45,909 [ERROR] LogOutputStream:75 - [STDERR_REDIRECT] 
2025-11-05 17:04:46,910 [ERROR] LogOutputStream:75 - [STDERR_REDIRECT] [Fatal Error] :1:1: Premature end of file.
2025-11-05 17:04:46,910 [ERROR] LogOutputStream:75 - [STDERR_REDIRECT] 
2025-11-05 17:04:47,912 [ERROR] LogOutputStream:75 - [STDERR_REDIRECT] [Fatal Error] :1:1: Premature end of file.
2025-11-05 17:04:47,912 [ERROR] LogOutputStream:75 - [STDERR_REDIRECT] 
2025-11-05 17:04:48,909 [ERROR] LogOutputStream:75 - [STDERR_REDIRECT] [Fatal Error] :1:1: Premature end of file.
2025-11-05 17:04:48,909 [ERROR] LogOutputStream:75 - [STDERR_REDIRECT] 
2025-11-05 17:04:49,911 [ERROR] LogOutputStream:75 - [STDERR_REDIRECT] [Fatal Error] :1:1: Premature end of file.
2025-11-05 17:04:49,911 [ERROR] LogOutputStream:75 - [STDERR_REDIRECT] 
2025-11-05 17:04:50,921 [ERROR] LogOutputStream:75 - [STDERR_REDIRECT] [Fatal Error] :1:1: Premature end of file.
2025-11-05 17:04:50,922 [ERROR] LogOutputStream:75 - [STDERR_REDIRECT] 
2025-11-05 17:04:51,910 [ERROR] LogOutputStream:75 - [STDERR_REDIRECT] [Fatal Error] :1:1: Premature end of file.
2025-11-05 17:04:51,911 [ERROR] LogOutputStream:75 - [STDERR_REDIRECT] 
2025-11-05 17:04:52,908 [ERROR] LogOutputStream:75 - [STDERR_REDIRECT] [Fatal Error] :1:1: Premature end of file.
2025-11-05 17:04:52,908 [ERROR] LogOutputStream:75 - [STDERR_REDIRECT] 
2025-11-05 17:04:53,909 [ERROR] LogOutputStream:75 - [STDERR_REDIRECT] [Fatal Error] :1:1: Premature end of file.
2025-11-05 17:04:53,909 [ERROR] LogOutputStream:75 - [STDERR_REDIRECT] 
2025-11-05 17:04:54,912 [ERROR] LogOutputStream:75 - [STDERR_REDIRECT] [Fatal Error] :1:1: Premature end of file.
2025-11-05 17:04:54,912 [ERROR] LogOutputStream:75 - [STDERR_REDIRECT] 
2025-11-05 17:04:55,908 [ERROR] LogOutputStream:75 - [STDERR_REDIRECT] [Fatal Error] :1:1: Premature end of file.
2025-11-05 17:04:55,908 [ERROR] LogOutputStream:75 - [STDERR_REDIRECT] 
2025-11-05 17:04:56,912 [ERROR] LogOutputStream:75 - [STDERR_REDIRECT] [Fatal Error] :1:1: Premature end of file.
2025-11-05 17:04:56,912 [ERROR] LogOutputStream:75 - [STDERR_REDIRECT] 
2025-11-05 17:04:57,915 [ERROR] LogOutputStream:75 - [STDERR_REDIRECT] [Fatal Error] :1:1: Premature end of file.
2025-11-05 17:04:57,916 [ERROR] LogOutputStream:75 - [STDERR_REDIRECT] 
2025-11-05 17:04:58,910 [ERROR] LogOutputStream:75 - [STDERR_REDIRECT] [Fatal Error] :1:1: Premature end of file.
2025-11-05 17:04:58,910 [ERROR] LogOutputStream:75 - [STDERR_REDIRECT] 
2025-11-05 17:04:59,907 [ERROR] LogOutputStream:75 - [STDERR_REDIRECT] [Fatal Error] :1:1: Premature end of file.
2025-11-05 17:04:59,907 [ERROR] LogOutputStream:75 - [STDERR_REDIRECT] 
2025-11-05 17:05:00,911 [ERROR] LogOutputStream:75 - [STDERR_REDIRECT] [Fatal Error] :1:1: Premature end of file.
2025-11-05 17:05:00,911 [ERROR] LogOutputStream:75 - [STDERR_REDIRECT] 
2025-11-05 17:05:01,919 [ERROR] LogOutputStream:75 - [STDERR_REDIRECT] [Fatal Error] :1:1: Premature end of file.
2025-11-05 17:05:01,919 [ERROR] LogOutputStream:75 - [STDERR_REDIRECT] 
2025-11-05 17:05:02,912 [ERROR] LogOutputStream:75 - [STDERR_REDIRECT] [Fatal Error] :1:1: Premature end of file.
2025-11-05 17:05:02,913 [ERROR] LogOutputStream:75 - [STDERR_REDIRECT] 
2025-11-05 17:05:03,910 [ERROR] LogOutputStream:75 - [STDERR_REDIRECT] [Fatal Error] :1:1: Premature end of file.
2025-11-05 17:05:03,910 [ERROR] LogOutputStream:75 - [STDERR_REDIRECT] 
2025-11-05 17:05:04,909 [ERROR] LogOutputStream:75 - [STDERR_REDIRECT] [Fatal Error] :1:1: Premature end of file.
2025-11-05 17:05:04,909 [ERROR] LogOutputStream:75 - [STDERR_REDIRECT] 
2025-11-05 17:05:05,912 [ERROR] LogOutputStream:75 - [STDERR_REDIRECT] [Fatal Error] :1:1: Premature end of file.
2025-11-05 17:05:05,912 [ERROR] LogOutputStream:75 - [STDERR_REDIRECT] 
2025-11-05 17:05:06,910 [ERROR] LogOutputStream:75 - [STDERR_REDIRECT] [Fatal Error] :1:1: Premature end of file.
2025-11-05 17:05:06,910 [ERROR] LogOutputStream:75 - [STDERR_REDIRECT] 
2025-11-05 17:05:07,909 [ERROR] LogOutputStream:75 - [STDERR_REDIRECT] [Fatal Error] :1:1: Premature end of file.
2025-11-05 17:05:07,909 [ERROR] LogOutputStream:75 - [STDERR_REDIRECT] 
2025-11-05 17:05:08,911 [ERROR] LogOutputStream:75 - [STDERR_REDIRECT] [Fatal Error] :1:1: Premature end of file.
2025-11-05 17:05:08,911 [ERROR] LogOutputStream:75 - [STDERR_REDIRECT] 
2025-11-05 17:05:09,909 [ERROR] LogOutputStream:75 - [STDERR_REDIRECT] [Fatal Error] :1:1: Premature end of file.
2025-11-05 17:05:09,909 [ERROR] LogOutputStream:75 - [STDERR_REDIRECT] 
2025-11-05 17:05:10,913 [ERROR] LogOutputStream:75 - [STDERR_REDIRECT] [Fatal Error] :1:1: Premature end of file.
2025-11-05 17:05:10,915 [ERROR] LogOutputStream:75 - [STDERR_REDIRECT] 
2025-11-05 17:05:11,914 [ERROR] LogOutputStream:75 - [STDERR_REDIRECT] [Fatal Error] :1:1: Premature end of file.
2025-11-05 17:05:11,914 [ERROR] LogOutputStream:75 - [STDERR_REDIRECT] 
2025-11-05 17:05:12,909 [ERROR] LogOutputStream:75 - [STDERR_REDIRECT] [Fatal Error] :1:1: Premature end of file.
2025-11-05 17:05:12,909 [ERROR] LogOutputStream:75 - [STDERR_REDIRECT] 
2025-11-05 17:05:13,910 [ERROR] LogOutputStream:75 - [STDERR_REDIRECT] [Fatal Error] :1:1: Premature end of file.
2025-11-05 17:05:13,910 [ERROR] LogOutputStream:75 - [STDERR_REDIRECT] 
2025-11-05 17:05:14,911 [ERROR] LogOutputStream:75 - [STDERR_REDIRECT] [Fatal Error] :1:1: Premature end of file.
2025-11-05 17:05:14,911 [ERROR] LogOutputStream:75 - [STDERR_REDIRECT] 
2025-11-05 17:05:15,909 [ERROR] LogOutputStream:75 - [STDERR_REDIRECT] [Fatal Error] :1:1: Premature end of file.
2025-11-05 17:05:15,909 [ERROR] LogOutputStream:75 - [STDERR_REDIRECT] 
2025-11-05 17:05:16,913 [ERROR] LogOutputStream:75 - [STDERR_REDIRECT] [Fatal Error] :1:1: Premature end of file.
2025-11-05 17:05:16,913 [ERROR] LogOutputStream:75 - [STDERR_REDIRECT] 
2025-11-05 17:05:17,908 [ERROR] LogOutputStream:75 - [STDERR_REDIRECT] [Fatal Error] :1:1: Premature end of file.
2025-11-05 17:05:17,908 [ERROR] LogOutputStream:75 - [STDERR_REDIRECT] 
2025-11-05 17:05:18,910 [ERROR] LogOutputStream:75 - [STDERR_REDIRECT] [Fatal Error] :1:1: Premature end of file.
2025-11-05 17:05:18,910 [ERROR] LogOutputStream:75 - [STDERR_REDIRECT] 
2025-11-05 17:05:19,909 [ERROR] LogOutputStream:75 - [STDERR_REDIRECT] [Fatal Error] :1:1: Premature end of file.
2025-11-05 17:05:19,909 [ERROR] LogOutputStream:75 - [STDERR_REDIRECT] 
2025-11-05 17:05:20,912 [ERROR] LogOutputStream:75 - [STDERR_REDIRECT] [Fatal Error] :1:1: Premature end of file.
2025-11-05 17:05:20,912 [ERROR] LogOutputStream:75 - [STDERR_REDIRECT] 
2025-11-05 17:05:21,911 [ERROR] LogOutputStream:75 - [STDERR_REDIRECT] [Fatal Error] :1:1: Premature end of file.
2025-11-05 17:05:21,911 [ERROR] LogOutputStream:75 - [STDERR_REDIRECT] 
2025-11-05 17:05:22,908 [ERROR] LogOutputStream:75 - [STDERR_REDIRECT] [Fatal Error] :1:1: Premature end of file.
2025-11-05 17:05:22,908 [ERROR] LogOutputStream:75 - [STDERR_REDIRECT] 
2025-11-05 17:05:23,912 [ERROR] LogOutputStream:75 - [STDERR_REDIRECT] [Fatal Error] :1:1: Premature end of file.
2025-11-05 17:05:23,912 [ERROR] LogOutputStream:75 - [STDERR_REDIRECT] 
2025-11-05 17:05:24,909 [ERROR] LogOutputStream:75 - [STDERR_REDIRECT] [Fatal Error] :1:1: Premature end of file.
2025-11-05 17:05:24,909 [ERROR] LogOutputStream:75 - [STDERR_REDIRECT] 
2025-11-05 17:05:25,909 [ERROR] LogOutputStream:75 - [STDERR_REDIRECT] [Fatal Error] :1:1: Premature end of file.
2025-11-05 17:05:25,909 [ERROR] LogOutputStream:75 - [STDERR_REDIRECT] 
2025-11-05 17:05:26,909 [ERROR] LogOutputStream:75 - [STDERR_REDIRECT] [Fatal Error] :1:1: Premature end of file.
2025-11-05 17:05:26,909 [ERROR] LogOutputStream:75 - [STDERR_REDIRECT] 
2025-11-05 17:05:27,910 [ERROR] LogOutputStream:75 - [STDERR_REDIRECT] [Fatal Error] :1:1: Premature end of file.
2025-11-05 17:05:27,910 [ERROR] LogOutputStream:75 - [STDERR_REDIRECT] 
2025-11-05 17:05:28,911 [ERROR] LogOutputStream:75 - [STDERR_REDIRECT] [Fatal Error] :1:1: Premature end of file.
2025-11-05 17:05:28,911 [ERROR] LogOutputStream:75 - [STDERR_REDIRECT] 
2025-11-05 17:05:29,911 [ERROR] LogOutputStream:75 - [STDERR_REDIRECT] [Fatal Error] :1:1: Premature end of file.
2025-11-05 17:05:29,911 [ERROR] LogOutputStream:75 - [STDERR_REDIRECT] 
2025-11-05 17:05:30,916 [ERROR] LogOutputStream:75 - [STDERR_REDIRECT] [Fatal Error] :1:1: Premature end of file.
2025-11-05 17:05:30,916 [ERROR] LogOutputStream:75 - [STDERR_REDIRECT] 
2025-11-05 17:05:31,910 [ERROR] LogOutputStream:75 - [STDERR_REDIRECT] [Fatal Error] :1:1: Premature end of file.
2025-11-05 17:05:31,910 [ERROR] LogOutputStream:75 - [STDERR_REDIRECT] 
2025-11-05 17:05:32,917 [ERROR] LogOutputStream:75 - [STDERR_REDIRECT] [Fatal Error] :1:1: Premature end of file.
2025-11-05 17:05:32,917 [ERROR] LogOutputStream:75 - [STDERR_REDIRECT] 
2025-11-05 17:05:33,912 [ERROR] LogOutputStream:75 - [STDERR_REDIRECT] [Fatal Error] :1:1: Premature end of file.
2025-11-05 17:05:33,912 [ERROR] LogOutputStream:75 - [STDERR_REDIRECT] 
2025-11-05 17:05:34,913 [ERROR] LogOutputStream:75 - [STDERR_REDIRECT] [Fatal Error] :1:1: Premature end of file.
2025-11-05 17:05:34,913 [ERROR] LogOutputStream:75 - [STDERR_REDIRECT] 
2025-11-05 17:05:35,909 [ERROR] LogOutputStream:75 - [STDERR_REDIRECT] [Fatal Error] :1:1: Premature end of file.
2025-11-05 17:05:35,909 [ERROR] LogOutputStream:75 - [STDERR_REDIRECT] 
2025-11-05 17:05:36,920 [ERROR] LogOutputStream:75 - [STDERR_REDIRECT] [Fatal Error] :1:1: Premature end of file.
2025-11-05 17:05:36,920 [ERROR] LogOutputStream:75 - [STDERR_REDIRECT] 
2025-11-05 17:05:37,939 [ERROR] LogOutputStream:75 - [STDERR_REDIRECT] [Fatal Error] :1:1: Premature end of file.
2025-11-05 17:05:37,939 [ERROR] LogOutputStream:75 - [STDERR_REDIRECT] 
2025-11-05 17:05:38,927 [ERROR] LogOutputStream:75 - [STDERR_REDIRECT] [Fatal Error] :1:1: Premature end of file.
2025-11-05 17:05:38,927 [ERROR] LogOutputStream:75 - [STDERR_REDIRECT] 
2025-11-05 17:05:39,929 [ERROR] LogOutputStream:75 - [STDERR_REDIRECT] [Fatal Error] :1:1: Premature end of file.
2025-11-05 17:05:39,929 [ERROR] LogOutputStream:75 - [STDERR_REDIRECT] 
2025-11-05 17:05:40,941 [ERROR] LogOutputStream:75 - [STDERR_REDIRECT] [Fatal Error] :1:1: Premature end of file.
2025-11-05 17:05:40,941 [ERROR] LogOutputStream:75 - [STDERR_REDIRECT] 
2025-11-05 17:05:41,917 [ERROR] LogOutputStream:75 - [STDERR_REDIRECT] [Fatal Error] :1:1: Premature end of file.
2025-11-05 17:05:41,917 [ERROR] LogOutputStream:75 - [STDERR_REDIRECT] 
2025-11-05 17:05:42,923 [ERROR] LogOutputStream:75 - [STDERR_REDIRECT] [Fatal Error] :1:1: Premature end of file.
2025-11-05 17:05:42,923 [ERROR] LogOutputStream:75 - [STDERR_REDIRECT] 
2025-11-05 17:05:43,927 [ERROR] LogOutputStream:75 - [STDERR_REDIRECT] [Fatal Error] :1:1: Premature end of file.
2025-11-05 17:05:43,927 [ERROR] LogOutputStream:75 - [STDERR_REDIRECT] 
2025-11-05 17:05:44,922 [ERROR] LogOutputStream:75 - [STDERR_REDIRECT] [Fatal Error] :1:1: Premature end of file.
2025-11-05 17:05:44,922 [ERROR] LogOutputStream:75 - [STDERR_REDIRECT] 
2025-11-05 17:05:45,929 [ERROR] LogOutputStream:75 - [STDERR_REDIRECT] [Fatal Error] :1:1: Premature end of file.
2025-11-05 17:05:45,963 [ERROR] LogOutputStream:75 - [STDERR_REDIRECT] 
2025-11-05 17:05:46,923 [ERROR] LogOutputStream:75 - [STDERR_REDIRECT] [Fatal Error] :1:1: Premature end of file.
2025-11-05 17:05:46,923 [ERROR] LogOutputStream:75 - [STDERR_REDIRECT] 
2025-11-05 17:05:47,922 [ERROR] LogOutputStream:75 - [STDERR_REDIRECT] [Fatal Error] :1:1: Premature end of file.
2025-11-05 17:05:47,957 [ERROR] LogOutputStream:75 - [STDERR_REDIRECT] 
2025-11-05 17:05:48,936 [ERROR] LogOutputStream:75 - [STDERR_REDIRECT] [Fatal Error] :1:1: Premature end of file.
2025-11-05 17:05:48,936 [ERROR] LogOutputStream:75 - [STDERR_REDIRECT] 
2025-11-05 17:05:49,929 [ERROR] LogOutputStream:75 - [STDERR_REDIRECT] [Fatal Error] :1:1: Premature end of file.
2025-11-05 17:05:49,929 [ERROR] LogOutputStream:75 - [STDERR_REDIRECT] 
2025-11-05 17:05:50,933 [ERROR] LogOutputStream:75 - [STDERR_REDIRECT] [Fatal Error] :1:1: Premature end of file.
2025-11-05 17:05:50,934 [ERROR] LogOutputStream:75 - [STDERR_REDIRECT] 
2025-11-05 17:05:51,917 [ERROR] LogOutputStream:75 - [STDERR_REDIRECT] [Fatal Error] :1:1: Premature end of file.
2025-11-05 17:05:51,917 [ERROR] LogOutputStream:75 - [STDERR_REDIRECT] 
2025-11-05 17:05:52,913 [ERROR] LogOutputStream:75 - [STDERR_REDIRECT] [Fatal Error] :1:1: Premature end of file.
2025-11-05 17:05:52,913 [ERROR] LogOutputStream:75 - [STDERR_REDIRECT] 
2025-11-05 17:05:53,951 [ERROR] LogOutputStream:75 - [STDERR_REDIRECT] [Fatal Error] :1:1: Premature end of file.
2025-11-05 17:05:54,003 [ERROR] LogOutputStream:75 - [STDERR_REDIRECT] 
2025-11-05 17:05:54,943 [ERROR] LogOutputStream:75 - [STDERR_REDIRECT] [Fatal Error] :1:1: Premature end of file.
2025-11-05 17:05:54,943 [ERROR] LogOutputStream:75 - [STDERR_REDIRECT] 
2025-11-05 17:05:55,925 [ERROR] LogOutputStream:75 - [STDERR_REDIRECT] [Fatal Error] :1:1: Premature end of file.
2025-11-05 17:05:55,925 [ERROR] LogOutputStream:75 - [STDERR_REDIRECT] 
2025-11-05 17:05:56,928 [ERROR] LogOutputStream:75 - [STDERR_REDIRECT] [Fatal Error] :1:1: Premature end of file.
2025-11-05 17:05:56,928 [ERROR] LogOutputStream:75 - [STDERR_REDIRECT] 
2025-11-05 17:05:57,922 [ERROR] LogOutputStream:75 - [STDERR_REDIRECT] [Fatal Error] :1:1: Premature end of file.
2025-11-05 17:05:57,922 [ERROR] LogOutputStream:75 - [STDERR_REDIRECT] 
2025-11-05 17:05:58,939 [ERROR] LogOutputStream:75 - [STDERR_REDIRECT] [Fatal Error] :1:1: Premature end of file.
2025-11-05 17:05:58,939 [ERROR] LogOutputStream:75 - [STDERR_REDIRECT] 
2025-11-05 17:05:59,911 [ERROR] LogOutputStream:75 - [STDERR_REDIRECT] [Fatal Error] :1:1: Premature end of file.
2025-11-05 17:05:59,911 [ERROR] LogOutputStream:75 - [STDERR_REDIRECT] 
2025-11-05 17:06:00,927 [ERROR] LogOutputStream:75 - [STDERR_REDIRECT] [Fatal Error] :1:1: Premature end of file.
2025-11-05 17:06:00,927 [ERROR] LogOutputStream:75 - [STDERR_REDIRECT] 
2025-11-05 17:06:01,925 [ERROR] LogOutputStream:75 - [STDERR_REDIRECT] [Fatal Error] :1:1: Premature end of file.
2025-11-05 17:06:01,925 [ERROR] LogOutputStream:75 - [STDERR_REDIRECT] 
2025-11-05 17:06:02,933 [ERROR] LogOutputStream:75 - [STDERR_REDIRECT] [Fatal Error] :1:1: Premature end of file.
2025-11-05 17:06:02,933 [ERROR] LogOutputStream:75 - [STDERR_REDIRECT] 
2025-11-05 17:06:03,935 [ERROR] LogOutputStream:75 - [STDERR_REDIRECT] [Fatal Error] :1:1: Premature end of file.
2025-11-05 17:06:03,937 [ERROR] LogOutputStream:75 - [STDERR_REDIRECT] 
2025-11-05 17:06:04,932 [ERROR] LogOutputStream:75 - [STDERR_REDIRECT] [Fatal Error] :1:1: Premature end of file.
2025-11-05 17:06:04,932 [ERROR] LogOutputStream:75 - [STDERR_REDIRECT] 
2025-11-05 17:06:05,937 [ERROR] LogOutputStream:75 - [STDERR_REDIRECT] [Fatal Error] :1:1: Premature end of file.
2025-11-05 17:06:05,937 [ERROR] LogOutputStream:75 - [STDERR_REDIRECT] 
2025-11-05 17:06:06,929 [ERROR] LogOutputStream:75 - [STDERR_REDIRECT] [Fatal Error] :1:1: Premature end of file.
2025-11-05 17:06:06,929 [ERROR] LogOutputStream:75 - [STDERR_REDIRECT] 
2025-11-05 17:06:07,927 [ERROR] LogOutputStream:75 - [STDERR_REDIRECT] [Fatal Error] :1:1: Premature end of file.
2025-11-05 17:06:07,927 [ERROR] LogOutputStream:75 - [STDERR_REDIRECT] 
2025-11-05 17:06:08,924 [ERROR] LogOutputStream:75 - [STDERR_REDIRECT] [Fatal Error] :1:1: Premature end of file.
2025-11-05 17:06:08,924 [ERROR] LogOutputStream:75 - [STDERR_REDIRECT] 
2025-11-05 17:06:09,939 [ERROR] LogOutputStream:75 - [STDERR_REDIRECT] [Fatal Error] :1:1: Premature end of file.
2025-11-05 17:06:09,939 [ERROR] LogOutputStream:75 - [STDERR_REDIRECT] 
2025-11-05 17:06:10,929 [ERROR] LogOutputStream:75 - [STDERR_REDIRECT] [Fatal Error] :1:1: Premature end of file.
2025-11-05 17:06:10,929 [ERROR] LogOutputStream:75 - [STDERR_REDIRECT] 
2025-11-05 17:06:11,931 [ERROR] LogOutputStream:75 - [STDERR_REDIRECT] [Fatal Error] :1:1: Premature end of file.
2025-11-05 17:06:11,931 [ERROR] LogOutputStream:75 - [STDERR_REDIRECT] 
2025-11-05 17:06:12,925 [ERROR] LogOutputStream:75 - [STDERR_REDIRECT] [Fatal Error] :1:1: Premature end of file.
2025-11-05 17:06:12,925 [ERROR] LogOutputStream:75 - [STDERR_REDIRECT] 
2025-11-05 17:06:13,906 [ERROR] LogOutputStream:75 - [STDERR_REDIRECT] [Fatal Error] :1:1: Premature end of file.
2025-11-05 17:06:13,906 [ERROR] LogOutputStream:75 - [STDERR_REDIRECT] 
2025-11-05 17:06:14,923 [ERROR] LogOutputStream:75 - [STDERR_REDIRECT] [Fatal Error] :1:1: Premature end of file.
2025-11-05 17:06:14,923 [ERROR] LogOutputStream:75 - [STDERR_REDIRECT] 
2025-11-05 17:06:16,033 [ERROR] LogOutputStream:75 - [STDERR_REDIRECT] [Fatal Error] :1:1: Premature end of file.
2025-11-05 17:06:16,033 [ERROR] LogOutputStream:75 - [STDERR_REDIRECT] 
2025-11-05 17:06:16,921 [ERROR] LogOutputStream:75 - [STDERR_REDIRECT] [Fatal Error] :1:1: Premature end of file.
2025-11-05 17:06:16,921 [ERROR] LogOutputStream:75 - [STDERR_REDIRECT] 
2025-11-05 17:06:17,921 [ERROR] LogOutputStream:75 - [STDERR_REDIRECT] [Fatal Error] :1:1: Premature end of file.
2025-11-05 17:06:17,921 [ERROR] LogOutputStream:75 - [STDERR_REDIRECT] 
2025-11-05 17:06:18,948 [ERROR] LogOutputStream:75 - [STDERR_REDIRECT] [Fatal Error] :1:1: Premature end of file.
2025-11-05 17:06:18,948 [ERROR] LogOutputStream:75 - [STDERR_REDIRECT] 
2025-11-05 17:06:19,924 [ERROR] LogOutputStream:75 - [STDERR_REDIRECT] [Fatal Error] :1:1: Premature end of file.
2025-11-05 17:06:19,924 [ERROR] LogOutputStream:75 - [STDERR_REDIRECT] 
2025-11-05 17:06:20,934 [ERROR] LogOutputStream:75 - [STDERR_REDIRECT] [Fatal Error] :1:1: Premature end of file.
2025-11-05 17:06:20,934 [ERROR] LogOutputStream:75 - [STDERR_REDIRECT] 
2025-11-05 17:06:21,931 [ERROR] LogOutputStream:75 - [STDERR_REDIRECT] [Fatal Error] :1:1: Premature end of file.
2025-11-05 17:06:21,931 [ERROR] LogOutputStream:75 - [STDERR_REDIRECT] 
2025-11-05 17:06:22,913 [ERROR] LogOutputStream:75 - [STDERR_REDIRECT] [Fatal Error] :1:1: Premature end of file.
2025-11-05 17:06:22,929 [ERROR] LogOutputStream:75 - [STDERR_REDIRECT] 
2025-11-05 17:06:23,933 [ERROR] LogOutputStream:75 - [STDERR_REDIRECT] [Fatal Error] :1:1: Premature end of file.
2025-11-05 17:06:23,933 [ERROR] LogOutputStream:75 - [STDERR_REDIRECT] 
2025-11-05 17:06:24,928 [ERROR] LogOutputStream:75 - [STDERR_REDIRECT] [Fatal Error] :1:1: Premature end of file.
2025-11-05 17:06:24,928 [ERROR] LogOutputStream:75 - [STDERR_REDIRECT] 
2025-11-05 17:06:25,930 [ERROR] LogOutputStream:75 - [STDERR_REDIRECT] [Fatal Error] :1:1: Premature end of file.
2025-11-05 17:06:25,935 [ERROR] LogOutputStream:75 - [STDERR_REDIRECT] 
2025-11-05 17:06:26,919 [ERROR] LogOutputStream:75 - [STDERR_REDIRECT] [Fatal Error] :1:1: Premature end of file.
2025-11-05 17:06:26,919 [ERROR] LogOutputStream:75 - [STDERR_REDIRECT] 
2025-11-05 17:06:27,937 [ERROR] LogOutputStream:75 - [STDERR_REDIRECT] [Fatal Error] :1:1: Premature end of file.
2025-11-05 17:06:27,937 [ERROR] LogOutputStream:75 - [STDERR_REDIRECT] 
2025-11-05 17:06:28,921 [ERROR] LogOutputStream:75 - [STDERR_REDIRECT] [Fatal Error] :1:1: Premature end of file.
2025-11-05 17:06:28,921 [ERROR] LogOutputStream:75 - [STDERR_REDIRECT] 
2025-11-05 17:06:29,918 [ERROR] LogOutputStream:75 - [STDERR_REDIRECT] [Fatal Error] :1:1: Premature end of file.
2025-11-05 17:06:29,926 [ERROR] LogOutputStream:75 - [STDERR_REDIRECT] 
2025-11-05 17:06:30,968 [ERROR] LogOutputStream:75 - [STDERR_REDIRECT] [Fatal Error] :1:1: Premature end of file.
2025-11-05 17:06:30,968 [ERROR] LogOutputStream:75 - [STDERR_REDIRECT] 
2025-11-05 17:06:31,933 [ERROR] LogOutputStream:75 - [STDERR_REDIRECT] [Fatal Error] :1:1: Premature end of file.
2025-11-05 17:06:31,933 [ERROR] LogOutputStream:75 - [STDERR_REDIRECT] 
2025-11-05 17:06:32,925 [ERROR] LogOutputStream:75 - [STDERR_REDIRECT] [Fatal Error] :1:1: Premature end of file.
2025-11-05 17:06:32,925 [ERROR] LogOutputStream:75 - [STDERR_REDIRECT] 
2025-11-05 17:06:33,927 [ERROR] LogOutputStream:75 - [STDERR_REDIRECT] [Fatal Error] :1:1: Premature end of file.
2025-11-05 17:06:33,927 [ERROR] LogOutputStream:75 - [STDERR_REDIRECT] 
2025-11-05 17:06:34,945 [ERROR] LogOutputStream:75 - [STDERR_REDIRECT] [Fatal Error] :1:1: Premature end of file.
2025-11-05 17:06:34,946 [ERROR] LogOutputStream:75 - [STDERR_REDIRECT] 
2025-11-05 17:06:35,915 [ERROR] LogOutputStream:75 - [STDERR_REDIRECT] [Fatal Error] :1:1: Premature end of file.
2025-11-05 17:06:35,915 [ERROR] LogOutputStream:75 - [STDERR_REDIRECT] 
2025-11-05 17:06:36,803 [INFO] UtilMem:75 - End SaveConfig() Used Memory: 407351256 Bytes (947912704)
2025-11-05 17:06:36,960 [ERROR] LogOutputStream:75 - [STDERR_REDIRECT] [Fatal Error] :1:1: Premature end of file.
2025-11-05 17:06:36,960 [ERROR] LogOutputStream:75 - [STDERR_REDIRECT] 
2025-11-05 17:06:37,779 [INFO] UtilMem:75 - End SaveConfig() Used Memory: 462895344 Bytes (947912704)
2025-11-05 17:06:37,972 [ERROR] LogOutputStream:75 - [STDERR_REDIRECT] [Fatal Error] :1:1: Premature end of file.
2025-11-05 17:06:37,973 [ERROR] LogOutputStream:75 - [STDERR_REDIRECT] 
2025-11-05 17:06:38,119 [INFO] UtilMem:75 - End SaveConfig() Used Memory: 503789808 Bytes (947912704)
2025-11-05 17:06:38,688 [INFO] BlockDiagram:2775 - set Specific Code input for plugin: RCC
2025-11-05 17:06:38,688 [INFO] BlockDiagram:2775 - set Specific Code input for plugin: MEMORYMAP
2025-11-05 17:06:38,688 [INFO] BlockDiagram:2775 - set Specific Code input for plugin: SYS
2025-11-05 17:06:38,688 [INFO] BlockDiagram:2775 - set Specific Code input for plugin: NVIC
2025-11-05 17:06:38,688 [INFO] BlockDiagram:2775 - set Specific Code input for plugin: CORTEX_M7
2025-11-05 17:06:38,688 [INFO] BlockDiagram:2775 - set Specific Code input for plugin: GPIO
2025-11-05 17:06:38,729 [INFO] CodeGenerator:892 - code generatio: config db path: C:\ST\STM32CubeIDE_1.19.0\STM32CubeIDE\plugins\com.st.stm32cube.common.mx_6.15.0.202507011659\\db\
2025-11-05 17:06:38,873 [INFO] CodeEngine:265 - oldGeneratedFile, C:\Users\allan\Documents\AI_Wallet_Grade3\Basic\STM32\BLE\MXTmpFiles\license.tmp_save
2025-11-05 17:06:38,924 [ERROR] LogOutputStream:75 - [STDERR_REDIRECT] [Fatal Error] :1:1: Premature end of file.
2025-11-05 17:06:38,924 [ERROR] LogOutputStream:75 - [STDERR_REDIRECT] 
2025-11-05 17:06:39,198 [INFO] CodeEngine:289 - Generated code: C:\Users\allan\Documents\AI_Wallet_Grade3\Basic\STM32\BLE\MXTmpFiles\license.tmp
2025-11-05 17:06:39,246 [INFO] CodeEngine:265 - oldGeneratedFile, C:\Users\allan\Documents\AI_Wallet_Grade3\Basic\STM32\BLE\MXTmpFiles\gpio.tmp_save
2025-11-05 17:06:39,565 [INFO] CodeEngine:289 - Generated code: C:\Users\allan\Documents\AI_Wallet_Grade3\Basic\STM32\BLE\MXTmpFiles\gpio.tmp
2025-11-05 17:06:39,600 [WARN] IPConfigManager:103 - WARNING: Missing Config File for MEMORYMAP ip!!
2025-11-05 17:06:39,644 [INFO] CodeEngine:265 - oldGeneratedFile, C:\Users\allan\Documents\AI_Wallet_Grade3\Basic\STM32\BLE\MXTmpFiles\cortex.tmp_save
2025-11-05 17:06:39,890 [INFO] CodeEngine:289 - Generated code: C:\Users\allan\Documents\AI_Wallet_Grade3\Basic\STM32\BLE\MXTmpFiles\cortex.tmp
2025-11-05 17:06:39,918 [ERROR] LogOutputStream:75 - [STDERR_REDIRECT] [Fatal Error] :1:1: Premature end of file.
2025-11-05 17:06:39,919 [ERROR] LogOutputStream:75 - [STDERR_REDIRECT] 
2025-11-05 17:06:39,926 [INFO] CodeEngine:265 - oldGeneratedFile, C:\Users\allan\Documents\AI_Wallet_Grade3\Basic\STM32\BLE\Core\Src\stm32h7xx_it.c_save
2025-11-05 17:06:40,204 [INFO] CodeEngine:289 - Generated code: C:\Users\allan\Documents\AI_Wallet_Grade3\Basic\STM32\BLE\Core\Src\stm32h7xx_it.c
2025-11-05 17:06:40,229 [INFO] CodeEngine:265 - oldGeneratedFile, C:\Users\allan\Documents\AI_Wallet_Grade3\Basic\STM32\BLE\Core\Inc\stm32h7xx_it.h_save
2025-11-05 17:06:40,343 [INFO] CodeEngine:289 - Generated code: C:\Users\allan\Documents\AI_Wallet_Grade3\Basic\STM32\BLE\Core\Inc\stm32h7xx_it.h
2025-11-05 17:06:40,401 [INFO] CodeEngine:265 - oldGeneratedFile, C:\Users\allan\Documents\AI_Wallet_Grade3\Basic\STM32\BLE\Core\Src\stm32h7xx_hal_msp.c_save
2025-11-05 17:06:40,686 [INFO] CodeEngine:289 - Generated code: C:\Users\allan\Documents\AI_Wallet_Grade3\Basic\STM32\BLE\Core\Src\stm32h7xx_hal_msp.c
2025-11-05 17:06:40,707 [INFO] CodeEngine:265 - oldGeneratedFile, C:\Users\allan\Documents\AI_Wallet_Grade3\Basic\STM32\BLE\MXTmpFiles\system.tmp_save
2025-11-05 17:06:40,791 [INFO] CodeEngine:289 - Generated code: C:\Users\allan\Documents\AI_Wallet_Grade3\Basic\STM32\BLE\MXTmpFiles\system.tmp
2025-11-05 17:06:40,837 [INFO] CodeEngine:321 - oldGeneratedFile, C:\Users\allan\Documents\AI_Wallet_Grade3\Basic\STM32\BLE\Core\Inc\stm32h7xx_hal_conf.h_save
2025-11-05 17:06:40,916 [ERROR] LogOutputStream:75 - [STDERR_REDIRECT] [Fatal Error] :1:1: Premature end of file.
2025-11-05 17:06:40,916 [ERROR] LogOutputStream:75 - [STDERR_REDIRECT] 
2025-11-05 17:06:41,136 [INFO] CodeEngine:345 - Generated code: C:\Users\allan\Documents\AI_Wallet_Grade3\Basic\STM32\BLE\Core\Inc\stm32h7xx_hal_conf.h
2025-11-05 17:06:41,240 [INFO] CodeEngine:265 - oldGeneratedFile, C:\Users\allan\Documents\AI_Wallet_Grade3\Basic\STM32\BLE\Core\Inc\main.h_save
2025-11-05 17:06:41,551 [INFO] CodeEngine:289 - Generated code: C:\Users\allan\Documents\AI_Wallet_Grade3\Basic\STM32\BLE\Core\Inc\main.h
2025-11-05 17:06:41,572 [INFO] CodeEngine:265 - oldGeneratedFile, C:\Users\allan\Documents\AI_Wallet_Grade3\Basic\STM32\BLE\Core\Src\main.c_save
2025-11-05 17:06:41,828 [INFO] CodeEngine:289 - Generated code: C:\Users\allan\Documents\AI_Wallet_Grade3\Basic\STM32\BLE\Core\Src\main.c
2025-11-05 17:06:41,923 [ERROR] LogOutputStream:75 - [STDERR_REDIRECT] [Fatal Error] :1:1: Premature end of file.
2025-11-05 17:06:41,923 [ERROR] LogOutputStream:75 - [STDERR_REDIRECT] 
2025-11-05 17:06:42,634 [INFO] ProjectBuilder:3606 - Time for Copy HAL[1] : 528mS.
2025-11-05 17:06:42,650 [INFO] ProjectBuilder:5216 - Project Generator version: 4.7.0-B52
2025-11-05 17:06:42,776 [INFO] ConfigFileManager:1595 - The Die is : DIE450
2025-11-05 17:06:42,933 [ERROR] LogOutputStream:75 - [STDERR_REDIRECT] [Fatal Error] :1:1: Premature end of file.
2025-11-05 17:06:42,933 [ERROR] LogOutputStream:75 - [STDERR_REDIRECT] 
2025-11-05 17:06:43,955 [ERROR] LogOutputStream:75 - [STDERR_REDIRECT] [Fatal Error] :1:1: Premature end of file.
2025-11-05 17:06:43,956 [ERROR] LogOutputStream:75 - [STDERR_REDIRECT] 
2025-11-05 17:06:44,944 [ERROR] LogOutputStream:75 - [STDERR_REDIRECT] [Fatal Error] :1:1: Premature end of file.
2025-11-05 17:06:44,944 [ERROR] LogOutputStream:75 - [STDERR_REDIRECT] 
2025-11-05 17:06:45,583 [INFO] ProjectBuilder:5496 - Time for Generating toolchain IDE Files: 2933mS.
2025-11-05 17:06:45,589 [INFO] ProjectBuilder:3463 - Time for Copy CMSIS : 6mS.
2025-11-05 17:06:45,592 [INFO] ProjectBuilder:3463 - Time for Copy CMSIS : 0mS.
2025-11-05 17:06:45,943 [ERROR] LogOutputStream:75 - [STDERR_REDIRECT] [Fatal Error] :1:1: Premature end of file.
2025-11-05 17:06:45,943 [ERROR] LogOutputStream:75 - [STDERR_REDIRECT] 
2025-11-05 17:06:46,945 [ERROR] LogOutputStream:75 - [STDERR_REDIRECT] [Fatal Error] :1:1: Premature end of file.
2025-11-05 17:06:46,946 [ERROR] LogOutputStream:75 - [STDERR_REDIRECT] 
2025-11-05 17:06:47,937 [ERROR] LogOutputStream:75 - [STDERR_REDIRECT] [Fatal Error] :1:1: Premature end of file.
2025-11-05 17:06:47,937 [ERROR] LogOutputStream:75 - [STDERR_REDIRECT] 
2025-11-05 17:06:48,969 [ERROR] LogOutputStream:75 - [STDERR_REDIRECT] [Fatal Error] :1:1: Premature end of file.
2025-11-05 17:06:48,969 [ERROR] LogOutputStream:75 - [STDERR_REDIRECT] 
2025-11-05 17:06:49,137 [ERROR] LogOutputStream:75 - [STDERR_REDIRECT] 
