2025-12-11 18:07:27,408 [INFO] Activator:176 - 


2025-12-11 18:07:27,417 [INFO] Activator:177 - !SESSION log4j initialized
2025-12-11 18:07:36,750 [INFO] LogOutputStream:77 - [STDOUT_REDIRECT] 
2025-12-11 18:07:42,293 [INFO] ApplicationProperties:184 - Using Application install path: C:\ST\STM32CubeIDE_1.19.0\STM32CubeIDE\plugins\com.st.stm32cube.common.mx_6.15.0.202507011659
2025-12-11 18:07:42,320 [INFO] DbMcusXml:78 - Set database path to: C:\ST\STM32CubeIDE_1.19.0\STM32CubeIDE\plugins\com.st.stm32cube.common.mx_6.15.0.202507011659\\db\/mcu/
2025-12-11 18:07:42,320 [INFO] ApiDb:274 - Set plugin database path to: C:\ST\STM32CubeIDE_1.19.0\STM32CubeIDE\plugins\com.st.stm32cube.common.mx_6.15.0.202507011659\\db\/plugins/boardmanager/
2025-12-11 18:07:42,320 [WARN] ApiDb:259 - Overriding images path with different value:  => C:\ST\STM32CubeIDE_1.19.0\STM32CubeIDE\plugins\com.st.stm32cube.common.mx_6.15.0.202507011659\\db\/plugins/mcufinder/images/
2025-12-11 18:07:42,343 [INFO] ApiDb:250 - Set database path to: C:\Users\allan\.stmcufinder\plugins\mcufinder//mcu/
2025-12-11 18:07:42,343 [INFO] DbMcusAds:125 - Set database path to: C:\Users\allan\.stmcufinder\plugins\mcufinder//mcu/
2025-12-11 18:07:42,349 [INFO] CrossReferenceDbSqlite:203 - Set database path to: C:\Users\allan\.stmcufinder\plugins\mcufinder//mcu/cs/
2025-12-11 18:07:42,517 [INFO] RulesReader:64 - Compatibility file has been processed (317 Rules)
2025-12-11 18:07:42,638 [INFO] DbMcusXml:78 - Set database path to: C:\ST\STM32CubeIDE_1.19.0\STM32CubeIDE\plugins\com.st.stm32cube.common.mx_6.15.0.202507011659\\db\/mcu/
2025-12-11 18:07:42,638 [INFO] ApiDb:274 - Set plugin database path to: C:\ST\STM32CubeIDE_1.19.0\STM32CubeIDE\plugins\com.st.stm32cube.common.mx_6.15.0.202507011659\\db\/plugins/boardmanager/
2025-12-11 18:07:42,638 [INFO] ApiDb:261 - Set plugin images path to: C:\ST\STM32CubeIDE_1.19.0\STM32CubeIDE\plugins\com.st.stm32cube.common.mx_6.15.0.202507011659\\db\/plugins/mcufinder/images/
2025-12-11 18:07:42,638 [WARN] DbFile:41 - Overriding database path with different value: C:\Users\allan\.stmcufinder\plugins\mcufinder/ => C:\Users\allan\.stmcufinder\plugins\mcufinder
2025-12-11 18:07:42,638 [INFO] ApiDb:250 - Set database path to: C:\Users\allan\.stmcufinder\plugins\mcufinder//mcu/
2025-12-11 18:07:42,638 [WARN] DbFile:41 - Overriding database path with different value: C:\Users\allan\.stmcufinder\plugins\mcufinder/ => C:\Users\allan\.stmcufinder\plugins\mcufinder
2025-12-11 18:07:42,638 [INFO] DbMcusAds:125 - Set database path to: C:\Users\allan\.stmcufinder\plugins\mcufinder//mcu/
2025-12-11 18:07:42,638 [WARN] DbFile:41 - Overriding database path with different value: C:\Users\allan\.stmcufinder\plugins\mcufinder/ => C:\Users\allan\.stmcufinder\plugins\mcufinder
2025-12-11 18:07:42,638 [WARN] DbFile:41 - Overriding database path with different value: C:\Users\allan\.stmcufinder\plugins\mcufinder/ => C:\Users\allan\.stmcufinder\plugins\mcufinder
2025-12-11 18:07:42,638 [INFO] CrossReferenceDbSqlite:203 - Set database path to: C:\Users\allan\.stmcufinder\plugins\mcufinder//mcu/cs/
2025-12-11 18:07:42,745 [INFO] MainPanel:274 - HeapMemory: 274726912
2025-12-11 18:07:42,891 [INFO] DbMcusXml:78 - Set database path to: C:\ST\STM32CubeIDE_1.19.0\STM32CubeIDE\plugins\com.st.stm32cube.common.mx_6.15.0.202507011659\\db\/mcu/
2025-12-11 18:07:42,891 [INFO] ApiDb:274 - Set plugin database path to: C:\ST\STM32CubeIDE_1.19.0\STM32CubeIDE\plugins\com.st.stm32cube.common.mx_6.15.0.202507011659\\db\/plugins/boardmanager/
2025-12-11 18:07:42,891 [INFO] ApiDb:261 - Set plugin images path to: C:\ST\STM32CubeIDE_1.19.0\STM32CubeIDE\plugins\com.st.stm32cube.common.mx_6.15.0.202507011659\\db\/plugins/mcufinder/images/
2025-12-11 18:07:42,891 [WARN] DbFile:41 - Overriding database path with different value: C:\Users\allan\.stmcufinder\plugins\mcufinder/ => C:\Users\allan\.stmcufinder\plugins\mcufinder
2025-12-11 18:07:42,891 [INFO] ApiDb:250 - Set database path to: C:\Users\allan\.stmcufinder\plugins\mcufinder//mcu/
2025-12-11 18:07:42,891 [WARN] DbFile:41 - Overriding database path with different value: C:\Users\allan\.stmcufinder\plugins\mcufinder/ => C:\Users\allan\.stmcufinder\plugins\mcufinder
2025-12-11 18:07:42,891 [INFO] DbMcusAds:125 - Set database path to: C:\Users\allan\.stmcufinder\plugins\mcufinder//mcu/
2025-12-11 18:07:42,891 [WARN] DbFile:41 - Overriding database path with different value: C:\Users\allan\.stmcufinder\plugins\mcufinder/ => C:\Users\allan\.stmcufinder\plugins\mcufinder
2025-12-11 18:07:42,891 [WARN] DbFile:41 - Overriding database path with different value: C:\Users\allan\.stmcufinder\plugins\mcufinder/ => C:\Users\allan\.stmcufinder\plugins\mcufinder
2025-12-11 18:07:42,891 [INFO] CrossReferenceDbSqlite:203 - Set database path to: C:\Users\allan\.stmcufinder\plugins\mcufinder//mcu/cs/
2025-12-11 18:07:42,918 [INFO] ApplicationProperties:184 - Using Application install path: C:\ST\STM32CubeIDE_1.19.0\STM32CubeIDE\plugins\com.st.stm32cube.common.mx_6.15.0.202507011659
2025-12-11 18:07:42,918 [INFO] PluginManage:196 - Search for loadable plugins [exclusion list=, ]
2025-12-11 18:07:42,924 [INFO] PluginManage:310 - Check plugin analytics
2025-12-11 18:07:43,129 [INFO] AnalyticsPlugin:253 - Accepted Software Licenses: STM32CubeMX.6.15.0
2025-12-11 18:07:43,129 [INFO] AnalyticsPlugin:255 - Accepted CMSIS Pack Licenses: 
2025-12-11 18:07:43,129 [INFO] AnalyticsPlugin:257 - Accepted Firmware Licenses: FW.H7.1.12.0
2025-12-11 18:07:43,131 [INFO] PluginManage:359 - Loaded plugin analytics (category:tool,tabindex:-1)
2025-12-11 18:07:43,131 [INFO] PluginManage:310 - Check plugin cadmodel
2025-12-11 18:07:43,161 [INFO] CADModel:105 - Init CAD model plugin
2025-12-11 18:07:43,161 [INFO] PluginManage:359 - Loaded plugin cadmodel (category:power,tabindex:5)
2025-12-11 18:07:43,161 [INFO] PluginManage:310 - Check plugin clock
2025-12-11 18:07:43,191 [INFO] PluginManage:359 - Loaded plugin clock (category:base,tabindex:2)
2025-12-11 18:07:43,191 [INFO] PluginManage:310 - Check plugin ddr
2025-12-11 18:07:43,195 [INFO] PluginManage:359 - Loaded plugin ddr (category:tool,tabindex:6)
2025-12-11 18:07:43,195 [INFO] PluginManage:310 - Check plugin filemanager
2025-12-11 18:07:43,382 [INFO] PluginManage:359 - Loaded plugin filemanager (category:base,tabindex:10)
2025-12-11 18:07:43,382 [INFO] PluginManage:310 - Check plugin ipmanager
2025-12-11 18:07:43,390 [INFO] PluginManage:359 - Loaded plugin ipmanager (category:base,tabindex:5)
2025-12-11 18:07:43,392 [INFO] PluginManage:310 - Check plugin lpbam
2025-12-11 18:07:43,419 [INFO] PluginManage:359 - Loaded plugin lpbam (category:base,tabindex:0)
2025-12-11 18:07:43,419 [INFO] PluginManage:310 - Check plugin memorymap
2025-12-11 18:07:43,461 [INFO] PluginManage:359 - Loaded plugin memorymap (category:base,tabindex:4)
2025-12-11 18:07:43,461 [INFO] PluginManage:310 - Check plugin pinoutandconfiguration
2025-12-11 18:07:43,501 [INFO] PluginManage:359 - Loaded plugin pinoutandconfiguration (category:base,tabindex:1)
2025-12-11 18:07:43,501 [INFO] PluginManage:310 - Check plugin pinoutconfig
2025-12-11 18:07:43,668 [WARN] SupportedApi:132 - Cannot load RTOS API schema: s4s-elt-must-match.1: The content of 'definitions' must match (annotation?, (simpleType | complexType)?, (unique | key | keyref)*)). A problem was found starting at: attribute.
2025-12-11 18:07:43,919 [INFO] PluginManage:359 - Loaded plugin pinoutconfig (category:base,tabindex:0)
2025-12-11 18:07:43,919 [INFO] PluginManage:310 - Check plugin power
2025-12-11 18:07:43,979 [INFO] PluginManage:359 - Loaded plugin power (category:power,tabindex:4)
2025-12-11 18:07:43,981 [INFO] PluginManage:310 - Check plugin projectmanager
2025-12-11 18:07:44,031 [INFO] PluginManage:359 - Loaded plugin projectmanager (category:projectmanager,tabindex:4)
2025-12-11 18:07:44,031 [INFO] PluginManage:310 - Check plugin rif
2025-12-11 18:07:44,090 [INFO] PluginManage:359 - Loaded plugin rif (category:base,tabindex:3)
2025-12-11 18:07:44,090 [INFO] PluginManage:310 - Check plugin thirdparty
2025-12-11 18:07:44,670 [INFO] PluginManage:359 - Loaded plugin thirdparty (category:base,tabindex:-1)
2025-12-11 18:07:44,670 [WARN] IntegrityCheckThread:84 - waiting for thirdparty lock release [integrity check]
2025-12-11 18:07:44,670 [INFO] PluginManage:310 - Check plugin tools
2025-12-11 18:07:44,670 [INFO] IntegrityCheckThread:86 - entering critical section [integrity check]
2025-12-11 18:07:44,671 [INFO] ThirdPartyUpdaterWithRetryManager:70 - Updater plugin not ready yet. [1/15]
2025-12-11 18:07:44,736 [INFO] PluginManage:359 - Loaded plugin tools (category:base,tabindex:7)
2025-12-11 18:07:44,736 [INFO] PluginManage:310 - Check plugin tutovideos
2025-12-11 18:07:45,033 [INFO] PluginManage:359 - Loaded plugin tutovideos (category:base,tabindex:-1)
2025-12-11 18:07:45,033 [INFO] PluginManage:310 - Check plugin updater
2025-12-11 18:07:45,064 [INFO] PluginManage:359 - Loaded plugin updater (category:base,tabindex:12)
2025-12-11 18:07:45,064 [INFO] PluginManage:310 - Check plugin userauth
2025-12-11 18:07:45,067 [INFO] UserAuth:118 - Init User Auth plugin
2025-12-11 18:07:45,067 [INFO] PluginManage:359 - Loaded plugin userauth (category:base,tabindex:14)
2025-12-11 18:07:45,067 [INFO] PluginManage:283 - PluginManage : Loaded plugins [18]
2025-12-11 18:07:45,336 [INFO] PinOutPanel:1589 - setPackage(No Configuration,No Configuration)
2025-12-11 18:07:45,447 [INFO] CADModel:165 - CPN selected for project level
2025-12-11 18:07:45,447 [INFO] CADModel:114 - Register for checkConnection events
2025-12-11 18:07:45,479 [INFO] IPUIPlugin:80 - create IPUIPlugin
2025-12-11 18:07:45,479 [INFO] PluginManager:220 - loadIPPluginJar : add adc
2025-12-11 18:07:45,552 [INFO] IPUIPlugin:80 - create IPUIPlugin
2025-12-11 18:07:45,552 [INFO] PluginManager:220 - loadIPPluginJar : add aes
2025-12-11 18:07:45,624 [INFO] IPUIPlugin:80 - create IPUIPlugin
2025-12-11 18:07:45,624 [INFO] PluginManager:220 - loadIPPluginJar : add can
2025-12-11 18:07:45,677 [INFO] IPUIPlugin:80 - create IPUIPlugin
2025-12-11 18:07:45,677 [INFO] PluginManager:220 - loadIPPluginJar : add comp
2025-12-11 18:07:45,743 [INFO] IPUIPlugin:80 - create IPUIPlugin
2025-12-11 18:07:45,743 [INFO] PluginManager:220 - loadIPPluginJar : add cryp
2025-12-11 18:07:45,767 [INFO] IPUIPlugin:80 - create IPUIPlugin
2025-12-11 18:07:45,767 [INFO] PluginManager:220 - loadIPPluginJar : add ddr_ctrl_phy
2025-12-11 18:07:45,826 [INFO] IPUIPlugin:80 - create IPUIPlugin
2025-12-11 18:07:45,826 [INFO] PluginManager:220 - loadIPPluginJar : add dfsdm
2025-12-11 18:07:45,852 [INFO] IPUIPlugin:80 - create IPUIPlugin
2025-12-11 18:07:45,852 [INFO] PluginManager:220 - loadIPPluginJar : add dma
2025-12-11 18:07:45,926 [INFO] IPUIPlugin:80 - create IPUIPlugin
2025-12-11 18:07:45,926 [INFO] PluginManager:220 - loadIPPluginJar : add dma3
2025-12-11 18:07:46,008 [INFO] IPUIPlugin:80 - create IPUIPlugin
2025-12-11 18:07:46,008 [INFO] PluginManager:220 - loadIPPluginJar : add extmemmanager
2025-12-11 18:07:46,047 [INFO] IPUIPlugin:80 - create IPUIPlugin
2025-12-11 18:07:46,047 [INFO] PluginManager:220 - loadIPPluginJar : add fatfs
2025-12-11 18:07:46,138 [INFO] IPUIPlugin:80 - create IPUIPlugin
2025-12-11 18:07:46,138 [INFO] PluginManager:220 - loadIPPluginJar : add fmc
2025-12-11 18:07:46,162 [INFO] IPUIPlugin:80 - create IPUIPlugin
2025-12-11 18:07:46,162 [INFO] PluginManager:220 - loadIPPluginJar : add freertos
2025-12-11 18:07:46,202 [INFO] IPUIPlugin:80 - create IPUIPlugin
2025-12-11 18:07:46,202 [INFO] PluginManager:220 - loadIPPluginJar : add genericplugin
2025-12-11 18:07:46,390 [INFO] IPUIPlugin:80 - create IPUIPlugin
2025-12-11 18:07:46,390 [INFO] PluginManager:220 - loadIPPluginJar : add gfxmmu
2025-12-11 18:07:46,739 [INFO] IPUIPlugin:80 - create IPUIPlugin
2025-12-11 18:07:46,739 [INFO] PluginManager:220 - loadIPPluginJar : add gic
2025-12-11 18:07:46,769 [INFO] IPUIPlugin:80 - create IPUIPlugin
2025-12-11 18:07:46,769 [INFO] PluginManager:220 - loadIPPluginJar : add gpio
2025-12-11 18:07:47,031 [INFO] IPUIPlugin:80 - create IPUIPlugin
2025-12-11 18:07:47,033 [INFO] PluginManager:220 - loadIPPluginJar : add gtzc
2025-12-11 18:07:47,136 [INFO] IPUIPlugin:80 - create IPUIPlugin
2025-12-11 18:07:47,136 [INFO] PluginManager:220 - loadIPPluginJar : add hash
2025-12-11 18:07:47,251 [INFO] IPUIPlugin:80 - create IPUIPlugin
2025-12-11 18:07:47,251 [INFO] PluginManager:220 - loadIPPluginJar : add i2c
2025-12-11 18:07:47,357 [INFO] IPUIPlugin:80 - create IPUIPlugin
2025-12-11 18:07:47,357 [INFO] PluginManager:220 - loadIPPluginJar : add i2s
2025-12-11 18:07:47,438 [INFO] IPUIPlugin:80 - create IPUIPlugin
2025-12-11 18:07:47,438 [INFO] PluginManager:220 - loadIPPluginJar : add i3c
2025-12-11 18:07:47,632 [INFO] IPUIPlugin:80 - create IPUIPlugin
2025-12-11 18:07:47,632 [INFO] PluginManager:220 - loadIPPluginJar : add ipddr
2025-12-11 18:07:47,673 [INFO] ThirdPartyUpdaterWithRetryManager:70 - Updater plugin not ready yet. [2/15]
2025-12-11 18:07:47,835 [INFO] IPUIPlugin:80 - create IPUIPlugin
2025-12-11 18:07:47,835 [INFO] PluginManager:220 - loadIPPluginJar : add linkedlist
2025-12-11 18:07:47,941 [INFO] IPUIPlugin:80 - create IPUIPlugin
2025-12-11 18:07:47,941 [INFO] PluginManager:220 - loadIPPluginJar : add lorawan
2025-12-11 18:07:48,053 [INFO] IPUIPlugin:80 - create IPUIPlugin
2025-12-11 18:07:48,055 [INFO] PluginManager:220 - loadIPPluginJar : add ltdc
2025-12-11 18:07:48,103 [INFO] IPUIPlugin:80 - create IPUIPlugin
2025-12-11 18:07:48,103 [INFO] PluginManager:220 - loadIPPluginJar : add mdma
2025-12-11 18:07:48,142 [INFO] IPUIPlugin:80 - create IPUIPlugin
2025-12-11 18:07:48,142 [INFO] PluginManager:220 - loadIPPluginJar : add nvic
2025-12-11 18:07:48,295 [INFO] IPUIPlugin:80 - create IPUIPlugin
2025-12-11 18:07:48,297 [INFO] PluginManager:220 - loadIPPluginJar : add opamp
2025-12-11 18:07:48,535 [INFO] IPUIPlugin:80 - create IPUIPlugin
2025-12-11 18:07:48,535 [INFO] PluginManager:220 - loadIPPluginJar : add openamp
2025-12-11 18:07:48,726 [INFO] IPUIPlugin:80 - create IPUIPlugin
2025-12-11 18:07:48,726 [INFO] PluginManager:220 - loadIPPluginJar : add pdm2pcm
2025-12-11 18:07:48,775 [INFO] IPUIPlugin:80 - create IPUIPlugin
2025-12-11 18:07:48,782 [INFO] PluginManager:220 - loadIPPluginJar : add plateformsettings
2025-12-11 18:07:48,880 [INFO] IPUIPlugin:80 - create IPUIPlugin
2025-12-11 18:07:48,880 [INFO] PluginManager:220 - loadIPPluginJar : add quadspi
2025-12-11 18:07:48,983 [INFO] IPUIPlugin:80 - create IPUIPlugin
2025-12-11 18:07:48,985 [INFO] PluginManager:220 - loadIPPluginJar : add radio
2025-12-11 18:07:49,029 [INFO] IPUIPlugin:80 - create IPUIPlugin
2025-12-11 18:07:49,029 [INFO] PluginManager:220 - loadIPPluginJar : add resmgrutility
2025-12-11 18:07:49,206 [INFO] IPUIPlugin:80 - create IPUIPlugin
2025-12-11 18:07:49,206 [INFO] PluginManager:220 - loadIPPluginJar : add sai
2025-12-11 18:07:49,354 [INFO] IPUIPlugin:80 - create IPUIPlugin
2025-12-11 18:07:49,354 [INFO] PluginManager:220 - loadIPPluginJar : add spi
2025-12-11 18:07:49,642 [INFO] IPUIPlugin:80 - create IPUIPlugin
2025-12-11 18:07:49,642 [INFO] PluginManager:220 - loadIPPluginJar : add stm32_wpan
2025-12-11 18:07:49,739 [INFO] IPUIPlugin:80 - create IPUIPlugin
2025-12-11 18:07:49,739 [INFO] PluginManager:220 - loadIPPluginJar : add tim
2025-12-11 18:07:49,963 [INFO] IPUIPlugin:80 - create IPUIPlugin
2025-12-11 18:07:49,968 [INFO] PluginManager:220 - loadIPPluginJar : add touchsensing
2025-12-11 18:07:50,055 [INFO] IPUIPlugin:80 - create IPUIPlugin
2025-12-11 18:07:50,055 [INFO] PluginManager:220 - loadIPPluginJar : add tracer_emb
2025-12-11 18:07:50,147 [INFO] IPUIPlugin:80 - create IPUIPlugin
2025-12-11 18:07:50,148 [INFO] PluginManager:220 - loadIPPluginJar : add ts
2025-12-11 18:07:50,250 [INFO] IPUIPlugin:80 - create IPUIPlugin
2025-12-11 18:07:50,250 [INFO] PluginManager:220 - loadIPPluginJar : add tsc
2025-12-11 18:07:50,352 [INFO] IPUIPlugin:80 - create IPUIPlugin
2025-12-11 18:07:50,352 [INFO] PluginManager:220 - loadIPPluginJar : add ucpd
2025-12-11 18:07:50,522 [INFO] IPUIPlugin:80 - create IPUIPlugin
2025-12-11 18:07:50,522 [INFO] PluginManager:220 - loadIPPluginJar : add usart
2025-12-11 18:07:50,675 [INFO] IPUIPlugin:80 - create IPUIPlugin
2025-12-11 18:07:50,675 [INFO] PluginManager:220 - loadIPPluginJar : add usbx
2025-12-11 18:07:50,683 [INFO] ThirdPartyUpdaterWithRetryManager:70 - Updater plugin not ready yet. [3/15]
2025-12-11 18:07:50,889 [FATAL] Updater:351 - Updater called before beeing initialized
2025-12-11 18:07:50,959 [INFO] RulesReader:64 - Compatibility file has been processed (317 Rules)
2025-12-11 18:07:50,995 [INFO] RulesReader:64 - Compatibility file has been processed (317 Rules)
2025-12-11 18:07:51,032 [INFO] CADModel:165 - CPN selected for project level
2025-12-11 18:07:51,034 [INFO] CADModel:114 - Register for checkConnection events
2025-12-11 18:07:51,034 [FATAL] Updater:351 - Updater called before beeing initialized
2025-12-11 18:07:51,034 [ERROR] CADModel:125 - Updater not yet initialized, retry later 
2025-12-11 18:07:51,785 [FATAL] Updater:351 - Updater called before beeing initialized
2025-12-11 18:07:51,789 [INFO] CADModel:165 - CPN selected for project level
2025-12-11 18:07:51,789 [INFO] CADModel:114 - Register for checkConnection events
2025-12-11 18:07:51,789 [FATAL] Updater:351 - Updater called before beeing initialized
2025-12-11 18:07:51,789 [ERROR] CADModel:125 - Updater not yet initialized, retry later 
2025-12-11 18:07:51,797 [FATAL] Updater:351 - Updater called before beeing initialized
2025-12-11 18:07:52,094 [FATAL] Updater:351 - Updater called before beeing initialized
2025-12-11 18:07:52,128 [INFO] DbMcusAds:53 - JSON generation date=Tue Nov 25 22:08:32 CST 2025 (1764079712287)
2025-12-11 18:07:52,128 [FATAL] Updater:351 - Updater called before beeing initialized
2025-12-11 18:07:52,235 [WARN] DetailPanel:346 - Failed to get advertising image, set to default
2025-12-11 18:07:52,494 [FATAL] Updater:351 - Updater called before beeing initialized
2025-12-11 18:07:52,497 [FATAL] Updater:351 - Updater called before beeing initialized
2025-12-11 18:07:52,497 [FATAL] Updater:351 - Updater called before beeing initialized
2025-12-11 18:07:52,497 [WARN] DetailPanel:346 - Failed to get advertising image, set to default
2025-12-11 18:07:52,499 [FATAL] Updater:351 - Updater called before beeing initialized
2025-12-11 18:07:52,665 [ERROR] Updater:1198 - MainUpdater not yet initialized. External WinMGr cannot be set.
2025-12-11 18:07:52,697 [INFO] Updater:1134 - Updater Version found : 6.15.0
2025-12-11 18:07:52,732 [INFO] ApplicationProperties:184 - Using Application install path: C:\ST\STM32CubeIDE_1.19.0\STM32CubeIDE\plugins\com.st.stm32cube.common.mx_6.15.0.202507011659
2025-12-11 18:07:53,697 [INFO] ThirdPartyUpdaterWithRetryManager:70 - Updater plugin not ready yet. [4/15]
2025-12-11 18:07:54,372 [ERROR] LogOutputStream:75 - [STDERR_REDIRECT] Dec 11, 2025 6:07:54 PM java.util.prefs.WindowsPreferences <init>
2025-12-11 18:07:54,379 [ERROR] LogOutputStream:75 - [STDERR_REDIRECT] WARNING: Could not open/create prefs root node Software\JavaSoft\Prefs at root 0xffffffff80000002. Windows RegCreateKeyEx(...) returned error code 5.
2025-12-11 18:07:54,379 [ERROR] LogOutputStream:75 - [STDERR_REDIRECT] 
2025-12-11 18:07:55,339 [INFO] MainUpdater:2872 - connection check result : 10
2025-12-11 18:07:55,341 [INFO] MainUpdater:289 - Updater Check For Update Now.
2025-12-11 18:07:55,341 [INFO] MicroXplorer:498 - Change Database Version : DB.6.0.150
2025-12-11 18:07:55,374 [INFO] McuFinderGlobals:63 - Set McuFinder mode to 2 (CubeIDE integrated)
2025-12-11 18:07:55,391 [INFO] UserAuth:487 - Internet connection configuration mode: 1
2025-12-11 18:07:55,453 [INFO] JxBrowserEngine:152 - Initiate JxBrowser Engine with user profile folder
2025-12-11 18:07:55,673 [INFO] CheckServerUpdateThread:120 - End of CheckServer Thread
2025-12-11 18:07:57,177 [WARN] PackLoader:240 - Cannot read IP mode file for STMicroelectronics.FP-SNS-MOTENVWB1.1.4.0
2025-12-11 18:07:57,203 [WARN] PackLoader:240 - Cannot read IP mode file for STMicroelectronics.FP-ATR-ASTRA1.2.0.2
2025-12-11 18:07:57,239 [WARN] PackLoader:240 - Cannot read IP mode file for STMicroelectronics.X-CUBE-SMBUS.2.1.0
2025-12-11 18:07:57,270 [WARN] PackLoader:240 - Cannot read IP mode file for STMicroelectronics.X-CUBE-ST60.1.0.0
2025-12-11 18:07:57,335 [WARN] PackLoader:240 - Cannot read IP mode file for STMicroelectronics.X-CUBE-AZRTOS-F7.1.1.0
2025-12-11 18:07:57,373 [WARN] PackLoader:240 - Cannot read IP mode file for Cesanta.I-CUBE-Mongoose.7.19.0
2025-12-11 18:07:57,449 [WARN] PackLoader:240 - Cannot read IP mode file for STMicroelectronics.FP-SNS-MOTENV1.5.1.0
2025-12-11 18:07:57,486 [WARN] PackLoader:240 - Cannot read IP mode file for WES.I-CUBE-Cesium.1.4.0
2025-12-11 18:07:57,559 [WARN] PackLoader:240 - Cannot read IP mode file for Infineon.AIROC-Wi-Fi-Bluetooth-STM32.1.7.1
2025-12-11 18:07:57,719 [WARN] PackLoader:240 - Cannot read IP mode file for STMicroelectronics.X-CUBE-AZRTOS-H7.3.4.0
2025-12-11 18:07:57,802 [WARN] PackLoader:240 - Cannot read IP mode file for STMicroelectronics.X-CUBE-DISPLAY.3.0.0
2025-12-11 18:07:57,875 [WARN] PackLoader:240 - Cannot read IP mode file for STMicroelectronics.X-CUBE-NFC10.1.0.0
2025-12-11 18:07:57,975 [WARN] PackLoader:240 - Cannot read IP mode file for STMicroelectronics.X-CUBE-ST60.1.1.0
2025-12-11 18:07:58,025 [WARN] PackLoader:240 - Cannot read IP mode file for emotas.I-CUBE-CANOPEN.1.3.0
2025-12-11 18:07:58,084 [WARN] PackLoader:240 - Cannot read IP mode file for STMicroelectronics.X-CUBE-GNSS1.7.1.0
2025-12-11 18:07:58,144 [WARN] PackLoader:240 - Cannot read IP mode file for STMicroelectronics.FP-SNS-STBOX1.2.1.0
2025-12-11 18:07:58,216 [WARN] PackLoader:240 - Cannot read IP mode file for STMicroelectronics.FP-SNS-SMARTAG2.1.2.0
2025-12-11 18:07:58,261 [WARN] PackLoader:240 - Cannot read IP mode file for STMicroelectronics.FP-SNS-FLIGHT1.5.1.0
2025-12-11 18:07:58,319 [INFO] LogOutputStream:77 - [STDOUT_REDIRECT] 1 : Invalid condition id : UX_CORESTACK_Condition cause : null
2025-12-11 18:07:58,322 [INFO] LogOutputStream:77 - [STDOUT_REDIRECT] 1 : Invalid condition id : UX_CORESTACK_Condition cause : null
2025-12-11 18:07:58,324 [INFO] LogOutputStream:77 - [STDOUT_REDIRECT] 1 : Invalid condition id : UX_CORESTACK_Condition cause : null
2025-12-11 18:07:58,327 [INFO] LogOutputStream:77 - [STDOUT_REDIRECT] 1 : Invalid condition id : UX_CORESTACK_Condition cause : null
2025-12-11 18:07:58,329 [INFO] LogOutputStream:77 - [STDOUT_REDIRECT] 1 : Invalid condition id : UX_CORESTACK_Condition cause : null
2025-12-11 18:07:58,335 [WARN] PackLoader:240 - Cannot read IP mode file for STMicroelectronics.X-CUBE-AZRTOS-WL.2.0.0
2025-12-11 18:07:58,378 [WARN] PackLoader:240 - Cannot read IP mode file for STMicroelectronics.FP-SNS-MOTENV1.5.0.0
2025-12-11 18:07:58,497 [INFO] WebApp:169 - Instantiating new browser for Auth
2025-12-11 18:07:58,564 [WARN] PackLoader:240 - Cannot read IP mode file for STMicroelectronics.X-CUBE-AZRTOS-H7RS.1.2.0
2025-12-11 18:07:58,619 [WARN] PackLoader:240 - Cannot read IP mode file for STMicroelectronics.X-CUBE-BLE2.3.3.0
2025-12-11 18:07:58,729 [WARN] PackLoader:240 - Cannot read IP mode file for STMicroelectronics.X-CUBE-NFC9.1.0.0
2025-12-11 18:07:58,764 [WARN] PackLoader:240 - Cannot read IP mode file for wolfSSL.I-CUBE-wolfSSL.5.8.2
2025-12-11 18:07:58,793 [WARN] PackLoader:240 - Cannot read IP mode file for STMicroelectronics.X-CUBE-BLE1.7.1.0
2025-12-11 18:07:58,819 [WARN] PackLoader:240 - Cannot read IP mode file for wolfSSL.I-CUBE-wolfMQTT.1.19.2
2025-12-11 18:07:58,854 [WARN] PackLoader:240 - Cannot read IP mode file for STMicroelectronics.X-CUBE-FREERTOS.1.4.0
2025-12-11 18:07:58,885 [WARN] PackLoader:240 - Cannot read IP mode file for STMicroelectronics.X-CUBE-EEPRMA1.5.2.0
2025-12-11 18:07:58,923 [WARN] PackLoader:240 - Cannot read IP mode file for STMicroelectronics.X-CUBE-ST67W61.1.1.0
2025-12-11 18:07:59,035 [WARN] PackLoader:240 - Cannot read IP mode file for STMicroelectronics.X-CUBE-MEMS1.12.0.0
2025-12-11 18:07:59,321 [WARN] PackLoader:240 - Cannot read IP mode file for STMicroelectronics.X-CUBE-AZRTOS-G0.1.1.0
2025-12-11 18:07:59,384 [WARN] PackLoader:240 - Cannot read IP mode file for STMicroelectronics.X-CUBE-SAFEA1.1.2.2
2025-12-11 18:07:59,434 [WARN] PackLoader:240 - Cannot read IP mode file for STMicroelectronics.X-CUBE-NFC4.3.0.0
2025-12-11 18:07:59,557 [WARN] PackLoader:240 - Cannot read IP mode file for EmbeddedOffice.I-CUBE-FS-RTOS.1.0.1
2025-12-11 18:07:59,662 [WARN] PackLoader:240 - Cannot read IP mode file for STMicroelectronics.X-CUBE-WB05N.2.0.0
2025-12-11 18:07:59,707 [WARN] PackLoader:240 - Cannot read IP mode file for wolfSSL.I-CUBE-wolfTPM.3.8.0
2025-12-11 18:07:59,781 [WARN] PackLoader:240 - Cannot read IP mode file for STMicroelectronics.X-CUBE-TCPP.4.2.0
2025-12-11 18:07:59,836 [WARN] PackLoader:240 - Cannot read IP mode file for RealThread.X-CUBE-RT-Thread_Nano.4.1.1
2025-12-11 18:07:59,874 [WARN] PackLoader:240 - Cannot read IP mode file for STMicroelectronics.FP-ATR-SIGFOX1.3.2.0
2025-12-11 18:07:59,919 [WARN] PackLoader:240 - Cannot read IP mode file for ITTIA_DB.I-CUBE-ITTIADB.8.9.0
2025-12-11 18:07:59,974 [WARN] PackLoader:240 - Cannot read IP mode file for STMicroelectronics.X-CUBE-ST67W61.1.0.0
2025-12-11 18:08:00,022 [WARN] PackLoader:240 - Cannot read IP mode file for STMicroelectronics.X-CUBE-AI.10.2.0
2025-12-11 18:08:00,212 [WARN] PackLoader:240 - Cannot read IP mode file for SEGGER.I-CUBE-embOS.1.3.1
2025-12-11 18:08:00,345 [WARN] PackLoader:240 - Cannot read IP mode file for STMicroelectronics.X-CUBE-ALGOBUILD.1.4.0
2025-12-11 18:08:00,495 [INFO] WebApp:463 - Apply proxy settings
2025-12-11 18:08:00,495 [INFO] WebApp:548 - Chromium requires no authentication
2025-12-11 18:08:00,513 [WARN] PackLoader:240 - Cannot read IP mode file for STMicroelectronics.X-CUBE-MEMS1.11.3.0
2025-12-11 18:08:00,527 [INFO] WebApp:491 - Direct internet connection detected
2025-12-11 18:08:00,620 [INFO] WebApp:900 - Register for checkConnection events
2025-12-11 18:08:00,620 [INFO] WebApp:463 - Apply proxy settings
2025-12-11 18:08:00,620 [INFO] WebApp:548 - Chromium requires no authentication
2025-12-11 18:08:00,622 [INFO] WebApp:491 - Direct internet connection detected
2025-12-11 18:08:00,881 [WARN] PackLoader:240 - Cannot read IP mode file for STMicroelectronics.X-CUBE-PM33A1.1.0.0
2025-12-11 18:08:00,881 [INFO] WebApp:191 - Connection restablished
2025-12-11 18:08:01,045 [WARN] PackLoader:240 - Cannot read IP mode file for STMicroelectronics.X-CUBE-AZRTOS-F4.1.1.0
2025-12-11 18:08:01,117 [WARN] PackLoader:240 - Cannot read IP mode file for STMicroelectronics.X-CUBE-ISPU.2.1.0
2025-12-11 18:08:01,179 [WARN] PackLoader:240 - Cannot read IP mode file for STMicroelectronics.X-CUBE-IPS.3.2.0
2025-12-11 18:08:01,243 [WARN] PackLoader:240 - Cannot read IP mode file for STMicroelectronics.X-CUBE-NFC12.1.0.0
2025-12-11 18:08:01,327 [WARN] PackLoader:240 - Cannot read IP mode file for STMicroelectronics.X-CUBE-AZRTOS-L5.2.0.0
2025-12-11 18:08:01,375 [WARN] PackLoader:240 - Cannot read IP mode file for STMicroelectronics.X-CUBE-NFC6.3.1.0
2025-12-11 18:08:01,412 [WARN] PackLoader:240 - Cannot read IP mode file for STMicroelectronics.X-CUBE-FREERTOS.1.3.1
2025-12-11 18:08:01,432 [INFO] WebApp:225 - Starting web application
2025-12-11 18:08:01,432 [INFO] WebApp:593 - Web application path used C:\ST\STM32CubeIDE_1.19.0\STM32CubeIDE\plugins\com.st.stm32cube.common.mx_6.15.0.202507011659\db\plugins\mcufinder\reactClient1\index.html
2025-12-11 18:08:01,469 [WARN] PackLoader:240 - Cannot read IP mode file for STMicroelectronics.X-CUBE-TOUCHGFX.4.26.0
2025-12-11 18:08:01,504 [WARN] PackLoader:240 - Cannot read IP mode file for STMicroelectronics.FP-SNS-STAIOTCFT.1.0.0
2025-12-11 18:08:01,541 [WARN] PackLoader:240 - Cannot read IP mode file for STMicroelectronics.X-CUBE-DPower.1.3.0
2025-12-11 18:08:01,612 [WARN] ConditionMgr:438 - getConditionDescription Invalid condition id : LAN8742 Phy interface Condition cause : null
2025-12-11 18:08:01,614 [WARN] PackLoader:240 - Cannot read IP mode file for STMicroelectronics.X-CUBE-AZRTOS-L4.2.0.0
2025-12-11 18:08:01,616 [WARN] ConditionMgr:1044 - genDependencies : Invalid condition id : LAN8742 Phy interface Condition cause : null
2025-12-11 18:08:01,616 [WARN] ConditionMgr:1044 - genDependencies : Invalid condition id : LAN8742 Phy interface Condition cause : null
2025-12-11 18:08:01,618 [WARN] ConditionMgr:1044 - genDependencies : Invalid condition id : LAN8742 Phy interface Condition cause : null
2025-12-11 18:08:01,659 [WARN] PackLoader:240 - Cannot read IP mode file for STMicroelectronics.X-CUBE-SFXS2LP1.4.0.0
2025-12-11 18:08:01,703 [WARN] PackLoader:240 - Cannot read IP mode file for STMicroelectronics.X-CUBE-BLEMGR.4.1.0
2025-12-11 18:08:01,769 [WARN] ConditionMgr:438 - getConditionDescription Invalid condition id : UX DEVICE CLASS RTOS Condition cause : null
2025-12-11 18:08:01,777 [WARN] ConditionMgr:438 - getConditionDescription Invalid condition id : UX DEVICE CLASS RTOS Condition cause : null
2025-12-11 18:08:01,779 [WARN] PackLoader:240 - Cannot read IP mode file for STMicroelectronics.X-CUBE-AZRTOS-WB.2.0.0
2025-12-11 18:08:01,779 [WARN] ConditionMgr:1044 - genDependencies : Invalid condition id : UX DEVICE CLASS RTOS Condition cause : null
2025-12-11 18:08:01,779 [WARN] ConditionMgr:1044 - genDependencies : Invalid condition id : UX DEVICE CLASS RTOS Condition cause : null
2025-12-11 18:08:01,779 [WARN] ConditionMgr:1044 - genDependencies : Invalid condition id : UX DEVICE CLASS RTOS Condition cause : null
2025-12-11 18:08:01,779 [WARN] ConditionMgr:1044 - genDependencies : Invalid condition id : UX DEVICE CLASS RTOS Condition cause : null
2025-12-11 18:08:01,779 [WARN] ConditionMgr:1044 - genDependencies : Invalid condition id : UX DEVICE CLASS RTOS Condition cause : null
2025-12-11 18:08:01,803 [INFO] UserAuth:487 - Internet connection configuration mode: 1
2025-12-11 18:08:01,819 [WARN] PackLoader:240 - Cannot read IP mode file for STMicroelectronics.X-CUBE-GNSS1.7.0.1
2025-12-11 18:08:01,859 [WARN] PackLoader:240 - Cannot read IP mode file for STMicroelectronics.X-CUBE-TOUCHGFX.4.25.0
2025-12-11 18:08:01,889 [WARN] ConditionMgr:438 - getConditionDescription Invalid condition id : Cortex-A Device cause : null
2025-12-11 18:08:01,934 [WARN] ConditionMgr:1044 - genDependencies : Invalid condition id : Cortex-A Device cause : null
2025-12-11 18:08:01,934 [WARN] ConditionMgr:1044 - genDependencies : Invalid condition id : Cortex-A Device cause : null
2025-12-11 18:08:01,934 [WARN] ConditionMgr:1044 - genDependencies : Invalid condition id : Cortex-A Device cause : null
2025-12-11 18:08:01,982 [WARN] PackLoader:240 - Cannot read IP mode file for STMicroelectronics.X-CUBE-SUBG2.5.0.0
2025-12-11 18:08:02,061 [WARN] PackLoader:240 - Cannot read IP mode file for STMicroelectronics.X-CUBE-AZRTOS-H7RS.1.1.0
2025-12-11 18:08:02,069 [ERROR] LogOutputStream:75 - [STDERR_REDIRECT] [Fatal Error] :1:1: Premature end of file.
2025-12-11 18:08:02,069 [ERROR] LogOutputStream:75 - [STDERR_REDIRECT] 
2025-12-11 18:08:02,118 [WARN] PackLoader:240 - Cannot read IP mode file for STMicroelectronics.X-CUBE-AZRTOS-G4.2.0.0
2025-12-11 18:08:02,147 [WARN] PackLoader:240 - Cannot read IP mode file for wolfSSL.I-CUBE-wolfSSH.1.4.20
2025-12-11 18:08:02,177 [WARN] PackLoader:240 - Cannot read IP mode file for STMicroelectronics.X-CUBE-NFC7.2.0.0
2025-12-11 18:08:02,213 [WARN] PackLoader:240 - Cannot read IP mode file for STMicroelectronics.X-CUBE-IPS.3.1.0
2025-12-11 18:08:02,246 [WARN] PackLoader:240 - Cannot read IP mode file for STMicroelectronics.X-CUBE-ALS.1.0.2
2025-12-11 18:08:02,276 [WARN] PackLoader:240 - Cannot read IP mode file for STMicroelectronics.X-CUBE-STSE01.1.0.0
2025-12-11 18:08:02,311 [WARN] PackLoader:240 - Cannot read IP mode file for STMicroelectronics.X-CUBE-TOF1.3.4.3
2025-12-11 18:08:02,319 [INFO] ThirdParty:978 - Integrity check success = true
2025-12-11 18:08:02,319 [INFO] IntegrityCheckThread:100 - exiting critical section [integrity check]
2025-12-11 18:08:02,320 [INFO] IntegrityCheckThread:103 - End integrity checks thread
2025-12-11 18:08:02,925 [ERROR] LogOutputStream:75 - [STDERR_REDIRECT] [Fatal Error] :1:1: Premature end of file.
2025-12-11 18:08:02,925 [ERROR] LogOutputStream:75 - [STDERR_REDIRECT] 
2025-12-11 18:08:03,926 [ERROR] LogOutputStream:75 - [STDERR_REDIRECT] [Fatal Error] :1:1: Premature end of file.
2025-12-11 18:08:03,926 [ERROR] LogOutputStream:75 - [STDERR_REDIRECT] 
2025-12-11 18:08:04,925 [ERROR] LogOutputStream:75 - [STDERR_REDIRECT] [Fatal Error] :1:1: Premature end of file.
2025-12-11 18:08:04,926 [ERROR] LogOutputStream:75 - [STDERR_REDIRECT] 
2025-12-11 18:08:05,924 [ERROR] LogOutputStream:75 - [STDERR_REDIRECT] [Fatal Error] :1:1: Premature end of file.
2025-12-11 18:08:05,925 [ERROR] LogOutputStream:75 - [STDERR_REDIRECT] 
2025-12-11 18:08:06,923 [ERROR] LogOutputStream:75 - [STDERR_REDIRECT] [Fatal Error] :1:1: Premature end of file.
2025-12-11 18:08:06,924 [ERROR] LogOutputStream:75 - [STDERR_REDIRECT] 
2025-12-11 18:08:07,926 [ERROR] LogOutputStream:75 - [STDERR_REDIRECT] [Fatal Error] :1:1: Premature end of file.
2025-12-11 18:08:07,926 [ERROR] LogOutputStream:75 - [STDERR_REDIRECT] 
2025-12-11 18:08:08,923 [ERROR] LogOutputStream:75 - [STDERR_REDIRECT] [Fatal Error] :1:1: Premature end of file.
2025-12-11 18:08:08,924 [ERROR] LogOutputStream:75 - [STDERR_REDIRECT] 
2025-12-11 18:08:09,926 [ERROR] LogOutputStream:75 - [STDERR_REDIRECT] [Fatal Error] :1:1: Premature end of file.
2025-12-11 18:08:09,927 [ERROR] LogOutputStream:75 - [STDERR_REDIRECT] 
2025-12-11 18:08:10,923 [ERROR] LogOutputStream:75 - [STDERR_REDIRECT] [Fatal Error] :1:1: Premature end of file.
2025-12-11 18:08:10,923 [ERROR] LogOutputStream:75 - [STDERR_REDIRECT] 
2025-12-11 18:08:11,936 [ERROR] LogOutputStream:75 - [STDERR_REDIRECT] [Fatal Error] :1:1: Premature end of file.
2025-12-11 18:08:11,937 [ERROR] LogOutputStream:75 - [STDERR_REDIRECT] 
2025-12-11 18:08:12,931 [ERROR] LogOutputStream:75 - [STDERR_REDIRECT] [Fatal Error] :1:1: Premature end of file.
2025-12-11 18:08:12,931 [ERROR] LogOutputStream:75 - [STDERR_REDIRECT] 
2025-12-11 18:08:13,926 [ERROR] LogOutputStream:75 - [STDERR_REDIRECT] [Fatal Error] :1:1: Premature end of file.
2025-12-11 18:08:13,927 [ERROR] LogOutputStream:75 - [STDERR_REDIRECT] 
2025-12-11 18:08:14,930 [ERROR] LogOutputStream:75 - [STDERR_REDIRECT] [Fatal Error] :1:1: Premature end of file.
2025-12-11 18:08:14,930 [ERROR] LogOutputStream:75 - [STDERR_REDIRECT] 
2025-12-11 18:08:15,925 [ERROR] LogOutputStream:75 - [STDERR_REDIRECT] [Fatal Error] :1:1: Premature end of file.
2025-12-11 18:08:15,925 [ERROR] LogOutputStream:75 - [STDERR_REDIRECT] 
2025-12-11 18:08:16,923 [ERROR] LogOutputStream:75 - [STDERR_REDIRECT] [Fatal Error] :1:1: Premature end of file.
2025-12-11 18:08:16,923 [ERROR] LogOutputStream:75 - [STDERR_REDIRECT] 
2025-12-11 18:08:17,930 [ERROR] LogOutputStream:75 - [STDERR_REDIRECT] [Fatal Error] :1:1: Premature end of file.
2025-12-11 18:08:17,932 [ERROR] LogOutputStream:75 - [STDERR_REDIRECT] 
2025-12-11 18:08:18,923 [ERROR] LogOutputStream:75 - [STDERR_REDIRECT] [Fatal Error] :1:1: Premature end of file.
2025-12-11 18:08:18,923 [ERROR] LogOutputStream:75 - [STDERR_REDIRECT] 
2025-12-11 18:08:19,923 [ERROR] LogOutputStream:75 - [STDERR_REDIRECT] [Fatal Error] :1:1: Premature end of file.
2025-12-11 18:08:19,923 [ERROR] LogOutputStream:75 - [STDERR_REDIRECT] 
2025-12-11 18:08:20,924 [ERROR] LogOutputStream:75 - [STDERR_REDIRECT] [Fatal Error] :1:1: Premature end of file.
2025-12-11 18:08:20,924 [ERROR] LogOutputStream:75 - [STDERR_REDIRECT] 
2025-12-11 18:08:21,924 [ERROR] LogOutputStream:75 - [STDERR_REDIRECT] [Fatal Error] :1:1: Premature end of file.
2025-12-11 18:08:21,924 [ERROR] LogOutputStream:75 - [STDERR_REDIRECT] 
2025-12-11 18:08:22,921 [ERROR] LogOutputStream:75 - [STDERR_REDIRECT] [Fatal Error] :1:1: Premature end of file.
2025-12-11 18:08:22,921 [ERROR] LogOutputStream:75 - [STDERR_REDIRECT] 
2025-12-11 18:08:23,934 [ERROR] LogOutputStream:75 - [STDERR_REDIRECT] [Fatal Error] :1:1: Premature end of file.
2025-12-11 18:08:23,934 [ERROR] LogOutputStream:75 - [STDERR_REDIRECT] 
2025-12-11 18:08:25,050 [ERROR] LogOutputStream:75 - [STDERR_REDIRECT] [Fatal Error] :1:1: Premature end of file.
2025-12-11 18:08:25,051 [ERROR] LogOutputStream:75 - [STDERR_REDIRECT] 
2025-12-11 18:08:25,924 [ERROR] LogOutputStream:75 - [STDERR_REDIRECT] [Fatal Error] :1:1: Premature end of file.
2025-12-11 18:08:25,927 [ERROR] LogOutputStream:75 - [STDERR_REDIRECT] 
2025-12-11 18:08:27,076 [ERROR] LogOutputStream:75 - [STDERR_REDIRECT] [Fatal Error] :1:1: Premature end of file.
2025-12-11 18:08:27,077 [ERROR] LogOutputStream:75 - [STDERR_REDIRECT] 
2025-12-11 18:08:27,991 [ERROR] LogOutputStream:75 - [STDERR_REDIRECT] [Fatal Error] :1:1: Premature end of file.
2025-12-11 18:08:27,991 [ERROR] LogOutputStream:75 - [STDERR_REDIRECT] 
2025-12-11 18:08:28,917 [ERROR] LogOutputStream:75 - [STDERR_REDIRECT] [Fatal Error] :1:1: Premature end of file.
2025-12-11 18:08:28,917 [ERROR] LogOutputStream:75 - [STDERR_REDIRECT] 
2025-12-11 18:09:11,663 [ERROR] LogOutputStream:75 - [STDERR_REDIRECT] [Fatal Error] :1:1: Premature end of file.
2025-12-11 18:09:11,663 [ERROR] LogOutputStream:75 - [STDERR_REDIRECT] 
2025-12-11 18:09:11,716 [ERROR] LogOutputStream:75 - [STDERR_REDIRECT] [Fatal Error] :1:1: Premature end of file.
2025-12-11 18:09:11,717 [ERROR] LogOutputStream:75 - [STDERR_REDIRECT] 
2025-12-11 18:09:11,772 [ERROR] LogOutputStream:75 - [STDERR_REDIRECT] [Fatal Error] :1:1: Premature end of file.
2025-12-11 18:09:11,773 [ERROR] LogOutputStream:75 - [STDERR_REDIRECT] 
2025-12-11 18:09:11,824 [ERROR] LogOutputStream:75 - [STDERR_REDIRECT] [Fatal Error] :1:1: Premature end of file.
2025-12-11 18:09:11,825 [ERROR] LogOutputStream:75 - [STDERR_REDIRECT] 
2025-12-11 18:09:11,872 [ERROR] LogOutputStream:75 - [STDERR_REDIRECT] [Fatal Error] :1:1: Premature end of file.
2025-12-11 18:09:11,872 [ERROR] LogOutputStream:75 - [STDERR_REDIRECT] 
2025-12-11 18:09:11,915 [ERROR] LogOutputStream:75 - [STDERR_REDIRECT] [Fatal Error] :1:1: Premature end of file.
2025-12-11 18:09:11,915 [ERROR] LogOutputStream:75 - [STDERR_REDIRECT] 
2025-12-11 18:09:11,959 [ERROR] LogOutputStream:75 - [STDERR_REDIRECT] [Fatal Error] :1:1: Premature end of file.
2025-12-11 18:09:11,959 [ERROR] LogOutputStream:75 - [STDERR_REDIRECT] 
2025-12-11 18:09:12,003 [ERROR] LogOutputStream:75 - [STDERR_REDIRECT] [Fatal Error] :1:1: Premature end of file.
2025-12-11 18:09:12,003 [ERROR] LogOutputStream:75 - [STDERR_REDIRECT] 
2025-12-11 18:09:12,046 [ERROR] LogOutputStream:75 - [STDERR_REDIRECT] [Fatal Error] :1:1: Premature end of file.
2025-12-11 18:09:12,046 [ERROR] LogOutputStream:75 - [STDERR_REDIRECT] 
2025-12-11 18:09:12,100 [ERROR] LogOutputStream:75 - [STDERR_REDIRECT] [Fatal Error] :1:1: Premature end of file.
2025-12-11 18:09:12,100 [ERROR] LogOutputStream:75 - [STDERR_REDIRECT] 
2025-12-11 18:09:12,154 [ERROR] LogOutputStream:75 - [STDERR_REDIRECT] [Fatal Error] :1:1: Premature end of file.
2025-12-11 18:09:12,154 [ERROR] LogOutputStream:75 - [STDERR_REDIRECT] 
2025-12-11 18:09:12,212 [ERROR] LogOutputStream:75 - [STDERR_REDIRECT] [Fatal Error] :1:1: Premature end of file.
2025-12-11 18:09:12,213 [ERROR] LogOutputStream:75 - [STDERR_REDIRECT] 
2025-12-11 18:09:12,273 [ERROR] LogOutputStream:75 - [STDERR_REDIRECT] [Fatal Error] :1:1: Premature end of file.
2025-12-11 18:09:12,273 [ERROR] LogOutputStream:75 - [STDERR_REDIRECT] 
2025-12-11 18:09:12,325 [ERROR] LogOutputStream:75 - [STDERR_REDIRECT] [Fatal Error] :1:1: Premature end of file.
2025-12-11 18:09:12,325 [ERROR] LogOutputStream:75 - [STDERR_REDIRECT] 
2025-12-11 18:09:12,374 [ERROR] LogOutputStream:75 - [STDERR_REDIRECT] [Fatal Error] :1:1: Premature end of file.
2025-12-11 18:09:12,375 [ERROR] LogOutputStream:75 - [STDERR_REDIRECT] 
2025-12-11 18:09:12,431 [ERROR] LogOutputStream:75 - [STDERR_REDIRECT] [Fatal Error] :1:1: Premature end of file.
2025-12-11 18:09:12,431 [ERROR] LogOutputStream:75 - [STDERR_REDIRECT] 
2025-12-11 18:09:12,485 [ERROR] LogOutputStream:75 - [STDERR_REDIRECT] [Fatal Error] :1:1: Premature end of file.
2025-12-11 18:09:12,485 [ERROR] LogOutputStream:75 - [STDERR_REDIRECT] 
2025-12-11 18:09:12,531 [ERROR] LogOutputStream:75 - [STDERR_REDIRECT] [Fatal Error] :1:1: Premature end of file.
2025-12-11 18:09:12,532 [ERROR] LogOutputStream:75 - [STDERR_REDIRECT] 
2025-12-11 18:09:12,580 [ERROR] LogOutputStream:75 - [STDERR_REDIRECT] [Fatal Error] :1:1: Premature end of file.
2025-12-11 18:09:12,581 [ERROR] LogOutputStream:75 - [STDERR_REDIRECT] 
2025-12-11 18:09:12,625 [ERROR] LogOutputStream:75 - [STDERR_REDIRECT] [Fatal Error] :1:1: Premature end of file.
2025-12-11 18:09:12,626 [ERROR] LogOutputStream:75 - [STDERR_REDIRECT] 
2025-12-11 18:09:12,674 [ERROR] LogOutputStream:75 - [STDERR_REDIRECT] [Fatal Error] :1:1: Premature end of file.
2025-12-11 18:09:12,674 [ERROR] LogOutputStream:75 - [STDERR_REDIRECT] 
2025-12-11 18:09:12,714 [ERROR] LogOutputStream:75 - [STDERR_REDIRECT] [Fatal Error] :1:1: Premature end of file.
2025-12-11 18:09:12,715 [ERROR] LogOutputStream:75 - [STDERR_REDIRECT] 
2025-12-11 18:09:12,766 [ERROR] LogOutputStream:75 - [STDERR_REDIRECT] [Fatal Error] :1:1: Premature end of file.
2025-12-11 18:09:12,766 [ERROR] LogOutputStream:75 - [STDERR_REDIRECT] 
2025-12-11 18:09:12,803 [ERROR] LogOutputStream:75 - [STDERR_REDIRECT] [Fatal Error] :1:1: Premature end of file.
2025-12-11 18:09:12,804 [ERROR] LogOutputStream:75 - [STDERR_REDIRECT] 
2025-12-11 18:09:12,848 [ERROR] LogOutputStream:75 - [STDERR_REDIRECT] [Fatal Error] :1:1: Premature end of file.
2025-12-11 18:09:12,848 [ERROR] LogOutputStream:75 - [STDERR_REDIRECT] 
2025-12-11 18:09:12,888 [INFO] WebApp:194 - Connection lost
2025-12-11 18:09:12,888 [ERROR] LogOutputStream:75 - [STDERR_REDIRECT] [Fatal Error] :1:1: Premature end of file.
2025-12-11 18:09:12,890 [ERROR] LogOutputStream:75 - [STDERR_REDIRECT] 
2025-12-11 18:09:12,935 [ERROR] LogOutputStream:75 - [STDERR_REDIRECT] [Fatal Error] :1:1: Premature end of file.
2025-12-11 18:09:12,935 [ERROR] LogOutputStream:75 - [STDERR_REDIRECT] 
2025-12-11 18:09:12,980 [ERROR] LogOutputStream:75 - [STDERR_REDIRECT] [Fatal Error] :1:1: Premature end of file.
2025-12-11 18:09:12,980 [ERROR] LogOutputStream:75 - [STDERR_REDIRECT] 
2025-12-11 18:09:13,024 [ERROR] LogOutputStream:75 - [STDERR_REDIRECT] [Fatal Error] :1:1: Premature end of file.
2025-12-11 18:09:13,024 [ERROR] LogOutputStream:75 - [STDERR_REDIRECT] 
2025-12-11 18:09:13,034 [INFO] WebApp:191 - Connection restablished
2025-12-11 18:09:13,088 [ERROR] LogOutputStream:75 - [STDERR_REDIRECT] [Fatal Error] :1:1: Premature end of file.
2025-12-11 18:09:13,088 [ERROR] LogOutputStream:75 - [STDERR_REDIRECT] 
2025-12-11 18:09:13,136 [ERROR] LogOutputStream:75 - [STDERR_REDIRECT] [Fatal Error] :1:1: Premature end of file.
2025-12-11 18:09:13,137 [ERROR] LogOutputStream:75 - [STDERR_REDIRECT] 
2025-12-11 18:09:13,191 [ERROR] LogOutputStream:75 - [STDERR_REDIRECT] [Fatal Error] :1:1: Premature end of file.
2025-12-11 18:09:13,191 [ERROR] LogOutputStream:75 - [STDERR_REDIRECT] 
2025-12-11 18:09:13,242 [ERROR] LogOutputStream:75 - [STDERR_REDIRECT] [Fatal Error] :1:1: Premature end of file.
2025-12-11 18:09:13,242 [ERROR] LogOutputStream:75 - [STDERR_REDIRECT] 
2025-12-11 18:09:13,290 [ERROR] LogOutputStream:75 - [STDERR_REDIRECT] [Fatal Error] :1:1: Premature end of file.
2025-12-11 18:09:13,290 [ERROR] LogOutputStream:75 - [STDERR_REDIRECT] 
2025-12-11 18:09:13,335 [ERROR] LogOutputStream:75 - [STDERR_REDIRECT] [Fatal Error] :1:1: Premature end of file.
2025-12-11 18:09:13,335 [ERROR] LogOutputStream:75 - [STDERR_REDIRECT] 
2025-12-11 18:09:13,383 [ERROR] LogOutputStream:75 - [STDERR_REDIRECT] [Fatal Error] :1:1: Premature end of file.
2025-12-11 18:09:13,383 [ERROR] LogOutputStream:75 - [STDERR_REDIRECT] 
2025-12-11 18:09:13,432 [ERROR] LogOutputStream:75 - [STDERR_REDIRECT] [Fatal Error] :1:1: Premature end of file.
2025-12-11 18:09:13,432 [ERROR] LogOutputStream:75 - [STDERR_REDIRECT] 
2025-12-11 18:09:13,484 [ERROR] LogOutputStream:75 - [STDERR_REDIRECT] [Fatal Error] :1:1: Premature end of file.
2025-12-11 18:09:13,485 [ERROR] LogOutputStream:75 - [STDERR_REDIRECT] 
2025-12-11 18:09:13,532 [ERROR] LogOutputStream:75 - [STDERR_REDIRECT] [Fatal Error] :1:1: Premature end of file.
2025-12-11 18:09:13,532 [ERROR] LogOutputStream:75 - [STDERR_REDIRECT] 
2025-12-11 18:09:13,580 [ERROR] LogOutputStream:75 - [STDERR_REDIRECT] [Fatal Error] :1:1: Premature end of file.
2025-12-11 18:09:13,582 [ERROR] LogOutputStream:75 - [STDERR_REDIRECT] 
2025-12-11 18:09:13,629 [ERROR] LogOutputStream:75 - [STDERR_REDIRECT] [Fatal Error] :1:1: Premature end of file.
2025-12-11 18:09:13,629 [ERROR] LogOutputStream:75 - [STDERR_REDIRECT] 
2025-12-11 18:09:13,690 [ERROR] LogOutputStream:75 - [STDERR_REDIRECT] [Fatal Error] :1:1: Premature end of file.
2025-12-11 18:09:13,690 [ERROR] LogOutputStream:75 - [STDERR_REDIRECT] 
2025-12-11 18:09:13,746 [ERROR] LogOutputStream:75 - [STDERR_REDIRECT] [Fatal Error] :1:1: Premature end of file.
2025-12-11 18:09:13,747 [ERROR] LogOutputStream:75 - [STDERR_REDIRECT] 
2025-12-11 18:09:13,789 [ERROR] LogOutputStream:75 - [STDERR_REDIRECT] [Fatal Error] :1:1: Premature end of file.
2025-12-11 18:09:13,790 [ERROR] LogOutputStream:75 - [STDERR_REDIRECT] 
2025-12-11 18:09:13,918 [ERROR] LogOutputStream:75 - [STDERR_REDIRECT] [Fatal Error] :1:1: Premature end of file.
2025-12-11 18:09:13,918 [ERROR] LogOutputStream:75 - [STDERR_REDIRECT] 
2025-12-11 18:09:14,915 [ERROR] LogOutputStream:75 - [STDERR_REDIRECT] [Fatal Error] :1:1: Premature end of file.
2025-12-11 18:09:14,915 [ERROR] LogOutputStream:75 - [STDERR_REDIRECT] 
2025-12-11 18:09:15,933 [ERROR] LogOutputStream:75 - [STDERR_REDIRECT] [Fatal Error] :1:1: Premature end of file.
2025-12-11 18:09:15,933 [ERROR] LogOutputStream:75 - [STDERR_REDIRECT] 
2025-12-11 18:09:16,925 [ERROR] LogOutputStream:75 - [STDERR_REDIRECT] [Fatal Error] :1:1: Premature end of file.
2025-12-11 18:09:16,925 [ERROR] LogOutputStream:75 - [STDERR_REDIRECT] 
2025-12-11 18:09:17,914 [ERROR] LogOutputStream:75 - [STDERR_REDIRECT] [Fatal Error] :1:1: Premature end of file.
2025-12-11 18:09:17,914 [ERROR] LogOutputStream:75 - [STDERR_REDIRECT] 
2025-12-11 18:09:18,913 [ERROR] LogOutputStream:75 - [STDERR_REDIRECT] [Fatal Error] :1:1: Premature end of file.
2025-12-11 18:09:18,914 [ERROR] LogOutputStream:75 - [STDERR_REDIRECT] 
2025-12-11 18:09:19,912 [ERROR] LogOutputStream:75 - [STDERR_REDIRECT] [Fatal Error] :1:1: Premature end of file.
2025-12-11 18:09:19,912 [ERROR] LogOutputStream:75 - [STDERR_REDIRECT] 
2025-12-11 18:09:20,914 [ERROR] LogOutputStream:75 - [STDERR_REDIRECT] [Fatal Error] :1:1: Premature end of file.
2025-12-11 18:09:20,914 [ERROR] LogOutputStream:75 - [STDERR_REDIRECT] 
2025-12-11 18:09:21,914 [ERROR] LogOutputStream:75 - [STDERR_REDIRECT] [Fatal Error] :1:1: Premature end of file.
2025-12-11 18:09:21,915 [ERROR] LogOutputStream:75 - [STDERR_REDIRECT] 
2025-12-11 18:09:22,916 [ERROR] LogOutputStream:75 - [STDERR_REDIRECT] [Fatal Error] :1:1: Premature end of file.
2025-12-11 18:09:22,916 [ERROR] LogOutputStream:75 - [STDERR_REDIRECT] 
2025-12-11 18:09:23,916 [ERROR] LogOutputStream:75 - [STDERR_REDIRECT] [Fatal Error] :1:1: Premature end of file.
2025-12-11 18:09:23,916 [ERROR] LogOutputStream:75 - [STDERR_REDIRECT] 
2025-12-11 18:09:24,913 [ERROR] LogOutputStream:75 - [STDERR_REDIRECT] [Fatal Error] :1:1: Premature end of file.
2025-12-11 18:09:24,913 [ERROR] LogOutputStream:75 - [STDERR_REDIRECT] 
2025-12-11 18:09:25,929 [ERROR] LogOutputStream:75 - [STDERR_REDIRECT] [Fatal Error] :1:1: Premature end of file.
2025-12-11 18:09:25,929 [ERROR] LogOutputStream:75 - [STDERR_REDIRECT] 
2025-12-11 18:09:26,916 [ERROR] LogOutputStream:75 - [STDERR_REDIRECT] [Fatal Error] :1:1: Premature end of file.
2025-12-11 18:09:26,916 [ERROR] LogOutputStream:75 - [STDERR_REDIRECT] 
2025-12-11 18:09:27,914 [ERROR] LogOutputStream:75 - [STDERR_REDIRECT] [Fatal Error] :1:1: Premature end of file.
2025-12-11 18:09:27,914 [ERROR] LogOutputStream:75 - [STDERR_REDIRECT] 
2025-12-11 18:09:28,915 [ERROR] LogOutputStream:75 - [STDERR_REDIRECT] [Fatal Error] :1:1: Premature end of file.
2025-12-11 18:09:28,915 [ERROR] LogOutputStream:75 - [STDERR_REDIRECT] 
2025-12-11 18:09:29,913 [ERROR] LogOutputStream:75 - [STDERR_REDIRECT] [Fatal Error] :1:1: Premature end of file.
2025-12-11 18:09:29,913 [ERROR] LogOutputStream:75 - [STDERR_REDIRECT] 
2025-12-11 18:09:30,912 [ERROR] LogOutputStream:75 - [STDERR_REDIRECT] [Fatal Error] :1:1: Premature end of file.
2025-12-11 18:09:30,914 [ERROR] LogOutputStream:75 - [STDERR_REDIRECT] 
2025-12-11 18:09:31,917 [ERROR] LogOutputStream:75 - [STDERR_REDIRECT] [Fatal Error] :1:1: Premature end of file.
2025-12-11 18:09:31,917 [ERROR] LogOutputStream:75 - [STDERR_REDIRECT] 
2025-12-11 18:09:32,922 [ERROR] LogOutputStream:75 - [STDERR_REDIRECT] [Fatal Error] :1:1: Premature end of file.
2025-12-11 18:09:32,922 [ERROR] LogOutputStream:75 - [STDERR_REDIRECT] 
2025-12-11 18:09:33,917 [ERROR] LogOutputStream:75 - [STDERR_REDIRECT] [Fatal Error] :1:1: Premature end of file.
2025-12-11 18:09:33,917 [ERROR] LogOutputStream:75 - [STDERR_REDIRECT] 
2025-12-11 18:09:34,910 [ERROR] LogOutputStream:75 - [STDERR_REDIRECT] [Fatal Error] :1:1: Premature end of file.
2025-12-11 18:09:34,911 [ERROR] LogOutputStream:75 - [STDERR_REDIRECT] 
2025-12-11 18:09:35,915 [ERROR] LogOutputStream:75 - [STDERR_REDIRECT] [Fatal Error] :1:1: Premature end of file.
2025-12-11 18:09:35,915 [ERROR] LogOutputStream:75 - [STDERR_REDIRECT] 
2025-12-11 18:09:36,916 [ERROR] LogOutputStream:75 - [STDERR_REDIRECT] [Fatal Error] :1:1: Premature end of file.
2025-12-11 18:09:36,916 [ERROR] LogOutputStream:75 - [STDERR_REDIRECT] 
2025-12-11 18:09:37,918 [ERROR] LogOutputStream:75 - [STDERR_REDIRECT] [Fatal Error] :1:1: Premature end of file.
2025-12-11 18:09:37,919 [ERROR] LogOutputStream:75 - [STDERR_REDIRECT] 
2025-12-11 18:09:38,925 [ERROR] LogOutputStream:75 - [STDERR_REDIRECT] [Fatal Error] :1:1: Premature end of file.
2025-12-11 18:09:38,925 [ERROR] LogOutputStream:75 - [STDERR_REDIRECT] 
2025-12-11 18:37:37,656 [ERROR] LogOutputStream:75 - [STDERR_REDIRECT] [Fatal Error] :1:1: Premature end of file.
2025-12-11 18:37:37,656 [ERROR] LogOutputStream:75 - [STDERR_REDIRECT] 
2025-12-11 18:37:37,704 [ERROR] LogOutputStream:75 - [STDERR_REDIRECT] [Fatal Error] :1:1: Premature end of file.
2025-12-11 18:37:37,704 [ERROR] LogOutputStream:75 - [STDERR_REDIRECT] 
2025-12-11 18:37:37,767 [ERROR] LogOutputStream:75 - [STDERR_REDIRECT] [Fatal Error] :1:1: Premature end of file.
2025-12-11 18:37:37,767 [ERROR] LogOutputStream:75 - [STDERR_REDIRECT] 
2025-12-11 18:37:37,824 [ERROR] LogOutputStream:75 - [STDERR_REDIRECT] [Fatal Error] :1:1: Premature end of file.
2025-12-11 18:37:37,824 [ERROR] LogOutputStream:75 - [STDERR_REDIRECT] 
2025-12-11 18:37:37,878 [ERROR] LogOutputStream:75 - [STDERR_REDIRECT] [Fatal Error] :1:1: Premature end of file.
2025-12-11 18:37:37,878 [ERROR] LogOutputStream:75 - [STDERR_REDIRECT] 
2025-12-11 18:37:37,926 [ERROR] LogOutputStream:75 - [STDERR_REDIRECT] [Fatal Error] :1:1: Premature end of file.
2025-12-11 18:37:37,926 [ERROR] LogOutputStream:75 - [STDERR_REDIRECT] 
2025-12-11 18:37:37,978 [ERROR] LogOutputStream:75 - [STDERR_REDIRECT] [Fatal Error] :1:1: Premature end of file.
2025-12-11 18:37:37,978 [ERROR] LogOutputStream:75 - [STDERR_REDIRECT] 
2025-12-11 18:37:38,022 [ERROR] LogOutputStream:75 - [STDERR_REDIRECT] [Fatal Error] :1:1: Premature end of file.
2025-12-11 18:37:38,023 [ERROR] LogOutputStream:75 - [STDERR_REDIRECT] 
2025-12-11 18:37:38,066 [ERROR] LogOutputStream:75 - [STDERR_REDIRECT] [Fatal Error] :1:1: Premature end of file.
2025-12-11 18:37:38,066 [ERROR] LogOutputStream:75 - [STDERR_REDIRECT] 
2025-12-11 18:37:38,109 [ERROR] LogOutputStream:75 - [STDERR_REDIRECT] [Fatal Error] :1:1: Premature end of file.
2025-12-11 18:37:38,109 [ERROR] LogOutputStream:75 - [STDERR_REDIRECT] 
2025-12-11 18:37:38,145 [ERROR] LogOutputStream:75 - [STDERR_REDIRECT] [Fatal Error] :1:1: Premature end of file.
2025-12-11 18:37:38,145 [ERROR] LogOutputStream:75 - [STDERR_REDIRECT] 
2025-12-11 18:37:38,179 [ERROR] LogOutputStream:75 - [STDERR_REDIRECT] [Fatal Error] :1:1: Premature end of file.
2025-12-11 18:37:38,179 [ERROR] LogOutputStream:75 - [STDERR_REDIRECT] 
2025-12-11 18:37:38,225 [ERROR] LogOutputStream:75 - [STDERR_REDIRECT] [Fatal Error] :1:1: Premature end of file.
2025-12-11 18:37:38,225 [ERROR] LogOutputStream:75 - [STDERR_REDIRECT] 
2025-12-11 18:37:38,258 [ERROR] LogOutputStream:75 - [STDERR_REDIRECT] [Fatal Error] :1:1: Premature end of file.
2025-12-11 18:37:38,258 [ERROR] LogOutputStream:75 - [STDERR_REDIRECT] 
2025-12-11 18:37:38,293 [ERROR] LogOutputStream:75 - [STDERR_REDIRECT] [Fatal Error] :1:1: Premature end of file.
2025-12-11 18:37:38,293 [ERROR] LogOutputStream:75 - [STDERR_REDIRECT] 
2025-12-11 18:37:38,329 [ERROR] LogOutputStream:75 - [STDERR_REDIRECT] [Fatal Error] :1:1: Premature end of file.
2025-12-11 18:37:38,329 [ERROR] LogOutputStream:75 - [STDERR_REDIRECT] 
2025-12-11 18:37:38,365 [ERROR] LogOutputStream:75 - [STDERR_REDIRECT] [Fatal Error] :1:1: Premature end of file.
2025-12-11 18:37:38,365 [ERROR] LogOutputStream:75 - [STDERR_REDIRECT] 
2025-12-11 18:37:38,401 [ERROR] LogOutputStream:75 - [STDERR_REDIRECT] [Fatal Error] :1:1: Premature end of file.
2025-12-11 18:37:38,401 [ERROR] LogOutputStream:75 - [STDERR_REDIRECT] 
2025-12-11 18:37:38,435 [ERROR] LogOutputStream:75 - [STDERR_REDIRECT] [Fatal Error] :1:1: Premature end of file.
2025-12-11 18:37:38,435 [ERROR] LogOutputStream:75 - [STDERR_REDIRECT] 
2025-12-11 18:37:38,473 [ERROR] LogOutputStream:75 - [STDERR_REDIRECT] [Fatal Error] :1:1: Premature end of file.
2025-12-11 18:37:38,473 [ERROR] LogOutputStream:75 - [STDERR_REDIRECT] 
2025-12-11 18:37:38,505 [ERROR] LogOutputStream:75 - [STDERR_REDIRECT] [Fatal Error] :1:1: Premature end of file.
2025-12-11 18:37:38,505 [ERROR] LogOutputStream:75 - [STDERR_REDIRECT] 
2025-12-11 18:37:38,537 [ERROR] LogOutputStream:75 - [STDERR_REDIRECT] [Fatal Error] :1:1: Premature end of file.
2025-12-11 18:37:38,537 [ERROR] LogOutputStream:75 - [STDERR_REDIRECT] 
2025-12-11 18:37:38,584 [ERROR] LogOutputStream:75 - [STDERR_REDIRECT] [Fatal Error] :1:1: Premature end of file.
2025-12-11 18:37:38,584 [ERROR] LogOutputStream:75 - [STDERR_REDIRECT] 
2025-12-11 18:37:38,616 [ERROR] LogOutputStream:75 - [STDERR_REDIRECT] [Fatal Error] :1:1: Premature end of file.
2025-12-11 18:37:38,616 [ERROR] LogOutputStream:75 - [STDERR_REDIRECT] 
2025-12-11 18:37:38,648 [ERROR] LogOutputStream:75 - [STDERR_REDIRECT] [Fatal Error] :1:1: Premature end of file.
2025-12-11 18:37:38,648 [ERROR] LogOutputStream:75 - [STDERR_REDIRECT] 
2025-12-11 18:37:38,679 [ERROR] LogOutputStream:75 - [STDERR_REDIRECT] [Fatal Error] :1:1: Premature end of file.
2025-12-11 18:37:38,679 [ERROR] LogOutputStream:75 - [STDERR_REDIRECT] 
2025-12-11 18:37:38,726 [ERROR] LogOutputStream:75 - [STDERR_REDIRECT] [Fatal Error] :1:1: Premature end of file.
2025-12-11 18:37:38,726 [ERROR] LogOutputStream:75 - [STDERR_REDIRECT] 
2025-12-11 18:37:38,758 [ERROR] LogOutputStream:75 - [STDERR_REDIRECT] [Fatal Error] :1:1: Premature end of file.
2025-12-11 18:37:38,758 [ERROR] LogOutputStream:75 - [STDERR_REDIRECT] 
2025-12-11 18:37:38,789 [ERROR] LogOutputStream:75 - [STDERR_REDIRECT] [Fatal Error] :1:1: Premature end of file.
2025-12-11 18:37:38,789 [ERROR] LogOutputStream:75 - [STDERR_REDIRECT] 
2025-12-11 18:37:38,836 [ERROR] LogOutputStream:75 - [STDERR_REDIRECT] [Fatal Error] :1:1: Premature end of file.
2025-12-11 18:37:38,836 [ERROR] LogOutputStream:75 - [STDERR_REDIRECT] 
2025-12-11 18:37:38,868 [ERROR] LogOutputStream:75 - [STDERR_REDIRECT] [Fatal Error] :1:1: Premature end of file.
2025-12-11 18:37:38,868 [ERROR] LogOutputStream:75 - [STDERR_REDIRECT] 
2025-12-11 18:37:38,915 [ERROR] LogOutputStream:75 - [STDERR_REDIRECT] [Fatal Error] :1:1: Premature end of file.
2025-12-11 18:37:38,915 [ERROR] LogOutputStream:75 - [STDERR_REDIRECT] 
2025-12-11 18:37:38,948 [ERROR] LogOutputStream:75 - [STDERR_REDIRECT] [Fatal Error] :1:1: Premature end of file.
2025-12-11 18:37:38,948 [ERROR] LogOutputStream:75 - [STDERR_REDIRECT] 
2025-12-11 18:50:28,378 [INFO] WebApp:194 - Connection lost
2025-12-11 18:50:28,396 [ERROR] LogOutputStream:75 - [STDERR_REDIRECT] [Fatal Error] :1:1: Premature end of file.
2025-12-11 18:50:28,397 [ERROR] LogOutputStream:75 - [STDERR_REDIRECT] 
2025-12-11 18:50:28,511 [ERROR] LogOutputStream:75 - [STDERR_REDIRECT] [Fatal Error] :1:1: Premature end of file.
2025-12-11 18:50:28,513 [ERROR] LogOutputStream:75 - [STDERR_REDIRECT] 
2025-12-11 18:50:28,580 [ERROR] LogOutputStream:75 - [STDERR_REDIRECT] [Fatal Error] :1:1: Premature end of file.
2025-12-11 18:50:28,580 [ERROR] LogOutputStream:75 - [STDERR_REDIRECT] 
2025-12-11 18:50:28,636 [ERROR] LogOutputStream:75 - [STDERR_REDIRECT] [Fatal Error] :1:1: Premature end of file.
2025-12-11 18:50:28,636 [ERROR] LogOutputStream:75 - [STDERR_REDIRECT] 
2025-12-11 18:50:28,678 [ERROR] LogOutputStream:75 - [STDERR_REDIRECT] [Fatal Error] :1:1: Premature end of file.
2025-12-11 18:50:28,678 [ERROR] LogOutputStream:75 - [STDERR_REDIRECT] 
2025-12-11 18:50:28,716 [ERROR] LogOutputStream:75 - [STDERR_REDIRECT] [Fatal Error] :1:1: Premature end of file.
2025-12-11 18:50:28,717 [ERROR] LogOutputStream:75 - [STDERR_REDIRECT] 
2025-12-11 18:50:28,756 [ERROR] LogOutputStream:75 - [STDERR_REDIRECT] [Fatal Error] :1:1: Premature end of file.
2025-12-11 18:50:28,756 [ERROR] LogOutputStream:75 - [STDERR_REDIRECT] 
2025-12-11 18:50:28,790 [ERROR] LogOutputStream:75 - [STDERR_REDIRECT] [Fatal Error] :1:1: Premature end of file.
2025-12-11 18:50:28,790 [ERROR] LogOutputStream:75 - [STDERR_REDIRECT] 
2025-12-11 18:50:28,822 [ERROR] LogOutputStream:75 - [STDERR_REDIRECT] [Fatal Error] :1:1: Premature end of file.
2025-12-11 18:50:28,822 [ERROR] LogOutputStream:75 - [STDERR_REDIRECT] 
2025-12-11 18:50:28,852 [ERROR] LogOutputStream:75 - [STDERR_REDIRECT] [Fatal Error] :1:1: Premature end of file.
2025-12-11 18:50:28,853 [ERROR] LogOutputStream:75 - [STDERR_REDIRECT] 
2025-12-11 18:50:28,883 [ERROR] LogOutputStream:75 - [STDERR_REDIRECT] [Fatal Error] :1:1: Premature end of file.
2025-12-11 18:50:28,883 [ERROR] LogOutputStream:75 - [STDERR_REDIRECT] 
2025-12-11 18:50:28,914 [ERROR] LogOutputStream:75 - [STDERR_REDIRECT] [Fatal Error] :1:1: Premature end of file.
2025-12-11 18:50:28,914 [ERROR] LogOutputStream:75 - [STDERR_REDIRECT] 
2025-12-11 18:50:28,947 [ERROR] LogOutputStream:75 - [STDERR_REDIRECT] [Fatal Error] :1:1: Premature end of file.
2025-12-11 18:50:28,947 [ERROR] LogOutputStream:75 - [STDERR_REDIRECT] 
2025-12-11 18:50:28,981 [ERROR] LogOutputStream:75 - [STDERR_REDIRECT] [Fatal Error] :1:1: Premature end of file.
2025-12-11 18:50:28,981 [ERROR] LogOutputStream:75 - [STDERR_REDIRECT] 
2025-12-11 18:50:29,013 [ERROR] LogOutputStream:75 - [STDERR_REDIRECT] [Fatal Error] :1:1: Premature end of file.
2025-12-11 18:50:29,013 [ERROR] LogOutputStream:75 - [STDERR_REDIRECT] 
2025-12-11 18:50:29,044 [ERROR] LogOutputStream:75 - [STDERR_REDIRECT] [Fatal Error] :1:1: Premature end of file.
2025-12-11 18:50:29,044 [ERROR] LogOutputStream:75 - [STDERR_REDIRECT] 
2025-12-11 18:50:29,074 [ERROR] LogOutputStream:75 - [STDERR_REDIRECT] [Fatal Error] :1:1: Premature end of file.
2025-12-11 18:50:29,075 [ERROR] LogOutputStream:75 - [STDERR_REDIRECT] 
2025-12-11 18:50:29,107 [ERROR] LogOutputStream:75 - [STDERR_REDIRECT] [Fatal Error] :1:1: Premature end of file.
2025-12-11 18:50:29,107 [ERROR] LogOutputStream:75 - [STDERR_REDIRECT] 
2025-12-11 18:50:29,141 [ERROR] LogOutputStream:75 - [STDERR_REDIRECT] [Fatal Error] :1:1: Premature end of file.
2025-12-11 18:50:29,141 [ERROR] LogOutputStream:75 - [STDERR_REDIRECT] 
2025-12-11 18:50:29,174 [ERROR] LogOutputStream:75 - [STDERR_REDIRECT] [Fatal Error] :1:1: Premature end of file.
2025-12-11 18:50:29,174 [ERROR] LogOutputStream:75 - [STDERR_REDIRECT] 
2025-12-11 18:50:29,206 [ERROR] LogOutputStream:75 - [STDERR_REDIRECT] [Fatal Error] :1:1: Premature end of file.
2025-12-11 18:50:29,206 [ERROR] LogOutputStream:75 - [STDERR_REDIRECT] 
2025-12-11 18:50:29,237 [ERROR] LogOutputStream:75 - [STDERR_REDIRECT] [Fatal Error] :1:1: Premature end of file.
2025-12-11 18:50:29,237 [ERROR] LogOutputStream:75 - [STDERR_REDIRECT] 
2025-12-11 18:50:29,268 [ERROR] LogOutputStream:75 - [STDERR_REDIRECT] [Fatal Error] :1:1: Premature end of file.
2025-12-11 18:50:29,268 [ERROR] LogOutputStream:75 - [STDERR_REDIRECT] 
2025-12-11 18:50:29,299 [ERROR] LogOutputStream:75 - [STDERR_REDIRECT] [Fatal Error] :1:1: Premature end of file.
2025-12-11 18:50:29,299 [ERROR] LogOutputStream:75 - [STDERR_REDIRECT] 
2025-12-11 18:50:29,331 [ERROR] LogOutputStream:75 - [STDERR_REDIRECT] [Fatal Error] :1:1: Premature end of file.
2025-12-11 18:50:29,331 [ERROR] LogOutputStream:75 - [STDERR_REDIRECT] 
2025-12-11 18:50:29,362 [ERROR] LogOutputStream:75 - [STDERR_REDIRECT] [Fatal Error] :1:1: Premature end of file.
2025-12-11 18:50:29,362 [ERROR] LogOutputStream:75 - [STDERR_REDIRECT] 
2025-12-11 18:50:29,394 [ERROR] LogOutputStream:75 - [STDERR_REDIRECT] [Fatal Error] :1:1: Premature end of file.
2025-12-11 18:50:29,394 [ERROR] LogOutputStream:75 - [STDERR_REDIRECT] 
2025-12-11 18:50:29,427 [ERROR] LogOutputStream:75 - [STDERR_REDIRECT] [Fatal Error] :1:1: Premature end of file.
2025-12-11 18:50:29,427 [ERROR] LogOutputStream:75 - [STDERR_REDIRECT] 
2025-12-11 18:50:29,461 [ERROR] LogOutputStream:75 - [STDERR_REDIRECT] [Fatal Error] :1:1: Premature end of file.
2025-12-11 18:50:29,461 [ERROR] LogOutputStream:75 - [STDERR_REDIRECT] 
2025-12-11 18:50:29,494 [ERROR] LogOutputStream:75 - [STDERR_REDIRECT] [Fatal Error] :1:1: Premature end of file.
2025-12-11 18:50:29,494 [ERROR] LogOutputStream:75 - [STDERR_REDIRECT] 
2025-12-11 18:50:29,527 [ERROR] LogOutputStream:75 - [STDERR_REDIRECT] [Fatal Error] :1:1: Premature end of file.
2025-12-11 18:50:29,528 [ERROR] LogOutputStream:75 - [STDERR_REDIRECT] 
2025-12-11 18:50:29,577 [ERROR] LogOutputStream:75 - [STDERR_REDIRECT] [Fatal Error] :1:1: Premature end of file.
2025-12-11 18:50:29,577 [ERROR] LogOutputStream:75 - [STDERR_REDIRECT] 
2025-12-11 18:50:29,618 [ERROR] LogOutputStream:75 - [STDERR_REDIRECT] [Fatal Error] :1:1: Premature end of file.
2025-12-11 18:50:29,618 [ERROR] LogOutputStream:75 - [STDERR_REDIRECT] 
2025-12-11 18:50:29,654 [ERROR] LogOutputStream:75 - [STDERR_REDIRECT] [Fatal Error] :1:1: Premature end of file.
2025-12-11 18:50:29,654 [ERROR] LogOutputStream:75 - [STDERR_REDIRECT] 
2025-12-11 18:50:29,686 [ERROR] LogOutputStream:75 - [STDERR_REDIRECT] [Fatal Error] :1:1: Premature end of file.
2025-12-11 18:50:29,686 [ERROR] LogOutputStream:75 - [STDERR_REDIRECT] 
2025-12-11 18:50:29,719 [ERROR] LogOutputStream:75 - [STDERR_REDIRECT] [Fatal Error] :1:1: Premature end of file.
2025-12-11 18:50:29,719 [ERROR] LogOutputStream:75 - [STDERR_REDIRECT] 
2025-12-11 18:50:29,753 [ERROR] LogOutputStream:75 - [STDERR_REDIRECT] [Fatal Error] :1:1: Premature end of file.
2025-12-11 18:50:29,753 [ERROR] LogOutputStream:75 - [STDERR_REDIRECT] 
2025-12-11 18:50:29,784 [ERROR] LogOutputStream:75 - [STDERR_REDIRECT] [Fatal Error] :1:1: Premature end of file.
2025-12-11 18:50:29,784 [ERROR] LogOutputStream:75 - [STDERR_REDIRECT] 
2025-12-11 18:50:29,818 [ERROR] LogOutputStream:75 - [STDERR_REDIRECT] [Fatal Error] :1:1: Premature end of file.
2025-12-11 18:50:29,818 [ERROR] LogOutputStream:75 - [STDERR_REDIRECT] 
2025-12-11 18:50:29,848 [ERROR] LogOutputStream:75 - [STDERR_REDIRECT] [Fatal Error] :1:1: Premature end of file.
2025-12-11 18:50:29,850 [ERROR] LogOutputStream:75 - [STDERR_REDIRECT] 
2025-12-11 18:50:29,880 [ERROR] LogOutputStream:75 - [STDERR_REDIRECT] [Fatal Error] :1:1: Premature end of file.
2025-12-11 18:50:29,881 [ERROR] LogOutputStream:75 - [STDERR_REDIRECT] 
2025-12-11 18:50:29,913 [ERROR] LogOutputStream:75 - [STDERR_REDIRECT] [Fatal Error] :1:1: Premature end of file.
2025-12-11 18:50:29,913 [ERROR] LogOutputStream:75 - [STDERR_REDIRECT] 
2025-12-11 18:50:29,944 [ERROR] LogOutputStream:75 - [STDERR_REDIRECT] [Fatal Error] :1:1: Premature end of file.
2025-12-11 18:50:29,944 [ERROR] LogOutputStream:75 - [STDERR_REDIRECT] 
2025-12-11 18:50:29,977 [ERROR] LogOutputStream:75 - [STDERR_REDIRECT] [Fatal Error] :1:1: Premature end of file.
2025-12-11 18:50:29,977 [ERROR] LogOutputStream:75 - [STDERR_REDIRECT] 
2025-12-11 18:50:30,008 [ERROR] LogOutputStream:75 - [STDERR_REDIRECT] [Fatal Error] :1:1: Premature end of file.
2025-12-11 18:50:30,008 [ERROR] LogOutputStream:75 - [STDERR_REDIRECT] 
2025-12-11 18:50:30,038 [ERROR] LogOutputStream:75 - [STDERR_REDIRECT] [Fatal Error] :1:1: Premature end of file.
2025-12-11 18:50:30,038 [ERROR] LogOutputStream:75 - [STDERR_REDIRECT] 
2025-12-11 18:50:30,069 [ERROR] LogOutputStream:75 - [STDERR_REDIRECT] [Fatal Error] :1:1: Premature end of file.
2025-12-11 18:50:30,069 [ERROR] LogOutputStream:75 - [STDERR_REDIRECT] 
2025-12-11 18:50:30,100 [ERROR] LogOutputStream:75 - [STDERR_REDIRECT] [Fatal Error] :1:1: Premature end of file.
2025-12-11 18:50:30,100 [ERROR] LogOutputStream:75 - [STDERR_REDIRECT] 
2025-12-11 18:50:30,131 [ERROR] LogOutputStream:75 - [STDERR_REDIRECT] [Fatal Error] :1:1: Premature end of file.
2025-12-11 18:50:30,131 [ERROR] LogOutputStream:75 - [STDERR_REDIRECT] 
2025-12-11 18:57:24,529 [ERROR] LogOutputStream:75 - [STDERR_REDIRECT] [Fatal Error] :1:1: Premature end of file.
2025-12-11 18:57:24,529 [ERROR] LogOutputStream:75 - [STDERR_REDIRECT] 
2025-12-11 18:57:24,600 [ERROR] LogOutputStream:75 - [STDERR_REDIRECT] [Fatal Error] :1:1: Premature end of file.
2025-12-11 18:57:24,600 [ERROR] LogOutputStream:75 - [STDERR_REDIRECT] 
2025-12-11 18:57:24,704 [ERROR] LogOutputStream:75 - [STDERR_REDIRECT] [Fatal Error] :1:1: Premature end of file.
2025-12-11 18:57:24,704 [ERROR] LogOutputStream:75 - [STDERR_REDIRECT] 
2025-12-11 18:57:24,756 [ERROR] LogOutputStream:75 - [STDERR_REDIRECT] [Fatal Error] :1:1: Premature end of file.
2025-12-11 18:57:24,757 [ERROR] LogOutputStream:75 - [STDERR_REDIRECT] 
2025-12-11 18:57:24,803 [ERROR] LogOutputStream:75 - [STDERR_REDIRECT] [Fatal Error] :1:1: Premature end of file.
2025-12-11 18:57:24,804 [ERROR] LogOutputStream:75 - [STDERR_REDIRECT] 
2025-12-11 18:57:24,844 [ERROR] LogOutputStream:75 - [STDERR_REDIRECT] [Fatal Error] :1:1: Premature end of file.
2025-12-11 18:57:24,844 [ERROR] LogOutputStream:75 - [STDERR_REDIRECT] 
2025-12-11 18:57:24,880 [ERROR] LogOutputStream:75 - [STDERR_REDIRECT] [Fatal Error] :1:1: Premature end of file.
2025-12-11 18:57:24,880 [ERROR] LogOutputStream:75 - [STDERR_REDIRECT] 
2025-12-11 18:57:24,922 [ERROR] LogOutputStream:75 - [STDERR_REDIRECT] [Fatal Error] :1:1: Premature end of file.
2025-12-11 18:57:24,922 [ERROR] LogOutputStream:75 - [STDERR_REDIRECT] 
2025-12-11 18:57:24,960 [ERROR] LogOutputStream:75 - [STDERR_REDIRECT] [Fatal Error] :1:1: Premature end of file.
2025-12-11 18:57:24,960 [ERROR] LogOutputStream:75 - [STDERR_REDIRECT] 
2025-12-11 18:57:24,998 [ERROR] LogOutputStream:75 - [STDERR_REDIRECT] [Fatal Error] :1:1: Premature end of file.
2025-12-11 18:57:24,998 [ERROR] LogOutputStream:75 - [STDERR_REDIRECT] 
2025-12-11 18:57:25,033 [ERROR] LogOutputStream:75 - [STDERR_REDIRECT] [Fatal Error] :1:1: Premature end of file.
2025-12-11 18:57:25,033 [ERROR] LogOutputStream:75 - [STDERR_REDIRECT] 
2025-12-11 18:57:25,066 [ERROR] LogOutputStream:75 - [STDERR_REDIRECT] [Fatal Error] :1:1: Premature end of file.
2025-12-11 18:57:25,066 [ERROR] LogOutputStream:75 - [STDERR_REDIRECT] 
2025-12-11 18:57:25,109 [ERROR] LogOutputStream:75 - [STDERR_REDIRECT] [Fatal Error] :1:1: Premature end of file.
2025-12-11 18:57:25,110 [ERROR] LogOutputStream:75 - [STDERR_REDIRECT] 
2025-12-11 18:57:25,148 [ERROR] LogOutputStream:75 - [STDERR_REDIRECT] [Fatal Error] :1:1: Premature end of file.
2025-12-11 18:57:25,148 [ERROR] LogOutputStream:75 - [STDERR_REDIRECT] 
2025-12-11 18:57:25,182 [ERROR] LogOutputStream:75 - [STDERR_REDIRECT] [Fatal Error] :1:1: Premature end of file.
2025-12-11 18:57:25,182 [ERROR] LogOutputStream:75 - [STDERR_REDIRECT] 
2025-12-11 18:57:25,217 [ERROR] LogOutputStream:75 - [STDERR_REDIRECT] [Fatal Error] :1:1: Premature end of file.
2025-12-11 18:57:25,218 [ERROR] LogOutputStream:75 - [STDERR_REDIRECT] 
2025-12-11 18:57:25,250 [ERROR] LogOutputStream:75 - [STDERR_REDIRECT] [Fatal Error] :1:1: Premature end of file.
2025-12-11 18:57:25,251 [ERROR] LogOutputStream:75 - [STDERR_REDIRECT] 
2025-12-11 18:57:25,281 [ERROR] LogOutputStream:75 - [STDERR_REDIRECT] [Fatal Error] :1:1: Premature end of file.
2025-12-11 18:57:25,283 [ERROR] LogOutputStream:75 - [STDERR_REDIRECT] 
2025-12-11 18:57:25,316 [ERROR] LogOutputStream:75 - [STDERR_REDIRECT] [Fatal Error] :1:1: Premature end of file.
2025-12-11 18:57:25,316 [ERROR] LogOutputStream:75 - [STDERR_REDIRECT] 
2025-12-11 18:57:25,349 [ERROR] LogOutputStream:75 - [STDERR_REDIRECT] [Fatal Error] :1:1: Premature end of file.
2025-12-11 18:57:25,349 [ERROR] LogOutputStream:75 - [STDERR_REDIRECT] 
2025-12-11 18:57:25,384 [ERROR] LogOutputStream:75 - [STDERR_REDIRECT] [Fatal Error] :1:1: Premature end of file.
2025-12-11 18:57:25,384 [ERROR] LogOutputStream:75 - [STDERR_REDIRECT] 
2025-12-11 18:57:25,415 [ERROR] LogOutputStream:75 - [STDERR_REDIRECT] [Fatal Error] :1:1: Premature end of file.
2025-12-11 18:57:25,415 [ERROR] LogOutputStream:75 - [STDERR_REDIRECT] 
2025-12-11 18:57:25,447 [ERROR] LogOutputStream:75 - [STDERR_REDIRECT] [Fatal Error] :1:1: Premature end of file.
2025-12-11 18:57:25,447 [ERROR] LogOutputStream:75 - [STDERR_REDIRECT] 
2025-12-11 18:57:25,478 [ERROR] LogOutputStream:75 - [STDERR_REDIRECT] [Fatal Error] :1:1: Premature end of file.
2025-12-11 18:57:25,479 [ERROR] LogOutputStream:75 - [STDERR_REDIRECT] 
2025-12-11 18:57:25,513 [ERROR] LogOutputStream:75 - [STDERR_REDIRECT] [Fatal Error] :1:1: Premature end of file.
2025-12-11 18:57:25,513 [ERROR] LogOutputStream:75 - [STDERR_REDIRECT] 
2025-12-11 18:57:25,545 [ERROR] LogOutputStream:75 - [STDERR_REDIRECT] [Fatal Error] :1:1: Premature end of file.
2025-12-11 18:57:25,545 [ERROR] LogOutputStream:75 - [STDERR_REDIRECT] 
2025-12-11 18:57:25,577 [ERROR] LogOutputStream:75 - [STDERR_REDIRECT] [Fatal Error] :1:1: Premature end of file.
2025-12-11 18:57:25,577 [ERROR] LogOutputStream:75 - [STDERR_REDIRECT] 
2025-12-11 18:57:25,608 [ERROR] LogOutputStream:75 - [STDERR_REDIRECT] [Fatal Error] :1:1: Premature end of file.
2025-12-11 18:57:25,608 [ERROR] LogOutputStream:75 - [STDERR_REDIRECT] 
2025-12-11 18:57:25,641 [ERROR] LogOutputStream:75 - [STDERR_REDIRECT] [Fatal Error] :1:1: Premature end of file.
2025-12-11 18:57:25,641 [ERROR] LogOutputStream:75 - [STDERR_REDIRECT] 
2025-12-11 18:57:25,672 [ERROR] LogOutputStream:75 - [STDERR_REDIRECT] [Fatal Error] :1:1: Premature end of file.
2025-12-11 18:57:25,672 [ERROR] LogOutputStream:75 - [STDERR_REDIRECT] 
2025-12-11 18:57:25,707 [ERROR] LogOutputStream:75 - [STDERR_REDIRECT] [Fatal Error] :1:1: Premature end of file.
2025-12-11 18:57:25,707 [ERROR] LogOutputStream:75 - [STDERR_REDIRECT] 
2025-12-11 18:57:25,740 [ERROR] LogOutputStream:75 - [STDERR_REDIRECT] [Fatal Error] :1:1: Premature end of file.
2025-12-11 18:57:25,740 [ERROR] LogOutputStream:75 - [STDERR_REDIRECT] 
2025-12-11 18:57:25,773 [ERROR] LogOutputStream:75 - [STDERR_REDIRECT] [Fatal Error] :1:1: Premature end of file.
2025-12-11 18:57:25,773 [ERROR] LogOutputStream:75 - [STDERR_REDIRECT] 
2025-12-11 18:57:25,809 [ERROR] LogOutputStream:75 - [STDERR_REDIRECT] [Fatal Error] :1:1: Premature end of file.
2025-12-11 18:57:25,809 [ERROR] LogOutputStream:75 - [STDERR_REDIRECT] 
2025-12-11 18:57:25,842 [ERROR] LogOutputStream:75 - [STDERR_REDIRECT] [Fatal Error] :1:1: Premature end of file.
2025-12-11 18:57:25,842 [ERROR] LogOutputStream:75 - [STDERR_REDIRECT] 
2025-12-11 18:57:25,872 [ERROR] LogOutputStream:75 - [STDERR_REDIRECT] [Fatal Error] :1:1: Premature end of file.
2025-12-11 18:57:25,873 [ERROR] LogOutputStream:75 - [STDERR_REDIRECT] 
2025-12-11 18:57:25,903 [ERROR] LogOutputStream:75 - [STDERR_REDIRECT] [Fatal Error] :1:1: Premature end of file.
2025-12-11 18:57:25,905 [ERROR] LogOutputStream:75 - [STDERR_REDIRECT] 
2025-12-11 18:57:25,934 [ERROR] LogOutputStream:75 - [STDERR_REDIRECT] [Fatal Error] :1:1: Premature end of file.
2025-12-11 18:57:25,934 [ERROR] LogOutputStream:75 - [STDERR_REDIRECT] 
2025-12-11 18:57:25,966 [ERROR] LogOutputStream:75 - [STDERR_REDIRECT] [Fatal Error] :1:1: Premature end of file.
2025-12-11 18:57:25,966 [ERROR] LogOutputStream:75 - [STDERR_REDIRECT] 
2025-12-11 18:57:25,996 [ERROR] LogOutputStream:75 - [STDERR_REDIRECT] [Fatal Error] :1:1: Premature end of file.
2025-12-11 18:57:25,996 [ERROR] LogOutputStream:75 - [STDERR_REDIRECT] 
2025-12-11 18:57:26,027 [ERROR] LogOutputStream:75 - [STDERR_REDIRECT] [Fatal Error] :1:1: Premature end of file.
2025-12-11 18:57:26,027 [ERROR] LogOutputStream:75 - [STDERR_REDIRECT] 
2025-12-11 18:57:26,057 [ERROR] LogOutputStream:75 - [STDERR_REDIRECT] [Fatal Error] :1:1: Premature end of file.
2025-12-11 18:57:26,058 [ERROR] LogOutputStream:75 - [STDERR_REDIRECT] 
2025-12-11 18:57:26,088 [ERROR] LogOutputStream:75 - [STDERR_REDIRECT] [Fatal Error] :1:1: Premature end of file.
2025-12-11 18:57:26,088 [ERROR] LogOutputStream:75 - [STDERR_REDIRECT] 
2025-12-11 18:57:26,120 [ERROR] LogOutputStream:75 - [STDERR_REDIRECT] [Fatal Error] :1:1: Premature end of file.
2025-12-11 18:57:26,120 [ERROR] LogOutputStream:75 - [STDERR_REDIRECT] 
2025-12-11 18:57:26,151 [ERROR] LogOutputStream:75 - [STDERR_REDIRECT] [Fatal Error] :1:1: Premature end of file.
2025-12-11 18:57:26,151 [ERROR] LogOutputStream:75 - [STDERR_REDIRECT] 
2025-12-11 18:57:26,181 [ERROR] LogOutputStream:75 - [STDERR_REDIRECT] [Fatal Error] :1:1: Premature end of file.
2025-12-11 18:57:26,181 [ERROR] LogOutputStream:75 - [STDERR_REDIRECT] 
2025-12-11 18:57:26,211 [ERROR] LogOutputStream:75 - [STDERR_REDIRECT] [Fatal Error] :1:1: Premature end of file.
2025-12-11 18:57:26,211 [ERROR] LogOutputStream:75 - [STDERR_REDIRECT] 
2025-12-11 18:57:26,242 [ERROR] LogOutputStream:75 - [STDERR_REDIRECT] [Fatal Error] :1:1: Premature end of file.
2025-12-11 18:57:26,242 [ERROR] LogOutputStream:75 - [STDERR_REDIRECT] 
2025-12-11 19:06:11,009 [ERROR] LogOutputStream:75 - [STDERR_REDIRECT] [Fatal Error] :1:1: Premature end of file.
2025-12-11 19:06:11,009 [ERROR] LogOutputStream:75 - [STDERR_REDIRECT] 
2025-12-11 19:06:11,091 [ERROR] LogOutputStream:75 - [STDERR_REDIRECT] [Fatal Error] :1:1: Premature end of file.
2025-12-11 19:06:11,091 [ERROR] LogOutputStream:75 - [STDERR_REDIRECT] 
2025-12-11 19:06:11,158 [ERROR] LogOutputStream:75 - [STDERR_REDIRECT] [Fatal Error] :1:1: Premature end of file.
2025-12-11 19:06:11,158 [ERROR] LogOutputStream:75 - [STDERR_REDIRECT] 
2025-12-11 19:06:11,214 [ERROR] LogOutputStream:75 - [STDERR_REDIRECT] [Fatal Error] :1:1: Premature end of file.
2025-12-11 19:06:11,215 [ERROR] LogOutputStream:75 - [STDERR_REDIRECT] 
2025-12-11 19:06:11,274 [ERROR] LogOutputStream:75 - [STDERR_REDIRECT] [Fatal Error] :1:1: Premature end of file.
2025-12-11 19:06:11,274 [ERROR] LogOutputStream:75 - [STDERR_REDIRECT] 
2025-12-11 19:06:11,330 [ERROR] LogOutputStream:75 - [STDERR_REDIRECT] [Fatal Error] :1:1: Premature end of file.
2025-12-11 19:06:11,330 [ERROR] LogOutputStream:75 - [STDERR_REDIRECT] 
2025-12-11 19:06:11,375 [ERROR] LogOutputStream:75 - [STDERR_REDIRECT] [Fatal Error] :1:1: Premature end of file.
2025-12-11 19:06:11,375 [ERROR] LogOutputStream:75 - [STDERR_REDIRECT] 
2025-12-11 19:06:11,422 [ERROR] LogOutputStream:75 - [STDERR_REDIRECT] [Fatal Error] :1:1: Premature end of file.
2025-12-11 19:06:11,423 [ERROR] LogOutputStream:75 - [STDERR_REDIRECT] 
2025-12-11 19:06:11,464 [ERROR] LogOutputStream:75 - [STDERR_REDIRECT] [Fatal Error] :1:1: Premature end of file.
2025-12-11 19:06:11,464 [ERROR] LogOutputStream:75 - [STDERR_REDIRECT] 
2025-12-11 19:06:11,503 [ERROR] LogOutputStream:75 - [STDERR_REDIRECT] [Fatal Error] :1:1: Premature end of file.
2025-12-11 19:06:11,503 [ERROR] LogOutputStream:75 - [STDERR_REDIRECT] 
2025-12-11 19:06:11,542 [ERROR] LogOutputStream:75 - [STDERR_REDIRECT] [Fatal Error] :1:1: Premature end of file.
2025-12-11 19:06:11,544 [ERROR] LogOutputStream:75 - [STDERR_REDIRECT] 
2025-12-11 19:06:11,582 [ERROR] LogOutputStream:75 - [STDERR_REDIRECT] [Fatal Error] :1:1: Premature end of file.
2025-12-11 19:06:11,582 [ERROR] LogOutputStream:75 - [STDERR_REDIRECT] 
2025-12-11 19:06:11,619 [ERROR] LogOutputStream:75 - [STDERR_REDIRECT] [Fatal Error] :1:1: Premature end of file.
2025-12-11 19:06:11,619 [ERROR] LogOutputStream:75 - [STDERR_REDIRECT] 
2025-12-11 19:06:11,654 [ERROR] LogOutputStream:75 - [STDERR_REDIRECT] [Fatal Error] :1:1: Premature end of file.
2025-12-11 19:06:11,655 [ERROR] LogOutputStream:75 - [STDERR_REDIRECT] 
2025-12-11 19:06:11,690 [ERROR] LogOutputStream:75 - [STDERR_REDIRECT] [Fatal Error] :1:1: Premature end of file.
2025-12-11 19:06:11,690 [ERROR] LogOutputStream:75 - [STDERR_REDIRECT] 
2025-12-11 19:06:11,724 [ERROR] LogOutputStream:75 - [STDERR_REDIRECT] [Fatal Error] :1:1: Premature end of file.
2025-12-11 19:06:11,724 [ERROR] LogOutputStream:75 - [STDERR_REDIRECT] 
2025-12-11 19:06:11,757 [ERROR] LogOutputStream:75 - [STDERR_REDIRECT] [Fatal Error] :1:1: Premature end of file.
2025-12-11 19:06:11,757 [ERROR] LogOutputStream:75 - [STDERR_REDIRECT] 
2025-12-11 19:06:11,792 [ERROR] LogOutputStream:75 - [STDERR_REDIRECT] [Fatal Error] :1:1: Premature end of file.
2025-12-11 19:06:11,792 [ERROR] LogOutputStream:75 - [STDERR_REDIRECT] 
2025-12-11 19:06:11,824 [ERROR] LogOutputStream:75 - [STDERR_REDIRECT] [Fatal Error] :1:1: Premature end of file.
2025-12-11 19:06:11,824 [ERROR] LogOutputStream:75 - [STDERR_REDIRECT] 
2025-12-11 19:06:11,857 [ERROR] LogOutputStream:75 - [STDERR_REDIRECT] [Fatal Error] :1:1: Premature end of file.
2025-12-11 19:06:11,857 [ERROR] LogOutputStream:75 - [STDERR_REDIRECT] 
2025-12-11 19:06:11,891 [ERROR] LogOutputStream:75 - [STDERR_REDIRECT] [Fatal Error] :1:1: Premature end of file.
2025-12-11 19:06:11,892 [ERROR] LogOutputStream:75 - [STDERR_REDIRECT] 
2025-12-11 19:06:11,923 [ERROR] LogOutputStream:75 - [STDERR_REDIRECT] [Fatal Error] :1:1: Premature end of file.
2025-12-11 19:06:11,924 [ERROR] LogOutputStream:75 - [STDERR_REDIRECT] 
2025-12-11 19:06:11,956 [ERROR] LogOutputStream:75 - [STDERR_REDIRECT] [Fatal Error] :1:1: Premature end of file.
2025-12-11 19:06:11,957 [ERROR] LogOutputStream:75 - [STDERR_REDIRECT] 
2025-12-11 19:06:11,989 [ERROR] LogOutputStream:75 - [STDERR_REDIRECT] [Fatal Error] :1:1: Premature end of file.
2025-12-11 19:06:11,990 [ERROR] LogOutputStream:75 - [STDERR_REDIRECT] 
2025-12-11 19:06:12,022 [ERROR] LogOutputStream:75 - [STDERR_REDIRECT] [Fatal Error] :1:1: Premature end of file.
2025-12-11 19:06:12,022 [ERROR] LogOutputStream:75 - [STDERR_REDIRECT] 
2025-12-11 19:06:12,056 [ERROR] LogOutputStream:75 - [STDERR_REDIRECT] [Fatal Error] :1:1: Premature end of file.
2025-12-11 19:06:12,056 [ERROR] LogOutputStream:75 - [STDERR_REDIRECT] 
2025-12-11 19:06:12,089 [ERROR] LogOutputStream:75 - [STDERR_REDIRECT] [Fatal Error] :1:1: Premature end of file.
2025-12-11 19:06:12,090 [ERROR] LogOutputStream:75 - [STDERR_REDIRECT] 
2025-12-11 19:06:12,125 [ERROR] LogOutputStream:75 - [STDERR_REDIRECT] [Fatal Error] :1:1: Premature end of file.
2025-12-11 19:06:12,125 [ERROR] LogOutputStream:75 - [STDERR_REDIRECT] 
2025-12-11 19:06:12,163 [ERROR] LogOutputStream:75 - [STDERR_REDIRECT] [Fatal Error] :1:1: Premature end of file.
2025-12-11 19:06:12,163 [ERROR] LogOutputStream:75 - [STDERR_REDIRECT] 
2025-12-11 19:06:12,196 [ERROR] LogOutputStream:75 - [STDERR_REDIRECT] [Fatal Error] :1:1: Premature end of file.
2025-12-11 19:06:12,196 [ERROR] LogOutputStream:75 - [STDERR_REDIRECT] 
2025-12-11 19:06:12,229 [ERROR] LogOutputStream:75 - [STDERR_REDIRECT] [Fatal Error] :1:1: Premature end of file.
2025-12-11 19:06:12,229 [ERROR] LogOutputStream:75 - [STDERR_REDIRECT] 
2025-12-11 19:06:12,265 [ERROR] LogOutputStream:75 - [STDERR_REDIRECT] [Fatal Error] :1:1: Premature end of file.
2025-12-11 19:06:12,265 [ERROR] LogOutputStream:75 - [STDERR_REDIRECT] 
2025-12-11 19:06:12,298 [ERROR] LogOutputStream:75 - [STDERR_REDIRECT] [Fatal Error] :1:1: Premature end of file.
2025-12-11 19:06:12,298 [ERROR] LogOutputStream:75 - [STDERR_REDIRECT] 
2025-12-11 19:06:12,332 [ERROR] LogOutputStream:75 - [STDERR_REDIRECT] [Fatal Error] :1:1: Premature end of file.
2025-12-11 19:06:12,332 [ERROR] LogOutputStream:75 - [STDERR_REDIRECT] 
2025-12-11 19:06:12,368 [ERROR] LogOutputStream:75 - [STDERR_REDIRECT] [Fatal Error] :1:1: Premature end of file.
2025-12-11 19:06:12,368 [ERROR] LogOutputStream:75 - [STDERR_REDIRECT] 
2025-12-11 19:06:12,410 [ERROR] LogOutputStream:75 - [STDERR_REDIRECT] [Fatal Error] :1:1: Premature end of file.
2025-12-11 19:06:12,410 [ERROR] LogOutputStream:75 - [STDERR_REDIRECT] 
2025-12-11 19:06:12,442 [ERROR] LogOutputStream:75 - [STDERR_REDIRECT] [Fatal Error] :1:1: Premature end of file.
2025-12-11 19:06:12,442 [ERROR] LogOutputStream:75 - [STDERR_REDIRECT] 
2025-12-11 19:06:12,477 [ERROR] LogOutputStream:75 - [STDERR_REDIRECT] [Fatal Error] :1:1: Premature end of file.
2025-12-11 19:06:12,477 [ERROR] LogOutputStream:75 - [STDERR_REDIRECT] 
2025-12-11 19:06:12,512 [ERROR] LogOutputStream:75 - [STDERR_REDIRECT] [Fatal Error] :1:1: Premature end of file.
2025-12-11 19:06:12,512 [ERROR] LogOutputStream:75 - [STDERR_REDIRECT] 
2025-12-11 19:06:12,553 [ERROR] LogOutputStream:75 - [STDERR_REDIRECT] [Fatal Error] :1:1: Premature end of file.
2025-12-11 19:06:12,553 [ERROR] LogOutputStream:75 - [STDERR_REDIRECT] 
2025-12-11 19:06:12,586 [ERROR] LogOutputStream:75 - [STDERR_REDIRECT] [Fatal Error] :1:1: Premature end of file.
2025-12-11 19:06:12,586 [ERROR] LogOutputStream:75 - [STDERR_REDIRECT] 
2025-12-11 19:06:12,622 [ERROR] LogOutputStream:75 - [STDERR_REDIRECT] [Fatal Error] :1:1: Premature end of file.
2025-12-11 19:06:12,622 [ERROR] LogOutputStream:75 - [STDERR_REDIRECT] 
2025-12-11 19:06:12,654 [ERROR] LogOutputStream:75 - [STDERR_REDIRECT] [Fatal Error] :1:1: Premature end of file.
2025-12-11 19:06:12,656 [ERROR] LogOutputStream:75 - [STDERR_REDIRECT] 
2025-12-11 19:06:12,688 [ERROR] LogOutputStream:75 - [STDERR_REDIRECT] [Fatal Error] :1:1: Premature end of file.
2025-12-11 19:06:12,688 [ERROR] LogOutputStream:75 - [STDERR_REDIRECT] 
2025-12-11 19:06:12,721 [ERROR] LogOutputStream:75 - [STDERR_REDIRECT] [Fatal Error] :1:1: Premature end of file.
2025-12-11 19:06:12,722 [ERROR] LogOutputStream:75 - [STDERR_REDIRECT] 
2025-12-11 19:06:12,765 [ERROR] LogOutputStream:75 - [STDERR_REDIRECT] [Fatal Error] :1:1: Premature end of file.
2025-12-11 19:06:12,766 [ERROR] LogOutputStream:75 - [STDERR_REDIRECT] 
2025-12-11 19:06:12,821 [ERROR] LogOutputStream:75 - [STDERR_REDIRECT] [Fatal Error] :1:1: Premature end of file.
2025-12-11 19:06:12,821 [ERROR] LogOutputStream:75 - [STDERR_REDIRECT] 
2025-12-11 19:06:12,867 [ERROR] LogOutputStream:75 - [STDERR_REDIRECT] [Fatal Error] :1:1: Premature end of file.
2025-12-11 19:06:12,867 [ERROR] LogOutputStream:75 - [STDERR_REDIRECT] 
2025-12-11 19:06:12,907 [ERROR] LogOutputStream:75 - [STDERR_REDIRECT] [Fatal Error] :1:1: Premature end of file.
2025-12-11 19:06:12,907 [ERROR] LogOutputStream:75 - [STDERR_REDIRECT] 
2025-12-11 19:06:12,942 [ERROR] LogOutputStream:75 - [STDERR_REDIRECT] [Fatal Error] :1:1: Premature end of file.
2025-12-11 19:06:12,942 [ERROR] LogOutputStream:75 - [STDERR_REDIRECT] 
2025-12-11 19:06:12,988 [ERROR] LogOutputStream:75 - [STDERR_REDIRECT] [Fatal Error] :1:1: Premature end of file.
2025-12-11 19:06:12,988 [ERROR] LogOutputStream:75 - [STDERR_REDIRECT] 
2025-12-11 19:06:13,033 [ERROR] LogOutputStream:75 - [STDERR_REDIRECT] [Fatal Error] :1:1: Premature end of file.
2025-12-11 19:06:13,033 [ERROR] LogOutputStream:75 - [STDERR_REDIRECT] 
2025-12-11 19:06:13,082 [ERROR] LogOutputStream:75 - [STDERR_REDIRECT] [Fatal Error] :1:1: Premature end of file.
2025-12-11 19:06:13,082 [ERROR] LogOutputStream:75 - [STDERR_REDIRECT] 
2025-12-11 19:06:13,125 [ERROR] LogOutputStream:75 - [STDERR_REDIRECT] [Fatal Error] :1:1: Premature end of file.
2025-12-11 19:06:13,125 [ERROR] LogOutputStream:75 - [STDERR_REDIRECT] 
2025-12-11 19:06:13,168 [ERROR] LogOutputStream:75 - [STDERR_REDIRECT] [Fatal Error] :1:1: Premature end of file.
2025-12-11 19:06:13,168 [ERROR] LogOutputStream:75 - [STDERR_REDIRECT] 
2025-12-11 19:06:13,215 [ERROR] LogOutputStream:75 - [STDERR_REDIRECT] [Fatal Error] :1:1: Premature end of file.
2025-12-11 19:06:13,215 [ERROR] LogOutputStream:75 - [STDERR_REDIRECT] 
2025-12-11 19:06:13,305 [ERROR] LogOutputStream:75 - [STDERR_REDIRECT] [Fatal Error] :1:1: Premature end of file.
2025-12-11 19:06:13,305 [ERROR] LogOutputStream:75 - [STDERR_REDIRECT] 
2025-12-11 19:06:13,357 [ERROR] LogOutputStream:75 - [STDERR_REDIRECT] [Fatal Error] :1:1: Premature end of file.
2025-12-11 19:06:13,357 [ERROR] LogOutputStream:75 - [STDERR_REDIRECT] 
2025-12-11 19:06:13,397 [ERROR] LogOutputStream:75 - [STDERR_REDIRECT] [Fatal Error] :1:1: Premature end of file.
2025-12-11 19:06:13,403 [ERROR] LogOutputStream:75 - [STDERR_REDIRECT] 
2025-12-11 19:06:13,445 [ERROR] LogOutputStream:75 - [STDERR_REDIRECT] [Fatal Error] :1:1: Premature end of file.
2025-12-11 19:06:13,445 [ERROR] LogOutputStream:75 - [STDERR_REDIRECT] 
2025-12-11 19:06:13,488 [ERROR] LogOutputStream:75 - [STDERR_REDIRECT] [Fatal Error] :1:1: Premature end of file.
2025-12-11 19:06:13,488 [ERROR] LogOutputStream:75 - [STDERR_REDIRECT] 
2025-12-11 19:06:13,537 [ERROR] LogOutputStream:75 - [STDERR_REDIRECT] [Fatal Error] :1:1: Premature end of file.
2025-12-11 19:06:13,537 [ERROR] LogOutputStream:75 - [STDERR_REDIRECT] 
2025-12-11 19:06:13,588 [ERROR] LogOutputStream:75 - [STDERR_REDIRECT] [Fatal Error] :1:1: Premature end of file.
2025-12-11 19:06:13,588 [ERROR] LogOutputStream:75 - [STDERR_REDIRECT] 
2025-12-11 19:06:13,641 [ERROR] LogOutputStream:75 - [STDERR_REDIRECT] [Fatal Error] :1:1: Premature end of file.
2025-12-11 19:06:13,641 [ERROR] LogOutputStream:75 - [STDERR_REDIRECT] 
2025-12-11 19:06:13,694 [ERROR] LogOutputStream:75 - [STDERR_REDIRECT] [Fatal Error] :1:1: Premature end of file.
2025-12-11 19:06:13,694 [ERROR] LogOutputStream:75 - [STDERR_REDIRECT] 
2025-12-11 19:06:13,748 [ERROR] LogOutputStream:75 - [STDERR_REDIRECT] [Fatal Error] :1:1: Premature end of file.
2025-12-11 19:06:13,749 [ERROR] LogOutputStream:75 - [STDERR_REDIRECT] 
2025-12-11 19:06:13,797 [ERROR] LogOutputStream:75 - [STDERR_REDIRECT] [Fatal Error] :1:1: Premature end of file.
2025-12-11 19:06:13,797 [ERROR] LogOutputStream:75 - [STDERR_REDIRECT] 
2025-12-11 19:06:13,841 [ERROR] LogOutputStream:75 - [STDERR_REDIRECT] [Fatal Error] :1:1: Premature end of file.
2025-12-11 19:06:13,841 [ERROR] LogOutputStream:75 - [STDERR_REDIRECT] 
2025-12-11 19:06:13,882 [ERROR] LogOutputStream:75 - [STDERR_REDIRECT] [Fatal Error] :1:1: Premature end of file.
2025-12-11 19:06:13,882 [ERROR] LogOutputStream:75 - [STDERR_REDIRECT] 
2025-12-11 19:06:13,930 [ERROR] LogOutputStream:75 - [STDERR_REDIRECT] [Fatal Error] :1:1: Premature end of file.
2025-12-11 19:06:13,930 [ERROR] LogOutputStream:75 - [STDERR_REDIRECT] 
2025-12-11 19:06:13,979 [ERROR] LogOutputStream:75 - [STDERR_REDIRECT] [Fatal Error] :1:1: Premature end of file.
2025-12-11 19:06:13,979 [ERROR] LogOutputStream:75 - [STDERR_REDIRECT] 
2025-12-11 19:06:14,021 [ERROR] LogOutputStream:75 - [STDERR_REDIRECT] [Fatal Error] :1:1: Premature end of file.
2025-12-11 19:06:14,021 [ERROR] LogOutputStream:75 - [STDERR_REDIRECT] 
2025-12-11 19:06:14,063 [ERROR] LogOutputStream:75 - [STDERR_REDIRECT] [Fatal Error] :1:1: Premature end of file.
2025-12-11 19:06:14,070 [ERROR] LogOutputStream:75 - [STDERR_REDIRECT] 
2025-12-11 19:06:14,112 [ERROR] LogOutputStream:75 - [STDERR_REDIRECT] [Fatal Error] :1:1: Premature end of file.
2025-12-11 19:06:14,112 [ERROR] LogOutputStream:75 - [STDERR_REDIRECT] 
2025-12-11 19:06:14,156 [ERROR] LogOutputStream:75 - [STDERR_REDIRECT] [Fatal Error] :1:1: Premature end of file.
2025-12-11 19:06:14,158 [ERROR] LogOutputStream:75 - [STDERR_REDIRECT] 
2025-12-11 19:06:14,245 [ERROR] LogOutputStream:75 - [STDERR_REDIRECT] [Fatal Error] :1:1: Premature end of file.
2025-12-11 19:06:14,245 [ERROR] LogOutputStream:75 - [STDERR_REDIRECT] 
2025-12-11 19:06:14,337 [ERROR] LogOutputStream:75 - [STDERR_REDIRECT] [Fatal Error] :1:1: Premature end of file.
2025-12-11 19:06:14,337 [ERROR] LogOutputStream:75 - [STDERR_REDIRECT] 
2025-12-11 19:06:14,441 [ERROR] LogOutputStream:75 - [STDERR_REDIRECT] [Fatal Error] :1:1: Premature end of file.
2025-12-11 19:06:14,441 [ERROR] LogOutputStream:75 - [STDERR_REDIRECT] 
2025-12-11 19:06:14,509 [ERROR] LogOutputStream:75 - [STDERR_REDIRECT] [Fatal Error] :1:1: Premature end of file.
2025-12-11 19:06:14,509 [ERROR] LogOutputStream:75 - [STDERR_REDIRECT] 
2025-12-11 19:06:14,575 [ERROR] LogOutputStream:75 - [STDERR_REDIRECT] [Fatal Error] :1:1: Premature end of file.
2025-12-11 19:06:14,575 [ERROR] LogOutputStream:75 - [STDERR_REDIRECT] 
2025-12-11 19:06:14,636 [ERROR] LogOutputStream:75 - [STDERR_REDIRECT] [Fatal Error] :1:1: Premature end of file.
2025-12-11 19:06:14,636 [ERROR] LogOutputStream:75 - [STDERR_REDIRECT] 
2025-12-11 19:06:14,689 [ERROR] LogOutputStream:75 - [STDERR_REDIRECT] [Fatal Error] :1:1: Premature end of file.
2025-12-11 19:06:14,689 [ERROR] LogOutputStream:75 - [STDERR_REDIRECT] 
2025-12-11 19:06:14,748 [ERROR] LogOutputStream:75 - [STDERR_REDIRECT] [Fatal Error] :1:1: Premature end of file.
2025-12-11 19:06:14,748 [ERROR] LogOutputStream:75 - [STDERR_REDIRECT] 
2025-12-11 19:06:14,811 [ERROR] LogOutputStream:75 - [STDERR_REDIRECT] [Fatal Error] :1:1: Premature end of file.
2025-12-11 19:06:14,811 [ERROR] LogOutputStream:75 - [STDERR_REDIRECT] 
2025-12-11 19:06:14,886 [ERROR] LogOutputStream:75 - [STDERR_REDIRECT] [Fatal Error] :1:1: Premature end of file.
2025-12-11 19:06:14,886 [ERROR] LogOutputStream:75 - [STDERR_REDIRECT] 
2025-12-11 19:06:14,946 [ERROR] LogOutputStream:75 - [STDERR_REDIRECT] [Fatal Error] :1:1: Premature end of file.
2025-12-11 19:06:14,946 [ERROR] LogOutputStream:75 - [STDERR_REDIRECT] 
2025-12-11 19:06:14,997 [ERROR] LogOutputStream:75 - [STDERR_REDIRECT] [Fatal Error] :1:1: Premature end of file.
2025-12-11 19:06:14,997 [ERROR] LogOutputStream:75 - [STDERR_REDIRECT] 
2025-12-11 19:06:15,051 [ERROR] LogOutputStream:75 - [STDERR_REDIRECT] [Fatal Error] :1:1: Premature end of file.
2025-12-11 19:06:15,052 [ERROR] LogOutputStream:75 - [STDERR_REDIRECT] 
2025-12-11 19:06:15,100 [ERROR] LogOutputStream:75 - [STDERR_REDIRECT] [Fatal Error] :1:1: Premature end of file.
2025-12-11 19:06:15,100 [ERROR] LogOutputStream:75 - [STDERR_REDIRECT] 
2025-12-11 19:06:15,152 [ERROR] LogOutputStream:75 - [STDERR_REDIRECT] [Fatal Error] :1:1: Premature end of file.
2025-12-11 19:06:15,152 [ERROR] LogOutputStream:75 - [STDERR_REDIRECT] 
2025-12-11 19:06:15,198 [ERROR] LogOutputStream:75 - [STDERR_REDIRECT] [Fatal Error] :1:1: Premature end of file.
2025-12-11 19:06:15,198 [ERROR] LogOutputStream:75 - [STDERR_REDIRECT] 
2025-12-11 19:06:15,239 [ERROR] LogOutputStream:75 - [STDERR_REDIRECT] [Fatal Error] :1:1: Premature end of file.
2025-12-11 19:06:15,239 [ERROR] LogOutputStream:75 - [STDERR_REDIRECT] 
2025-12-11 19:06:15,282 [ERROR] LogOutputStream:75 - [STDERR_REDIRECT] [Fatal Error] :1:1: Premature end of file.
2025-12-11 19:06:15,282 [ERROR] LogOutputStream:75 - [STDERR_REDIRECT] 
2025-12-11 19:06:15,331 [ERROR] LogOutputStream:75 - [STDERR_REDIRECT] [Fatal Error] :1:1: Premature end of file.
2025-12-11 19:06:15,331 [ERROR] LogOutputStream:75 - [STDERR_REDIRECT] 
2025-12-11 19:06:15,380 [ERROR] LogOutputStream:75 - [STDERR_REDIRECT] [Fatal Error] :1:1: Premature end of file.
2025-12-11 19:06:15,380 [ERROR] LogOutputStream:75 - [STDERR_REDIRECT] 
2025-12-11 19:06:15,421 [ERROR] LogOutputStream:75 - [STDERR_REDIRECT] [Fatal Error] :1:1: Premature end of file.
2025-12-11 19:06:15,421 [ERROR] LogOutputStream:75 - [STDERR_REDIRECT] 
2025-12-11 19:06:15,470 [ERROR] LogOutputStream:75 - [STDERR_REDIRECT] [Fatal Error] :1:1: Premature end of file.
2025-12-11 19:06:15,470 [ERROR] LogOutputStream:75 - [STDERR_REDIRECT] 
2025-12-11 19:06:15,516 [ERROR] LogOutputStream:75 - [STDERR_REDIRECT] [Fatal Error] :1:1: Premature end of file.
2025-12-11 19:06:15,516 [ERROR] LogOutputStream:75 - [STDERR_REDIRECT] 
2025-12-11 19:06:15,560 [ERROR] LogOutputStream:75 - [STDERR_REDIRECT] [Fatal Error] :1:1: Premature end of file.
2025-12-11 19:06:15,560 [ERROR] LogOutputStream:75 - [STDERR_REDIRECT] 
2025-12-11 19:06:15,604 [ERROR] LogOutputStream:75 - [STDERR_REDIRECT] [Fatal Error] :1:1: Premature end of file.
2025-12-11 19:06:15,604 [ERROR] LogOutputStream:75 - [STDERR_REDIRECT] 
2025-12-11 19:06:15,653 [ERROR] LogOutputStream:75 - [STDERR_REDIRECT] [Fatal Error] :1:1: Premature end of file.
2025-12-11 19:06:15,653 [ERROR] LogOutputStream:75 - [STDERR_REDIRECT] 
2025-12-11 19:06:15,696 [ERROR] LogOutputStream:75 - [STDERR_REDIRECT] [Fatal Error] :1:1: Premature end of file.
2025-12-11 19:06:15,696 [ERROR] LogOutputStream:75 - [STDERR_REDIRECT] 
2025-12-11 19:06:15,736 [ERROR] LogOutputStream:75 - [STDERR_REDIRECT] [Fatal Error] :1:1: Premature end of file.
2025-12-11 19:06:15,736 [ERROR] LogOutputStream:75 - [STDERR_REDIRECT] 
2025-12-11 19:06:15,785 [ERROR] LogOutputStream:75 - [STDERR_REDIRECT] [Fatal Error] :1:1: Premature end of file.
2025-12-11 19:06:15,785 [ERROR] LogOutputStream:75 - [STDERR_REDIRECT] 
2025-12-11 19:06:15,831 [ERROR] LogOutputStream:75 - [STDERR_REDIRECT] [Fatal Error] :1:1: Premature end of file.
2025-12-11 19:06:15,831 [ERROR] LogOutputStream:75 - [STDERR_REDIRECT] 
2025-12-11 19:06:15,881 [ERROR] LogOutputStream:75 - [STDERR_REDIRECT] [Fatal Error] :1:1: Premature end of file.
2025-12-11 19:06:15,881 [ERROR] LogOutputStream:75 - [STDERR_REDIRECT] 
2025-12-11 19:06:15,930 [ERROR] LogOutputStream:75 - [STDERR_REDIRECT] [Fatal Error] :1:1: Premature end of file.
2025-12-11 19:06:15,934 [ERROR] LogOutputStream:75 - [STDERR_REDIRECT] 
2025-12-11 19:06:15,985 [ERROR] LogOutputStream:75 - [STDERR_REDIRECT] [Fatal Error] :1:1: Premature end of file.
2025-12-11 19:06:15,985 [ERROR] LogOutputStream:75 - [STDERR_REDIRECT] 
2025-12-11 19:06:16,100 [ERROR] LogOutputStream:75 - [STDERR_REDIRECT] [Fatal Error] :1:1: Premature end of file.
2025-12-11 19:06:16,104 [ERROR] LogOutputStream:75 - [STDERR_REDIRECT] 
2025-12-11 19:06:16,164 [ERROR] LogOutputStream:75 - [STDERR_REDIRECT] [Fatal Error] :1:1: Premature end of file.
2025-12-11 19:06:16,166 [ERROR] LogOutputStream:75 - [STDERR_REDIRECT] 
2025-12-11 19:06:16,229 [ERROR] LogOutputStream:75 - [STDERR_REDIRECT] [Fatal Error] :1:1: Premature end of file.
2025-12-11 19:06:16,229 [ERROR] LogOutputStream:75 - [STDERR_REDIRECT] 
2025-12-11 19:06:16,287 [ERROR] LogOutputStream:75 - [STDERR_REDIRECT] [Fatal Error] :1:1: Premature end of file.
2025-12-11 19:06:16,288 [ERROR] LogOutputStream:75 - [STDERR_REDIRECT] 
2025-12-11 19:06:16,340 [ERROR] LogOutputStream:75 - [STDERR_REDIRECT] [Fatal Error] :1:1: Premature end of file.
2025-12-11 19:06:16,340 [ERROR] LogOutputStream:75 - [STDERR_REDIRECT] 
2025-12-11 19:06:16,387 [ERROR] LogOutputStream:75 - [STDERR_REDIRECT] [Fatal Error] :1:1: Premature end of file.
2025-12-11 19:06:16,387 [ERROR] LogOutputStream:75 - [STDERR_REDIRECT] 
2025-12-11 19:06:16,431 [ERROR] LogOutputStream:75 - [STDERR_REDIRECT] [Fatal Error] :1:1: Premature end of file.
2025-12-11 19:06:16,431 [ERROR] LogOutputStream:75 - [STDERR_REDIRECT] 
2025-12-11 19:06:16,476 [ERROR] LogOutputStream:75 - [STDERR_REDIRECT] [Fatal Error] :1:1: Premature end of file.
2025-12-11 19:06:16,476 [ERROR] LogOutputStream:75 - [STDERR_REDIRECT] 
2025-12-11 19:06:16,523 [ERROR] LogOutputStream:75 - [STDERR_REDIRECT] [Fatal Error] :1:1: Premature end of file.
2025-12-11 19:06:16,523 [ERROR] LogOutputStream:75 - [STDERR_REDIRECT] 
2025-12-11 19:06:16,570 [ERROR] LogOutputStream:75 - [STDERR_REDIRECT] [Fatal Error] :1:1: Premature end of file.
2025-12-11 19:06:16,570 [ERROR] LogOutputStream:75 - [STDERR_REDIRECT] 
2025-12-11 19:06:16,622 [ERROR] LogOutputStream:75 - [STDERR_REDIRECT] [Fatal Error] :1:1: Premature end of file.
2025-12-11 19:06:16,622 [ERROR] LogOutputStream:75 - [STDERR_REDIRECT] 
2025-12-11 19:06:16,670 [ERROR] LogOutputStream:75 - [STDERR_REDIRECT] [Fatal Error] :1:1: Premature end of file.
2025-12-11 19:06:16,670 [ERROR] LogOutputStream:75 - [STDERR_REDIRECT] 
2025-12-11 19:06:16,719 [ERROR] LogOutputStream:75 - [STDERR_REDIRECT] [Fatal Error] :1:1: Premature end of file.
2025-12-11 19:06:16,719 [ERROR] LogOutputStream:75 - [STDERR_REDIRECT] 
2025-12-11 19:06:16,774 [ERROR] LogOutputStream:75 - [STDERR_REDIRECT] [Fatal Error] :1:1: Premature end of file.
2025-12-11 19:06:16,774 [ERROR] LogOutputStream:75 - [STDERR_REDIRECT] 
2025-12-11 19:06:16,828 [ERROR] LogOutputStream:75 - [STDERR_REDIRECT] [Fatal Error] :1:1: Premature end of file.
2025-12-11 19:06:16,828 [ERROR] LogOutputStream:75 - [STDERR_REDIRECT] 
2025-12-11 19:06:16,870 [ERROR] LogOutputStream:75 - [STDERR_REDIRECT] [Fatal Error] :1:1: Premature end of file.
2025-12-11 19:06:16,870 [ERROR] LogOutputStream:75 - [STDERR_REDIRECT] 
2025-12-11 19:06:16,924 [ERROR] LogOutputStream:75 - [STDERR_REDIRECT] [Fatal Error] :1:1: Premature end of file.
2025-12-11 19:06:16,924 [ERROR] LogOutputStream:75 - [STDERR_REDIRECT] 
2025-12-11 19:06:17,122 [ERROR] LogOutputStream:75 - [STDERR_REDIRECT] [Fatal Error] :1:1: Premature end of file.
2025-12-11 19:06:17,122 [ERROR] LogOutputStream:75 - [STDERR_REDIRECT] 
2025-12-11 19:06:17,184 [ERROR] LogOutputStream:75 - [STDERR_REDIRECT] [Fatal Error] :1:1: Premature end of file.
2025-12-11 19:06:17,184 [ERROR] LogOutputStream:75 - [STDERR_REDIRECT] 
2025-12-11 19:06:17,231 [ERROR] LogOutputStream:75 - [STDERR_REDIRECT] [Fatal Error] :1:1: Premature end of file.
2025-12-11 19:06:17,231 [ERROR] LogOutputStream:75 - [STDERR_REDIRECT] 
2025-12-11 19:06:17,287 [ERROR] LogOutputStream:75 - [STDERR_REDIRECT] [Fatal Error] :1:1: Premature end of file.
2025-12-11 19:06:17,287 [ERROR] LogOutputStream:75 - [STDERR_REDIRECT] 
2025-12-11 19:06:17,341 [ERROR] LogOutputStream:75 - [STDERR_REDIRECT] [Fatal Error] :1:1: Premature end of file.
2025-12-11 19:06:17,341 [ERROR] LogOutputStream:75 - [STDERR_REDIRECT] 
2025-12-11 19:06:17,398 [ERROR] LogOutputStream:75 - [STDERR_REDIRECT] [Fatal Error] :1:1: Premature end of file.
2025-12-11 19:06:17,398 [ERROR] LogOutputStream:75 - [STDERR_REDIRECT] 
2025-12-11 19:06:17,449 [ERROR] LogOutputStream:75 - [STDERR_REDIRECT] [Fatal Error] :1:1: Premature end of file.
2025-12-11 19:06:17,449 [ERROR] LogOutputStream:75 - [STDERR_REDIRECT] 
2025-12-11 19:06:17,497 [ERROR] LogOutputStream:75 - [STDERR_REDIRECT] [Fatal Error] :1:1: Premature end of file.
2025-12-11 19:06:17,497 [ERROR] LogOutputStream:75 - [STDERR_REDIRECT] 
2025-12-11 19:06:17,547 [ERROR] LogOutputStream:75 - [STDERR_REDIRECT] [Fatal Error] :1:1: Premature end of file.
2025-12-11 19:06:17,547 [ERROR] LogOutputStream:75 - [STDERR_REDIRECT] 
2025-12-11 19:06:17,594 [ERROR] LogOutputStream:75 - [STDERR_REDIRECT] [Fatal Error] :1:1: Premature end of file.
2025-12-11 19:06:17,594 [ERROR] LogOutputStream:75 - [STDERR_REDIRECT] 
2025-12-11 19:06:17,639 [ERROR] LogOutputStream:75 - [STDERR_REDIRECT] [Fatal Error] :1:1: Premature end of file.
2025-12-11 19:06:17,639 [ERROR] LogOutputStream:75 - [STDERR_REDIRECT] 
2025-12-11 19:06:17,682 [ERROR] LogOutputStream:75 - [STDERR_REDIRECT] [Fatal Error] :1:1: Premature end of file.
2025-12-11 19:06:17,682 [ERROR] LogOutputStream:75 - [STDERR_REDIRECT] 
2025-12-11 19:06:17,731 [ERROR] LogOutputStream:75 - [STDERR_REDIRECT] [Fatal Error] :1:1: Premature end of file.
2025-12-11 19:06:17,731 [ERROR] LogOutputStream:75 - [STDERR_REDIRECT] 
2025-12-11 19:06:17,792 [ERROR] LogOutputStream:75 - [STDERR_REDIRECT] [Fatal Error] :1:1: Premature end of file.
2025-12-11 19:06:17,792 [ERROR] LogOutputStream:75 - [STDERR_REDIRECT] 
2025-12-11 19:06:17,839 [ERROR] LogOutputStream:75 - [STDERR_REDIRECT] [Fatal Error] :1:1: Premature end of file.
2025-12-11 19:06:17,839 [ERROR] LogOutputStream:75 - [STDERR_REDIRECT] 
2025-12-11 19:06:17,883 [ERROR] LogOutputStream:75 - [STDERR_REDIRECT] [Fatal Error] :1:1: Premature end of file.
2025-12-11 19:06:17,883 [ERROR] LogOutputStream:75 - [STDERR_REDIRECT] 
2025-12-11 19:06:17,918 [ERROR] LogOutputStream:75 - [STDERR_REDIRECT] [Fatal Error] :1:1: Premature end of file.
2025-12-11 19:06:17,918 [ERROR] LogOutputStream:75 - [STDERR_REDIRECT] 
2025-12-11 19:06:17,964 [ERROR] LogOutputStream:75 - [STDERR_REDIRECT] [Fatal Error] :1:1: Premature end of file.
2025-12-11 19:06:17,964 [ERROR] LogOutputStream:75 - [STDERR_REDIRECT] 
2025-12-11 19:06:18,022 [ERROR] LogOutputStream:75 - [STDERR_REDIRECT] [Fatal Error] :1:1: Premature end of file.
2025-12-11 19:06:18,022 [ERROR] LogOutputStream:75 - [STDERR_REDIRECT] 
2025-12-11 19:06:18,058 [ERROR] LogOutputStream:75 - [STDERR_REDIRECT] [Fatal Error] :1:1: Premature end of file.
2025-12-11 19:06:18,058 [ERROR] LogOutputStream:75 - [STDERR_REDIRECT] 
2025-12-11 19:06:18,106 [ERROR] LogOutputStream:75 - [STDERR_REDIRECT] [Fatal Error] :1:1: Premature end of file.
2025-12-11 19:06:18,106 [ERROR] LogOutputStream:75 - [STDERR_REDIRECT] 
2025-12-11 19:06:18,162 [ERROR] LogOutputStream:75 - [STDERR_REDIRECT] [Fatal Error] :1:1: Premature end of file.
2025-12-11 19:06:18,162 [ERROR] LogOutputStream:75 - [STDERR_REDIRECT] 
2025-12-11 19:06:18,204 [ERROR] LogOutputStream:75 - [STDERR_REDIRECT] [Fatal Error] :1:1: Premature end of file.
2025-12-11 19:06:18,204 [ERROR] LogOutputStream:75 - [STDERR_REDIRECT] 
2025-12-11 19:06:18,249 [ERROR] LogOutputStream:75 - [STDERR_REDIRECT] [Fatal Error] :1:1: Premature end of file.
2025-12-11 19:06:18,249 [ERROR] LogOutputStream:75 - [STDERR_REDIRECT] 
2025-12-11 19:06:18,295 [ERROR] LogOutputStream:75 - [STDERR_REDIRECT] [Fatal Error] :1:1: Premature end of file.
2025-12-11 19:06:18,295 [ERROR] LogOutputStream:75 - [STDERR_REDIRECT] 
2025-12-11 19:06:18,339 [ERROR] LogOutputStream:75 - [STDERR_REDIRECT] [Fatal Error] :1:1: Premature end of file.
2025-12-11 19:06:18,339 [ERROR] LogOutputStream:75 - [STDERR_REDIRECT] 
2025-12-11 19:06:18,387 [ERROR] LogOutputStream:75 - [STDERR_REDIRECT] [Fatal Error] :1:1: Premature end of file.
2025-12-11 19:06:18,387 [ERROR] LogOutputStream:75 - [STDERR_REDIRECT] 
2025-12-11 19:06:18,446 [ERROR] LogOutputStream:75 - [STDERR_REDIRECT] [Fatal Error] :1:1: Premature end of file.
2025-12-11 19:06:18,446 [ERROR] LogOutputStream:75 - [STDERR_REDIRECT] 
2025-12-11 19:16:55,983 [ERROR] LogOutputStream:75 - [STDERR_REDIRECT] [Fatal Error] :1:1: Premature end of file.
2025-12-11 19:16:55,983 [ERROR] LogOutputStream:75 - [STDERR_REDIRECT] 
2025-12-11 19:16:56,116 [ERROR] LogOutputStream:75 - [STDERR_REDIRECT] [Fatal Error] :1:1: Premature end of file.
2025-12-11 19:16:56,118 [ERROR] LogOutputStream:75 - [STDERR_REDIRECT] 
2025-12-11 19:16:56,231 [ERROR] LogOutputStream:75 - [STDERR_REDIRECT] [Fatal Error] :1:1: Premature end of file.
2025-12-11 19:16:56,231 [ERROR] LogOutputStream:75 - [STDERR_REDIRECT] 
2025-12-11 19:16:56,466 [ERROR] LogOutputStream:75 - [STDERR_REDIRECT] [Fatal Error] :1:1: Premature end of file.
2025-12-11 19:16:56,468 [ERROR] LogOutputStream:75 - [STDERR_REDIRECT] 
2025-12-11 19:16:56,531 [ERROR] LogOutputStream:75 - [STDERR_REDIRECT] [Fatal Error] :1:1: Premature end of file.
2025-12-11 19:16:56,531 [ERROR] LogOutputStream:75 - [STDERR_REDIRECT] 
2025-12-11 19:16:56,602 [ERROR] LogOutputStream:75 - [STDERR_REDIRECT] [Fatal Error] :1:1: Premature end of file.
2025-12-11 19:16:56,602 [ERROR] LogOutputStream:75 - [STDERR_REDIRECT] 
2025-12-11 19:16:56,689 [ERROR] LogOutputStream:75 - [STDERR_REDIRECT] [Fatal Error] :1:1: Premature end of file.
2025-12-11 19:16:56,689 [ERROR] LogOutputStream:75 - [STDERR_REDIRECT] 
2025-12-11 19:16:56,773 [ERROR] LogOutputStream:75 - [STDERR_REDIRECT] [Fatal Error] :1:1: Premature end of file.
2025-12-11 19:16:56,773 [ERROR] LogOutputStream:75 - [STDERR_REDIRECT] 
2025-12-11 19:16:56,833 [ERROR] LogOutputStream:75 - [STDERR_REDIRECT] [Fatal Error] :1:1: Premature end of file.
2025-12-11 19:16:56,833 [ERROR] LogOutputStream:75 - [STDERR_REDIRECT] 
2025-12-11 19:16:56,888 [ERROR] LogOutputStream:75 - [STDERR_REDIRECT] [Fatal Error] :1:1: Premature end of file.
2025-12-11 19:16:56,888 [ERROR] LogOutputStream:75 - [STDERR_REDIRECT] 
2025-12-11 19:16:56,945 [ERROR] LogOutputStream:75 - [STDERR_REDIRECT] [Fatal Error] :1:1: Premature end of file.
2025-12-11 19:16:56,945 [ERROR] LogOutputStream:75 - [STDERR_REDIRECT] 
2025-12-11 19:16:56,988 [ERROR] LogOutputStream:75 - [STDERR_REDIRECT] [Fatal Error] :1:1: Premature end of file.
2025-12-11 19:16:56,988 [ERROR] LogOutputStream:75 - [STDERR_REDIRECT] 
2025-12-11 19:16:57,034 [ERROR] LogOutputStream:75 - [STDERR_REDIRECT] [Fatal Error] :1:1: Premature end of file.
2025-12-11 19:16:57,034 [ERROR] LogOutputStream:75 - [STDERR_REDIRECT] 
2025-12-11 19:16:57,072 [ERROR] LogOutputStream:75 - [STDERR_REDIRECT] [Fatal Error] :1:1: Premature end of file.
2025-12-11 19:16:57,072 [ERROR] LogOutputStream:75 - [STDERR_REDIRECT] 
2025-12-11 19:16:57,117 [ERROR] LogOutputStream:75 - [STDERR_REDIRECT] [Fatal Error] :1:1: Premature end of file.
2025-12-11 19:16:57,117 [ERROR] LogOutputStream:75 - [STDERR_REDIRECT] 
2025-12-11 19:16:57,155 [ERROR] LogOutputStream:75 - [STDERR_REDIRECT] [Fatal Error] :1:1: Premature end of file.
2025-12-11 19:16:57,155 [ERROR] LogOutputStream:75 - [STDERR_REDIRECT] 
2025-12-11 19:16:57,189 [ERROR] LogOutputStream:75 - [STDERR_REDIRECT] [Fatal Error] :1:1: Premature end of file.
2025-12-11 19:16:57,189 [ERROR] LogOutputStream:75 - [STDERR_REDIRECT] 
2025-12-11 19:16:57,225 [ERROR] LogOutputStream:75 - [STDERR_REDIRECT] [Fatal Error] :1:1: Premature end of file.
2025-12-11 19:16:57,225 [ERROR] LogOutputStream:75 - [STDERR_REDIRECT] 
2025-12-11 19:16:57,258 [ERROR] LogOutputStream:75 - [STDERR_REDIRECT] [Fatal Error] :1:1: Premature end of file.
2025-12-11 19:16:57,258 [ERROR] LogOutputStream:75 - [STDERR_REDIRECT] 
2025-12-11 19:16:57,300 [ERROR] LogOutputStream:75 - [STDERR_REDIRECT] [Fatal Error] :1:1: Premature end of file.
2025-12-11 19:16:57,300 [ERROR] LogOutputStream:75 - [STDERR_REDIRECT] 
2025-12-11 19:16:57,331 [ERROR] LogOutputStream:75 - [STDERR_REDIRECT] [Fatal Error] :1:1: Premature end of file.
2025-12-11 19:16:57,331 [ERROR] LogOutputStream:75 - [STDERR_REDIRECT] 
2025-12-11 19:16:57,370 [ERROR] LogOutputStream:75 - [STDERR_REDIRECT] [Fatal Error] :1:1: Premature end of file.
2025-12-11 19:16:57,370 [ERROR] LogOutputStream:75 - [STDERR_REDIRECT] 
2025-12-11 19:16:57,401 [ERROR] LogOutputStream:75 - [STDERR_REDIRECT] [Fatal Error] :1:1: Premature end of file.
2025-12-11 19:16:57,401 [ERROR] LogOutputStream:75 - [STDERR_REDIRECT] 
2025-12-11 19:16:57,432 [ERROR] LogOutputStream:75 - [STDERR_REDIRECT] [Fatal Error] :1:1: Premature end of file.
2025-12-11 19:16:57,432 [ERROR] LogOutputStream:75 - [STDERR_REDIRECT] 
2025-12-11 19:16:57,472 [ERROR] LogOutputStream:75 - [STDERR_REDIRECT] [Fatal Error] :1:1: Premature end of file.
2025-12-11 19:16:57,473 [ERROR] LogOutputStream:75 - [STDERR_REDIRECT] 
2025-12-11 19:16:57,529 [ERROR] LogOutputStream:75 - [STDERR_REDIRECT] [Fatal Error] :1:1: Premature end of file.
2025-12-11 19:16:57,529 [ERROR] LogOutputStream:75 - [STDERR_REDIRECT] 
2025-12-11 19:16:57,601 [ERROR] LogOutputStream:75 - [STDERR_REDIRECT] [Fatal Error] :1:1: Premature end of file.
2025-12-11 19:16:57,601 [ERROR] LogOutputStream:75 - [STDERR_REDIRECT] 
2025-12-11 19:16:57,671 [ERROR] LogOutputStream:75 - [STDERR_REDIRECT] [Fatal Error] :1:1: Premature end of file.
2025-12-11 19:16:57,671 [ERROR] LogOutputStream:75 - [STDERR_REDIRECT] 
2025-12-11 19:16:57,733 [ERROR] LogOutputStream:75 - [STDERR_REDIRECT] [Fatal Error] :1:1: Premature end of file.
2025-12-11 19:16:57,733 [ERROR] LogOutputStream:75 - [STDERR_REDIRECT] 
2025-12-11 19:16:57,800 [ERROR] LogOutputStream:75 - [STDERR_REDIRECT] [Fatal Error] :1:1: Premature end of file.
2025-12-11 19:16:57,800 [ERROR] LogOutputStream:75 - [STDERR_REDIRECT] 
2025-12-11 19:16:58,088 [ERROR] LogOutputStream:75 - [STDERR_REDIRECT] [Fatal Error] :1:1: Premature end of file.
2025-12-11 19:16:58,088 [ERROR] LogOutputStream:75 - [STDERR_REDIRECT] 
2025-12-11 19:16:58,142 [ERROR] LogOutputStream:75 - [STDERR_REDIRECT] [Fatal Error] :1:1: Premature end of file.
2025-12-11 19:16:58,142 [ERROR] LogOutputStream:75 - [STDERR_REDIRECT] 
2025-12-11 19:16:58,190 [ERROR] LogOutputStream:75 - [STDERR_REDIRECT] [Fatal Error] :1:1: Premature end of file.
2025-12-11 19:16:58,190 [ERROR] LogOutputStream:75 - [STDERR_REDIRECT] 
2025-12-11 19:16:58,238 [ERROR] LogOutputStream:75 - [STDERR_REDIRECT] [Fatal Error] :1:1: Premature end of file.
2025-12-11 19:16:58,238 [ERROR] LogOutputStream:75 - [STDERR_REDIRECT] 
2025-12-11 19:16:58,280 [ERROR] LogOutputStream:75 - [STDERR_REDIRECT] [Fatal Error] :1:1: Premature end of file.
2025-12-11 19:16:58,280 [ERROR] LogOutputStream:75 - [STDERR_REDIRECT] 
2025-12-11 19:16:58,330 [ERROR] LogOutputStream:75 - [STDERR_REDIRECT] [Fatal Error] :1:1: Premature end of file.
2025-12-11 19:16:58,332 [ERROR] LogOutputStream:75 - [STDERR_REDIRECT] 
2025-12-11 19:16:58,400 [ERROR] LogOutputStream:75 - [STDERR_REDIRECT] [Fatal Error] :1:1: Premature end of file.
2025-12-11 19:16:58,400 [ERROR] LogOutputStream:75 - [STDERR_REDIRECT] 
2025-12-11 19:16:58,450 [ERROR] LogOutputStream:75 - [STDERR_REDIRECT] [Fatal Error] :1:1: Premature end of file.
2025-12-11 19:16:58,451 [ERROR] LogOutputStream:75 - [STDERR_REDIRECT] 
2025-12-11 19:16:58,494 [ERROR] LogOutputStream:75 - [STDERR_REDIRECT] [Fatal Error] :1:1: Premature end of file.
2025-12-11 19:16:58,494 [ERROR] LogOutputStream:75 - [STDERR_REDIRECT] 
2025-12-11 19:16:58,555 [ERROR] LogOutputStream:75 - [STDERR_REDIRECT] [Fatal Error] :1:1: Premature end of file.
2025-12-11 19:16:58,555 [ERROR] LogOutputStream:75 - [STDERR_REDIRECT] 
2025-12-11 19:16:58,646 [ERROR] LogOutputStream:75 - [STDERR_REDIRECT] [Fatal Error] :1:1: Premature end of file.
2025-12-11 19:16:58,646 [ERROR] LogOutputStream:75 - [STDERR_REDIRECT] 
2025-12-11 19:16:58,713 [ERROR] LogOutputStream:75 - [STDERR_REDIRECT] [Fatal Error] :1:1: Premature end of file.
2025-12-11 19:16:58,713 [ERROR] LogOutputStream:75 - [STDERR_REDIRECT] 
2025-12-11 19:16:58,964 [ERROR] LogOutputStream:75 - [STDERR_REDIRECT] [Fatal Error] :1:1: Premature end of file.
2025-12-11 19:16:58,964 [ERROR] LogOutputStream:75 - [STDERR_REDIRECT] 
2025-12-11 19:16:59,172 [ERROR] LogOutputStream:75 - [STDERR_REDIRECT] [Fatal Error] :1:1: Premature end of file.
2025-12-11 19:16:59,172 [ERROR] LogOutputStream:75 - [STDERR_REDIRECT] 
2025-12-11 19:16:59,372 [ERROR] LogOutputStream:75 - [STDERR_REDIRECT] [Fatal Error] :1:1: Premature end of file.
2025-12-11 19:16:59,372 [ERROR] LogOutputStream:75 - [STDERR_REDIRECT] 
2025-12-11 19:16:59,473 [ERROR] LogOutputStream:75 - [STDERR_REDIRECT] [Fatal Error] :1:1: Premature end of file.
2025-12-11 19:16:59,473 [ERROR] LogOutputStream:75 - [STDERR_REDIRECT] 
2025-12-11 19:16:59,602 [ERROR] LogOutputStream:75 - [STDERR_REDIRECT] [Fatal Error] :1:1: Premature end of file.
2025-12-11 19:16:59,602 [ERROR] LogOutputStream:75 - [STDERR_REDIRECT] 
2025-12-11 19:16:59,749 [ERROR] LogOutputStream:75 - [STDERR_REDIRECT] [Fatal Error] :1:1: Premature end of file.
2025-12-11 19:16:59,749 [ERROR] LogOutputStream:75 - [STDERR_REDIRECT] 
2025-12-11 19:16:59,870 [ERROR] LogOutputStream:75 - [STDERR_REDIRECT] [Fatal Error] :1:1: Premature end of file.
2025-12-11 19:16:59,870 [ERROR] LogOutputStream:75 - [STDERR_REDIRECT] 
2025-12-11 19:16:59,975 [ERROR] LogOutputStream:75 - [STDERR_REDIRECT] [Fatal Error] :1:1: Premature end of file.
2025-12-11 19:16:59,975 [ERROR] LogOutputStream:75 - [STDERR_REDIRECT] 
2025-12-11 19:17:00,075 [ERROR] LogOutputStream:75 - [STDERR_REDIRECT] [Fatal Error] :1:1: Premature end of file.
2025-12-11 19:17:00,075 [ERROR] LogOutputStream:75 - [STDERR_REDIRECT] 
2025-12-11 19:17:00,164 [ERROR] LogOutputStream:75 - [STDERR_REDIRECT] [Fatal Error] :1:1: Premature end of file.
2025-12-11 19:17:00,164 [ERROR] LogOutputStream:75 - [STDERR_REDIRECT] 
2025-12-11 19:17:00,243 [ERROR] LogOutputStream:75 - [STDERR_REDIRECT] [Fatal Error] :1:1: Premature end of file.
2025-12-11 19:17:00,245 [ERROR] LogOutputStream:75 - [STDERR_REDIRECT] 
2025-12-11 19:17:00,327 [ERROR] LogOutputStream:75 - [STDERR_REDIRECT] [Fatal Error] :1:1: Premature end of file.
2025-12-11 19:17:00,327 [ERROR] LogOutputStream:75 - [STDERR_REDIRECT] 
2025-12-11 19:17:00,420 [ERROR] LogOutputStream:75 - [STDERR_REDIRECT] [Fatal Error] :1:1: Premature end of file.
2025-12-11 19:17:00,420 [ERROR] LogOutputStream:75 - [STDERR_REDIRECT] 
2025-12-11 19:17:00,508 [ERROR] LogOutputStream:75 - [STDERR_REDIRECT] [Fatal Error] :1:1: Premature end of file.
2025-12-11 19:17:00,509 [ERROR] LogOutputStream:75 - [STDERR_REDIRECT] 
2025-12-11 19:17:00,601 [ERROR] LogOutputStream:75 - [STDERR_REDIRECT] [Fatal Error] :1:1: Premature end of file.
2025-12-11 19:17:00,601 [ERROR] LogOutputStream:75 - [STDERR_REDIRECT] 
2025-12-11 19:17:00,698 [ERROR] LogOutputStream:75 - [STDERR_REDIRECT] [Fatal Error] :1:1: Premature end of file.
2025-12-11 19:17:00,698 [ERROR] LogOutputStream:75 - [STDERR_REDIRECT] 
2025-12-11 19:17:00,780 [ERROR] LogOutputStream:75 - [STDERR_REDIRECT] [Fatal Error] :1:1: Premature end of file.
2025-12-11 19:17:00,780 [ERROR] LogOutputStream:75 - [STDERR_REDIRECT] 
2025-12-11 19:17:00,844 [ERROR] LogOutputStream:75 - [STDERR_REDIRECT] [Fatal Error] :1:1: Premature end of file.
2025-12-11 19:17:00,844 [ERROR] LogOutputStream:75 - [STDERR_REDIRECT] 
2025-12-11 19:17:00,913 [ERROR] LogOutputStream:75 - [STDERR_REDIRECT] [Fatal Error] :1:1: Premature end of file.
2025-12-11 19:17:00,913 [ERROR] LogOutputStream:75 - [STDERR_REDIRECT] 
2025-12-11 19:17:00,971 [ERROR] LogOutputStream:75 - [STDERR_REDIRECT] [Fatal Error] :1:1: Premature end of file.
2025-12-11 19:17:00,971 [ERROR] LogOutputStream:75 - [STDERR_REDIRECT] 
2025-12-11 19:17:01,026 [ERROR] LogOutputStream:75 - [STDERR_REDIRECT] [Fatal Error] :1:1: Premature end of file.
2025-12-11 19:17:01,026 [ERROR] LogOutputStream:75 - [STDERR_REDIRECT] 
2025-12-11 19:17:01,074 [ERROR] LogOutputStream:75 - [STDERR_REDIRECT] [Fatal Error] :1:1: Premature end of file.
2025-12-11 19:17:01,074 [ERROR] LogOutputStream:75 - [STDERR_REDIRECT] 
2025-12-11 19:17:01,140 [ERROR] LogOutputStream:75 - [STDERR_REDIRECT] [Fatal Error] :1:1: Premature end of file.
2025-12-11 19:17:01,140 [ERROR] LogOutputStream:75 - [STDERR_REDIRECT] 
2025-12-11 19:17:01,203 [ERROR] LogOutputStream:75 - [STDERR_REDIRECT] [Fatal Error] :1:1: Premature end of file.
2025-12-11 19:17:01,203 [ERROR] LogOutputStream:75 - [STDERR_REDIRECT] 
2025-12-11 19:17:01,258 [ERROR] LogOutputStream:75 - [STDERR_REDIRECT] [Fatal Error] :1:1: Premature end of file.
2025-12-11 19:17:01,258 [ERROR] LogOutputStream:75 - [STDERR_REDIRECT] 
2025-12-11 19:17:01,323 [ERROR] LogOutputStream:75 - [STDERR_REDIRECT] [Fatal Error] :1:1: Premature end of file.
2025-12-11 19:17:01,323 [ERROR] LogOutputStream:75 - [STDERR_REDIRECT] 
2025-12-11 19:17:01,388 [ERROR] LogOutputStream:75 - [STDERR_REDIRECT] [Fatal Error] :1:1: Premature end of file.
2025-12-11 19:17:01,388 [ERROR] LogOutputStream:75 - [STDERR_REDIRECT] 
2025-12-11 19:17:01,460 [ERROR] LogOutputStream:75 - [STDERR_REDIRECT] [Fatal Error] :1:1: Premature end of file.
2025-12-11 19:17:01,460 [ERROR] LogOutputStream:75 - [STDERR_REDIRECT] 
2025-12-11 19:17:01,522 [ERROR] LogOutputStream:75 - [STDERR_REDIRECT] [Fatal Error] :1:1: Premature end of file.
2025-12-11 19:17:01,522 [ERROR] LogOutputStream:75 - [STDERR_REDIRECT] 
2025-12-11 19:17:01,584 [ERROR] LogOutputStream:75 - [STDERR_REDIRECT] [Fatal Error] :1:1: Premature end of file.
2025-12-11 19:17:01,584 [ERROR] LogOutputStream:75 - [STDERR_REDIRECT] 
2025-12-11 19:17:01,644 [ERROR] LogOutputStream:75 - [STDERR_REDIRECT] [Fatal Error] :1:1: Premature end of file.
2025-12-11 19:17:01,644 [ERROR] LogOutputStream:75 - [STDERR_REDIRECT] 
2025-12-11 19:17:01,760 [ERROR] LogOutputStream:75 - [STDERR_REDIRECT] [Fatal Error] :1:1: Premature end of file.
2025-12-11 19:17:01,760 [ERROR] LogOutputStream:75 - [STDERR_REDIRECT] 
2025-12-11 19:17:01,858 [ERROR] LogOutputStream:75 - [STDERR_REDIRECT] [Fatal Error] :1:1: Premature end of file.
2025-12-11 19:17:01,858 [ERROR] LogOutputStream:75 - [STDERR_REDIRECT] 
2025-12-11 19:17:01,954 [ERROR] LogOutputStream:75 - [STDERR_REDIRECT] [Fatal Error] :1:1: Premature end of file.
2025-12-11 19:17:01,954 [ERROR] LogOutputStream:75 - [STDERR_REDIRECT] 
2025-12-11 19:17:02,013 [ERROR] LogOutputStream:75 - [STDERR_REDIRECT] [Fatal Error] :1:1: Premature end of file.
2025-12-11 19:17:02,013 [ERROR] LogOutputStream:75 - [STDERR_REDIRECT] 
2025-12-11 19:17:02,116 [ERROR] LogOutputStream:75 - [STDERR_REDIRECT] [Fatal Error] :1:1: Premature end of file.
2025-12-11 19:17:02,118 [ERROR] LogOutputStream:75 - [STDERR_REDIRECT] 
2025-12-11 19:17:02,170 [ERROR] LogOutputStream:75 - [STDERR_REDIRECT] [Fatal Error] :1:1: Premature end of file.
2025-12-11 19:17:02,170 [ERROR] LogOutputStream:75 - [STDERR_REDIRECT] 
2025-12-11 19:17:02,244 [ERROR] LogOutputStream:75 - [STDERR_REDIRECT] [Fatal Error] :1:1: Premature end of file.
2025-12-11 19:17:02,244 [ERROR] LogOutputStream:75 - [STDERR_REDIRECT] 
2025-12-11 19:17:02,314 [ERROR] LogOutputStream:75 - [STDERR_REDIRECT] [Fatal Error] :1:1: Premature end of file.
2025-12-11 19:17:02,314 [ERROR] LogOutputStream:75 - [STDERR_REDIRECT] 
2025-12-11 19:17:02,372 [ERROR] LogOutputStream:75 - [STDERR_REDIRECT] [Fatal Error] :1:1: Premature end of file.
2025-12-11 19:17:02,373 [ERROR] LogOutputStream:75 - [STDERR_REDIRECT] 
2025-12-11 19:17:02,420 [ERROR] LogOutputStream:75 - [STDERR_REDIRECT] [Fatal Error] :1:1: Premature end of file.
2025-12-11 19:17:02,420 [ERROR] LogOutputStream:75 - [STDERR_REDIRECT] 
2025-12-11 19:17:02,480 [ERROR] LogOutputStream:75 - [STDERR_REDIRECT] [Fatal Error] :1:1: Premature end of file.
2025-12-11 19:17:02,480 [ERROR] LogOutputStream:75 - [STDERR_REDIRECT] 
2025-12-11 19:17:02,586 [ERROR] LogOutputStream:75 - [STDERR_REDIRECT] [Fatal Error] :1:1: Premature end of file.
2025-12-11 19:17:02,586 [ERROR] LogOutputStream:75 - [STDERR_REDIRECT] 
2025-12-11 19:17:02,646 [ERROR] LogOutputStream:75 - [STDERR_REDIRECT] [Fatal Error] :1:1: Premature end of file.
2025-12-11 19:17:02,646 [ERROR] LogOutputStream:75 - [STDERR_REDIRECT] 
2025-12-11 19:17:02,711 [ERROR] LogOutputStream:75 - [STDERR_REDIRECT] [Fatal Error] :1:1: Premature end of file.
2025-12-11 19:17:02,711 [ERROR] LogOutputStream:75 - [STDERR_REDIRECT] 
2025-12-11 19:17:02,784 [ERROR] LogOutputStream:75 - [STDERR_REDIRECT] [Fatal Error] :1:1: Premature end of file.
2025-12-11 19:17:02,787 [ERROR] LogOutputStream:75 - [STDERR_REDIRECT] 
2025-12-11 19:17:02,840 [ERROR] LogOutputStream:75 - [STDERR_REDIRECT] [Fatal Error] :1:1: Premature end of file.
2025-12-11 19:17:02,840 [ERROR] LogOutputStream:75 - [STDERR_REDIRECT] 
2025-12-11 19:17:02,889 [ERROR] LogOutputStream:75 - [STDERR_REDIRECT] [Fatal Error] :1:1: Premature end of file.
2025-12-11 19:17:02,889 [ERROR] LogOutputStream:75 - [STDERR_REDIRECT] 
2025-12-11 19:17:02,930 [ERROR] LogOutputStream:75 - [STDERR_REDIRECT] [Fatal Error] :1:1: Premature end of file.
2025-12-11 19:17:02,930 [ERROR] LogOutputStream:75 - [STDERR_REDIRECT] 
2025-12-11 19:17:02,979 [ERROR] LogOutputStream:75 - [STDERR_REDIRECT] [Fatal Error] :1:1: Premature end of file.
2025-12-11 19:17:02,979 [ERROR] LogOutputStream:75 - [STDERR_REDIRECT] 
2025-12-11 19:17:03,028 [ERROR] LogOutputStream:75 - [STDERR_REDIRECT] [Fatal Error] :1:1: Premature end of file.
2025-12-11 19:17:03,028 [ERROR] LogOutputStream:75 - [STDERR_REDIRECT] 
2025-12-11 19:17:03,079 [ERROR] LogOutputStream:75 - [STDERR_REDIRECT] [Fatal Error] :1:1: Premature end of file.
2025-12-11 19:17:03,080 [ERROR] LogOutputStream:75 - [STDERR_REDIRECT] 
2025-12-11 19:17:03,119 [ERROR] LogOutputStream:75 - [STDERR_REDIRECT] [Fatal Error] :1:1: Premature end of file.
2025-12-11 19:17:03,119 [ERROR] LogOutputStream:75 - [STDERR_REDIRECT] 
2025-12-11 19:17:03,168 [ERROR] LogOutputStream:75 - [STDERR_REDIRECT] [Fatal Error] :1:1: Premature end of file.
2025-12-11 19:17:03,168 [ERROR] LogOutputStream:75 - [STDERR_REDIRECT] 
2025-12-11 19:17:03,217 [ERROR] LogOutputStream:75 - [STDERR_REDIRECT] [Fatal Error] :1:1: Premature end of file.
2025-12-11 19:17:03,217 [ERROR] LogOutputStream:75 - [STDERR_REDIRECT] 
2025-12-11 19:17:03,266 [ERROR] LogOutputStream:75 - [STDERR_REDIRECT] [Fatal Error] :1:1: Premature end of file.
2025-12-11 19:17:03,266 [ERROR] LogOutputStream:75 - [STDERR_REDIRECT] 
2025-12-11 19:17:03,314 [ERROR] LogOutputStream:75 - [STDERR_REDIRECT] [Fatal Error] :1:1: Premature end of file.
2025-12-11 19:17:03,314 [ERROR] LogOutputStream:75 - [STDERR_REDIRECT] 
2025-12-11 19:17:03,362 [ERROR] LogOutputStream:75 - [STDERR_REDIRECT] [Fatal Error] :1:1: Premature end of file.
2025-12-11 19:17:03,362 [ERROR] LogOutputStream:75 - [STDERR_REDIRECT] 
2025-12-11 19:17:03,406 [ERROR] LogOutputStream:75 - [STDERR_REDIRECT] [Fatal Error] :1:1: Premature end of file.
2025-12-11 19:17:03,406 [ERROR] LogOutputStream:75 - [STDERR_REDIRECT] 
2025-12-11 19:17:03,451 [ERROR] LogOutputStream:75 - [STDERR_REDIRECT] [Fatal Error] :1:1: Premature end of file.
2025-12-11 19:17:03,451 [ERROR] LogOutputStream:75 - [STDERR_REDIRECT] 
2025-12-11 19:17:03,500 [ERROR] LogOutputStream:75 - [STDERR_REDIRECT] [Fatal Error] :1:1: Premature end of file.
2025-12-11 19:17:03,500 [ERROR] LogOutputStream:75 - [STDERR_REDIRECT] 
2025-12-11 19:17:03,557 [ERROR] LogOutputStream:75 - [STDERR_REDIRECT] [Fatal Error] :1:1: Premature end of file.
2025-12-11 19:17:03,557 [ERROR] LogOutputStream:75 - [STDERR_REDIRECT] 
2025-12-11 19:17:03,609 [ERROR] LogOutputStream:75 - [STDERR_REDIRECT] [Fatal Error] :1:1: Premature end of file.
2025-12-11 19:17:03,609 [ERROR] LogOutputStream:75 - [STDERR_REDIRECT] 
2025-12-11 19:17:03,647 [ERROR] LogOutputStream:75 - [STDERR_REDIRECT] [Fatal Error] :1:1: Premature end of file.
2025-12-11 19:17:03,647 [ERROR] LogOutputStream:75 - [STDERR_REDIRECT] 
2025-12-11 19:17:03,696 [ERROR] LogOutputStream:75 - [STDERR_REDIRECT] [Fatal Error] :1:1: Premature end of file.
2025-12-11 19:17:03,696 [ERROR] LogOutputStream:75 - [STDERR_REDIRECT] 
2025-12-11 19:17:03,745 [ERROR] LogOutputStream:75 - [STDERR_REDIRECT] [Fatal Error] :1:1: Premature end of file.
2025-12-11 19:17:03,745 [ERROR] LogOutputStream:75 - [STDERR_REDIRECT] 
2025-12-11 19:17:03,795 [ERROR] LogOutputStream:75 - [STDERR_REDIRECT] [Fatal Error] :1:1: Premature end of file.
2025-12-11 19:17:03,795 [ERROR] LogOutputStream:75 - [STDERR_REDIRECT] 
2025-12-11 19:17:03,844 [ERROR] LogOutputStream:75 - [STDERR_REDIRECT] [Fatal Error] :1:1: Premature end of file.
2025-12-11 19:17:03,844 [ERROR] LogOutputStream:75 - [STDERR_REDIRECT] 
2025-12-11 19:17:03,894 [ERROR] LogOutputStream:75 - [STDERR_REDIRECT] [Fatal Error] :1:1: Premature end of file.
2025-12-11 19:17:03,894 [ERROR] LogOutputStream:75 - [STDERR_REDIRECT] 
2025-12-11 19:17:03,934 [ERROR] LogOutputStream:75 - [STDERR_REDIRECT] [Fatal Error] :1:1: Premature end of file.
2025-12-11 19:17:03,934 [ERROR] LogOutputStream:75 - [STDERR_REDIRECT] 
2025-12-11 19:17:03,984 [ERROR] LogOutputStream:75 - [STDERR_REDIRECT] [Fatal Error] :1:1: Premature end of file.
2025-12-11 19:17:03,984 [ERROR] LogOutputStream:75 - [STDERR_REDIRECT] 
2025-12-11 19:17:04,040 [ERROR] LogOutputStream:75 - [STDERR_REDIRECT] [Fatal Error] :1:1: Premature end of file.
2025-12-11 19:17:04,040 [ERROR] LogOutputStream:75 - [STDERR_REDIRECT] 
2025-12-11 19:17:04,087 [ERROR] LogOutputStream:75 - [STDERR_REDIRECT] [Fatal Error] :1:1: Premature end of file.
2025-12-11 19:17:04,087 [ERROR] LogOutputStream:75 - [STDERR_REDIRECT] 
2025-12-11 19:17:04,132 [ERROR] LogOutputStream:75 - [STDERR_REDIRECT] [Fatal Error] :1:1: Premature end of file.
2025-12-11 19:17:04,132 [ERROR] LogOutputStream:75 - [STDERR_REDIRECT] 
2025-12-11 19:17:04,176 [ERROR] LogOutputStream:75 - [STDERR_REDIRECT] [Fatal Error] :1:1: Premature end of file.
2025-12-11 19:17:04,176 [ERROR] LogOutputStream:75 - [STDERR_REDIRECT] 
2025-12-11 19:17:04,222 [ERROR] LogOutputStream:75 - [STDERR_REDIRECT] [Fatal Error] :1:1: Premature end of file.
2025-12-11 19:17:04,222 [ERROR] LogOutputStream:75 - [STDERR_REDIRECT] 
2025-12-11 19:17:04,266 [ERROR] LogOutputStream:75 - [STDERR_REDIRECT] [Fatal Error] :1:1: Premature end of file.
2025-12-11 19:17:04,266 [ERROR] LogOutputStream:75 - [STDERR_REDIRECT] 
2025-12-11 19:17:04,316 [ERROR] LogOutputStream:75 - [STDERR_REDIRECT] [Fatal Error] :1:1: Premature end of file.
2025-12-11 19:17:04,316 [ERROR] LogOutputStream:75 - [STDERR_REDIRECT] 
2025-12-11 19:17:04,363 [ERROR] LogOutputStream:75 - [STDERR_REDIRECT] [Fatal Error] :1:1: Premature end of file.
2025-12-11 19:17:04,363 [ERROR] LogOutputStream:75 - [STDERR_REDIRECT] 
2025-12-11 19:17:04,408 [ERROR] LogOutputStream:75 - [STDERR_REDIRECT] [Fatal Error] :1:1: Premature end of file.
2025-12-11 19:17:04,408 [ERROR] LogOutputStream:75 - [STDERR_REDIRECT] 
2025-12-11 19:17:04,452 [ERROR] LogOutputStream:75 - [STDERR_REDIRECT] [Fatal Error] :1:1: Premature end of file.
2025-12-11 19:17:04,452 [ERROR] LogOutputStream:75 - [STDERR_REDIRECT] 
2025-12-11 19:17:04,508 [ERROR] LogOutputStream:75 - [STDERR_REDIRECT] [Fatal Error] :1:1: Premature end of file.
2025-12-11 19:17:04,508 [ERROR] LogOutputStream:75 - [STDERR_REDIRECT] 
2025-12-11 19:17:04,550 [ERROR] LogOutputStream:75 - [STDERR_REDIRECT] [Fatal Error] :1:1: Premature end of file.
2025-12-11 19:17:04,550 [ERROR] LogOutputStream:75 - [STDERR_REDIRECT] 
2025-12-11 19:17:04,606 [ERROR] LogOutputStream:75 - [STDERR_REDIRECT] [Fatal Error] :1:1: Premature end of file.
2025-12-11 19:17:04,606 [ERROR] LogOutputStream:75 - [STDERR_REDIRECT] 
2025-12-11 19:17:04,649 [ERROR] LogOutputStream:75 - [STDERR_REDIRECT] [Fatal Error] :1:1: Premature end of file.
2025-12-11 19:17:04,649 [ERROR] LogOutputStream:75 - [STDERR_REDIRECT] 
2025-12-11 19:17:04,701 [ERROR] LogOutputStream:75 - [STDERR_REDIRECT] [Fatal Error] :1:1: Premature end of file.
2025-12-11 19:17:04,701 [ERROR] LogOutputStream:75 - [STDERR_REDIRECT] 
2025-12-11 19:17:04,749 [ERROR] LogOutputStream:75 - [STDERR_REDIRECT] [Fatal Error] :1:1: Premature end of file.
2025-12-11 19:17:04,749 [ERROR] LogOutputStream:75 - [STDERR_REDIRECT] 
2025-12-11 19:17:04,790 [ERROR] LogOutputStream:75 - [STDERR_REDIRECT] [Fatal Error] :1:1: Premature end of file.
2025-12-11 19:17:04,790 [ERROR] LogOutputStream:75 - [STDERR_REDIRECT] 
2025-12-11 19:17:04,839 [ERROR] LogOutputStream:75 - [STDERR_REDIRECT] [Fatal Error] :1:1: Premature end of file.
2025-12-11 19:17:04,839 [ERROR] LogOutputStream:75 - [STDERR_REDIRECT] 
2025-12-11 19:17:04,880 [ERROR] LogOutputStream:75 - [STDERR_REDIRECT] [Fatal Error] :1:1: Premature end of file.
2025-12-11 19:17:04,880 [ERROR] LogOutputStream:75 - [STDERR_REDIRECT] 
2025-12-11 19:17:04,921 [ERROR] LogOutputStream:75 - [STDERR_REDIRECT] [Fatal Error] :1:1: Premature end of file.
2025-12-11 19:17:04,921 [ERROR] LogOutputStream:75 - [STDERR_REDIRECT] 
2025-12-11 19:17:04,962 [ERROR] LogOutputStream:75 - [STDERR_REDIRECT] [Fatal Error] :1:1: Premature end of file.
2025-12-11 19:17:04,970 [ERROR] LogOutputStream:75 - [STDERR_REDIRECT] 
2025-12-11 19:17:05,011 [ERROR] LogOutputStream:75 - [STDERR_REDIRECT] [Fatal Error] :1:1: Premature end of file.
2025-12-11 19:17:05,011 [ERROR] LogOutputStream:75 - [STDERR_REDIRECT] 
2025-12-11 19:17:05,052 [ERROR] LogOutputStream:75 - [STDERR_REDIRECT] [Fatal Error] :1:1: Premature end of file.
2025-12-11 19:17:05,052 [ERROR] LogOutputStream:75 - [STDERR_REDIRECT] 
2025-12-11 19:17:05,093 [ERROR] LogOutputStream:75 - [STDERR_REDIRECT] [Fatal Error] :1:1: Premature end of file.
2025-12-11 19:17:05,093 [ERROR] LogOutputStream:75 - [STDERR_REDIRECT] 
2025-12-11 19:17:05,133 [ERROR] LogOutputStream:75 - [STDERR_REDIRECT] [Fatal Error] :1:1: Premature end of file.
2025-12-11 19:17:05,133 [ERROR] LogOutputStream:75 - [STDERR_REDIRECT] 
2025-12-11 19:17:05,243 [ERROR] LogOutputStream:75 - [STDERR_REDIRECT] [Fatal Error] :1:1: Premature end of file.
2025-12-11 19:17:05,243 [ERROR] LogOutputStream:75 - [STDERR_REDIRECT] 
2025-12-11 19:17:05,284 [ERROR] LogOutputStream:75 - [STDERR_REDIRECT] [Fatal Error] :1:1: Premature end of file.
2025-12-11 19:17:05,284 [ERROR] LogOutputStream:75 - [STDERR_REDIRECT] 
2025-12-11 19:17:05,332 [ERROR] LogOutputStream:75 - [STDERR_REDIRECT] [Fatal Error] :1:1: Premature end of file.
2025-12-11 19:17:05,332 [ERROR] LogOutputStream:75 - [STDERR_REDIRECT] 
2025-12-11 19:17:05,381 [ERROR] LogOutputStream:75 - [STDERR_REDIRECT] [Fatal Error] :1:1: Premature end of file.
2025-12-11 19:17:05,381 [ERROR] LogOutputStream:75 - [STDERR_REDIRECT] 
2025-12-11 19:17:05,422 [ERROR] LogOutputStream:75 - [STDERR_REDIRECT] [Fatal Error] :1:1: Premature end of file.
2025-12-11 19:17:05,422 [ERROR] LogOutputStream:75 - [STDERR_REDIRECT] 
2025-12-11 19:17:05,464 [ERROR] LogOutputStream:75 - [STDERR_REDIRECT] [Fatal Error] :1:1: Premature end of file.
2025-12-11 19:17:05,464 [ERROR] LogOutputStream:75 - [STDERR_REDIRECT] 
2025-12-11 19:17:05,509 [ERROR] LogOutputStream:75 - [STDERR_REDIRECT] [Fatal Error] :1:1: Premature end of file.
2025-12-11 19:17:05,509 [ERROR] LogOutputStream:75 - [STDERR_REDIRECT] 
2025-12-11 19:17:05,551 [ERROR] LogOutputStream:75 - [STDERR_REDIRECT] [Fatal Error] :1:1: Premature end of file.
2025-12-11 19:17:05,551 [ERROR] LogOutputStream:75 - [STDERR_REDIRECT] 
2025-12-11 19:17:05,597 [ERROR] LogOutputStream:75 - [STDERR_REDIRECT] [Fatal Error] :1:1: Premature end of file.
2025-12-11 19:17:05,597 [ERROR] LogOutputStream:75 - [STDERR_REDIRECT] 
2025-12-11 19:17:05,636 [ERROR] LogOutputStream:75 - [STDERR_REDIRECT] [Fatal Error] :1:1: Premature end of file.
2025-12-11 19:17:05,636 [ERROR] LogOutputStream:75 - [STDERR_REDIRECT] 
2025-12-11 19:17:05,678 [ERROR] LogOutputStream:75 - [STDERR_REDIRECT] [Fatal Error] :1:1: Premature end of file.
2025-12-11 19:17:05,678 [ERROR] LogOutputStream:75 - [STDERR_REDIRECT] 
2025-12-11 19:17:05,727 [ERROR] LogOutputStream:75 - [STDERR_REDIRECT] [Fatal Error] :1:1: Premature end of file.
2025-12-11 19:17:05,727 [ERROR] LogOutputStream:75 - [STDERR_REDIRECT] 
2025-12-11 19:17:05,768 [ERROR] LogOutputStream:75 - [STDERR_REDIRECT] [Fatal Error] :1:1: Premature end of file.
2025-12-11 19:17:05,768 [ERROR] LogOutputStream:75 - [STDERR_REDIRECT] 
2025-12-11 19:17:05,812 [ERROR] LogOutputStream:75 - [STDERR_REDIRECT] [Fatal Error] :1:1: Premature end of file.
2025-12-11 19:17:05,812 [ERROR] LogOutputStream:75 - [STDERR_REDIRECT] 
2025-12-11 19:17:05,851 [ERROR] LogOutputStream:75 - [STDERR_REDIRECT] [Fatal Error] :1:1: Premature end of file.
2025-12-11 19:17:05,851 [ERROR] LogOutputStream:75 - [STDERR_REDIRECT] 
2025-12-11 19:17:05,902 [ERROR] LogOutputStream:75 - [STDERR_REDIRECT] [Fatal Error] :1:1: Premature end of file.
2025-12-11 19:17:05,902 [ERROR] LogOutputStream:75 - [STDERR_REDIRECT] 
2025-12-11 19:17:05,951 [ERROR] LogOutputStream:75 - [STDERR_REDIRECT] [Fatal Error] :1:1: Premature end of file.
2025-12-11 19:17:05,951 [ERROR] LogOutputStream:75 - [STDERR_REDIRECT] 
2025-12-11 19:17:06,009 [ERROR] LogOutputStream:75 - [STDERR_REDIRECT] [Fatal Error] :1:1: Premature end of file.
2025-12-11 19:17:06,009 [ERROR] LogOutputStream:75 - [STDERR_REDIRECT] 
2025-12-11 19:17:06,070 [ERROR] LogOutputStream:75 - [STDERR_REDIRECT] [Fatal Error] :1:1: Premature end of file.
2025-12-11 19:17:06,070 [ERROR] LogOutputStream:75 - [STDERR_REDIRECT] 
2025-12-11 19:17:06,118 [ERROR] LogOutputStream:75 - [STDERR_REDIRECT] [Fatal Error] :1:1: Premature end of file.
2025-12-11 19:17:06,118 [ERROR] LogOutputStream:75 - [STDERR_REDIRECT] 
2025-12-11 19:17:06,162 [ERROR] LogOutputStream:75 - [STDERR_REDIRECT] [Fatal Error] :1:1: Premature end of file.
2025-12-11 19:17:06,162 [ERROR] LogOutputStream:75 - [STDERR_REDIRECT] 
2025-12-11 19:17:06,200 [ERROR] LogOutputStream:75 - [STDERR_REDIRECT] [Fatal Error] :1:1: Premature end of file.
2025-12-11 19:17:06,200 [ERROR] LogOutputStream:75 - [STDERR_REDIRECT] 
2025-12-11 19:17:06,248 [ERROR] LogOutputStream:75 - [STDERR_REDIRECT] [Fatal Error] :1:1: Premature end of file.
2025-12-11 19:17:06,248 [ERROR] LogOutputStream:75 - [STDERR_REDIRECT] 
2025-12-11 19:17:06,291 [ERROR] LogOutputStream:75 - [STDERR_REDIRECT] [Fatal Error] :1:1: Premature end of file.
2025-12-11 19:17:06,291 [ERROR] LogOutputStream:75 - [STDERR_REDIRECT] 
2025-12-11 19:17:06,332 [ERROR] LogOutputStream:75 - [STDERR_REDIRECT] [Fatal Error] :1:1: Premature end of file.
2025-12-11 19:17:06,332 [ERROR] LogOutputStream:75 - [STDERR_REDIRECT] 
2025-12-11 19:17:06,377 [ERROR] LogOutputStream:75 - [STDERR_REDIRECT] [Fatal Error] :1:1: Premature end of file.
2025-12-11 19:17:06,377 [ERROR] LogOutputStream:75 - [STDERR_REDIRECT] 
2025-12-11 19:17:06,421 [ERROR] LogOutputStream:75 - [STDERR_REDIRECT] [Fatal Error] :1:1: Premature end of file.
2025-12-11 19:17:06,421 [ERROR] LogOutputStream:75 - [STDERR_REDIRECT] 
2025-12-11 19:17:06,464 [ERROR] LogOutputStream:75 - [STDERR_REDIRECT] [Fatal Error] :1:1: Premature end of file.
2025-12-11 19:17:06,464 [ERROR] LogOutputStream:75 - [STDERR_REDIRECT] 
2025-12-11 19:17:06,511 [ERROR] LogOutputStream:75 - [STDERR_REDIRECT] [Fatal Error] :1:1: Premature end of file.
2025-12-11 19:17:06,511 [ERROR] LogOutputStream:75 - [STDERR_REDIRECT] 
2025-12-11 19:17:06,555 [ERROR] LogOutputStream:75 - [STDERR_REDIRECT] [Fatal Error] :1:1: Premature end of file.
2025-12-11 19:17:06,555 [ERROR] LogOutputStream:75 - [STDERR_REDIRECT] 
2025-12-11 19:17:06,598 [ERROR] LogOutputStream:75 - [STDERR_REDIRECT] [Fatal Error] :1:1: Premature end of file.
2025-12-11 19:17:06,598 [ERROR] LogOutputStream:75 - [STDERR_REDIRECT] 
2025-12-11 19:17:06,642 [ERROR] LogOutputStream:75 - [STDERR_REDIRECT] [Fatal Error] :1:1: Premature end of file.
2025-12-11 19:17:06,642 [ERROR] LogOutputStream:75 - [STDERR_REDIRECT] 
2025-12-11 19:17:06,685 [ERROR] LogOutputStream:75 - [STDERR_REDIRECT] [Fatal Error] :1:1: Premature end of file.
2025-12-11 19:17:06,685 [ERROR] LogOutputStream:75 - [STDERR_REDIRECT] 
2025-12-11 19:17:06,727 [ERROR] LogOutputStream:75 - [STDERR_REDIRECT] [Fatal Error] :1:1: Premature end of file.
2025-12-11 19:17:06,727 [ERROR] LogOutputStream:75 - [STDERR_REDIRECT] 
2025-12-11 19:17:06,769 [ERROR] LogOutputStream:75 - [STDERR_REDIRECT] [Fatal Error] :1:1: Premature end of file.
2025-12-11 19:17:06,769 [ERROR] LogOutputStream:75 - [STDERR_REDIRECT] 
2025-12-11 19:17:06,811 [ERROR] LogOutputStream:75 - [STDERR_REDIRECT] [Fatal Error] :1:1: Premature end of file.
2025-12-11 19:17:06,811 [ERROR] LogOutputStream:75 - [STDERR_REDIRECT] 
2025-12-11 19:17:06,854 [ERROR] LogOutputStream:75 - [STDERR_REDIRECT] [Fatal Error] :1:1: Premature end of file.
2025-12-11 19:17:06,854 [ERROR] LogOutputStream:75 - [STDERR_REDIRECT] 
2025-12-11 19:17:06,891 [ERROR] LogOutputStream:75 - [STDERR_REDIRECT] [Fatal Error] :1:1: Premature end of file.
2025-12-11 19:17:06,891 [ERROR] LogOutputStream:75 - [STDERR_REDIRECT] 
2025-12-11 19:17:06,931 [ERROR] LogOutputStream:75 - [STDERR_REDIRECT] [Fatal Error] :1:1: Premature end of file.
2025-12-11 19:17:06,931 [ERROR] LogOutputStream:75 - [STDERR_REDIRECT] 
2025-12-11 19:17:06,980 [ERROR] LogOutputStream:75 - [STDERR_REDIRECT] [Fatal Error] :1:1: Premature end of file.
2025-12-11 19:17:06,980 [ERROR] LogOutputStream:75 - [STDERR_REDIRECT] 
2025-12-11 19:17:07,021 [ERROR] LogOutputStream:75 - [STDERR_REDIRECT] [Fatal Error] :1:1: Premature end of file.
2025-12-11 19:17:07,021 [ERROR] LogOutputStream:75 - [STDERR_REDIRECT] 
2025-12-11 19:17:07,063 [ERROR] LogOutputStream:75 - [STDERR_REDIRECT] [Fatal Error] :1:1: Premature end of file.
2025-12-11 19:17:07,063 [ERROR] LogOutputStream:75 - [STDERR_REDIRECT] 
2025-12-11 19:17:07,112 [ERROR] LogOutputStream:75 - [STDERR_REDIRECT] [Fatal Error] :1:1: Premature end of file.
2025-12-11 19:17:07,112 [ERROR] LogOutputStream:75 - [STDERR_REDIRECT] 
2025-12-11 19:17:07,161 [ERROR] LogOutputStream:75 - [STDERR_REDIRECT] [Fatal Error] :1:1: Premature end of file.
2025-12-11 19:17:07,206 [ERROR] LogOutputStream:75 - [STDERR_REDIRECT] 
2025-12-11 19:17:07,256 [ERROR] LogOutputStream:75 - [STDERR_REDIRECT] [Fatal Error] :1:1: Premature end of file.
2025-12-11 19:17:07,256 [ERROR] LogOutputStream:75 - [STDERR_REDIRECT] 
2025-12-11 19:17:07,306 [ERROR] LogOutputStream:75 - [STDERR_REDIRECT] [Fatal Error] :1:1: Premature end of file.
2025-12-11 19:17:07,306 [ERROR] LogOutputStream:75 - [STDERR_REDIRECT] 
2025-12-11 19:17:07,345 [ERROR] LogOutputStream:75 - [STDERR_REDIRECT] [Fatal Error] :1:1: Premature end of file.
2025-12-11 19:17:07,345 [ERROR] LogOutputStream:75 - [STDERR_REDIRECT] 
2025-12-11 19:17:07,386 [ERROR] LogOutputStream:75 - [STDERR_REDIRECT] [Fatal Error] :1:1: Premature end of file.
2025-12-11 19:17:07,386 [ERROR] LogOutputStream:75 - [STDERR_REDIRECT] 
2025-12-11 19:17:07,435 [ERROR] LogOutputStream:75 - [STDERR_REDIRECT] [Fatal Error] :1:1: Premature end of file.
2025-12-11 19:17:07,435 [ERROR] LogOutputStream:75 - [STDERR_REDIRECT] 
2025-12-11 19:17:07,476 [ERROR] LogOutputStream:75 - [STDERR_REDIRECT] [Fatal Error] :1:1: Premature end of file.
2025-12-11 19:17:07,476 [ERROR] LogOutputStream:75 - [STDERR_REDIRECT] 
2025-12-11 19:17:07,520 [ERROR] LogOutputStream:75 - [STDERR_REDIRECT] [Fatal Error] :1:1: Premature end of file.
2025-12-11 19:17:07,520 [ERROR] LogOutputStream:75 - [STDERR_REDIRECT] 
2025-12-11 19:17:07,564 [ERROR] LogOutputStream:75 - [STDERR_REDIRECT] [Fatal Error] :1:1: Premature end of file.
2025-12-11 19:17:07,564 [ERROR] LogOutputStream:75 - [STDERR_REDIRECT] 
2025-12-11 19:17:07,609 [ERROR] LogOutputStream:75 - [STDERR_REDIRECT] [Fatal Error] :1:1: Premature end of file.
2025-12-11 19:17:07,609 [ERROR] LogOutputStream:75 - [STDERR_REDIRECT] 
2025-12-11 19:17:07,647 [ERROR] LogOutputStream:75 - [STDERR_REDIRECT] [Fatal Error] :1:1: Premature end of file.
2025-12-11 19:17:07,647 [ERROR] LogOutputStream:75 - [STDERR_REDIRECT] 
2025-12-11 19:17:07,689 [ERROR] LogOutputStream:75 - [STDERR_REDIRECT] [Fatal Error] :1:1: Premature end of file.
2025-12-11 19:17:07,689 [ERROR] LogOutputStream:75 - [STDERR_REDIRECT] 
2025-12-11 19:17:07,739 [ERROR] LogOutputStream:75 - [STDERR_REDIRECT] [Fatal Error] :1:1: Premature end of file.
2025-12-11 19:17:07,739 [ERROR] LogOutputStream:75 - [STDERR_REDIRECT] 
2025-12-11 19:17:07,782 [ERROR] LogOutputStream:75 - [STDERR_REDIRECT] [Fatal Error] :1:1: Premature end of file.
2025-12-11 19:17:07,782 [ERROR] LogOutputStream:75 - [STDERR_REDIRECT] 
2025-12-11 19:17:07,824 [ERROR] LogOutputStream:75 - [STDERR_REDIRECT] [Fatal Error] :1:1: Premature end of file.
2025-12-11 19:17:07,824 [ERROR] LogOutputStream:75 - [STDERR_REDIRECT] 
2025-12-11 19:17:07,865 [ERROR] LogOutputStream:75 - [STDERR_REDIRECT] [Fatal Error] :1:1: Premature end of file.
2025-12-11 19:17:07,865 [ERROR] LogOutputStream:75 - [STDERR_REDIRECT] 
2025-12-11 19:17:07,908 [ERROR] LogOutputStream:75 - [STDERR_REDIRECT] [Fatal Error] :1:1: Premature end of file.
2025-12-11 19:17:07,908 [ERROR] LogOutputStream:75 - [STDERR_REDIRECT] 
2025-12-11 19:17:07,951 [ERROR] LogOutputStream:75 - [STDERR_REDIRECT] [Fatal Error] :1:1: Premature end of file.
2025-12-11 19:17:07,951 [ERROR] LogOutputStream:75 - [STDERR_REDIRECT] 
2025-12-11 19:17:07,992 [ERROR] LogOutputStream:75 - [STDERR_REDIRECT] [Fatal Error] :1:1: Premature end of file.
2025-12-11 19:17:07,992 [ERROR] LogOutputStream:75 - [STDERR_REDIRECT] 
2025-12-11 19:17:08,036 [ERROR] LogOutputStream:75 - [STDERR_REDIRECT] [Fatal Error] :1:1: Premature end of file.
2025-12-11 19:17:08,036 [ERROR] LogOutputStream:75 - [STDERR_REDIRECT] 
2025-12-11 19:17:08,078 [ERROR] LogOutputStream:75 - [STDERR_REDIRECT] [Fatal Error] :1:1: Premature end of file.
2025-12-11 19:17:08,078 [ERROR] LogOutputStream:75 - [STDERR_REDIRECT] 
2025-12-11 19:17:08,122 [ERROR] LogOutputStream:75 - [STDERR_REDIRECT] [Fatal Error] :1:1: Premature end of file.
2025-12-11 19:17:08,122 [ERROR] LogOutputStream:75 - [STDERR_REDIRECT] 
2025-12-11 19:17:08,167 [ERROR] LogOutputStream:75 - [STDERR_REDIRECT] [Fatal Error] :1:1: Premature end of file.
2025-12-11 19:17:08,167 [ERROR] LogOutputStream:75 - [STDERR_REDIRECT] 
2025-12-11 19:17:08,209 [ERROR] LogOutputStream:75 - [STDERR_REDIRECT] [Fatal Error] :1:1: Premature end of file.
2025-12-11 19:17:08,209 [ERROR] LogOutputStream:75 - [STDERR_REDIRECT] 
2025-12-11 19:17:08,254 [ERROR] LogOutputStream:75 - [STDERR_REDIRECT] [Fatal Error] :1:1: Premature end of file.
2025-12-11 19:17:08,254 [ERROR] LogOutputStream:75 - [STDERR_REDIRECT] 
2025-12-11 19:17:08,299 [ERROR] LogOutputStream:75 - [STDERR_REDIRECT] [Fatal Error] :1:1: Premature end of file.
2025-12-11 19:17:08,299 [ERROR] LogOutputStream:75 - [STDERR_REDIRECT] 
2025-12-11 19:17:08,345 [ERROR] LogOutputStream:75 - [STDERR_REDIRECT] [Fatal Error] :1:1: Premature end of file.
2025-12-11 19:17:08,345 [ERROR] LogOutputStream:75 - [STDERR_REDIRECT] 
2025-12-11 19:17:08,449 [ERROR] LogOutputStream:75 - [STDERR_REDIRECT] [Fatal Error] :1:1: Premature end of file.
2025-12-11 19:17:08,449 [ERROR] LogOutputStream:75 - [STDERR_REDIRECT] 
2025-12-11 19:17:08,502 [ERROR] LogOutputStream:75 - [STDERR_REDIRECT] [Fatal Error] :1:1: Premature end of file.
2025-12-11 19:17:08,504 [ERROR] LogOutputStream:75 - [STDERR_REDIRECT] 
2025-12-11 19:17:08,549 [ERROR] LogOutputStream:75 - [STDERR_REDIRECT] [Fatal Error] :1:1: Premature end of file.
2025-12-11 19:17:08,549 [ERROR] LogOutputStream:75 - [STDERR_REDIRECT] 
2025-12-11 19:17:08,596 [ERROR] LogOutputStream:75 - [STDERR_REDIRECT] [Fatal Error] :1:1: Premature end of file.
2025-12-11 19:17:08,596 [ERROR] LogOutputStream:75 - [STDERR_REDIRECT] 
2025-12-11 19:17:08,640 [ERROR] LogOutputStream:75 - [STDERR_REDIRECT] [Fatal Error] :1:1: Premature end of file.
2025-12-11 19:17:08,640 [ERROR] LogOutputStream:75 - [STDERR_REDIRECT] 
2025-12-11 19:17:08,679 [ERROR] LogOutputStream:75 - [STDERR_REDIRECT] [Fatal Error] :1:1: Premature end of file.
2025-12-11 19:17:08,679 [ERROR] LogOutputStream:75 - [STDERR_REDIRECT] 
2025-12-11 19:17:08,726 [ERROR] LogOutputStream:75 - [STDERR_REDIRECT] [Fatal Error] :1:1: Premature end of file.
2025-12-11 19:17:08,726 [ERROR] LogOutputStream:75 - [STDERR_REDIRECT] 
2025-12-11 19:17:08,768 [ERROR] LogOutputStream:75 - [STDERR_REDIRECT] [Fatal Error] :1:1: Premature end of file.
2025-12-11 19:17:08,768 [ERROR] LogOutputStream:75 - [STDERR_REDIRECT] 
2025-12-11 19:17:08,810 [ERROR] LogOutputStream:75 - [STDERR_REDIRECT] [Fatal Error] :1:1: Premature end of file.
2025-12-11 19:17:08,810 [ERROR] LogOutputStream:75 - [STDERR_REDIRECT] 
2025-12-11 19:17:08,852 [ERROR] LogOutputStream:75 - [STDERR_REDIRECT] [Fatal Error] :1:1: Premature end of file.
2025-12-11 19:17:08,852 [ERROR] LogOutputStream:75 - [STDERR_REDIRECT] 
2025-12-11 19:17:08,894 [ERROR] LogOutputStream:75 - [STDERR_REDIRECT] [Fatal Error] :1:1: Premature end of file.
2025-12-11 19:17:08,894 [ERROR] LogOutputStream:75 - [STDERR_REDIRECT] 
2025-12-11 19:17:08,931 [ERROR] LogOutputStream:75 - [STDERR_REDIRECT] [Fatal Error] :1:1: Premature end of file.
2025-12-11 19:17:08,931 [ERROR] LogOutputStream:75 - [STDERR_REDIRECT] 
2025-12-11 19:17:08,980 [ERROR] LogOutputStream:75 - [STDERR_REDIRECT] [Fatal Error] :1:1: Premature end of file.
2025-12-11 19:17:08,980 [ERROR] LogOutputStream:75 - [STDERR_REDIRECT] 
2025-12-11 19:17:09,021 [ERROR] LogOutputStream:75 - [STDERR_REDIRECT] [Fatal Error] :1:1: Premature end of file.
2025-12-11 19:17:09,021 [ERROR] LogOutputStream:75 - [STDERR_REDIRECT] 
2025-12-11 19:17:09,064 [ERROR] LogOutputStream:75 - [STDERR_REDIRECT] [Fatal Error] :1:1: Premature end of file.
2025-12-11 19:17:09,064 [ERROR] LogOutputStream:75 - [STDERR_REDIRECT] 
2025-12-11 19:17:09,103 [ERROR] LogOutputStream:75 - [STDERR_REDIRECT] [Fatal Error] :1:1: Premature end of file.
2025-12-11 19:17:09,103 [ERROR] LogOutputStream:75 - [STDERR_REDIRECT] 
2025-12-11 19:17:09,149 [ERROR] LogOutputStream:75 - [STDERR_REDIRECT] [Fatal Error] :1:1: Premature end of file.
2025-12-11 19:17:09,149 [ERROR] LogOutputStream:75 - [STDERR_REDIRECT] 
2025-12-11 19:17:09,234 [ERROR] LogOutputStream:75 - [STDERR_REDIRECT] [Fatal Error] :1:1: Premature end of file.
2025-12-11 19:17:09,234 [ERROR] LogOutputStream:75 - [STDERR_REDIRECT] 
2025-12-11 19:17:09,283 [ERROR] LogOutputStream:75 - [STDERR_REDIRECT] [Fatal Error] :1:1: Premature end of file.
2025-12-11 19:17:09,283 [ERROR] LogOutputStream:75 - [STDERR_REDIRECT] 
2025-12-11 19:17:09,332 [ERROR] LogOutputStream:75 - [STDERR_REDIRECT] [Fatal Error] :1:1: Premature end of file.
2025-12-11 19:17:09,332 [ERROR] LogOutputStream:75 - [STDERR_REDIRECT] 
2025-12-11 19:17:09,375 [ERROR] LogOutputStream:75 - [STDERR_REDIRECT] [Fatal Error] :1:1: Premature end of file.
2025-12-11 19:17:09,375 [ERROR] LogOutputStream:75 - [STDERR_REDIRECT] 
2025-12-11 19:17:09,414 [ERROR] LogOutputStream:75 - [STDERR_REDIRECT] [Fatal Error] :1:1: Premature end of file.
2025-12-11 19:17:09,414 [ERROR] LogOutputStream:75 - [STDERR_REDIRECT] 
2025-12-11 19:17:09,454 [ERROR] LogOutputStream:75 - [STDERR_REDIRECT] [Fatal Error] :1:1: Premature end of file.
2025-12-11 19:17:09,454 [ERROR] LogOutputStream:75 - [STDERR_REDIRECT] 
2025-12-11 19:17:09,503 [ERROR] LogOutputStream:75 - [STDERR_REDIRECT] [Fatal Error] :1:1: Premature end of file.
2025-12-11 19:17:09,503 [ERROR] LogOutputStream:75 - [STDERR_REDIRECT] 
2025-12-11 19:17:09,546 [ERROR] LogOutputStream:75 - [STDERR_REDIRECT] [Fatal Error] :1:1: Premature end of file.
2025-12-11 19:17:09,546 [ERROR] LogOutputStream:75 - [STDERR_REDIRECT] 
2025-12-11 19:17:09,588 [ERROR] LogOutputStream:75 - [STDERR_REDIRECT] [Fatal Error] :1:1: Premature end of file.
2025-12-11 19:17:09,588 [ERROR] LogOutputStream:75 - [STDERR_REDIRECT] 
2025-12-11 19:17:09,635 [ERROR] LogOutputStream:75 - [STDERR_REDIRECT] [Fatal Error] :1:1: Premature end of file.
2025-12-11 19:17:09,635 [ERROR] LogOutputStream:75 - [STDERR_REDIRECT] 
2025-12-11 19:17:09,676 [ERROR] LogOutputStream:75 - [STDERR_REDIRECT] [Fatal Error] :1:1: Premature end of file.
2025-12-11 19:17:09,676 [ERROR] LogOutputStream:75 - [STDERR_REDIRECT] 
2025-12-11 19:17:09,725 [ERROR] LogOutputStream:75 - [STDERR_REDIRECT] [Fatal Error] :1:1: Premature end of file.
2025-12-11 19:17:09,729 [ERROR] LogOutputStream:75 - [STDERR_REDIRECT] 
2025-12-11 19:17:09,774 [ERROR] LogOutputStream:75 - [STDERR_REDIRECT] [Fatal Error] :1:1: Premature end of file.
2025-12-11 19:17:09,774 [ERROR] LogOutputStream:75 - [STDERR_REDIRECT] 
2025-12-11 19:17:09,824 [ERROR] LogOutputStream:75 - [STDERR_REDIRECT] [Fatal Error] :1:1: Premature end of file.
2025-12-11 19:17:09,824 [ERROR] LogOutputStream:75 - [STDERR_REDIRECT] 
2025-12-11 19:17:09,864 [ERROR] LogOutputStream:75 - [STDERR_REDIRECT] [Fatal Error] :1:1: Premature end of file.
2025-12-11 19:17:09,864 [ERROR] LogOutputStream:75 - [STDERR_REDIRECT] 
2025-12-11 19:17:09,910 [ERROR] LogOutputStream:75 - [STDERR_REDIRECT] [Fatal Error] :1:1: Premature end of file.
2025-12-11 19:17:09,910 [ERROR] LogOutputStream:75 - [STDERR_REDIRECT] 
2025-12-11 19:17:09,955 [ERROR] LogOutputStream:75 - [STDERR_REDIRECT] [Fatal Error] :1:1: Premature end of file.
2025-12-11 19:17:09,955 [ERROR] LogOutputStream:75 - [STDERR_REDIRECT] 
2025-12-11 19:17:09,996 [ERROR] LogOutputStream:75 - [STDERR_REDIRECT] [Fatal Error] :1:1: Premature end of file.
2025-12-11 19:17:09,996 [ERROR] LogOutputStream:75 - [STDERR_REDIRECT] 
2025-12-11 19:17:10,041 [ERROR] LogOutputStream:75 - [STDERR_REDIRECT] [Fatal Error] :1:1: Premature end of file.
2025-12-11 19:17:10,041 [ERROR] LogOutputStream:75 - [STDERR_REDIRECT] 
2025-12-11 19:17:10,081 [ERROR] LogOutputStream:75 - [STDERR_REDIRECT] [Fatal Error] :1:1: Premature end of file.
2025-12-11 19:17:10,081 [ERROR] LogOutputStream:75 - [STDERR_REDIRECT] 
2025-12-11 19:17:10,125 [ERROR] LogOutputStream:75 - [STDERR_REDIRECT] [Fatal Error] :1:1: Premature end of file.
2025-12-11 19:17:10,125 [ERROR] LogOutputStream:75 - [STDERR_REDIRECT] 
2025-12-11 19:17:10,168 [ERROR] LogOutputStream:75 - [STDERR_REDIRECT] [Fatal Error] :1:1: Premature end of file.
2025-12-11 19:17:10,168 [ERROR] LogOutputStream:75 - [STDERR_REDIRECT] 
2025-12-11 19:17:10,212 [ERROR] LogOutputStream:75 - [STDERR_REDIRECT] [Fatal Error] :1:1: Premature end of file.
2025-12-11 19:17:10,212 [ERROR] LogOutputStream:75 - [STDERR_REDIRECT] 
2025-12-11 19:17:10,249 [ERROR] LogOutputStream:75 - [STDERR_REDIRECT] [Fatal Error] :1:1: Premature end of file.
2025-12-11 19:17:10,249 [ERROR] LogOutputStream:75 - [STDERR_REDIRECT] 
2025-12-11 19:17:10,316 [ERROR] LogOutputStream:75 - [STDERR_REDIRECT] [Fatal Error] :1:1: Premature end of file.
2025-12-11 19:17:10,316 [ERROR] LogOutputStream:75 - [STDERR_REDIRECT] 
2025-12-11 19:17:10,387 [ERROR] LogOutputStream:75 - [STDERR_REDIRECT] [Fatal Error] :1:1: Premature end of file.
2025-12-11 19:17:10,387 [ERROR] LogOutputStream:75 - [STDERR_REDIRECT] 
2025-12-11 19:17:10,460 [ERROR] LogOutputStream:75 - [STDERR_REDIRECT] [Fatal Error] :1:1: Premature end of file.
2025-12-11 19:17:10,460 [ERROR] LogOutputStream:75 - [STDERR_REDIRECT] 
2025-12-11 19:17:10,514 [ERROR] LogOutputStream:75 - [STDERR_REDIRECT] [Fatal Error] :1:1: Premature end of file.
2025-12-11 19:17:10,514 [ERROR] LogOutputStream:75 - [STDERR_REDIRECT] 
2025-12-11 19:17:10,557 [ERROR] LogOutputStream:75 - [STDERR_REDIRECT] [Fatal Error] :1:1: Premature end of file.
2025-12-11 19:17:10,557 [ERROR] LogOutputStream:75 - [STDERR_REDIRECT] 
2025-12-11 19:17:10,611 [ERROR] LogOutputStream:75 - [STDERR_REDIRECT] [Fatal Error] :1:1: Premature end of file.
2025-12-11 19:17:10,611 [ERROR] LogOutputStream:75 - [STDERR_REDIRECT] 
2025-12-11 19:17:10,656 [ERROR] LogOutputStream:75 - [STDERR_REDIRECT] [Fatal Error] :1:1: Premature end of file.
2025-12-11 19:17:10,656 [ERROR] LogOutputStream:75 - [STDERR_REDIRECT] 
2025-12-11 19:17:10,698 [ERROR] LogOutputStream:75 - [STDERR_REDIRECT] [Fatal Error] :1:1: Premature end of file.
2025-12-11 19:17:10,698 [ERROR] LogOutputStream:75 - [STDERR_REDIRECT] 
2025-12-11 19:17:10,736 [ERROR] LogOutputStream:75 - [STDERR_REDIRECT] [Fatal Error] :1:1: Premature end of file.
2025-12-11 19:17:10,736 [ERROR] LogOutputStream:75 - [STDERR_REDIRECT] 
2025-12-11 19:17:10,791 [ERROR] LogOutputStream:75 - [STDERR_REDIRECT] [Fatal Error] :1:1: Premature end of file.
2025-12-11 19:17:10,791 [ERROR] LogOutputStream:75 - [STDERR_REDIRECT] 
2025-12-11 19:17:10,836 [ERROR] LogOutputStream:75 - [STDERR_REDIRECT] [Fatal Error] :1:1: Premature end of file.
2025-12-11 19:17:10,836 [ERROR] LogOutputStream:75 - [STDERR_REDIRECT] 
2025-12-11 19:17:10,886 [ERROR] LogOutputStream:75 - [STDERR_REDIRECT] [Fatal Error] :1:1: Premature end of file.
2025-12-11 19:17:10,886 [ERROR] LogOutputStream:75 - [STDERR_REDIRECT] 
2025-12-11 19:17:10,933 [ERROR] LogOutputStream:75 - [STDERR_REDIRECT] [Fatal Error] :1:1: Premature end of file.
2025-12-11 19:17:10,934 [ERROR] LogOutputStream:75 - [STDERR_REDIRECT] 
2025-12-11 19:17:10,982 [ERROR] LogOutputStream:75 - [STDERR_REDIRECT] [Fatal Error] :1:1: Premature end of file.
2025-12-11 19:17:10,982 [ERROR] LogOutputStream:75 - [STDERR_REDIRECT] 
2025-12-11 19:17:11,030 [ERROR] LogOutputStream:75 - [STDERR_REDIRECT] [Fatal Error] :1:1: Premature end of file.
2025-12-11 19:17:11,030 [ERROR] LogOutputStream:75 - [STDERR_REDIRECT] 
2025-12-11 19:17:11,077 [ERROR] LogOutputStream:75 - [STDERR_REDIRECT] [Fatal Error] :1:1: Premature end of file.
2025-12-11 19:17:11,077 [ERROR] LogOutputStream:75 - [STDERR_REDIRECT] 
2025-12-11 19:17:11,121 [ERROR] LogOutputStream:75 - [STDERR_REDIRECT] [Fatal Error] :1:1: Premature end of file.
2025-12-11 19:17:11,121 [ERROR] LogOutputStream:75 - [STDERR_REDIRECT] 
2025-12-11 19:17:11,170 [ERROR] LogOutputStream:75 - [STDERR_REDIRECT] [Fatal Error] :1:1: Premature end of file.
2025-12-11 19:17:11,220 [ERROR] LogOutputStream:75 - [STDERR_REDIRECT] 
2025-12-11 19:17:11,269 [ERROR] LogOutputStream:75 - [STDERR_REDIRECT] [Fatal Error] :1:1: Premature end of file.
2025-12-11 19:17:11,269 [ERROR] LogOutputStream:75 - [STDERR_REDIRECT] 
2025-12-11 19:17:11,315 [ERROR] LogOutputStream:75 - [STDERR_REDIRECT] [Fatal Error] :1:1: Premature end of file.
2025-12-11 19:17:11,315 [ERROR] LogOutputStream:75 - [STDERR_REDIRECT] 
2025-12-11 19:17:11,357 [ERROR] LogOutputStream:75 - [STDERR_REDIRECT] [Fatal Error] :1:1: Premature end of file.
2025-12-11 19:17:11,357 [ERROR] LogOutputStream:75 - [STDERR_REDIRECT] 
2025-12-11 19:17:11,399 [ERROR] LogOutputStream:75 - [STDERR_REDIRECT] [Fatal Error] :1:1: Premature end of file.
2025-12-11 19:17:11,399 [ERROR] LogOutputStream:75 - [STDERR_REDIRECT] 
2025-12-11 19:17:11,442 [ERROR] LogOutputStream:75 - [STDERR_REDIRECT] [Fatal Error] :1:1: Premature end of file.
2025-12-11 19:17:11,442 [ERROR] LogOutputStream:75 - [STDERR_REDIRECT] 
2025-12-11 19:17:11,488 [ERROR] LogOutputStream:75 - [STDERR_REDIRECT] [Fatal Error] :1:1: Premature end of file.
2025-12-11 19:17:11,488 [ERROR] LogOutputStream:75 - [STDERR_REDIRECT] 
2025-12-11 19:17:11,532 [ERROR] LogOutputStream:75 - [STDERR_REDIRECT] [Fatal Error] :1:1: Premature end of file.
2025-12-11 19:17:11,532 [ERROR] LogOutputStream:75 - [STDERR_REDIRECT] 
2025-12-11 19:17:11,577 [ERROR] LogOutputStream:75 - [STDERR_REDIRECT] [Fatal Error] :1:1: Premature end of file.
2025-12-11 19:17:11,577 [ERROR] LogOutputStream:75 - [STDERR_REDIRECT] 
2025-12-11 19:17:11,622 [ERROR] LogOutputStream:75 - [STDERR_REDIRECT] [Fatal Error] :1:1: Premature end of file.
2025-12-11 19:17:11,622 [ERROR] LogOutputStream:75 - [STDERR_REDIRECT] 
2025-12-11 19:17:11,669 [ERROR] LogOutputStream:75 - [STDERR_REDIRECT] [Fatal Error] :1:1: Premature end of file.
2025-12-11 19:17:11,669 [ERROR] LogOutputStream:75 - [STDERR_REDIRECT] 
2025-12-11 19:17:11,714 [ERROR] LogOutputStream:75 - [STDERR_REDIRECT] [Fatal Error] :1:1: Premature end of file.
2025-12-11 19:17:11,714 [ERROR] LogOutputStream:75 - [STDERR_REDIRECT] 
2025-12-11 19:17:11,754 [ERROR] LogOutputStream:75 - [STDERR_REDIRECT] [Fatal Error] :1:1: Premature end of file.
2025-12-11 19:17:11,754 [ERROR] LogOutputStream:75 - [STDERR_REDIRECT] 
2025-12-11 19:17:11,795 [ERROR] LogOutputStream:75 - [STDERR_REDIRECT] [Fatal Error] :1:1: Premature end of file.
2025-12-11 19:17:11,800 [ERROR] LogOutputStream:75 - [STDERR_REDIRECT] 
2025-12-11 19:17:11,839 [ERROR] LogOutputStream:75 - [STDERR_REDIRECT] [Fatal Error] :1:1: Premature end of file.
2025-12-11 19:17:11,839 [ERROR] LogOutputStream:75 - [STDERR_REDIRECT] 
2025-12-11 19:17:11,891 [ERROR] LogOutputStream:75 - [STDERR_REDIRECT] [Fatal Error] :1:1: Premature end of file.
2025-12-11 19:17:11,892 [ERROR] LogOutputStream:75 - [STDERR_REDIRECT] 
2025-12-11 19:17:11,938 [ERROR] LogOutputStream:75 - [STDERR_REDIRECT] [Fatal Error] :1:1: Premature end of file.
2025-12-11 19:17:11,938 [ERROR] LogOutputStream:75 - [STDERR_REDIRECT] 
2025-12-11 19:17:11,984 [ERROR] LogOutputStream:75 - [STDERR_REDIRECT] [Fatal Error] :1:1: Premature end of file.
2025-12-11 19:17:11,984 [ERROR] LogOutputStream:75 - [STDERR_REDIRECT] 
2025-12-11 19:17:12,029 [ERROR] LogOutputStream:75 - [STDERR_REDIRECT] [Fatal Error] :1:1: Premature end of file.
2025-12-11 19:17:12,029 [ERROR] LogOutputStream:75 - [STDERR_REDIRECT] 
2025-12-11 19:17:12,073 [ERROR] LogOutputStream:75 - [STDERR_REDIRECT] [Fatal Error] :1:1: Premature end of file.
2025-12-11 19:17:12,073 [ERROR] LogOutputStream:75 - [STDERR_REDIRECT] 
2025-12-11 19:17:12,116 [ERROR] LogOutputStream:75 - [STDERR_REDIRECT] [Fatal Error] :1:1: Premature end of file.
2025-12-11 19:17:12,116 [ERROR] LogOutputStream:75 - [STDERR_REDIRECT] 
2025-12-11 19:17:12,162 [ERROR] LogOutputStream:75 - [STDERR_REDIRECT] [Fatal Error] :1:1: Premature end of file.
2025-12-11 19:17:12,162 [ERROR] LogOutputStream:75 - [STDERR_REDIRECT] 
2025-12-11 19:17:12,207 [ERROR] LogOutputStream:75 - [STDERR_REDIRECT] [Fatal Error] :1:1: Premature end of file.
2025-12-11 19:17:12,207 [ERROR] LogOutputStream:75 - [STDERR_REDIRECT] 
2025-12-11 19:17:12,246 [ERROR] LogOutputStream:75 - [STDERR_REDIRECT] [Fatal Error] :1:1: Premature end of file.
2025-12-11 19:17:12,246 [ERROR] LogOutputStream:75 - [STDERR_REDIRECT] 
2025-12-11 19:17:12,294 [ERROR] LogOutputStream:75 - [STDERR_REDIRECT] [Fatal Error] :1:1: Premature end of file.
2025-12-11 19:17:12,294 [ERROR] LogOutputStream:75 - [STDERR_REDIRECT] 
2025-12-11 19:17:12,339 [ERROR] LogOutputStream:75 - [STDERR_REDIRECT] [Fatal Error] :1:1: Premature end of file.
2025-12-11 19:17:12,339 [ERROR] LogOutputStream:75 - [STDERR_REDIRECT] 
2025-12-11 19:17:12,382 [ERROR] LogOutputStream:75 - [STDERR_REDIRECT] [Fatal Error] :1:1: Premature end of file.
2025-12-11 19:17:12,382 [ERROR] LogOutputStream:75 - [STDERR_REDIRECT] 
2025-12-11 19:17:12,422 [ERROR] LogOutputStream:75 - [STDERR_REDIRECT] [Fatal Error] :1:1: Premature end of file.
2025-12-11 19:17:12,422 [ERROR] LogOutputStream:75 - [STDERR_REDIRECT] 
2025-12-11 19:17:12,462 [ERROR] LogOutputStream:75 - [STDERR_REDIRECT] [Fatal Error] :1:1: Premature end of file.
2025-12-11 19:17:12,462 [ERROR] LogOutputStream:75 - [STDERR_REDIRECT] 
2025-12-11 19:17:12,513 [ERROR] LogOutputStream:75 - [STDERR_REDIRECT] [Fatal Error] :1:1: Premature end of file.
2025-12-11 19:17:12,513 [ERROR] LogOutputStream:75 - [STDERR_REDIRECT] 
2025-12-11 19:17:12,555 [ERROR] LogOutputStream:75 - [STDERR_REDIRECT] [Fatal Error] :1:1: Premature end of file.
2025-12-11 19:17:12,555 [ERROR] LogOutputStream:75 - [STDERR_REDIRECT] 
2025-12-11 19:17:12,599 [ERROR] LogOutputStream:75 - [STDERR_REDIRECT] [Fatal Error] :1:1: Premature end of file.
2025-12-11 19:17:12,599 [ERROR] LogOutputStream:75 - [STDERR_REDIRECT] 
2025-12-11 19:17:12,640 [ERROR] LogOutputStream:75 - [STDERR_REDIRECT] [Fatal Error] :1:1: Premature end of file.
2025-12-11 19:17:12,640 [ERROR] LogOutputStream:75 - [STDERR_REDIRECT] 
2025-12-11 19:17:12,684 [ERROR] LogOutputStream:75 - [STDERR_REDIRECT] [Fatal Error] :1:1: Premature end of file.
2025-12-11 19:17:12,684 [ERROR] LogOutputStream:75 - [STDERR_REDIRECT] 
2025-12-11 19:17:12,726 [ERROR] LogOutputStream:75 - [STDERR_REDIRECT] [Fatal Error] :1:1: Premature end of file.
2025-12-11 19:17:12,726 [ERROR] LogOutputStream:75 - [STDERR_REDIRECT] 
2025-12-11 19:17:12,771 [ERROR] LogOutputStream:75 - [STDERR_REDIRECT] [Fatal Error] :1:1: Premature end of file.
2025-12-11 19:17:12,771 [ERROR] LogOutputStream:75 - [STDERR_REDIRECT] 
2025-12-11 19:17:12,812 [ERROR] LogOutputStream:75 - [STDERR_REDIRECT] [Fatal Error] :1:1: Premature end of file.
2025-12-11 19:17:12,812 [ERROR] LogOutputStream:75 - [STDERR_REDIRECT] 
2025-12-11 19:17:12,853 [ERROR] LogOutputStream:75 - [STDERR_REDIRECT] [Fatal Error] :1:1: Premature end of file.
2025-12-11 19:17:12,853 [ERROR] LogOutputStream:75 - [STDERR_REDIRECT] 
2025-12-11 19:17:12,894 [ERROR] LogOutputStream:75 - [STDERR_REDIRECT] [Fatal Error] :1:1: Premature end of file.
2025-12-11 19:17:12,894 [ERROR] LogOutputStream:75 - [STDERR_REDIRECT] 
2025-12-11 19:17:12,935 [ERROR] LogOutputStream:75 - [STDERR_REDIRECT] [Fatal Error] :1:1: Premature end of file.
2025-12-11 19:17:12,935 [ERROR] LogOutputStream:75 - [STDERR_REDIRECT] 
2025-12-11 19:17:12,976 [ERROR] LogOutputStream:75 - [STDERR_REDIRECT] [Fatal Error] :1:1: Premature end of file.
2025-12-11 19:17:12,976 [ERROR] LogOutputStream:75 - [STDERR_REDIRECT] 
2025-12-11 19:17:13,019 [ERROR] LogOutputStream:75 - [STDERR_REDIRECT] [Fatal Error] :1:1: Premature end of file.
2025-12-11 19:17:13,019 [ERROR] LogOutputStream:75 - [STDERR_REDIRECT] 
2025-12-11 19:17:13,064 [ERROR] LogOutputStream:75 - [STDERR_REDIRECT] [Fatal Error] :1:1: Premature end of file.
2025-12-11 19:17:13,064 [ERROR] LogOutputStream:75 - [STDERR_REDIRECT] 
2025-12-11 19:17:13,107 [ERROR] LogOutputStream:75 - [STDERR_REDIRECT] [Fatal Error] :1:1: Premature end of file.
2025-12-11 19:17:13,107 [ERROR] LogOutputStream:75 - [STDERR_REDIRECT] 
2025-12-11 19:17:13,149 [ERROR] LogOutputStream:75 - [STDERR_REDIRECT] [Fatal Error] :1:1: Premature end of file.
2025-12-11 19:17:13,149 [ERROR] LogOutputStream:75 - [STDERR_REDIRECT] 
2025-12-11 19:17:13,189 [ERROR] LogOutputStream:75 - [STDERR_REDIRECT] [Fatal Error] :1:1: Premature end of file.
2025-12-11 19:17:13,215 [ERROR] LogOutputStream:75 - [STDERR_REDIRECT] 
2025-12-11 19:17:13,258 [ERROR] LogOutputStream:75 - [STDERR_REDIRECT] [Fatal Error] :1:1: Premature end of file.
2025-12-11 19:17:13,258 [ERROR] LogOutputStream:75 - [STDERR_REDIRECT] 
2025-12-11 19:17:13,309 [ERROR] LogOutputStream:75 - [STDERR_REDIRECT] [Fatal Error] :1:1: Premature end of file.
2025-12-11 19:17:13,309 [ERROR] LogOutputStream:75 - [STDERR_REDIRECT] 
2025-12-11 19:17:13,365 [ERROR] LogOutputStream:75 - [STDERR_REDIRECT] [Fatal Error] :1:1: Premature end of file.
2025-12-11 19:17:13,365 [ERROR] LogOutputStream:75 - [STDERR_REDIRECT] 
2025-12-11 19:17:13,416 [ERROR] LogOutputStream:75 - [STDERR_REDIRECT] [Fatal Error] :1:1: Premature end of file.
2025-12-11 19:17:13,416 [ERROR] LogOutputStream:75 - [STDERR_REDIRECT] 
2025-12-11 19:17:13,463 [ERROR] LogOutputStream:75 - [STDERR_REDIRECT] [Fatal Error] :1:1: Premature end of file.
2025-12-11 19:17:13,463 [ERROR] LogOutputStream:75 - [STDERR_REDIRECT] 
2025-12-11 19:17:13,512 [ERROR] LogOutputStream:75 - [STDERR_REDIRECT] [Fatal Error] :1:1: Premature end of file.
2025-12-11 19:17:13,512 [ERROR] LogOutputStream:75 - [STDERR_REDIRECT] 
2025-12-11 19:17:13,554 [ERROR] LogOutputStream:75 - [STDERR_REDIRECT] [Fatal Error] :1:1: Premature end of file.
2025-12-11 19:17:13,554 [ERROR] LogOutputStream:75 - [STDERR_REDIRECT] 
2025-12-11 19:17:13,595 [ERROR] LogOutputStream:75 - [STDERR_REDIRECT] [Fatal Error] :1:1: Premature end of file.
2025-12-11 19:17:13,595 [ERROR] LogOutputStream:75 - [STDERR_REDIRECT] 
2025-12-11 19:17:13,645 [ERROR] LogOutputStream:75 - [STDERR_REDIRECT] [Fatal Error] :1:1: Premature end of file.
2025-12-11 19:17:13,645 [ERROR] LogOutputStream:75 - [STDERR_REDIRECT] 
2025-12-11 19:17:13,686 [ERROR] LogOutputStream:75 - [STDERR_REDIRECT] [Fatal Error] :1:1: Premature end of file.
2025-12-11 19:17:13,686 [ERROR] LogOutputStream:75 - [STDERR_REDIRECT] 
2025-12-11 19:17:13,727 [ERROR] LogOutputStream:75 - [STDERR_REDIRECT] [Fatal Error] :1:1: Premature end of file.
2025-12-11 19:17:13,727 [ERROR] LogOutputStream:75 - [STDERR_REDIRECT] 
2025-12-11 19:17:13,772 [ERROR] LogOutputStream:75 - [STDERR_REDIRECT] [Fatal Error] :1:1: Premature end of file.
2025-12-11 19:17:13,772 [ERROR] LogOutputStream:75 - [STDERR_REDIRECT] 
2025-12-11 19:17:13,812 [ERROR] LogOutputStream:75 - [STDERR_REDIRECT] [Fatal Error] :1:1: Premature end of file.
2025-12-11 19:17:13,812 [ERROR] LogOutputStream:75 - [STDERR_REDIRECT] 
2025-12-11 19:17:13,859 [ERROR] LogOutputStream:75 - [STDERR_REDIRECT] [Fatal Error] :1:1: Premature end of file.
2025-12-11 19:17:13,859 [ERROR] LogOutputStream:75 - [STDERR_REDIRECT] 
2025-12-11 19:17:13,900 [ERROR] LogOutputStream:75 - [STDERR_REDIRECT] [Fatal Error] :1:1: Premature end of file.
2025-12-11 19:17:13,900 [ERROR] LogOutputStream:75 - [STDERR_REDIRECT] 
2025-12-11 19:17:13,943 [ERROR] LogOutputStream:75 - [STDERR_REDIRECT] [Fatal Error] :1:1: Premature end of file.
2025-12-11 19:17:13,943 [ERROR] LogOutputStream:75 - [STDERR_REDIRECT] 
2025-12-11 19:17:13,982 [ERROR] LogOutputStream:75 - [STDERR_REDIRECT] [Fatal Error] :1:1: Premature end of file.
2025-12-11 19:17:13,982 [ERROR] LogOutputStream:75 - [STDERR_REDIRECT] 
2025-12-11 19:17:14,022 [ERROR] LogOutputStream:75 - [STDERR_REDIRECT] [Fatal Error] :1:1: Premature end of file.
2025-12-11 19:17:14,022 [ERROR] LogOutputStream:75 - [STDERR_REDIRECT] 
2025-12-11 19:17:14,071 [ERROR] LogOutputStream:75 - [STDERR_REDIRECT] [Fatal Error] :1:1: Premature end of file.
2025-12-11 19:17:14,071 [ERROR] LogOutputStream:75 - [STDERR_REDIRECT] 
2025-12-11 19:17:14,111 [ERROR] LogOutputStream:75 - [STDERR_REDIRECT] [Fatal Error] :1:1: Premature end of file.
2025-12-11 19:17:14,111 [ERROR] LogOutputStream:75 - [STDERR_REDIRECT] 
2025-12-11 19:17:14,152 [ERROR] LogOutputStream:75 - [STDERR_REDIRECT] [Fatal Error] :1:1: Premature end of file.
2025-12-11 19:17:14,152 [ERROR] LogOutputStream:75 - [STDERR_REDIRECT] 
2025-12-11 19:17:14,195 [ERROR] LogOutputStream:75 - [STDERR_REDIRECT] [Fatal Error] :1:1: Premature end of file.
2025-12-11 19:17:14,195 [ERROR] LogOutputStream:75 - [STDERR_REDIRECT] 
2025-12-11 19:17:14,238 [ERROR] LogOutputStream:75 - [STDERR_REDIRECT] [Fatal Error] :1:1: Premature end of file.
2025-12-11 19:17:14,238 [ERROR] LogOutputStream:75 - [STDERR_REDIRECT] 
2025-12-11 19:17:14,284 [ERROR] LogOutputStream:75 - [STDERR_REDIRECT] [Fatal Error] :1:1: Premature end of file.
2025-12-11 19:17:14,284 [ERROR] LogOutputStream:75 - [STDERR_REDIRECT] 
2025-12-11 19:17:14,326 [ERROR] LogOutputStream:75 - [STDERR_REDIRECT] [Fatal Error] :1:1: Premature end of file.
2025-12-11 19:17:14,327 [ERROR] LogOutputStream:75 - [STDERR_REDIRECT] 
2025-12-11 19:17:14,369 [ERROR] LogOutputStream:75 - [STDERR_REDIRECT] [Fatal Error] :1:1: Premature end of file.
2025-12-11 19:17:14,369 [ERROR] LogOutputStream:75 - [STDERR_REDIRECT] 
2025-12-11 19:17:14,417 [ERROR] LogOutputStream:75 - [STDERR_REDIRECT] [Fatal Error] :1:1: Premature end of file.
2025-12-11 19:17:14,417 [ERROR] LogOutputStream:75 - [STDERR_REDIRECT] 
2025-12-11 19:17:14,466 [ERROR] LogOutputStream:75 - [STDERR_REDIRECT] [Fatal Error] :1:1: Premature end of file.
2025-12-11 19:17:14,466 [ERROR] LogOutputStream:75 - [STDERR_REDIRECT] 
2025-12-11 19:17:14,515 [ERROR] LogOutputStream:75 - [STDERR_REDIRECT] [Fatal Error] :1:1: Premature end of file.
2025-12-11 19:17:14,515 [ERROR] LogOutputStream:75 - [STDERR_REDIRECT] 
2025-12-11 19:17:14,565 [ERROR] LogOutputStream:75 - [STDERR_REDIRECT] [Fatal Error] :1:1: Premature end of file.
2025-12-11 19:17:14,565 [ERROR] LogOutputStream:75 - [STDERR_REDIRECT] 
2025-12-11 19:17:14,613 [ERROR] LogOutputStream:75 - [STDERR_REDIRECT] [Fatal Error] :1:1: Premature end of file.
2025-12-11 19:17:14,613 [ERROR] LogOutputStream:75 - [STDERR_REDIRECT] 
2025-12-11 19:17:14,659 [ERROR] LogOutputStream:75 - [STDERR_REDIRECT] [Fatal Error] :1:1: Premature end of file.
2025-12-11 19:17:14,659 [ERROR] LogOutputStream:75 - [STDERR_REDIRECT] 
2025-12-11 19:17:14,703 [ERROR] LogOutputStream:75 - [STDERR_REDIRECT] [Fatal Error] :1:1: Premature end of file.
2025-12-11 19:17:14,703 [ERROR] LogOutputStream:75 - [STDERR_REDIRECT] 
2025-12-11 19:17:14,746 [ERROR] LogOutputStream:75 - [STDERR_REDIRECT] [Fatal Error] :1:1: Premature end of file.
2025-12-11 19:17:14,746 [ERROR] LogOutputStream:75 - [STDERR_REDIRECT] 
2025-12-11 19:17:14,791 [ERROR] LogOutputStream:75 - [STDERR_REDIRECT] [Fatal Error] :1:1: Premature end of file.
2025-12-11 19:17:14,791 [ERROR] LogOutputStream:75 - [STDERR_REDIRECT] 
2025-12-11 19:17:14,831 [ERROR] LogOutputStream:75 - [STDERR_REDIRECT] [Fatal Error] :1:1: Premature end of file.
2025-12-11 19:17:14,831 [ERROR] LogOutputStream:75 - [STDERR_REDIRECT] 
2025-12-11 19:17:14,878 [ERROR] LogOutputStream:75 - [STDERR_REDIRECT] [Fatal Error] :1:1: Premature end of file.
2025-12-11 19:17:14,878 [ERROR] LogOutputStream:75 - [STDERR_REDIRECT] 
2025-12-11 19:17:14,920 [ERROR] LogOutputStream:75 - [STDERR_REDIRECT] [Fatal Error] :1:1: Premature end of file.
2025-12-11 19:17:14,920 [ERROR] LogOutputStream:75 - [STDERR_REDIRECT] 
2025-12-11 19:17:14,962 [ERROR] LogOutputStream:75 - [STDERR_REDIRECT] [Fatal Error] :1:1: Premature end of file.
2025-12-11 19:17:14,962 [ERROR] LogOutputStream:75 - [STDERR_REDIRECT] 
2025-12-11 19:17:15,003 [ERROR] LogOutputStream:75 - [STDERR_REDIRECT] [Fatal Error] :1:1: Premature end of file.
2025-12-11 19:17:15,003 [ERROR] LogOutputStream:75 - [STDERR_REDIRECT] 
2025-12-11 19:17:15,047 [ERROR] LogOutputStream:75 - [STDERR_REDIRECT] [Fatal Error] :1:1: Premature end of file.
2025-12-11 19:17:15,047 [ERROR] LogOutputStream:75 - [STDERR_REDIRECT] 
2025-12-11 19:17:15,085 [ERROR] LogOutputStream:75 - [STDERR_REDIRECT] [Fatal Error] :1:1: Premature end of file.
2025-12-11 19:17:15,085 [ERROR] LogOutputStream:75 - [STDERR_REDIRECT] 
2025-12-11 19:17:15,126 [ERROR] LogOutputStream:75 - [STDERR_REDIRECT] [Fatal Error] :1:1: Premature end of file.
2025-12-11 19:17:15,126 [ERROR] LogOutputStream:75 - [STDERR_REDIRECT] 
2025-12-11 19:17:15,175 [ERROR] LogOutputStream:75 - [STDERR_REDIRECT] [Fatal Error] :1:1: Premature end of file.
2025-12-11 19:17:15,234 [ERROR] LogOutputStream:75 - [STDERR_REDIRECT] 
2025-12-11 19:17:15,274 [ERROR] LogOutputStream:75 - [STDERR_REDIRECT] [Fatal Error] :1:1: Premature end of file.
2025-12-11 19:17:15,274 [ERROR] LogOutputStream:75 - [STDERR_REDIRECT] 
2025-12-11 19:17:15,320 [ERROR] LogOutputStream:75 - [STDERR_REDIRECT] [Fatal Error] :1:1: Premature end of file.
2025-12-11 19:17:15,320 [ERROR] LogOutputStream:75 - [STDERR_REDIRECT] 
2025-12-11 19:17:15,356 [ERROR] LogOutputStream:75 - [STDERR_REDIRECT] [Fatal Error] :1:1: Premature end of file.
2025-12-11 19:17:15,356 [ERROR] LogOutputStream:75 - [STDERR_REDIRECT] 
2025-12-11 19:17:15,404 [ERROR] LogOutputStream:75 - [STDERR_REDIRECT] [Fatal Error] :1:1: Premature end of file.
2025-12-11 19:17:15,404 [ERROR] LogOutputStream:75 - [STDERR_REDIRECT] 
2025-12-11 19:17:15,445 [ERROR] LogOutputStream:75 - [STDERR_REDIRECT] [Fatal Error] :1:1: Premature end of file.
2025-12-11 19:17:15,445 [ERROR] LogOutputStream:75 - [STDERR_REDIRECT] 
2025-12-11 19:17:15,494 [ERROR] LogOutputStream:75 - [STDERR_REDIRECT] [Fatal Error] :1:1: Premature end of file.
2025-12-11 19:17:15,497 [ERROR] LogOutputStream:75 - [STDERR_REDIRECT] 
2025-12-11 19:17:15,541 [ERROR] LogOutputStream:75 - [STDERR_REDIRECT] [Fatal Error] :1:1: Premature end of file.
2025-12-11 19:17:15,541 [ERROR] LogOutputStream:75 - [STDERR_REDIRECT] 
2025-12-11 19:17:15,585 [ERROR] LogOutputStream:75 - [STDERR_REDIRECT] [Fatal Error] :1:1: Premature end of file.
2025-12-11 19:17:15,585 [ERROR] LogOutputStream:75 - [STDERR_REDIRECT] 
2025-12-11 19:17:15,627 [ERROR] LogOutputStream:75 - [STDERR_REDIRECT] [Fatal Error] :1:1: Premature end of file.
2025-12-11 19:17:15,627 [ERROR] LogOutputStream:75 - [STDERR_REDIRECT] 
2025-12-11 19:17:15,670 [ERROR] LogOutputStream:75 - [STDERR_REDIRECT] [Fatal Error] :1:1: Premature end of file.
2025-12-11 19:17:15,670 [ERROR] LogOutputStream:75 - [STDERR_REDIRECT] 
2025-12-11 19:17:15,715 [ERROR] LogOutputStream:75 - [STDERR_REDIRECT] [Fatal Error] :1:1: Premature end of file.
2025-12-11 19:17:15,715 [ERROR] LogOutputStream:75 - [STDERR_REDIRECT] 
2025-12-11 19:17:15,764 [ERROR] LogOutputStream:75 - [STDERR_REDIRECT] [Fatal Error] :1:1: Premature end of file.
2025-12-11 19:17:15,764 [ERROR] LogOutputStream:75 - [STDERR_REDIRECT] 
2025-12-11 19:17:15,814 [ERROR] LogOutputStream:75 - [STDERR_REDIRECT] [Fatal Error] :1:1: Premature end of file.
2025-12-11 19:17:15,817 [ERROR] LogOutputStream:75 - [STDERR_REDIRECT] 
2025-12-11 19:17:15,861 [ERROR] LogOutputStream:75 - [STDERR_REDIRECT] [Fatal Error] :1:1: Premature end of file.
2025-12-11 19:17:15,861 [ERROR] LogOutputStream:75 - [STDERR_REDIRECT] 
2025-12-11 19:17:15,903 [ERROR] LogOutputStream:75 - [STDERR_REDIRECT] [Fatal Error] :1:1: Premature end of file.
2025-12-11 19:17:15,903 [ERROR] LogOutputStream:75 - [STDERR_REDIRECT] 
2025-12-11 19:17:15,950 [ERROR] LogOutputStream:75 - [STDERR_REDIRECT] [Fatal Error] :1:1: Premature end of file.
2025-12-11 19:17:15,950 [ERROR] LogOutputStream:75 - [STDERR_REDIRECT] 
2025-12-11 19:17:15,991 [ERROR] LogOutputStream:75 - [STDERR_REDIRECT] [Fatal Error] :1:1: Premature end of file.
2025-12-11 19:17:15,993 [ERROR] LogOutputStream:75 - [STDERR_REDIRECT] 
2025-12-11 19:17:16,035 [ERROR] LogOutputStream:75 - [STDERR_REDIRECT] [Fatal Error] :1:1: Premature end of file.
2025-12-11 19:17:16,035 [ERROR] LogOutputStream:75 - [STDERR_REDIRECT] 
2025-12-11 19:17:16,077 [ERROR] LogOutputStream:75 - [STDERR_REDIRECT] [Fatal Error] :1:1: Premature end of file.
2025-12-11 19:17:16,077 [ERROR] LogOutputStream:75 - [STDERR_REDIRECT] 
2025-12-11 19:17:16,181 [ERROR] LogOutputStream:75 - [STDERR_REDIRECT] [Fatal Error] :1:1: Premature end of file.
2025-12-11 19:17:16,181 [ERROR] LogOutputStream:75 - [STDERR_REDIRECT] 
2025-12-11 19:17:16,221 [ERROR] LogOutputStream:75 - [STDERR_REDIRECT] [Fatal Error] :1:1: Premature end of file.
2025-12-11 19:17:16,221 [ERROR] LogOutputStream:75 - [STDERR_REDIRECT] 
2025-12-11 19:17:16,268 [ERROR] LogOutputStream:75 - [STDERR_REDIRECT] [Fatal Error] :1:1: Premature end of file.
2025-12-11 19:17:16,268 [ERROR] LogOutputStream:75 - [STDERR_REDIRECT] 
2025-12-11 19:17:16,313 [ERROR] LogOutputStream:75 - [STDERR_REDIRECT] [Fatal Error] :1:1: Premature end of file.
2025-12-11 19:17:16,313 [ERROR] LogOutputStream:75 - [STDERR_REDIRECT] 
2025-12-11 19:17:16,354 [ERROR] LogOutputStream:75 - [STDERR_REDIRECT] [Fatal Error] :1:1: Premature end of file.
2025-12-11 19:17:16,354 [ERROR] LogOutputStream:75 - [STDERR_REDIRECT] 
2025-12-11 19:17:16,398 [ERROR] LogOutputStream:75 - [STDERR_REDIRECT] [Fatal Error] :1:1: Premature end of file.
2025-12-11 19:17:16,398 [ERROR] LogOutputStream:75 - [STDERR_REDIRECT] 
2025-12-11 19:17:16,437 [ERROR] LogOutputStream:75 - [STDERR_REDIRECT] [Fatal Error] :1:1: Premature end of file.
2025-12-11 19:17:16,437 [ERROR] LogOutputStream:75 - [STDERR_REDIRECT] 
2025-12-11 19:17:16,485 [ERROR] LogOutputStream:75 - [STDERR_REDIRECT] [Fatal Error] :1:1: Premature end of file.
2025-12-11 19:17:16,485 [ERROR] LogOutputStream:75 - [STDERR_REDIRECT] 
2025-12-11 19:17:16,527 [ERROR] LogOutputStream:75 - [STDERR_REDIRECT] [Fatal Error] :1:1: Premature end of file.
2025-12-11 19:17:16,527 [ERROR] LogOutputStream:75 - [STDERR_REDIRECT] 
2025-12-11 19:17:16,572 [ERROR] LogOutputStream:75 - [STDERR_REDIRECT] [Fatal Error] :1:1: Premature end of file.
2025-12-11 19:17:16,575 [ERROR] LogOutputStream:75 - [STDERR_REDIRECT] 
2025-12-11 19:17:16,618 [ERROR] LogOutputStream:75 - [STDERR_REDIRECT] [Fatal Error] :1:1: Premature end of file.
2025-12-11 19:17:16,618 [ERROR] LogOutputStream:75 - [STDERR_REDIRECT] 
2025-12-11 19:17:16,658 [ERROR] LogOutputStream:75 - [STDERR_REDIRECT] [Fatal Error] :1:1: Premature end of file.
2025-12-11 19:17:16,658 [ERROR] LogOutputStream:75 - [STDERR_REDIRECT] 
2025-12-11 19:17:16,700 [ERROR] LogOutputStream:75 - [STDERR_REDIRECT] [Fatal Error] :1:1: Premature end of file.
2025-12-11 19:17:16,700 [ERROR] LogOutputStream:75 - [STDERR_REDIRECT] 
2025-12-11 19:17:16,741 [ERROR] LogOutputStream:75 - [STDERR_REDIRECT] [Fatal Error] :1:1: Premature end of file.
2025-12-11 19:17:16,741 [ERROR] LogOutputStream:75 - [STDERR_REDIRECT] 
2025-12-11 19:17:16,782 [ERROR] LogOutputStream:75 - [STDERR_REDIRECT] [Fatal Error] :1:1: Premature end of file.
2025-12-11 19:17:16,782 [ERROR] LogOutputStream:75 - [STDERR_REDIRECT] 
2025-12-11 19:17:16,825 [ERROR] LogOutputStream:75 - [STDERR_REDIRECT] [Fatal Error] :1:1: Premature end of file.
2025-12-11 19:17:16,825 [ERROR] LogOutputStream:75 - [STDERR_REDIRECT] 
2025-12-11 19:17:16,869 [ERROR] LogOutputStream:75 - [STDERR_REDIRECT] [Fatal Error] :1:1: Premature end of file.
2025-12-11 19:17:16,869 [ERROR] LogOutputStream:75 - [STDERR_REDIRECT] 
2025-12-11 19:17:16,917 [ERROR] LogOutputStream:75 - [STDERR_REDIRECT] [Fatal Error] :1:1: Premature end of file.
2025-12-11 19:17:16,917 [ERROR] LogOutputStream:75 - [STDERR_REDIRECT] 
2025-12-11 19:17:16,965 [ERROR] LogOutputStream:75 - [STDERR_REDIRECT] [Fatal Error] :1:1: Premature end of file.
2025-12-11 19:17:16,965 [ERROR] LogOutputStream:75 - [STDERR_REDIRECT] 
2025-12-11 19:17:17,020 [ERROR] LogOutputStream:75 - [STDERR_REDIRECT] [Fatal Error] :1:1: Premature end of file.
2025-12-11 19:17:17,020 [ERROR] LogOutputStream:75 - [STDERR_REDIRECT] 
2025-12-11 19:17:17,068 [ERROR] LogOutputStream:75 - [STDERR_REDIRECT] [Fatal Error] :1:1: Premature end of file.
2025-12-11 19:17:17,068 [ERROR] LogOutputStream:75 - [STDERR_REDIRECT] 
2025-12-11 19:17:17,110 [ERROR] LogOutputStream:75 - [STDERR_REDIRECT] [Fatal Error] :1:1: Premature end of file.
2025-12-11 19:17:17,110 [ERROR] LogOutputStream:75 - [STDERR_REDIRECT] 
2025-12-11 19:17:17,151 [ERROR] LogOutputStream:75 - [STDERR_REDIRECT] [Fatal Error] :1:1: Premature end of file.
2025-12-11 19:17:17,151 [ERROR] LogOutputStream:75 - [STDERR_REDIRECT] 
2025-12-11 19:17:17,198 [ERROR] LogOutputStream:75 - [STDERR_REDIRECT] [Fatal Error] :1:1: Premature end of file.
2025-12-11 19:17:17,238 [ERROR] LogOutputStream:75 - [STDERR_REDIRECT] 
2025-12-11 19:17:17,278 [ERROR] LogOutputStream:75 - [STDERR_REDIRECT] [Fatal Error] :1:1: Premature end of file.
2025-12-11 19:17:17,278 [ERROR] LogOutputStream:75 - [STDERR_REDIRECT] 
2025-12-11 19:17:17,327 [ERROR] LogOutputStream:75 - [STDERR_REDIRECT] [Fatal Error] :1:1: Premature end of file.
2025-12-11 19:17:17,327 [ERROR] LogOutputStream:75 - [STDERR_REDIRECT] 
2025-12-11 19:17:17,368 [ERROR] LogOutputStream:75 - [STDERR_REDIRECT] [Fatal Error] :1:1: Premature end of file.
2025-12-11 19:17:17,368 [ERROR] LogOutputStream:75 - [STDERR_REDIRECT] 
2025-12-11 19:17:17,409 [ERROR] LogOutputStream:75 - [STDERR_REDIRECT] [Fatal Error] :1:1: Premature end of file.
2025-12-11 19:17:17,409 [ERROR] LogOutputStream:75 - [STDERR_REDIRECT] 
2025-12-11 19:17:17,457 [ERROR] LogOutputStream:75 - [STDERR_REDIRECT] [Fatal Error] :1:1: Premature end of file.
2025-12-11 19:17:17,457 [ERROR] LogOutputStream:75 - [STDERR_REDIRECT] 
2025-12-11 19:17:17,499 [ERROR] LogOutputStream:75 - [STDERR_REDIRECT] [Fatal Error] :1:1: Premature end of file.
2025-12-11 19:17:17,499 [ERROR] LogOutputStream:75 - [STDERR_REDIRECT] 
2025-12-11 19:17:17,540 [ERROR] LogOutputStream:75 - [STDERR_REDIRECT] [Fatal Error] :1:1: Premature end of file.
2025-12-11 19:17:17,540 [ERROR] LogOutputStream:75 - [STDERR_REDIRECT] 
2025-12-11 19:17:17,590 [ERROR] LogOutputStream:75 - [STDERR_REDIRECT] [Fatal Error] :1:1: Premature end of file.
2025-12-11 19:17:17,590 [ERROR] LogOutputStream:75 - [STDERR_REDIRECT] 
2025-12-11 19:17:17,631 [ERROR] LogOutputStream:75 - [STDERR_REDIRECT] [Fatal Error] :1:1: Premature end of file.
2025-12-11 19:17:17,631 [ERROR] LogOutputStream:75 - [STDERR_REDIRECT] 
2025-12-11 19:17:17,673 [ERROR] LogOutputStream:75 - [STDERR_REDIRECT] [Fatal Error] :1:1: Premature end of file.
2025-12-11 19:17:17,673 [ERROR] LogOutputStream:75 - [STDERR_REDIRECT] 
2025-12-11 19:17:17,720 [ERROR] LogOutputStream:75 - [STDERR_REDIRECT] [Fatal Error] :1:1: Premature end of file.
2025-12-11 19:17:17,720 [ERROR] LogOutputStream:75 - [STDERR_REDIRECT] 
2025-12-11 19:17:17,762 [ERROR] LogOutputStream:75 - [STDERR_REDIRECT] [Fatal Error] :1:1: Premature end of file.
2025-12-11 19:17:17,762 [ERROR] LogOutputStream:75 - [STDERR_REDIRECT] 
2025-12-11 19:17:17,804 [ERROR] LogOutputStream:75 - [STDERR_REDIRECT] [Fatal Error] :1:1: Premature end of file.
2025-12-11 19:17:17,804 [ERROR] LogOutputStream:75 - [STDERR_REDIRECT] 
2025-12-11 19:17:17,845 [ERROR] LogOutputStream:75 - [STDERR_REDIRECT] [Fatal Error] :1:1: Premature end of file.
2025-12-11 19:17:17,845 [ERROR] LogOutputStream:75 - [STDERR_REDIRECT] 
2025-12-11 19:17:17,890 [ERROR] LogOutputStream:75 - [STDERR_REDIRECT] [Fatal Error] :1:1: Premature end of file.
2025-12-11 19:17:17,890 [ERROR] LogOutputStream:75 - [STDERR_REDIRECT] 
2025-12-11 19:17:17,927 [ERROR] LogOutputStream:75 - [STDERR_REDIRECT] [Fatal Error] :1:1: Premature end of file.
2025-12-11 19:17:17,927 [ERROR] LogOutputStream:75 - [STDERR_REDIRECT] 
2025-12-11 19:17:17,969 [ERROR] LogOutputStream:75 - [STDERR_REDIRECT] [Fatal Error] :1:1: Premature end of file.
2025-12-11 19:17:17,969 [ERROR] LogOutputStream:75 - [STDERR_REDIRECT] 
2025-12-11 19:17:18,017 [ERROR] LogOutputStream:75 - [STDERR_REDIRECT] [Fatal Error] :1:1: Premature end of file.
2025-12-11 19:17:18,017 [ERROR] LogOutputStream:75 - [STDERR_REDIRECT] 
2025-12-11 19:17:18,060 [ERROR] LogOutputStream:75 - [STDERR_REDIRECT] [Fatal Error] :1:1: Premature end of file.
2025-12-11 19:17:18,060 [ERROR] LogOutputStream:75 - [STDERR_REDIRECT] 
2025-12-11 19:17:18,106 [ERROR] LogOutputStream:75 - [STDERR_REDIRECT] [Fatal Error] :1:1: Premature end of file.
2025-12-11 19:17:18,106 [ERROR] LogOutputStream:75 - [STDERR_REDIRECT] 
2025-12-11 19:17:18,148 [ERROR] LogOutputStream:75 - [STDERR_REDIRECT] [Fatal Error] :1:1: Premature end of file.
2025-12-11 19:17:18,148 [ERROR] LogOutputStream:75 - [STDERR_REDIRECT] 
2025-12-11 19:17:18,198 [ERROR] LogOutputStream:75 - [STDERR_REDIRECT] [Fatal Error] :1:1: Premature end of file.
2025-12-11 19:17:18,198 [ERROR] LogOutputStream:75 - [STDERR_REDIRECT] 
2025-12-11 19:17:18,241 [ERROR] LogOutputStream:75 - [STDERR_REDIRECT] [Fatal Error] :1:1: Premature end of file.
2025-12-11 19:17:18,241 [ERROR] LogOutputStream:75 - [STDERR_REDIRECT] 
2025-12-11 19:17:18,287 [ERROR] LogOutputStream:75 - [STDERR_REDIRECT] [Fatal Error] :1:1: Premature end of file.
2025-12-11 19:17:18,287 [ERROR] LogOutputStream:75 - [STDERR_REDIRECT] 
2025-12-11 19:17:18,331 [ERROR] LogOutputStream:75 - [STDERR_REDIRECT] [Fatal Error] :1:1: Premature end of file.
2025-12-11 19:17:18,331 [ERROR] LogOutputStream:75 - [STDERR_REDIRECT] 
2025-12-11 19:17:18,371 [ERROR] LogOutputStream:75 - [STDERR_REDIRECT] [Fatal Error] :1:1: Premature end of file.
2025-12-11 19:17:18,371 [ERROR] LogOutputStream:75 - [STDERR_REDIRECT] 
2025-12-11 19:17:18,419 [ERROR] LogOutputStream:75 - [STDERR_REDIRECT] [Fatal Error] :1:1: Premature end of file.
2025-12-11 19:17:18,419 [ERROR] LogOutputStream:75 - [STDERR_REDIRECT] 
2025-12-11 19:17:18,460 [ERROR] LogOutputStream:75 - [STDERR_REDIRECT] [Fatal Error] :1:1: Premature end of file.
2025-12-11 19:17:18,460 [ERROR] LogOutputStream:75 - [STDERR_REDIRECT] 
2025-12-11 19:17:18,499 [ERROR] LogOutputStream:75 - [STDERR_REDIRECT] [Fatal Error] :1:1: Premature end of file.
2025-12-11 19:17:18,499 [ERROR] LogOutputStream:75 - [STDERR_REDIRECT] 
2025-12-11 19:17:18,541 [ERROR] LogOutputStream:75 - [STDERR_REDIRECT] [Fatal Error] :1:1: Premature end of file.
2025-12-11 19:17:18,541 [ERROR] LogOutputStream:75 - [STDERR_REDIRECT] 
2025-12-11 19:17:18,587 [ERROR] LogOutputStream:75 - [STDERR_REDIRECT] [Fatal Error] :1:1: Premature end of file.
2025-12-11 19:17:18,587 [ERROR] LogOutputStream:75 - [STDERR_REDIRECT] 
2025-12-11 19:17:18,629 [ERROR] LogOutputStream:75 - [STDERR_REDIRECT] [Fatal Error] :1:1: Premature end of file.
2025-12-11 19:17:18,629 [ERROR] LogOutputStream:75 - [STDERR_REDIRECT] 
2025-12-11 19:17:18,671 [ERROR] LogOutputStream:75 - [STDERR_REDIRECT] [Fatal Error] :1:1: Premature end of file.
2025-12-11 19:17:18,671 [ERROR] LogOutputStream:75 - [STDERR_REDIRECT] 
2025-12-11 19:17:18,712 [ERROR] LogOutputStream:75 - [STDERR_REDIRECT] [Fatal Error] :1:1: Premature end of file.
2025-12-11 19:17:18,712 [ERROR] LogOutputStream:75 - [STDERR_REDIRECT] 
2025-12-11 19:17:18,756 [ERROR] LogOutputStream:75 - [STDERR_REDIRECT] [Fatal Error] :1:1: Premature end of file.
2025-12-11 19:17:18,756 [ERROR] LogOutputStream:75 - [STDERR_REDIRECT] 
2025-12-11 19:17:18,798 [ERROR] LogOutputStream:75 - [STDERR_REDIRECT] [Fatal Error] :1:1: Premature end of file.
2025-12-11 19:17:18,798 [ERROR] LogOutputStream:75 - [STDERR_REDIRECT] 
2025-12-11 19:17:18,840 [ERROR] LogOutputStream:75 - [STDERR_REDIRECT] [Fatal Error] :1:1: Premature end of file.
2025-12-11 19:17:18,840 [ERROR] LogOutputStream:75 - [STDERR_REDIRECT] 
2025-12-11 19:17:18,884 [ERROR] LogOutputStream:75 - [STDERR_REDIRECT] [Fatal Error] :1:1: Premature end of file.
2025-12-11 19:17:18,884 [ERROR] LogOutputStream:75 - [STDERR_REDIRECT] 
2025-12-11 19:17:18,925 [ERROR] LogOutputStream:75 - [STDERR_REDIRECT] [Fatal Error] :1:1: Premature end of file.
2025-12-11 19:17:18,925 [ERROR] LogOutputStream:75 - [STDERR_REDIRECT] 
2025-12-11 19:17:18,966 [ERROR] LogOutputStream:75 - [STDERR_REDIRECT] [Fatal Error] :1:1: Premature end of file.
2025-12-11 19:17:18,966 [ERROR] LogOutputStream:75 - [STDERR_REDIRECT] 
2025-12-11 19:17:19,007 [ERROR] LogOutputStream:75 - [STDERR_REDIRECT] [Fatal Error] :1:1: Premature end of file.
2025-12-11 19:17:19,007 [ERROR] LogOutputStream:75 - [STDERR_REDIRECT] 
2025-12-11 19:17:19,053 [ERROR] LogOutputStream:75 - [STDERR_REDIRECT] [Fatal Error] :1:1: Premature end of file.
2025-12-11 19:17:19,053 [ERROR] LogOutputStream:75 - [STDERR_REDIRECT] 
2025-12-11 19:17:19,098 [ERROR] LogOutputStream:75 - [STDERR_REDIRECT] [Fatal Error] :1:1: Premature end of file.
2025-12-11 19:17:19,098 [ERROR] LogOutputStream:75 - [STDERR_REDIRECT] 
2025-12-11 19:17:19,144 [ERROR] LogOutputStream:75 - [STDERR_REDIRECT] [Fatal Error] :1:1: Premature end of file.
2025-12-11 19:17:19,144 [ERROR] LogOutputStream:75 - [STDERR_REDIRECT] 
2025-12-11 19:17:19,187 [ERROR] LogOutputStream:75 - [STDERR_REDIRECT] [Fatal Error] :1:1: Premature end of file.
2025-12-11 19:17:19,187 [ERROR] LogOutputStream:75 - [STDERR_REDIRECT] 
2025-12-11 19:17:19,228 [ERROR] LogOutputStream:75 - [STDERR_REDIRECT] [Fatal Error] :1:1: Premature end of file.
2025-12-11 19:17:19,253 [ERROR] LogOutputStream:75 - [STDERR_REDIRECT] 
2025-12-11 19:17:19,299 [ERROR] LogOutputStream:75 - [STDERR_REDIRECT] [Fatal Error] :1:1: Premature end of file.
2025-12-11 19:17:19,299 [ERROR] LogOutputStream:75 - [STDERR_REDIRECT] 
2025-12-11 19:17:19,346 [ERROR] LogOutputStream:75 - [STDERR_REDIRECT] [Fatal Error] :1:1: Premature end of file.
2025-12-11 19:17:19,346 [ERROR] LogOutputStream:75 - [STDERR_REDIRECT] 
2025-12-11 19:17:19,393 [ERROR] LogOutputStream:75 - [STDERR_REDIRECT] [Fatal Error] :1:1: Premature end of file.
2025-12-11 19:17:19,393 [ERROR] LogOutputStream:75 - [STDERR_REDIRECT] 
2025-12-11 19:17:19,437 [ERROR] LogOutputStream:75 - [STDERR_REDIRECT] [Fatal Error] :1:1: Premature end of file.
2025-12-11 19:17:19,438 [ERROR] LogOutputStream:75 - [STDERR_REDIRECT] 
2025-12-11 19:17:19,476 [ERROR] LogOutputStream:75 - [STDERR_REDIRECT] [Fatal Error] :1:1: Premature end of file.
2025-12-11 19:17:19,476 [ERROR] LogOutputStream:75 - [STDERR_REDIRECT] 
2025-12-11 19:17:19,525 [ERROR] LogOutputStream:75 - [STDERR_REDIRECT] [Fatal Error] :1:1: Premature end of file.
2025-12-11 19:17:19,525 [ERROR] LogOutputStream:75 - [STDERR_REDIRECT] 
2025-12-11 19:17:19,566 [ERROR] LogOutputStream:75 - [STDERR_REDIRECT] [Fatal Error] :1:1: Premature end of file.
2025-12-11 19:17:19,566 [ERROR] LogOutputStream:75 - [STDERR_REDIRECT] 
2025-12-11 19:17:19,608 [ERROR] LogOutputStream:75 - [STDERR_REDIRECT] [Fatal Error] :1:1: Premature end of file.
2025-12-11 19:17:19,608 [ERROR] LogOutputStream:75 - [STDERR_REDIRECT] 
2025-12-11 19:17:19,654 [ERROR] LogOutputStream:75 - [STDERR_REDIRECT] [Fatal Error] :1:1: Premature end of file.
2025-12-11 19:17:19,654 [ERROR] LogOutputStream:75 - [STDERR_REDIRECT] 
2025-12-11 19:17:19,688 [ERROR] LogOutputStream:75 - [STDERR_REDIRECT] [Fatal Error] :1:1: Premature end of file.
2025-12-11 19:17:19,688 [ERROR] LogOutputStream:75 - [STDERR_REDIRECT] 
2025-12-11 19:17:19,738 [ERROR] LogOutputStream:75 - [STDERR_REDIRECT] [Fatal Error] :1:1: Premature end of file.
2025-12-11 19:17:19,738 [ERROR] LogOutputStream:75 - [STDERR_REDIRECT] 
2025-12-11 19:17:19,779 [ERROR] LogOutputStream:75 - [STDERR_REDIRECT] [Fatal Error] :1:1: Premature end of file.
2025-12-11 19:17:19,779 [ERROR] LogOutputStream:75 - [STDERR_REDIRECT] 
2025-12-11 19:17:19,822 [ERROR] LogOutputStream:75 - [STDERR_REDIRECT] [Fatal Error] :1:1: Premature end of file.
2025-12-11 19:17:19,822 [ERROR] LogOutputStream:75 - [STDERR_REDIRECT] 
2025-12-11 19:17:19,866 [ERROR] LogOutputStream:75 - [STDERR_REDIRECT] [Fatal Error] :1:1: Premature end of file.
2025-12-11 19:17:19,866 [ERROR] LogOutputStream:75 - [STDERR_REDIRECT] 
2025-12-11 19:17:19,908 [ERROR] LogOutputStream:75 - [STDERR_REDIRECT] [Fatal Error] :1:1: Premature end of file.
2025-12-11 19:17:19,908 [ERROR] LogOutputStream:75 - [STDERR_REDIRECT] 
2025-12-11 19:17:19,949 [ERROR] LogOutputStream:75 - [STDERR_REDIRECT] [Fatal Error] :1:1: Premature end of file.
2025-12-11 19:17:19,949 [ERROR] LogOutputStream:75 - [STDERR_REDIRECT] 
2025-12-11 19:17:19,991 [ERROR] LogOutputStream:75 - [STDERR_REDIRECT] [Fatal Error] :1:1: Premature end of file.
2025-12-11 19:17:19,991 [ERROR] LogOutputStream:75 - [STDERR_REDIRECT] 
2025-12-11 19:17:20,034 [ERROR] LogOutputStream:75 - [STDERR_REDIRECT] [Fatal Error] :1:1: Premature end of file.
2025-12-11 19:17:20,034 [ERROR] LogOutputStream:75 - [STDERR_REDIRECT] 
2025-12-11 19:17:20,123 [ERROR] LogOutputStream:75 - [STDERR_REDIRECT] [Fatal Error] :1:1: Premature end of file.
2025-12-11 19:17:20,123 [ERROR] LogOutputStream:75 - [STDERR_REDIRECT] 
2025-12-11 19:17:20,164 [ERROR] LogOutputStream:75 - [STDERR_REDIRECT] [Fatal Error] :1:1: Premature end of file.
2025-12-11 19:17:20,164 [ERROR] LogOutputStream:75 - [STDERR_REDIRECT] 
2025-12-11 19:17:20,205 [ERROR] LogOutputStream:75 - [STDERR_REDIRECT] [Fatal Error] :1:1: Premature end of file.
2025-12-11 19:17:20,205 [ERROR] LogOutputStream:75 - [STDERR_REDIRECT] 
2025-12-11 19:17:20,254 [ERROR] LogOutputStream:75 - [STDERR_REDIRECT] [Fatal Error] :1:1: Premature end of file.
2025-12-11 19:17:20,254 [ERROR] LogOutputStream:75 - [STDERR_REDIRECT] 
2025-12-11 19:17:20,297 [ERROR] LogOutputStream:75 - [STDERR_REDIRECT] [Fatal Error] :1:1: Premature end of file.
2025-12-11 19:17:20,297 [ERROR] LogOutputStream:75 - [STDERR_REDIRECT] 
2025-12-11 19:17:20,336 [ERROR] LogOutputStream:75 - [STDERR_REDIRECT] [Fatal Error] :1:1: Premature end of file.
2025-12-11 19:17:20,336 [ERROR] LogOutputStream:75 - [STDERR_REDIRECT] 
2025-12-11 19:17:20,385 [ERROR] LogOutputStream:75 - [STDERR_REDIRECT] [Fatal Error] :1:1: Premature end of file.
2025-12-11 19:17:20,385 [ERROR] LogOutputStream:75 - [STDERR_REDIRECT] 
2025-12-11 19:17:20,429 [ERROR] LogOutputStream:75 - [STDERR_REDIRECT] [Fatal Error] :1:1: Premature end of file.
2025-12-11 19:17:20,429 [ERROR] LogOutputStream:75 - [STDERR_REDIRECT] 
2025-12-11 19:17:20,475 [ERROR] LogOutputStream:75 - [STDERR_REDIRECT] [Fatal Error] :1:1: Premature end of file.
2025-12-11 19:17:20,475 [ERROR] LogOutputStream:75 - [STDERR_REDIRECT] 
2025-12-11 19:17:20,520 [ERROR] LogOutputStream:75 - [STDERR_REDIRECT] [Fatal Error] :1:1: Premature end of file.
2025-12-11 19:17:20,520 [ERROR] LogOutputStream:75 - [STDERR_REDIRECT] 
2025-12-11 19:17:20,567 [ERROR] LogOutputStream:75 - [STDERR_REDIRECT] [Fatal Error] :1:1: Premature end of file.
2025-12-11 19:17:20,570 [ERROR] LogOutputStream:75 - [STDERR_REDIRECT] 
2025-12-11 19:17:20,616 [ERROR] LogOutputStream:75 - [STDERR_REDIRECT] [Fatal Error] :1:1: Premature end of file.
2025-12-11 19:17:20,616 [ERROR] LogOutputStream:75 - [STDERR_REDIRECT] 
2025-12-11 19:17:20,654 [ERROR] LogOutputStream:75 - [STDERR_REDIRECT] [Fatal Error] :1:1: Premature end of file.
2025-12-11 19:17:20,654 [ERROR] LogOutputStream:75 - [STDERR_REDIRECT] 
2025-12-11 19:17:20,695 [ERROR] LogOutputStream:75 - [STDERR_REDIRECT] [Fatal Error] :1:1: Premature end of file.
2025-12-11 19:17:20,695 [ERROR] LogOutputStream:75 - [STDERR_REDIRECT] 
2025-12-11 19:17:20,744 [ERROR] LogOutputStream:75 - [STDERR_REDIRECT] [Fatal Error] :1:1: Premature end of file.
2025-12-11 19:17:20,744 [ERROR] LogOutputStream:75 - [STDERR_REDIRECT] 
2025-12-11 19:17:20,785 [ERROR] LogOutputStream:75 - [STDERR_REDIRECT] [Fatal Error] :1:1: Premature end of file.
2025-12-11 19:17:20,785 [ERROR] LogOutputStream:75 - [STDERR_REDIRECT] 
2025-12-11 19:17:20,828 [ERROR] LogOutputStream:75 - [STDERR_REDIRECT] [Fatal Error] :1:1: Premature end of file.
2025-12-11 19:17:20,828 [ERROR] LogOutputStream:75 - [STDERR_REDIRECT] 
2025-12-11 19:17:20,867 [ERROR] LogOutputStream:75 - [STDERR_REDIRECT] [Fatal Error] :1:1: Premature end of file.
2025-12-11 19:17:20,867 [ERROR] LogOutputStream:75 - [STDERR_REDIRECT] 
2025-12-11 19:17:20,908 [ERROR] LogOutputStream:75 - [STDERR_REDIRECT] [Fatal Error] :1:1: Premature end of file.
2025-12-11 19:17:20,908 [ERROR] LogOutputStream:75 - [STDERR_REDIRECT] 
2025-12-11 19:17:20,958 [ERROR] LogOutputStream:75 - [STDERR_REDIRECT] [Fatal Error] :1:1: Premature end of file.
2025-12-11 19:17:20,958 [ERROR] LogOutputStream:75 - [STDERR_REDIRECT] 
2025-12-11 19:17:21,004 [ERROR] LogOutputStream:75 - [STDERR_REDIRECT] [Fatal Error] :1:1: Premature end of file.
2025-12-11 19:17:21,004 [ERROR] LogOutputStream:75 - [STDERR_REDIRECT] 
2025-12-11 19:17:21,046 [ERROR] LogOutputStream:75 - [STDERR_REDIRECT] [Fatal Error] :1:1: Premature end of file.
2025-12-11 19:17:21,046 [ERROR] LogOutputStream:75 - [STDERR_REDIRECT] 
2025-12-11 19:17:21,088 [ERROR] LogOutputStream:75 - [STDERR_REDIRECT] [Fatal Error] :1:1: Premature end of file.
2025-12-11 19:17:21,088 [ERROR] LogOutputStream:75 - [STDERR_REDIRECT] 
2025-12-11 19:17:21,130 [ERROR] LogOutputStream:75 - [STDERR_REDIRECT] [Fatal Error] :1:1: Premature end of file.
2025-12-11 19:17:21,130 [ERROR] LogOutputStream:75 - [STDERR_REDIRECT] 
2025-12-11 19:17:21,175 [ERROR] LogOutputStream:75 - [STDERR_REDIRECT] [Fatal Error] :1:1: Premature end of file.
2025-12-11 19:17:21,175 [ERROR] LogOutputStream:75 - [STDERR_REDIRECT] 
2025-12-11 19:17:21,214 [ERROR] LogOutputStream:75 - [STDERR_REDIRECT] [Fatal Error] :1:1: Premature end of file.
2025-12-11 19:17:21,214 [ERROR] LogOutputStream:75 - [STDERR_REDIRECT] 
2025-12-11 19:17:21,255 [ERROR] LogOutputStream:75 - [STDERR_REDIRECT] [Fatal Error] :1:1: Premature end of file.
2025-12-11 19:17:21,255 [ERROR] LogOutputStream:75 - [STDERR_REDIRECT] 
2025-12-11 19:17:21,303 [ERROR] LogOutputStream:75 - [STDERR_REDIRECT] [Fatal Error] :1:1: Premature end of file.
2025-12-11 19:17:21,303 [ERROR] LogOutputStream:75 - [STDERR_REDIRECT] 
2025-12-11 19:17:21,344 [ERROR] LogOutputStream:75 - [STDERR_REDIRECT] [Fatal Error] :1:1: Premature end of file.
2025-12-11 19:17:21,344 [ERROR] LogOutputStream:75 - [STDERR_REDIRECT] 
2025-12-11 19:17:21,385 [ERROR] LogOutputStream:75 - [STDERR_REDIRECT] [Fatal Error] :1:1: Premature end of file.
2025-12-11 19:17:21,385 [ERROR] LogOutputStream:75 - [STDERR_REDIRECT] 
2025-12-11 19:17:21,428 [ERROR] LogOutputStream:75 - [STDERR_REDIRECT] [Fatal Error] :1:1: Premature end of file.
2025-12-11 19:17:21,428 [ERROR] LogOutputStream:75 - [STDERR_REDIRECT] 
2025-12-11 19:17:21,473 [ERROR] LogOutputStream:75 - [STDERR_REDIRECT] [Fatal Error] :1:1: Premature end of file.
2025-12-11 19:17:21,473 [ERROR] LogOutputStream:75 - [STDERR_REDIRECT] 
2025-12-11 19:17:21,510 [ERROR] LogOutputStream:75 - [STDERR_REDIRECT] [Fatal Error] :1:1: Premature end of file.
2025-12-11 19:17:21,510 [ERROR] LogOutputStream:75 - [STDERR_REDIRECT] 
2025-12-11 19:17:21,556 [ERROR] LogOutputStream:75 - [STDERR_REDIRECT] [Fatal Error] :1:1: Premature end of file.
2025-12-11 19:17:21,556 [ERROR] LogOutputStream:75 - [STDERR_REDIRECT] 
2025-12-11 19:17:21,599 [ERROR] LogOutputStream:75 - [STDERR_REDIRECT] [Fatal Error] :1:1: Premature end of file.
2025-12-11 19:17:21,599 [ERROR] LogOutputStream:75 - [STDERR_REDIRECT] 
2025-12-11 19:17:21,642 [ERROR] LogOutputStream:75 - [STDERR_REDIRECT] [Fatal Error] :1:1: Premature end of file.
2025-12-11 19:17:21,642 [ERROR] LogOutputStream:75 - [STDERR_REDIRECT] 
2025-12-11 19:17:21,681 [ERROR] LogOutputStream:75 - [STDERR_REDIRECT] [Fatal Error] :1:1: Premature end of file.
2025-12-11 19:17:21,681 [ERROR] LogOutputStream:75 - [STDERR_REDIRECT] 
2025-12-11 19:17:21,725 [ERROR] LogOutputStream:75 - [STDERR_REDIRECT] [Fatal Error] :1:1: Premature end of file.
2025-12-11 19:17:21,725 [ERROR] LogOutputStream:75 - [STDERR_REDIRECT] 
2025-12-11 19:17:21,768 [ERROR] LogOutputStream:75 - [STDERR_REDIRECT] [Fatal Error] :1:1: Premature end of file.
2025-12-11 19:17:21,768 [ERROR] LogOutputStream:75 - [STDERR_REDIRECT] 
2025-12-11 19:17:21,805 [ERROR] LogOutputStream:75 - [STDERR_REDIRECT] [Fatal Error] :1:1: Premature end of file.
2025-12-11 19:17:21,805 [ERROR] LogOutputStream:75 - [STDERR_REDIRECT] 
2025-12-11 19:17:21,850 [ERROR] LogOutputStream:75 - [STDERR_REDIRECT] [Fatal Error] :1:1: Premature end of file.
2025-12-11 19:17:21,850 [ERROR] LogOutputStream:75 - [STDERR_REDIRECT] 
2025-12-11 19:17:21,895 [ERROR] LogOutputStream:75 - [STDERR_REDIRECT] [Fatal Error] :1:1: Premature end of file.
2025-12-11 19:17:21,895 [ERROR] LogOutputStream:75 - [STDERR_REDIRECT] 
2025-12-11 19:17:21,937 [ERROR] LogOutputStream:75 - [STDERR_REDIRECT] [Fatal Error] :1:1: Premature end of file.
2025-12-11 19:17:21,937 [ERROR] LogOutputStream:75 - [STDERR_REDIRECT] 
2025-12-11 19:17:21,987 [ERROR] LogOutputStream:75 - [STDERR_REDIRECT] [Fatal Error] :1:1: Premature end of file.
2025-12-11 19:17:21,987 [ERROR] LogOutputStream:75 - [STDERR_REDIRECT] 
2025-12-11 19:17:22,028 [ERROR] LogOutputStream:75 - [STDERR_REDIRECT] [Fatal Error] :1:1: Premature end of file.
2025-12-11 19:17:22,028 [ERROR] LogOutputStream:75 - [STDERR_REDIRECT] 
2025-12-11 19:17:22,077 [ERROR] LogOutputStream:75 - [STDERR_REDIRECT] [Fatal Error] :1:1: Premature end of file.
2025-12-11 19:17:22,077 [ERROR] LogOutputStream:75 - [STDERR_REDIRECT] 
2025-12-11 19:17:22,118 [ERROR] LogOutputStream:75 - [STDERR_REDIRECT] [Fatal Error] :1:1: Premature end of file.
2025-12-11 19:17:22,118 [ERROR] LogOutputStream:75 - [STDERR_REDIRECT] 
2025-12-11 19:17:22,158 [ERROR] LogOutputStream:75 - [STDERR_REDIRECT] [Fatal Error] :1:1: Premature end of file.
2025-12-11 19:17:22,158 [ERROR] LogOutputStream:75 - [STDERR_REDIRECT] 
2025-12-11 19:17:22,200 [ERROR] LogOutputStream:75 - [STDERR_REDIRECT] [Fatal Error] :1:1: Premature end of file.
2025-12-11 19:17:22,200 [ERROR] LogOutputStream:75 - [STDERR_REDIRECT] 
2025-12-11 19:17:22,249 [ERROR] LogOutputStream:75 - [STDERR_REDIRECT] [Fatal Error] :1:1: Premature end of file.
2025-12-11 19:17:22,249 [ERROR] LogOutputStream:75 - [STDERR_REDIRECT] 
2025-12-11 19:17:22,291 [ERROR] LogOutputStream:75 - [STDERR_REDIRECT] [Fatal Error] :1:1: Premature end of file.
2025-12-11 19:17:22,291 [ERROR] LogOutputStream:75 - [STDERR_REDIRECT] 
2025-12-11 19:17:22,332 [ERROR] LogOutputStream:75 - [STDERR_REDIRECT] [Fatal Error] :1:1: Premature end of file.
2025-12-11 19:17:22,332 [ERROR] LogOutputStream:75 - [STDERR_REDIRECT] 
2025-12-11 19:17:22,385 [ERROR] LogOutputStream:75 - [STDERR_REDIRECT] [Fatal Error] :1:1: Premature end of file.
2025-12-11 19:17:22,385 [ERROR] LogOutputStream:75 - [STDERR_REDIRECT] 
2025-12-11 19:17:22,428 [ERROR] LogOutputStream:75 - [STDERR_REDIRECT] [Fatal Error] :1:1: Premature end of file.
2025-12-11 19:17:22,428 [ERROR] LogOutputStream:75 - [STDERR_REDIRECT] 
2025-12-11 19:17:22,470 [ERROR] LogOutputStream:75 - [STDERR_REDIRECT] [Fatal Error] :1:1: Premature end of file.
2025-12-11 19:17:22,470 [ERROR] LogOutputStream:75 - [STDERR_REDIRECT] 
2025-12-11 19:17:22,511 [ERROR] LogOutputStream:75 - [STDERR_REDIRECT] [Fatal Error] :1:1: Premature end of file.
2025-12-11 19:17:22,511 [ERROR] LogOutputStream:75 - [STDERR_REDIRECT] 
2025-12-11 19:17:22,552 [ERROR] LogOutputStream:75 - [STDERR_REDIRECT] [Fatal Error] :1:1: Premature end of file.
2025-12-11 19:17:22,552 [ERROR] LogOutputStream:75 - [STDERR_REDIRECT] 
2025-12-11 19:17:22,602 [ERROR] LogOutputStream:75 - [STDERR_REDIRECT] [Fatal Error] :1:1: Premature end of file.
2025-12-11 19:17:22,602 [ERROR] LogOutputStream:75 - [STDERR_REDIRECT] 
2025-12-11 19:17:22,643 [ERROR] LogOutputStream:75 - [STDERR_REDIRECT] [Fatal Error] :1:1: Premature end of file.
2025-12-11 19:17:22,643 [ERROR] LogOutputStream:75 - [STDERR_REDIRECT] 
2025-12-11 19:17:22,692 [ERROR] LogOutputStream:75 - [STDERR_REDIRECT] [Fatal Error] :1:1: Premature end of file.
2025-12-11 19:17:22,692 [ERROR] LogOutputStream:75 - [STDERR_REDIRECT] 
2025-12-11 19:17:22,737 [ERROR] LogOutputStream:75 - [STDERR_REDIRECT] [Fatal Error] :1:1: Premature end of file.
2025-12-11 19:17:22,737 [ERROR] LogOutputStream:75 - [STDERR_REDIRECT] 
2025-12-11 19:17:22,779 [ERROR] LogOutputStream:75 - [STDERR_REDIRECT] [Fatal Error] :1:1: Premature end of file.
2025-12-11 19:17:22,779 [ERROR] LogOutputStream:75 - [STDERR_REDIRECT] 
2025-12-11 19:17:22,815 [ERROR] LogOutputStream:75 - [STDERR_REDIRECT] [Fatal Error] :1:1: Premature end of file.
2025-12-11 19:17:22,815 [ERROR] LogOutputStream:75 - [STDERR_REDIRECT] 
2025-12-11 19:17:22,865 [ERROR] LogOutputStream:75 - [STDERR_REDIRECT] [Fatal Error] :1:1: Premature end of file.
2025-12-11 19:17:22,865 [ERROR] LogOutputStream:75 - [STDERR_REDIRECT] 
2025-12-11 19:17:22,905 [ERROR] LogOutputStream:75 - [STDERR_REDIRECT] [Fatal Error] :1:1: Premature end of file.
2025-12-11 19:17:22,905 [ERROR] LogOutputStream:75 - [STDERR_REDIRECT] 
2025-12-11 19:17:22,947 [ERROR] LogOutputStream:75 - [STDERR_REDIRECT] [Fatal Error] :1:1: Premature end of file.
2025-12-11 19:17:22,947 [ERROR] LogOutputStream:75 - [STDERR_REDIRECT] 
2025-12-11 19:17:22,993 [ERROR] LogOutputStream:75 - [STDERR_REDIRECT] [Fatal Error] :1:1: Premature end of file.
2025-12-11 19:17:22,993 [ERROR] LogOutputStream:75 - [STDERR_REDIRECT] 
2025-12-11 19:17:23,036 [ERROR] LogOutputStream:75 - [STDERR_REDIRECT] [Fatal Error] :1:1: Premature end of file.
2025-12-11 19:17:23,038 [ERROR] LogOutputStream:75 - [STDERR_REDIRECT] 
2025-12-11 19:17:23,077 [ERROR] LogOutputStream:75 - [STDERR_REDIRECT] [Fatal Error] :1:1: Premature end of file.
2025-12-11 19:17:23,077 [ERROR] LogOutputStream:75 - [STDERR_REDIRECT] 
2025-12-11 19:17:23,126 [ERROR] LogOutputStream:75 - [STDERR_REDIRECT] [Fatal Error] :1:1: Premature end of file.
2025-12-11 19:17:23,126 [ERROR] LogOutputStream:75 - [STDERR_REDIRECT] 
2025-12-11 19:17:23,167 [ERROR] LogOutputStream:75 - [STDERR_REDIRECT] [Fatal Error] :1:1: Premature end of file.
2025-12-11 19:17:23,167 [ERROR] LogOutputStream:75 - [STDERR_REDIRECT] 
2025-12-11 19:17:23,215 [ERROR] LogOutputStream:75 - [STDERR_REDIRECT] [Fatal Error] :1:1: Premature end of file.
2025-12-11 19:17:23,215 [ERROR] LogOutputStream:75 - [STDERR_REDIRECT] 
2025-12-11 19:17:23,256 [ERROR] LogOutputStream:75 - [STDERR_REDIRECT] [Fatal Error] :1:1: Premature end of file.
2025-12-11 19:17:23,256 [ERROR] LogOutputStream:75 - [STDERR_REDIRECT] 
2025-12-11 19:17:23,305 [ERROR] LogOutputStream:75 - [STDERR_REDIRECT] [Fatal Error] :1:1: Premature end of file.
2025-12-11 19:17:23,305 [ERROR] LogOutputStream:75 - [STDERR_REDIRECT] 
2025-12-11 19:17:23,350 [ERROR] LogOutputStream:75 - [STDERR_REDIRECT] [Fatal Error] :1:1: Premature end of file.
2025-12-11 19:17:23,350 [ERROR] LogOutputStream:75 - [STDERR_REDIRECT] 
2025-12-11 19:17:23,388 [ERROR] LogOutputStream:75 - [STDERR_REDIRECT] [Fatal Error] :1:1: Premature end of file.
2025-12-11 19:17:23,388 [ERROR] LogOutputStream:75 - [STDERR_REDIRECT] 
2025-12-11 19:17:23,429 [ERROR] LogOutputStream:75 - [STDERR_REDIRECT] [Fatal Error] :1:1: Premature end of file.
2025-12-11 19:17:23,429 [ERROR] LogOutputStream:75 - [STDERR_REDIRECT] 
2025-12-11 19:17:23,470 [ERROR] LogOutputStream:75 - [STDERR_REDIRECT] [Fatal Error] :1:1: Premature end of file.
2025-12-11 19:17:23,470 [ERROR] LogOutputStream:75 - [STDERR_REDIRECT] 
2025-12-11 19:17:23,521 [ERROR] LogOutputStream:75 - [STDERR_REDIRECT] [Fatal Error] :1:1: Premature end of file.
2025-12-11 19:17:23,521 [ERROR] LogOutputStream:75 - [STDERR_REDIRECT] 
2025-12-11 19:17:23,566 [ERROR] LogOutputStream:75 - [STDERR_REDIRECT] [Fatal Error] :1:1: Premature end of file.
2025-12-11 19:17:23,566 [ERROR] LogOutputStream:75 - [STDERR_REDIRECT] 
2025-12-11 19:17:23,611 [ERROR] LogOutputStream:75 - [STDERR_REDIRECT] [Fatal Error] :1:1: Premature end of file.
2025-12-11 19:17:23,611 [ERROR] LogOutputStream:75 - [STDERR_REDIRECT] 
2025-12-11 19:17:23,655 [ERROR] LogOutputStream:75 - [STDERR_REDIRECT] [Fatal Error] :1:1: Premature end of file.
2025-12-11 19:17:23,655 [ERROR] LogOutputStream:75 - [STDERR_REDIRECT] 
2025-12-11 19:17:23,696 [ERROR] LogOutputStream:75 - [STDERR_REDIRECT] [Fatal Error] :1:1: Premature end of file.
2025-12-11 19:17:23,696 [ERROR] LogOutputStream:75 - [STDERR_REDIRECT] 
2025-12-11 19:17:23,741 [ERROR] LogOutputStream:75 - [STDERR_REDIRECT] [Fatal Error] :1:1: Premature end of file.
2025-12-11 19:17:23,741 [ERROR] LogOutputStream:75 - [STDERR_REDIRECT] 
2025-12-11 19:17:23,784 [ERROR] LogOutputStream:75 - [STDERR_REDIRECT] [Fatal Error] :1:1: Premature end of file.
2025-12-11 19:17:23,784 [ERROR] LogOutputStream:75 - [STDERR_REDIRECT] 
2025-12-11 19:17:23,826 [ERROR] LogOutputStream:75 - [STDERR_REDIRECT] [Fatal Error] :1:1: Premature end of file.
2025-12-11 19:17:23,826 [ERROR] LogOutputStream:75 - [STDERR_REDIRECT] 
2025-12-11 19:17:23,869 [ERROR] LogOutputStream:75 - [STDERR_REDIRECT] [Fatal Error] :1:1: Premature end of file.
2025-12-11 19:17:23,869 [ERROR] LogOutputStream:75 - [STDERR_REDIRECT] 
2025-12-11 19:17:23,911 [ERROR] LogOutputStream:75 - [STDERR_REDIRECT] [Fatal Error] :1:1: Premature end of file.
2025-12-11 19:17:23,911 [ERROR] LogOutputStream:75 - [STDERR_REDIRECT] 
2025-12-11 19:17:23,955 [ERROR] LogOutputStream:75 - [STDERR_REDIRECT] [Fatal Error] :1:1: Premature end of file.
2025-12-11 19:17:23,955 [ERROR] LogOutputStream:75 - [STDERR_REDIRECT] 
2025-12-11 19:17:23,998 [ERROR] LogOutputStream:75 - [STDERR_REDIRECT] [Fatal Error] :1:1: Premature end of file.
2025-12-11 19:17:23,998 [ERROR] LogOutputStream:75 - [STDERR_REDIRECT] 
2025-12-11 19:17:24,038 [ERROR] LogOutputStream:75 - [STDERR_REDIRECT] [Fatal Error] :1:1: Premature end of file.
2025-12-11 19:17:24,038 [ERROR] LogOutputStream:75 - [STDERR_REDIRECT] 
2025-12-11 19:17:24,088 [ERROR] LogOutputStream:75 - [STDERR_REDIRECT] [Fatal Error] :1:1: Premature end of file.
2025-12-11 19:17:24,088 [ERROR] LogOutputStream:75 - [STDERR_REDIRECT] 
2025-12-11 19:17:24,130 [ERROR] LogOutputStream:75 - [STDERR_REDIRECT] [Fatal Error] :1:1: Premature end of file.
2025-12-11 19:17:24,130 [ERROR] LogOutputStream:75 - [STDERR_REDIRECT] 
2025-12-11 19:17:24,172 [ERROR] LogOutputStream:75 - [STDERR_REDIRECT] [Fatal Error] :1:1: Premature end of file.
2025-12-11 19:17:24,172 [ERROR] LogOutputStream:75 - [STDERR_REDIRECT] 
2025-12-11 19:17:24,216 [ERROR] LogOutputStream:75 - [STDERR_REDIRECT] [Fatal Error] :1:1: Premature end of file.
2025-12-11 19:17:24,216 [ERROR] LogOutputStream:75 - [STDERR_REDIRECT] 
2025-12-11 19:17:24,258 [ERROR] LogOutputStream:75 - [STDERR_REDIRECT] [Fatal Error] :1:1: Premature end of file.
2025-12-11 19:17:24,258 [ERROR] LogOutputStream:75 - [STDERR_REDIRECT] 
2025-12-11 19:17:24,302 [ERROR] LogOutputStream:75 - [STDERR_REDIRECT] [Fatal Error] :1:1: Premature end of file.
2025-12-11 19:17:24,302 [ERROR] LogOutputStream:75 - [STDERR_REDIRECT] 
2025-12-11 19:17:24,345 [ERROR] LogOutputStream:75 - [STDERR_REDIRECT] [Fatal Error] :1:1: Premature end of file.
2025-12-11 19:17:24,345 [ERROR] LogOutputStream:75 - [STDERR_REDIRECT] 
2025-12-11 19:17:24,387 [ERROR] LogOutputStream:75 - [STDERR_REDIRECT] [Fatal Error] :1:1: Premature end of file.
2025-12-11 19:17:24,387 [ERROR] LogOutputStream:75 - [STDERR_REDIRECT] 
2025-12-11 19:17:24,430 [ERROR] LogOutputStream:75 - [STDERR_REDIRECT] [Fatal Error] :1:1: Premature end of file.
2025-12-11 19:17:24,430 [ERROR] LogOutputStream:75 - [STDERR_REDIRECT] 
2025-12-11 19:17:24,469 [ERROR] LogOutputStream:75 - [STDERR_REDIRECT] [Fatal Error] :1:1: Premature end of file.
2025-12-11 19:17:24,469 [ERROR] LogOutputStream:75 - [STDERR_REDIRECT] 
2025-12-11 19:17:24,511 [ERROR] LogOutputStream:75 - [STDERR_REDIRECT] [Fatal Error] :1:1: Premature end of file.
2025-12-11 19:17:24,511 [ERROR] LogOutputStream:75 - [STDERR_REDIRECT] 
2025-12-11 19:17:24,557 [ERROR] LogOutputStream:75 - [STDERR_REDIRECT] [Fatal Error] :1:1: Premature end of file.
2025-12-11 19:17:24,557 [ERROR] LogOutputStream:75 - [STDERR_REDIRECT] 
2025-12-11 19:17:24,600 [ERROR] LogOutputStream:75 - [STDERR_REDIRECT] [Fatal Error] :1:1: Premature end of file.
2025-12-11 19:17:24,600 [ERROR] LogOutputStream:75 - [STDERR_REDIRECT] 
2025-12-11 19:17:24,726 [ERROR] LogOutputStream:75 - [STDERR_REDIRECT] [Fatal Error] :1:1: Premature end of file.
2025-12-11 19:17:24,726 [ERROR] LogOutputStream:75 - [STDERR_REDIRECT] 
2025-12-11 19:17:24,768 [ERROR] LogOutputStream:75 - [STDERR_REDIRECT] [Fatal Error] :1:1: Premature end of file.
2025-12-11 19:17:24,768 [ERROR] LogOutputStream:75 - [STDERR_REDIRECT] 
2025-12-11 19:17:24,808 [ERROR] LogOutputStream:75 - [STDERR_REDIRECT] [Fatal Error] :1:1: Premature end of file.
2025-12-11 19:17:24,808 [ERROR] LogOutputStream:75 - [STDERR_REDIRECT] 
2025-12-11 19:17:24,853 [ERROR] LogOutputStream:75 - [STDERR_REDIRECT] [Fatal Error] :1:1: Premature end of file.
2025-12-11 19:17:24,853 [ERROR] LogOutputStream:75 - [STDERR_REDIRECT] 
2025-12-11 19:17:24,892 [ERROR] LogOutputStream:75 - [STDERR_REDIRECT] [Fatal Error] :1:1: Premature end of file.
2025-12-11 19:17:24,892 [ERROR] LogOutputStream:75 - [STDERR_REDIRECT] 
2025-12-11 19:17:24,942 [ERROR] LogOutputStream:75 - [STDERR_REDIRECT] [Fatal Error] :1:1: Premature end of file.
2025-12-11 19:17:24,942 [ERROR] LogOutputStream:75 - [STDERR_REDIRECT] 
2025-12-11 19:17:24,982 [ERROR] LogOutputStream:75 - [STDERR_REDIRECT] [Fatal Error] :1:1: Premature end of file.
2025-12-11 19:17:24,982 [ERROR] LogOutputStream:75 - [STDERR_REDIRECT] 
2025-12-11 19:17:25,032 [ERROR] LogOutputStream:75 - [STDERR_REDIRECT] [Fatal Error] :1:1: Premature end of file.
2025-12-11 19:17:25,032 [ERROR] LogOutputStream:75 - [STDERR_REDIRECT] 
2025-12-11 19:17:25,076 [ERROR] LogOutputStream:75 - [STDERR_REDIRECT] [Fatal Error] :1:1: Premature end of file.
2025-12-11 19:17:25,076 [ERROR] LogOutputStream:75 - [STDERR_REDIRECT] 
2025-12-11 19:17:25,120 [ERROR] LogOutputStream:75 - [STDERR_REDIRECT] [Fatal Error] :1:1: Premature end of file.
2025-12-11 19:17:25,120 [ERROR] LogOutputStream:75 - [STDERR_REDIRECT] 
2025-12-11 19:17:25,164 [ERROR] LogOutputStream:75 - [STDERR_REDIRECT] [Fatal Error] :1:1: Premature end of file.
2025-12-11 19:17:25,164 [ERROR] LogOutputStream:75 - [STDERR_REDIRECT] 
2025-12-11 19:17:25,205 [ERROR] LogOutputStream:75 - [STDERR_REDIRECT] [Fatal Error] :1:1: Premature end of file.
2025-12-11 19:17:25,205 [ERROR] LogOutputStream:75 - [STDERR_REDIRECT] 
2025-12-11 19:17:25,253 [ERROR] LogOutputStream:75 - [STDERR_REDIRECT] [Fatal Error] :1:1: Premature end of file.
2025-12-11 19:17:25,253 [ERROR] LogOutputStream:75 - [STDERR_REDIRECT] 
2025-12-11 19:17:25,298 [ERROR] LogOutputStream:75 - [STDERR_REDIRECT] [Fatal Error] :1:1: Premature end of file.
2025-12-11 19:17:25,298 [ERROR] LogOutputStream:75 - [STDERR_REDIRECT] 
2025-12-11 19:17:25,341 [ERROR] LogOutputStream:75 - [STDERR_REDIRECT] [Fatal Error] :1:1: Premature end of file.
2025-12-11 19:17:25,341 [ERROR] LogOutputStream:75 - [STDERR_REDIRECT] 
2025-12-11 19:17:25,384 [ERROR] LogOutputStream:75 - [STDERR_REDIRECT] [Fatal Error] :1:1: Premature end of file.
2025-12-11 19:17:25,384 [ERROR] LogOutputStream:75 - [STDERR_REDIRECT] 
2025-12-11 19:17:25,429 [ERROR] LogOutputStream:75 - [STDERR_REDIRECT] [Fatal Error] :1:1: Premature end of file.
2025-12-11 19:17:25,429 [ERROR] LogOutputStream:75 - [STDERR_REDIRECT] 
2025-12-11 19:17:25,472 [ERROR] LogOutputStream:75 - [STDERR_REDIRECT] [Fatal Error] :1:1: Premature end of file.
2025-12-11 19:17:25,472 [ERROR] LogOutputStream:75 - [STDERR_REDIRECT] 
2025-12-11 19:17:25,517 [ERROR] LogOutputStream:75 - [STDERR_REDIRECT] [Fatal Error] :1:1: Premature end of file.
2025-12-11 19:17:25,517 [ERROR] LogOutputStream:75 - [STDERR_REDIRECT] 
2025-12-11 19:17:25,559 [ERROR] LogOutputStream:75 - [STDERR_REDIRECT] [Fatal Error] :1:1: Premature end of file.
2025-12-11 19:17:25,559 [ERROR] LogOutputStream:75 - [STDERR_REDIRECT] 
2025-12-11 19:17:25,608 [ERROR] LogOutputStream:75 - [STDERR_REDIRECT] [Fatal Error] :1:1: Premature end of file.
2025-12-11 19:17:25,608 [ERROR] LogOutputStream:75 - [STDERR_REDIRECT] 
2025-12-11 19:17:25,649 [ERROR] LogOutputStream:75 - [STDERR_REDIRECT] [Fatal Error] :1:1: Premature end of file.
2025-12-11 19:17:25,649 [ERROR] LogOutputStream:75 - [STDERR_REDIRECT] 
2025-12-11 19:17:25,696 [ERROR] LogOutputStream:75 - [STDERR_REDIRECT] [Fatal Error] :1:1: Premature end of file.
2025-12-11 19:17:25,696 [ERROR] LogOutputStream:75 - [STDERR_REDIRECT] 
2025-12-11 19:17:25,739 [ERROR] LogOutputStream:75 - [STDERR_REDIRECT] [Fatal Error] :1:1: Premature end of file.
2025-12-11 19:17:25,739 [ERROR] LogOutputStream:75 - [STDERR_REDIRECT] 
2025-12-11 19:17:25,780 [ERROR] LogOutputStream:75 - [STDERR_REDIRECT] [Fatal Error] :1:1: Premature end of file.
2025-12-11 19:17:25,780 [ERROR] LogOutputStream:75 - [STDERR_REDIRECT] 
2025-12-11 19:17:25,823 [ERROR] LogOutputStream:75 - [STDERR_REDIRECT] [Fatal Error] :1:1: Premature end of file.
2025-12-11 19:17:25,823 [ERROR] LogOutputStream:75 - [STDERR_REDIRECT] 
2025-12-11 19:17:25,865 [ERROR] LogOutputStream:75 - [STDERR_REDIRECT] [Fatal Error] :1:1: Premature end of file.
2025-12-11 19:17:25,865 [ERROR] LogOutputStream:75 - [STDERR_REDIRECT] 
2025-12-11 19:17:25,904 [ERROR] LogOutputStream:75 - [STDERR_REDIRECT] [Fatal Error] :1:1: Premature end of file.
2025-12-11 19:17:25,904 [ERROR] LogOutputStream:75 - [STDERR_REDIRECT] 
2025-12-11 19:17:25,949 [ERROR] LogOutputStream:75 - [STDERR_REDIRECT] [Fatal Error] :1:1: Premature end of file.
2025-12-11 19:17:25,949 [ERROR] LogOutputStream:75 - [STDERR_REDIRECT] 
2025-12-11 19:17:25,992 [ERROR] LogOutputStream:75 - [STDERR_REDIRECT] [Fatal Error] :1:1: Premature end of file.
2025-12-11 19:17:25,992 [ERROR] LogOutputStream:75 - [STDERR_REDIRECT] 
2025-12-11 19:17:26,036 [ERROR] LogOutputStream:75 - [STDERR_REDIRECT] [Fatal Error] :1:1: Premature end of file.
2025-12-11 19:17:26,036 [ERROR] LogOutputStream:75 - [STDERR_REDIRECT] 
2025-12-11 19:17:26,079 [ERROR] LogOutputStream:75 - [STDERR_REDIRECT] [Fatal Error] :1:1: Premature end of file.
2025-12-11 19:17:26,079 [ERROR] LogOutputStream:75 - [STDERR_REDIRECT] 
2025-12-11 19:17:26,127 [ERROR] LogOutputStream:75 - [STDERR_REDIRECT] [Fatal Error] :1:1: Premature end of file.
2025-12-11 19:17:26,127 [ERROR] LogOutputStream:75 - [STDERR_REDIRECT] 
2025-12-11 19:17:26,171 [ERROR] LogOutputStream:75 - [STDERR_REDIRECT] [Fatal Error] :1:1: Premature end of file.
2025-12-11 19:17:26,171 [ERROR] LogOutputStream:75 - [STDERR_REDIRECT] 
2025-12-11 19:17:26,213 [ERROR] LogOutputStream:75 - [STDERR_REDIRECT] [Fatal Error] :1:1: Premature end of file.
2025-12-11 19:17:26,213 [ERROR] LogOutputStream:75 - [STDERR_REDIRECT] 
2025-12-11 19:17:26,258 [ERROR] LogOutputStream:75 - [STDERR_REDIRECT] [Fatal Error] :1:1: Premature end of file.
2025-12-11 19:17:26,258 [ERROR] LogOutputStream:75 - [STDERR_REDIRECT] 
2025-12-11 19:17:26,301 [ERROR] LogOutputStream:75 - [STDERR_REDIRECT] [Fatal Error] :1:1: Premature end of file.
2025-12-11 19:17:26,301 [ERROR] LogOutputStream:75 - [STDERR_REDIRECT] 
2025-12-11 19:17:26,345 [ERROR] LogOutputStream:75 - [STDERR_REDIRECT] [Fatal Error] :1:1: Premature end of file.
2025-12-11 19:17:26,345 [ERROR] LogOutputStream:75 - [STDERR_REDIRECT] 
2025-12-11 19:17:26,386 [ERROR] LogOutputStream:75 - [STDERR_REDIRECT] [Fatal Error] :1:1: Premature end of file.
2025-12-11 19:17:26,386 [ERROR] LogOutputStream:75 - [STDERR_REDIRECT] 
2025-12-11 19:17:26,429 [ERROR] LogOutputStream:75 - [STDERR_REDIRECT] [Fatal Error] :1:1: Premature end of file.
2025-12-11 19:17:26,429 [ERROR] LogOutputStream:75 - [STDERR_REDIRECT] 
2025-12-11 19:17:26,471 [ERROR] LogOutputStream:75 - [STDERR_REDIRECT] [Fatal Error] :1:1: Premature end of file.
2025-12-11 19:17:26,471 [ERROR] LogOutputStream:75 - [STDERR_REDIRECT] 
2025-12-11 19:17:26,513 [ERROR] LogOutputStream:75 - [STDERR_REDIRECT] [Fatal Error] :1:1: Premature end of file.
2025-12-11 19:17:26,513 [ERROR] LogOutputStream:75 - [STDERR_REDIRECT] 
2025-12-11 19:17:26,557 [ERROR] LogOutputStream:75 - [STDERR_REDIRECT] [Fatal Error] :1:1: Premature end of file.
2025-12-11 19:17:26,557 [ERROR] LogOutputStream:75 - [STDERR_REDIRECT] 
2025-12-11 19:17:26,604 [ERROR] LogOutputStream:75 - [STDERR_REDIRECT] [Fatal Error] :1:1: Premature end of file.
2025-12-11 19:17:26,604 [ERROR] LogOutputStream:75 - [STDERR_REDIRECT] 
2025-12-11 19:17:26,645 [ERROR] LogOutputStream:75 - [STDERR_REDIRECT] [Fatal Error] :1:1: Premature end of file.
2025-12-11 19:17:26,645 [ERROR] LogOutputStream:75 - [STDERR_REDIRECT] 
2025-12-11 19:17:26,694 [ERROR] LogOutputStream:75 - [STDERR_REDIRECT] [Fatal Error] :1:1: Premature end of file.
2025-12-11 19:17:26,694 [ERROR] LogOutputStream:75 - [STDERR_REDIRECT] 
2025-12-11 19:17:26,736 [ERROR] LogOutputStream:75 - [STDERR_REDIRECT] [Fatal Error] :1:1: Premature end of file.
2025-12-11 19:17:26,736 [ERROR] LogOutputStream:75 - [STDERR_REDIRECT] 
2025-12-11 19:17:26,784 [ERROR] LogOutputStream:75 - [STDERR_REDIRECT] [Fatal Error] :1:1: Premature end of file.
2025-12-11 19:17:26,784 [ERROR] LogOutputStream:75 - [STDERR_REDIRECT] 
2025-12-11 19:17:26,828 [ERROR] LogOutputStream:75 - [STDERR_REDIRECT] [Fatal Error] :1:1: Premature end of file.
2025-12-11 19:17:26,828 [ERROR] LogOutputStream:75 - [STDERR_REDIRECT] 
2025-12-11 19:17:26,870 [ERROR] LogOutputStream:75 - [STDERR_REDIRECT] [Fatal Error] :1:1: Premature end of file.
2025-12-11 19:17:26,870 [ERROR] LogOutputStream:75 - [STDERR_REDIRECT] 
2025-12-11 19:17:26,913 [ERROR] LogOutputStream:75 - [STDERR_REDIRECT] [Fatal Error] :1:1: Premature end of file.
2025-12-11 19:17:26,913 [ERROR] LogOutputStream:75 - [STDERR_REDIRECT] 
2025-12-11 19:17:26,959 [ERROR] LogOutputStream:75 - [STDERR_REDIRECT] [Fatal Error] :1:1: Premature end of file.
2025-12-11 19:17:26,959 [ERROR] LogOutputStream:75 - [STDERR_REDIRECT] 
2025-12-11 19:17:27,004 [ERROR] LogOutputStream:75 - [STDERR_REDIRECT] [Fatal Error] :1:1: Premature end of file.
2025-12-11 19:17:27,004 [ERROR] LogOutputStream:75 - [STDERR_REDIRECT] 
2025-12-11 19:17:27,046 [ERROR] LogOutputStream:75 - [STDERR_REDIRECT] [Fatal Error] :1:1: Premature end of file.
2025-12-11 19:17:27,046 [ERROR] LogOutputStream:75 - [STDERR_REDIRECT] 
2025-12-11 19:17:27,089 [ERROR] LogOutputStream:75 - [STDERR_REDIRECT] [Fatal Error] :1:1: Premature end of file.
2025-12-11 19:17:27,089 [ERROR] LogOutputStream:75 - [STDERR_REDIRECT] 
2025-12-11 19:17:27,132 [ERROR] LogOutputStream:75 - [STDERR_REDIRECT] [Fatal Error] :1:1: Premature end of file.
2025-12-11 19:17:27,132 [ERROR] LogOutputStream:75 - [STDERR_REDIRECT] 
2025-12-11 19:17:27,177 [ERROR] LogOutputStream:75 - [STDERR_REDIRECT] [Fatal Error] :1:1: Premature end of file.
2025-12-11 19:17:27,177 [ERROR] LogOutputStream:75 - [STDERR_REDIRECT] 
2025-12-11 19:17:27,226 [ERROR] LogOutputStream:75 - [STDERR_REDIRECT] [Fatal Error] :1:1: Premature end of file.
2025-12-11 19:17:27,226 [ERROR] LogOutputStream:75 - [STDERR_REDIRECT] 
2025-12-11 19:17:27,271 [ERROR] LogOutputStream:75 - [STDERR_REDIRECT] [Fatal Error] :1:1: Premature end of file.
2025-12-11 19:17:27,271 [ERROR] LogOutputStream:75 - [STDERR_REDIRECT] 
2025-12-11 19:17:27,314 [ERROR] LogOutputStream:75 - [STDERR_REDIRECT] [Fatal Error] :1:1: Premature end of file.
2025-12-11 19:17:27,314 [ERROR] LogOutputStream:75 - [STDERR_REDIRECT] 
2025-12-11 19:17:27,356 [ERROR] LogOutputStream:75 - [STDERR_REDIRECT] [Fatal Error] :1:1: Premature end of file.
2025-12-11 19:17:27,356 [ERROR] LogOutputStream:75 - [STDERR_REDIRECT] 
2025-12-11 19:17:27,402 [ERROR] LogOutputStream:75 - [STDERR_REDIRECT] [Fatal Error] :1:1: Premature end of file.
2025-12-11 19:17:27,402 [ERROR] LogOutputStream:75 - [STDERR_REDIRECT] 
2025-12-11 19:17:27,445 [ERROR] LogOutputStream:75 - [STDERR_REDIRECT] [Fatal Error] :1:1: Premature end of file.
2025-12-11 19:17:27,445 [ERROR] LogOutputStream:75 - [STDERR_REDIRECT] 
2025-12-11 19:17:27,490 [ERROR] LogOutputStream:75 - [STDERR_REDIRECT] [Fatal Error] :1:1: Premature end of file.
2025-12-11 19:17:27,490 [ERROR] LogOutputStream:75 - [STDERR_REDIRECT] 
2025-12-11 19:17:27,532 [ERROR] LogOutputStream:75 - [STDERR_REDIRECT] [Fatal Error] :1:1: Premature end of file.
2025-12-11 19:17:27,532 [ERROR] LogOutputStream:75 - [STDERR_REDIRECT] 
2025-12-11 19:17:27,575 [ERROR] LogOutputStream:75 - [STDERR_REDIRECT] [Fatal Error] :1:1: Premature end of file.
2025-12-11 19:17:27,575 [ERROR] LogOutputStream:75 - [STDERR_REDIRECT] 
2025-12-11 19:17:27,618 [ERROR] LogOutputStream:75 - [STDERR_REDIRECT] [Fatal Error] :1:1: Premature end of file.
2025-12-11 19:17:27,618 [ERROR] LogOutputStream:75 - [STDERR_REDIRECT] 
2025-12-11 19:17:27,659 [ERROR] LogOutputStream:75 - [STDERR_REDIRECT] [Fatal Error] :1:1: Premature end of file.
2025-12-11 19:17:27,659 [ERROR] LogOutputStream:75 - [STDERR_REDIRECT] 
2025-12-11 19:17:27,703 [ERROR] LogOutputStream:75 - [STDERR_REDIRECT] [Fatal Error] :1:1: Premature end of file.
2025-12-11 19:17:27,703 [ERROR] LogOutputStream:75 - [STDERR_REDIRECT] 
2025-12-11 19:17:27,747 [ERROR] LogOutputStream:75 - [STDERR_REDIRECT] [Fatal Error] :1:1: Premature end of file.
2025-12-11 19:17:27,747 [ERROR] LogOutputStream:75 - [STDERR_REDIRECT] 
2025-12-11 19:17:27,791 [ERROR] LogOutputStream:75 - [STDERR_REDIRECT] [Fatal Error] :1:1: Premature end of file.
2025-12-11 19:17:27,791 [ERROR] LogOutputStream:75 - [STDERR_REDIRECT] 
2025-12-11 19:17:27,832 [ERROR] LogOutputStream:75 - [STDERR_REDIRECT] [Fatal Error] :1:1: Premature end of file.
2025-12-11 19:17:27,832 [ERROR] LogOutputStream:75 - [STDERR_REDIRECT] 
2025-12-11 19:17:27,874 [ERROR] LogOutputStream:75 - [STDERR_REDIRECT] [Fatal Error] :1:1: Premature end of file.
2025-12-11 19:17:27,874 [ERROR] LogOutputStream:75 - [STDERR_REDIRECT] 
2025-12-11 19:17:27,923 [ERROR] LogOutputStream:75 - [STDERR_REDIRECT] [Fatal Error] :1:1: Premature end of file.
2025-12-11 19:17:27,923 [ERROR] LogOutputStream:75 - [STDERR_REDIRECT] 
2025-12-11 19:17:27,965 [ERROR] LogOutputStream:75 - [STDERR_REDIRECT] [Fatal Error] :1:1: Premature end of file.
2025-12-11 19:17:27,965 [ERROR] LogOutputStream:75 - [STDERR_REDIRECT] 
2025-12-11 19:17:28,017 [ERROR] LogOutputStream:75 - [STDERR_REDIRECT] [Fatal Error] :1:1: Premature end of file.
2025-12-11 19:17:28,017 [ERROR] LogOutputStream:75 - [STDERR_REDIRECT] 
2025-12-11 19:17:28,059 [ERROR] LogOutputStream:75 - [STDERR_REDIRECT] [Fatal Error] :1:1: Premature end of file.
2025-12-11 19:17:28,059 [ERROR] LogOutputStream:75 - [STDERR_REDIRECT] 
2025-12-11 19:17:28,102 [ERROR] LogOutputStream:75 - [STDERR_REDIRECT] [Fatal Error] :1:1: Premature end of file.
2025-12-11 19:17:28,102 [ERROR] LogOutputStream:75 - [STDERR_REDIRECT] 
2025-12-11 19:17:28,143 [ERROR] LogOutputStream:75 - [STDERR_REDIRECT] [Fatal Error] :1:1: Premature end of file.
2025-12-11 19:17:28,143 [ERROR] LogOutputStream:75 - [STDERR_REDIRECT] 
2025-12-11 19:17:28,189 [ERROR] LogOutputStream:75 - [STDERR_REDIRECT] [Fatal Error] :1:1: Premature end of file.
2025-12-11 19:17:28,189 [ERROR] LogOutputStream:75 - [STDERR_REDIRECT] 
2025-12-11 19:17:28,235 [ERROR] LogOutputStream:75 - [STDERR_REDIRECT] [Fatal Error] :1:1: Premature end of file.
2025-12-11 19:17:28,235 [ERROR] LogOutputStream:75 - [STDERR_REDIRECT] 
2025-12-11 19:17:28,278 [ERROR] LogOutputStream:75 - [STDERR_REDIRECT] [Fatal Error] :1:1: Premature end of file.
2025-12-11 19:17:28,278 [ERROR] LogOutputStream:75 - [STDERR_REDIRECT] 
2025-12-11 19:17:28,321 [ERROR] LogOutputStream:75 - [STDERR_REDIRECT] [Fatal Error] :1:1: Premature end of file.
2025-12-11 19:17:28,321 [ERROR] LogOutputStream:75 - [STDERR_REDIRECT] 
2025-12-11 19:17:28,363 [ERROR] LogOutputStream:75 - [STDERR_REDIRECT] [Fatal Error] :1:1: Premature end of file.
2025-12-11 19:17:28,363 [ERROR] LogOutputStream:75 - [STDERR_REDIRECT] 
2025-12-11 19:17:28,405 [ERROR] LogOutputStream:75 - [STDERR_REDIRECT] [Fatal Error] :1:1: Premature end of file.
2025-12-11 19:17:28,405 [ERROR] LogOutputStream:75 - [STDERR_REDIRECT] 
2025-12-11 19:17:28,447 [ERROR] LogOutputStream:75 - [STDERR_REDIRECT] [Fatal Error] :1:1: Premature end of file.
2025-12-11 19:17:28,447 [ERROR] LogOutputStream:75 - [STDERR_REDIRECT] 
2025-12-11 19:17:28,490 [ERROR] LogOutputStream:75 - [STDERR_REDIRECT] [Fatal Error] :1:1: Premature end of file.
2025-12-11 19:17:28,490 [ERROR] LogOutputStream:75 - [STDERR_REDIRECT] 
2025-12-11 19:17:28,534 [ERROR] LogOutputStream:75 - [STDERR_REDIRECT] [Fatal Error] :1:1: Premature end of file.
2025-12-11 19:17:28,534 [ERROR] LogOutputStream:75 - [STDERR_REDIRECT] 
2025-12-11 19:17:28,580 [ERROR] LogOutputStream:75 - [STDERR_REDIRECT] [Fatal Error] :1:1: Premature end of file.
2025-12-11 19:17:28,580 [ERROR] LogOutputStream:75 - [STDERR_REDIRECT] 
2025-12-11 19:17:28,622 [ERROR] LogOutputStream:75 - [STDERR_REDIRECT] [Fatal Error] :1:1: Premature end of file.
2025-12-11 19:17:28,622 [ERROR] LogOutputStream:75 - [STDERR_REDIRECT] 
2025-12-11 19:17:28,667 [ERROR] LogOutputStream:75 - [STDERR_REDIRECT] [Fatal Error] :1:1: Premature end of file.
2025-12-11 19:17:28,667 [ERROR] LogOutputStream:75 - [STDERR_REDIRECT] 
2025-12-11 19:17:28,708 [ERROR] LogOutputStream:75 - [STDERR_REDIRECT] [Fatal Error] :1:1: Premature end of file.
2025-12-11 19:17:28,708 [ERROR] LogOutputStream:75 - [STDERR_REDIRECT] 
2025-12-11 19:17:28,756 [ERROR] LogOutputStream:75 - [STDERR_REDIRECT] [Fatal Error] :1:1: Premature end of file.
2025-12-11 19:17:28,756 [ERROR] LogOutputStream:75 - [STDERR_REDIRECT] 
2025-12-11 19:17:28,799 [ERROR] LogOutputStream:75 - [STDERR_REDIRECT] [Fatal Error] :1:1: Premature end of file.
2025-12-11 19:17:28,799 [ERROR] LogOutputStream:75 - [STDERR_REDIRECT] 
2025-12-11 19:17:28,841 [ERROR] LogOutputStream:75 - [STDERR_REDIRECT] [Fatal Error] :1:1: Premature end of file.
2025-12-11 19:17:28,841 [ERROR] LogOutputStream:75 - [STDERR_REDIRECT] 
2025-12-11 19:17:28,883 [ERROR] LogOutputStream:75 - [STDERR_REDIRECT] [Fatal Error] :1:1: Premature end of file.
2025-12-11 19:17:28,883 [ERROR] LogOutputStream:75 - [STDERR_REDIRECT] 
2025-12-11 19:17:28,926 [ERROR] LogOutputStream:75 - [STDERR_REDIRECT] [Fatal Error] :1:1: Premature end of file.
2025-12-11 19:17:28,926 [ERROR] LogOutputStream:75 - [STDERR_REDIRECT] 
2025-12-11 19:17:28,970 [ERROR] LogOutputStream:75 - [STDERR_REDIRECT] [Fatal Error] :1:1: Premature end of file.
2025-12-11 19:17:28,970 [ERROR] LogOutputStream:75 - [STDERR_REDIRECT] 
2025-12-11 19:17:29,011 [ERROR] LogOutputStream:75 - [STDERR_REDIRECT] [Fatal Error] :1:1: Premature end of file.
2025-12-11 19:17:29,011 [ERROR] LogOutputStream:75 - [STDERR_REDIRECT] 
2025-12-11 19:17:29,050 [ERROR] LogOutputStream:75 - [STDERR_REDIRECT] [Fatal Error] :1:1: Premature end of file.
2025-12-11 19:17:29,050 [ERROR] LogOutputStream:75 - [STDERR_REDIRECT] 
2025-12-11 19:17:29,091 [ERROR] LogOutputStream:75 - [STDERR_REDIRECT] [Fatal Error] :1:1: Premature end of file.
2025-12-11 19:17:29,091 [ERROR] LogOutputStream:75 - [STDERR_REDIRECT] 
2025-12-11 19:17:29,132 [ERROR] LogOutputStream:75 - [STDERR_REDIRECT] [Fatal Error] :1:1: Premature end of file.
2025-12-11 19:17:29,132 [ERROR] LogOutputStream:75 - [STDERR_REDIRECT] 
2025-12-11 19:17:29,181 [ERROR] LogOutputStream:75 - [STDERR_REDIRECT] [Fatal Error] :1:1: Premature end of file.
2025-12-11 19:17:29,181 [ERROR] LogOutputStream:75 - [STDERR_REDIRECT] 
2025-12-11 19:17:29,230 [ERROR] LogOutputStream:75 - [STDERR_REDIRECT] [Fatal Error] :1:1: Premature end of file.
2025-12-11 19:17:29,230 [ERROR] LogOutputStream:75 - [STDERR_REDIRECT] 
2025-12-11 19:17:29,279 [ERROR] LogOutputStream:75 - [STDERR_REDIRECT] [Fatal Error] :1:1: Premature end of file.
2025-12-11 19:17:29,279 [ERROR] LogOutputStream:75 - [STDERR_REDIRECT] 
2025-12-11 19:17:29,321 [ERROR] LogOutputStream:75 - [STDERR_REDIRECT] [Fatal Error] :1:1: Premature end of file.
2025-12-11 19:17:29,327 [ERROR] LogOutputStream:75 - [STDERR_REDIRECT] 
2025-12-11 19:17:29,369 [ERROR] LogOutputStream:75 - [STDERR_REDIRECT] [Fatal Error] :1:1: Premature end of file.
2025-12-11 19:17:29,369 [ERROR] LogOutputStream:75 - [STDERR_REDIRECT] 
2025-12-11 19:17:29,410 [ERROR] LogOutputStream:75 - [STDERR_REDIRECT] [Fatal Error] :1:1: Premature end of file.
2025-12-11 19:17:29,410 [ERROR] LogOutputStream:75 - [STDERR_REDIRECT] 
2025-12-11 19:17:29,459 [ERROR] LogOutputStream:75 - [STDERR_REDIRECT] [Fatal Error] :1:1: Premature end of file.
2025-12-11 19:17:29,459 [ERROR] LogOutputStream:75 - [STDERR_REDIRECT] 
2025-12-11 19:17:29,503 [ERROR] LogOutputStream:75 - [STDERR_REDIRECT] [Fatal Error] :1:1: Premature end of file.
2025-12-11 19:17:29,503 [ERROR] LogOutputStream:75 - [STDERR_REDIRECT] 
2025-12-11 19:17:29,541 [ERROR] LogOutputStream:75 - [STDERR_REDIRECT] [Fatal Error] :1:1: Premature end of file.
2025-12-11 19:17:29,541 [ERROR] LogOutputStream:75 - [STDERR_REDIRECT] 
2025-12-11 19:17:29,581 [ERROR] LogOutputStream:75 - [STDERR_REDIRECT] [Fatal Error] :1:1: Premature end of file.
2025-12-11 19:17:29,581 [ERROR] LogOutputStream:75 - [STDERR_REDIRECT] 
2025-12-11 19:17:29,630 [ERROR] LogOutputStream:75 - [STDERR_REDIRECT] [Fatal Error] :1:1: Premature end of file.
2025-12-11 19:17:29,630 [ERROR] LogOutputStream:75 - [STDERR_REDIRECT] 
2025-12-11 19:17:29,671 [ERROR] LogOutputStream:75 - [STDERR_REDIRECT] [Fatal Error] :1:1: Premature end of file.
2025-12-11 19:17:29,671 [ERROR] LogOutputStream:75 - [STDERR_REDIRECT] 
2025-12-11 19:17:29,720 [ERROR] LogOutputStream:75 - [STDERR_REDIRECT] [Fatal Error] :1:1: Premature end of file.
2025-12-11 19:17:29,720 [ERROR] LogOutputStream:75 - [STDERR_REDIRECT] 
2025-12-11 19:17:29,761 [ERROR] LogOutputStream:75 - [STDERR_REDIRECT] [Fatal Error] :1:1: Premature end of file.
2025-12-11 19:17:29,761 [ERROR] LogOutputStream:75 - [STDERR_REDIRECT] 
2025-12-11 19:17:29,809 [ERROR] LogOutputStream:75 - [STDERR_REDIRECT] [Fatal Error] :1:1: Premature end of file.
2025-12-11 19:17:29,809 [ERROR] LogOutputStream:75 - [STDERR_REDIRECT] 
2025-12-11 19:17:29,849 [ERROR] LogOutputStream:75 - [STDERR_REDIRECT] [Fatal Error] :1:1: Premature end of file.
2025-12-11 19:17:29,849 [ERROR] LogOutputStream:75 - [STDERR_REDIRECT] 
2025-12-11 19:17:29,893 [ERROR] LogOutputStream:75 - [STDERR_REDIRECT] [Fatal Error] :1:1: Premature end of file.
2025-12-11 19:17:29,893 [ERROR] LogOutputStream:75 - [STDERR_REDIRECT] 
2025-12-11 19:17:29,935 [ERROR] LogOutputStream:75 - [STDERR_REDIRECT] [Fatal Error] :1:1: Premature end of file.
2025-12-11 19:17:29,935 [ERROR] LogOutputStream:75 - [STDERR_REDIRECT] 
2025-12-11 19:17:29,979 [ERROR] LogOutputStream:75 - [STDERR_REDIRECT] [Fatal Error] :1:1: Premature end of file.
2025-12-11 19:17:29,979 [ERROR] LogOutputStream:75 - [STDERR_REDIRECT] 
2025-12-11 19:17:30,021 [ERROR] LogOutputStream:75 - [STDERR_REDIRECT] [Fatal Error] :1:1: Premature end of file.
2025-12-11 19:17:30,021 [ERROR] LogOutputStream:75 - [STDERR_REDIRECT] 
2025-12-11 19:17:30,061 [ERROR] LogOutputStream:75 - [STDERR_REDIRECT] [Fatal Error] :1:1: Premature end of file.
2025-12-11 19:17:30,061 [ERROR] LogOutputStream:75 - [STDERR_REDIRECT] 
2025-12-11 19:17:30,104 [ERROR] LogOutputStream:75 - [STDERR_REDIRECT] [Fatal Error] :1:1: Premature end of file.
2025-12-11 19:17:30,104 [ERROR] LogOutputStream:75 - [STDERR_REDIRECT] 
2025-12-11 19:17:30,152 [ERROR] LogOutputStream:75 - [STDERR_REDIRECT] [Fatal Error] :1:1: Premature end of file.
2025-12-11 19:17:30,152 [ERROR] LogOutputStream:75 - [STDERR_REDIRECT] 
2025-12-11 19:17:30,199 [ERROR] LogOutputStream:75 - [STDERR_REDIRECT] [Fatal Error] :1:1: Premature end of file.
2025-12-11 19:17:30,199 [ERROR] LogOutputStream:75 - [STDERR_REDIRECT] 
2025-12-11 19:17:30,243 [ERROR] LogOutputStream:75 - [STDERR_REDIRECT] [Fatal Error] :1:1: Premature end of file.
2025-12-11 19:17:30,243 [ERROR] LogOutputStream:75 - [STDERR_REDIRECT] 
2025-12-11 19:17:30,283 [ERROR] LogOutputStream:75 - [STDERR_REDIRECT] [Fatal Error] :1:1: Premature end of file.
2025-12-11 19:17:30,283 [ERROR] LogOutputStream:75 - [STDERR_REDIRECT] 
2025-12-11 19:17:30,332 [ERROR] LogOutputStream:75 - [STDERR_REDIRECT] [Fatal Error] :1:1: Premature end of file.
2025-12-11 19:17:30,332 [ERROR] LogOutputStream:75 - [STDERR_REDIRECT] 
2025-12-11 19:17:30,375 [ERROR] LogOutputStream:75 - [STDERR_REDIRECT] [Fatal Error] :1:1: Premature end of file.
2025-12-11 19:17:30,375 [ERROR] LogOutputStream:75 - [STDERR_REDIRECT] 
2025-12-11 19:17:30,417 [ERROR] LogOutputStream:75 - [STDERR_REDIRECT] [Fatal Error] :1:1: Premature end of file.
2025-12-11 19:17:30,417 [ERROR] LogOutputStream:75 - [STDERR_REDIRECT] 
2025-12-11 19:17:30,459 [ERROR] LogOutputStream:75 - [STDERR_REDIRECT] [Fatal Error] :1:1: Premature end of file.
2025-12-11 19:17:30,459 [ERROR] LogOutputStream:75 - [STDERR_REDIRECT] 
2025-12-11 19:17:30,502 [ERROR] LogOutputStream:75 - [STDERR_REDIRECT] [Fatal Error] :1:1: Premature end of file.
2025-12-11 19:17:30,504 [ERROR] LogOutputStream:75 - [STDERR_REDIRECT] 
2025-12-11 19:17:30,548 [ERROR] LogOutputStream:75 - [STDERR_REDIRECT] [Fatal Error] :1:1: Premature end of file.
2025-12-11 19:17:30,548 [ERROR] LogOutputStream:75 - [STDERR_REDIRECT] 
2025-12-11 19:17:30,591 [ERROR] LogOutputStream:75 - [STDERR_REDIRECT] [Fatal Error] :1:1: Premature end of file.
2025-12-11 19:17:30,591 [ERROR] LogOutputStream:75 - [STDERR_REDIRECT] 
2025-12-11 19:17:30,635 [ERROR] LogOutputStream:75 - [STDERR_REDIRECT] [Fatal Error] :1:1: Premature end of file.
2025-12-11 19:17:30,635 [ERROR] LogOutputStream:75 - [STDERR_REDIRECT] 
2025-12-11 19:17:30,675 [ERROR] LogOutputStream:75 - [STDERR_REDIRECT] [Fatal Error] :1:1: Premature end of file.
2025-12-11 19:17:30,675 [ERROR] LogOutputStream:75 - [STDERR_REDIRECT] 
2025-12-11 19:17:30,715 [ERROR] LogOutputStream:75 - [STDERR_REDIRECT] [Fatal Error] :1:1: Premature end of file.
2025-12-11 19:17:30,715 [ERROR] LogOutputStream:75 - [STDERR_REDIRECT] 
2025-12-11 19:17:30,759 [ERROR] LogOutputStream:75 - [STDERR_REDIRECT] [Fatal Error] :1:1: Premature end of file.
2025-12-11 19:17:30,759 [ERROR] LogOutputStream:75 - [STDERR_REDIRECT] 
2025-12-11 19:17:30,805 [ERROR] LogOutputStream:75 - [STDERR_REDIRECT] [Fatal Error] :1:1: Premature end of file.
2025-12-11 19:17:30,805 [ERROR] LogOutputStream:75 - [STDERR_REDIRECT] 
2025-12-11 19:17:30,848 [ERROR] LogOutputStream:75 - [STDERR_REDIRECT] [Fatal Error] :1:1: Premature end of file.
2025-12-11 19:17:30,848 [ERROR] LogOutputStream:75 - [STDERR_REDIRECT] 
2025-12-11 19:17:30,891 [ERROR] LogOutputStream:75 - [STDERR_REDIRECT] [Fatal Error] :1:1: Premature end of file.
2025-12-11 19:17:30,891 [ERROR] LogOutputStream:75 - [STDERR_REDIRECT] 
2025-12-11 19:17:30,932 [ERROR] LogOutputStream:75 - [STDERR_REDIRECT] [Fatal Error] :1:1: Premature end of file.
2025-12-11 19:17:30,932 [ERROR] LogOutputStream:75 - [STDERR_REDIRECT] 
2025-12-11 19:17:30,973 [ERROR] LogOutputStream:75 - [STDERR_REDIRECT] [Fatal Error] :1:1: Premature end of file.
2025-12-11 19:17:30,973 [ERROR] LogOutputStream:75 - [STDERR_REDIRECT] 
2025-12-11 19:17:31,015 [ERROR] LogOutputStream:75 - [STDERR_REDIRECT] [Fatal Error] :1:1: Premature end of file.
2025-12-11 19:17:31,015 [ERROR] LogOutputStream:75 - [STDERR_REDIRECT] 
2025-12-11 19:17:31,060 [ERROR] LogOutputStream:75 - [STDERR_REDIRECT] [Fatal Error] :1:1: Premature end of file.
2025-12-11 19:17:31,060 [ERROR] LogOutputStream:75 - [STDERR_REDIRECT] 
2025-12-11 19:17:31,101 [ERROR] LogOutputStream:75 - [STDERR_REDIRECT] [Fatal Error] :1:1: Premature end of file.
2025-12-11 19:17:31,101 [ERROR] LogOutputStream:75 - [STDERR_REDIRECT] 
2025-12-11 19:17:31,150 [ERROR] LogOutputStream:75 - [STDERR_REDIRECT] [Fatal Error] :1:1: Premature end of file.
2025-12-11 19:17:31,150 [ERROR] LogOutputStream:75 - [STDERR_REDIRECT] 
2025-12-11 19:17:31,191 [ERROR] LogOutputStream:75 - [STDERR_REDIRECT] [Fatal Error] :1:1: Premature end of file.
2025-12-11 19:17:31,191 [ERROR] LogOutputStream:75 - [STDERR_REDIRECT] 
2025-12-11 19:17:31,233 [ERROR] LogOutputStream:75 - [STDERR_REDIRECT] [Fatal Error] :1:1: Premature end of file.
2025-12-11 19:17:31,233 [ERROR] LogOutputStream:75 - [STDERR_REDIRECT] 
2025-12-11 19:17:31,282 [ERROR] LogOutputStream:75 - [STDERR_REDIRECT] [Fatal Error] :1:1: Premature end of file.
2025-12-11 19:17:31,282 [ERROR] LogOutputStream:75 - [STDERR_REDIRECT] 
2025-12-11 19:17:31,323 [ERROR] LogOutputStream:75 - [STDERR_REDIRECT] [Fatal Error] :1:1: Premature end of file.
2025-12-11 19:17:31,323 [ERROR] LogOutputStream:75 - [STDERR_REDIRECT] 
2025-12-11 19:17:31,372 [ERROR] LogOutputStream:75 - [STDERR_REDIRECT] [Fatal Error] :1:1: Premature end of file.
2025-12-11 19:17:31,372 [ERROR] LogOutputStream:75 - [STDERR_REDIRECT] 
2025-12-11 19:17:31,416 [ERROR] LogOutputStream:75 - [STDERR_REDIRECT] [Fatal Error] :1:1: Premature end of file.
2025-12-11 19:17:31,416 [ERROR] LogOutputStream:75 - [STDERR_REDIRECT] 
2025-12-11 19:17:31,454 [ERROR] LogOutputStream:75 - [STDERR_REDIRECT] [Fatal Error] :1:1: Premature end of file.
2025-12-11 19:17:31,454 [ERROR] LogOutputStream:75 - [STDERR_REDIRECT] 
2025-12-11 19:17:31,495 [ERROR] LogOutputStream:75 - [STDERR_REDIRECT] [Fatal Error] :1:1: Premature end of file.
2025-12-11 19:17:31,495 [ERROR] LogOutputStream:75 - [STDERR_REDIRECT] 
2025-12-11 19:17:31,544 [ERROR] LogOutputStream:75 - [STDERR_REDIRECT] [Fatal Error] :1:1: Premature end of file.
2025-12-11 19:17:31,544 [ERROR] LogOutputStream:75 - [STDERR_REDIRECT] 
2025-12-11 19:17:31,585 [ERROR] LogOutputStream:75 - [STDERR_REDIRECT] [Fatal Error] :1:1: Premature end of file.
2025-12-11 19:17:31,585 [ERROR] LogOutputStream:75 - [STDERR_REDIRECT] 
2025-12-11 19:17:31,631 [ERROR] LogOutputStream:75 - [STDERR_REDIRECT] [Fatal Error] :1:1: Premature end of file.
2025-12-11 19:17:31,631 [ERROR] LogOutputStream:75 - [STDERR_REDIRECT] 
2025-12-11 19:17:31,673 [ERROR] LogOutputStream:75 - [STDERR_REDIRECT] [Fatal Error] :1:1: Premature end of file.
2025-12-11 19:17:31,673 [ERROR] LogOutputStream:75 - [STDERR_REDIRECT] 
2025-12-11 19:17:31,716 [ERROR] LogOutputStream:75 - [STDERR_REDIRECT] [Fatal Error] :1:1: Premature end of file.
2025-12-11 19:17:31,716 [ERROR] LogOutputStream:75 - [STDERR_REDIRECT] 
2025-12-11 19:17:31,760 [ERROR] LogOutputStream:75 - [STDERR_REDIRECT] [Fatal Error] :1:1: Premature end of file.
2025-12-11 19:17:31,760 [ERROR] LogOutputStream:75 - [STDERR_REDIRECT] 
2025-12-11 19:17:31,796 [ERROR] LogOutputStream:75 - [STDERR_REDIRECT] [Fatal Error] :1:1: Premature end of file.
2025-12-11 19:17:31,796 [ERROR] LogOutputStream:75 - [STDERR_REDIRECT] 
2025-12-11 19:17:31,847 [ERROR] LogOutputStream:75 - [STDERR_REDIRECT] [Fatal Error] :1:1: Premature end of file.
2025-12-11 19:17:31,847 [ERROR] LogOutputStream:75 - [STDERR_REDIRECT] 
2025-12-11 19:17:31,894 [ERROR] LogOutputStream:75 - [STDERR_REDIRECT] [Fatal Error] :1:1: Premature end of file.
2025-12-11 19:17:31,894 [ERROR] LogOutputStream:75 - [STDERR_REDIRECT] 
2025-12-11 19:17:31,935 [ERROR] LogOutputStream:75 - [STDERR_REDIRECT] [Fatal Error] :1:1: Premature end of file.
2025-12-11 19:17:31,935 [ERROR] LogOutputStream:75 - [STDERR_REDIRECT] 
2025-12-11 19:17:31,980 [ERROR] LogOutputStream:75 - [STDERR_REDIRECT] [Fatal Error] :1:1: Premature end of file.
2025-12-11 19:17:31,980 [ERROR] LogOutputStream:75 - [STDERR_REDIRECT] 
2025-12-11 19:17:32,024 [ERROR] LogOutputStream:75 - [STDERR_REDIRECT] [Fatal Error] :1:1: Premature end of file.
2025-12-11 19:17:32,024 [ERROR] LogOutputStream:75 - [STDERR_REDIRECT] 
2025-12-11 19:17:32,072 [ERROR] LogOutputStream:75 - [STDERR_REDIRECT] [Fatal Error] :1:1: Premature end of file.
2025-12-11 19:17:32,072 [ERROR] LogOutputStream:75 - [STDERR_REDIRECT] 
2025-12-11 19:17:32,115 [ERROR] LogOutputStream:75 - [STDERR_REDIRECT] [Fatal Error] :1:1: Premature end of file.
2025-12-11 19:17:32,115 [ERROR] LogOutputStream:75 - [STDERR_REDIRECT] 
2025-12-11 19:17:32,158 [ERROR] LogOutputStream:75 - [STDERR_REDIRECT] [Fatal Error] :1:1: Premature end of file.
2025-12-11 19:17:32,158 [ERROR] LogOutputStream:75 - [STDERR_REDIRECT] 
2025-12-11 19:17:32,202 [ERROR] LogOutputStream:75 - [STDERR_REDIRECT] [Fatal Error] :1:1: Premature end of file.
2025-12-11 19:17:32,202 [ERROR] LogOutputStream:75 - [STDERR_REDIRECT] 
2025-12-11 19:17:32,245 [ERROR] LogOutputStream:75 - [STDERR_REDIRECT] [Fatal Error] :1:1: Premature end of file.
2025-12-11 19:17:32,245 [ERROR] LogOutputStream:75 - [STDERR_REDIRECT] 
2025-12-11 19:17:32,286 [ERROR] LogOutputStream:75 - [STDERR_REDIRECT] [Fatal Error] :1:1: Premature end of file.
2025-12-11 19:17:32,286 [ERROR] LogOutputStream:75 - [STDERR_REDIRECT] 
2025-12-11 19:17:32,329 [ERROR] LogOutputStream:75 - [STDERR_REDIRECT] [Fatal Error] :1:1: Premature end of file.
2025-12-11 19:17:32,329 [ERROR] LogOutputStream:75 - [STDERR_REDIRECT] 
2025-12-11 19:17:32,372 [ERROR] LogOutputStream:75 - [STDERR_REDIRECT] [Fatal Error] :1:1: Premature end of file.
2025-12-11 19:17:32,372 [ERROR] LogOutputStream:75 - [STDERR_REDIRECT] 
2025-12-11 19:17:32,415 [ERROR] LogOutputStream:75 - [STDERR_REDIRECT] [Fatal Error] :1:1: Premature end of file.
2025-12-11 19:17:32,415 [ERROR] LogOutputStream:75 - [STDERR_REDIRECT] 
2025-12-11 19:17:32,450 [ERROR] LogOutputStream:75 - [STDERR_REDIRECT] [Fatal Error] :1:1: Premature end of file.
2025-12-11 19:17:32,458 [ERROR] LogOutputStream:75 - [STDERR_REDIRECT] 
2025-12-11 19:17:32,499 [ERROR] LogOutputStream:75 - [STDERR_REDIRECT] [Fatal Error] :1:1: Premature end of file.
2025-12-11 19:17:32,499 [ERROR] LogOutputStream:75 - [STDERR_REDIRECT] 
2025-12-11 19:17:32,542 [ERROR] LogOutputStream:75 - [STDERR_REDIRECT] [Fatal Error] :1:1: Premature end of file.
2025-12-11 19:17:32,542 [ERROR] LogOutputStream:75 - [STDERR_REDIRECT] 
2025-12-11 19:17:32,582 [ERROR] LogOutputStream:75 - [STDERR_REDIRECT] [Fatal Error] :1:1: Premature end of file.
2025-12-11 19:17:32,582 [ERROR] LogOutputStream:75 - [STDERR_REDIRECT] 
2025-12-11 19:17:32,623 [ERROR] LogOutputStream:75 - [STDERR_REDIRECT] [Fatal Error] :1:1: Premature end of file.
2025-12-11 19:17:32,623 [ERROR] LogOutputStream:75 - [STDERR_REDIRECT] 
2025-12-11 19:17:32,664 [ERROR] LogOutputStream:75 - [STDERR_REDIRECT] [Fatal Error] :1:1: Premature end of file.
2025-12-11 19:17:32,664 [ERROR] LogOutputStream:75 - [STDERR_REDIRECT] 
2025-12-11 19:17:32,713 [ERROR] LogOutputStream:75 - [STDERR_REDIRECT] [Fatal Error] :1:1: Premature end of file.
2025-12-11 19:17:32,713 [ERROR] LogOutputStream:75 - [STDERR_REDIRECT] 
2025-12-11 19:17:32,754 [ERROR] LogOutputStream:75 - [STDERR_REDIRECT] [Fatal Error] :1:1: Premature end of file.
2025-12-11 19:17:32,754 [ERROR] LogOutputStream:75 - [STDERR_REDIRECT] 
2025-12-11 19:17:32,795 [ERROR] LogOutputStream:75 - [STDERR_REDIRECT] [Fatal Error] :1:1: Premature end of file.
2025-12-11 19:17:32,795 [ERROR] LogOutputStream:75 - [STDERR_REDIRECT] 
2025-12-11 19:17:32,836 [ERROR] LogOutputStream:75 - [STDERR_REDIRECT] [Fatal Error] :1:1: Premature end of file.
2025-12-11 19:17:32,836 [ERROR] LogOutputStream:75 - [STDERR_REDIRECT] 
2025-12-11 19:17:32,877 [ERROR] LogOutputStream:75 - [STDERR_REDIRECT] [Fatal Error] :1:1: Premature end of file.
2025-12-11 19:17:32,877 [ERROR] LogOutputStream:75 - [STDERR_REDIRECT] 
2025-12-11 19:17:32,917 [ERROR] LogOutputStream:75 - [STDERR_REDIRECT] [Fatal Error] :1:1: Premature end of file.
2025-12-11 19:17:32,917 [ERROR] LogOutputStream:75 - [STDERR_REDIRECT] 
2025-12-11 19:17:32,966 [ERROR] LogOutputStream:75 - [STDERR_REDIRECT] [Fatal Error] :1:1: Premature end of file.
2025-12-11 19:17:32,968 [ERROR] LogOutputStream:75 - [STDERR_REDIRECT] 
2025-12-11 19:17:33,007 [ERROR] LogOutputStream:75 - [STDERR_REDIRECT] [Fatal Error] :1:1: Premature end of file.
2025-12-11 19:17:33,007 [ERROR] LogOutputStream:75 - [STDERR_REDIRECT] 
2025-12-11 19:17:33,048 [ERROR] LogOutputStream:75 - [STDERR_REDIRECT] [Fatal Error] :1:1: Premature end of file.
2025-12-11 19:17:33,048 [ERROR] LogOutputStream:75 - [STDERR_REDIRECT] 
2025-12-11 19:17:33,098 [ERROR] LogOutputStream:75 - [STDERR_REDIRECT] [Fatal Error] :1:1: Premature end of file.
2025-12-11 19:17:33,098 [ERROR] LogOutputStream:75 - [STDERR_REDIRECT] 
2025-12-11 19:17:33,142 [ERROR] LogOutputStream:75 - [STDERR_REDIRECT] [Fatal Error] :1:1: Premature end of file.
2025-12-11 19:17:33,142 [ERROR] LogOutputStream:75 - [STDERR_REDIRECT] 
2025-12-11 19:17:33,181 [ERROR] LogOutputStream:75 - [STDERR_REDIRECT] [Fatal Error] :1:1: Premature end of file.
2025-12-11 19:17:33,181 [ERROR] LogOutputStream:75 - [STDERR_REDIRECT] 
2025-12-11 19:17:33,222 [ERROR] LogOutputStream:75 - [STDERR_REDIRECT] [Fatal Error] :1:1: Premature end of file.
2025-12-11 19:17:33,222 [ERROR] LogOutputStream:75 - [STDERR_REDIRECT] 
2025-12-11 19:17:33,271 [ERROR] LogOutputStream:75 - [STDERR_REDIRECT] [Fatal Error] :1:1: Premature end of file.
2025-12-11 19:17:33,271 [ERROR] LogOutputStream:75 - [STDERR_REDIRECT] 
2025-12-11 19:17:33,312 [ERROR] LogOutputStream:75 - [STDERR_REDIRECT] [Fatal Error] :1:1: Premature end of file.
2025-12-11 19:17:33,312 [ERROR] LogOutputStream:75 - [STDERR_REDIRECT] 
2025-12-11 19:17:33,361 [ERROR] LogOutputStream:75 - [STDERR_REDIRECT] [Fatal Error] :1:1: Premature end of file.
2025-12-11 19:17:33,361 [ERROR] LogOutputStream:75 - [STDERR_REDIRECT] 
2025-12-11 19:17:33,402 [ERROR] LogOutputStream:75 - [STDERR_REDIRECT] [Fatal Error] :1:1: Premature end of file.
2025-12-11 19:17:33,402 [ERROR] LogOutputStream:75 - [STDERR_REDIRECT] 
2025-12-11 19:17:33,451 [ERROR] LogOutputStream:75 - [STDERR_REDIRECT] [Fatal Error] :1:1: Premature end of file.
2025-12-11 19:17:33,451 [ERROR] LogOutputStream:75 - [STDERR_REDIRECT] 
2025-12-11 19:17:33,493 [ERROR] LogOutputStream:75 - [STDERR_REDIRECT] [Fatal Error] :1:1: Premature end of file.
2025-12-11 19:17:33,493 [ERROR] LogOutputStream:75 - [STDERR_REDIRECT] 
2025-12-11 19:17:33,535 [ERROR] LogOutputStream:75 - [STDERR_REDIRECT] [Fatal Error] :1:1: Premature end of file.
2025-12-11 19:17:33,535 [ERROR] LogOutputStream:75 - [STDERR_REDIRECT] 
2025-12-11 19:17:33,573 [ERROR] LogOutputStream:75 - [STDERR_REDIRECT] [Fatal Error] :1:1: Premature end of file.
2025-12-11 19:17:33,573 [ERROR] LogOutputStream:75 - [STDERR_REDIRECT] 
2025-12-11 19:17:33,614 [ERROR] LogOutputStream:75 - [STDERR_REDIRECT] [Fatal Error] :1:1: Premature end of file.
2025-12-11 19:17:33,614 [ERROR] LogOutputStream:75 - [STDERR_REDIRECT] 
2025-12-11 19:17:33,663 [ERROR] LogOutputStream:75 - [STDERR_REDIRECT] [Fatal Error] :1:1: Premature end of file.
2025-12-11 19:17:33,663 [ERROR] LogOutputStream:75 - [STDERR_REDIRECT] 
2025-12-11 19:17:33,704 [ERROR] LogOutputStream:75 - [STDERR_REDIRECT] [Fatal Error] :1:1: Premature end of file.
2025-12-11 19:17:33,704 [ERROR] LogOutputStream:75 - [STDERR_REDIRECT] 
2025-12-11 19:17:33,746 [ERROR] LogOutputStream:75 - [STDERR_REDIRECT] [Fatal Error] :1:1: Premature end of file.
2025-12-11 19:17:33,746 [ERROR] LogOutputStream:75 - [STDERR_REDIRECT] 
2025-12-11 19:17:33,787 [ERROR] LogOutputStream:75 - [STDERR_REDIRECT] [Fatal Error] :1:1: Premature end of file.
2025-12-11 19:17:33,787 [ERROR] LogOutputStream:75 - [STDERR_REDIRECT] 
2025-12-11 19:17:33,837 [ERROR] LogOutputStream:75 - [STDERR_REDIRECT] [Fatal Error] :1:1: Premature end of file.
2025-12-11 19:17:33,837 [ERROR] LogOutputStream:75 - [STDERR_REDIRECT] 
2025-12-11 19:17:33,884 [ERROR] LogOutputStream:75 - [STDERR_REDIRECT] [Fatal Error] :1:1: Premature end of file.
2025-12-11 19:17:33,884 [ERROR] LogOutputStream:75 - [STDERR_REDIRECT] 
2025-12-11 19:17:33,926 [ERROR] LogOutputStream:75 - [STDERR_REDIRECT] [Fatal Error] :1:1: Premature end of file.
2025-12-11 19:17:33,926 [ERROR] LogOutputStream:75 - [STDERR_REDIRECT] 
2025-12-11 19:17:33,966 [ERROR] LogOutputStream:75 - [STDERR_REDIRECT] [Fatal Error] :1:1: Premature end of file.
2025-12-11 19:17:33,966 [ERROR] LogOutputStream:75 - [STDERR_REDIRECT] 
2025-12-11 19:17:34,015 [ERROR] LogOutputStream:75 - [STDERR_REDIRECT] [Fatal Error] :1:1: Premature end of file.
2025-12-11 19:17:34,015 [ERROR] LogOutputStream:75 - [STDERR_REDIRECT] 
2025-12-11 19:17:34,056 [ERROR] LogOutputStream:75 - [STDERR_REDIRECT] [Fatal Error] :1:1: Premature end of file.
2025-12-11 19:17:34,056 [ERROR] LogOutputStream:75 - [STDERR_REDIRECT] 
2025-12-11 19:17:34,096 [ERROR] LogOutputStream:75 - [STDERR_REDIRECT] [Fatal Error] :1:1: Premature end of file.
2025-12-11 19:17:34,096 [ERROR] LogOutputStream:75 - [STDERR_REDIRECT] 
2025-12-11 19:17:34,145 [ERROR] LogOutputStream:75 - [STDERR_REDIRECT] [Fatal Error] :1:1: Premature end of file.
2025-12-11 19:17:34,145 [ERROR] LogOutputStream:75 - [STDERR_REDIRECT] 
2025-12-11 19:17:34,189 [ERROR] LogOutputStream:75 - [STDERR_REDIRECT] [Fatal Error] :1:1: Premature end of file.
2025-12-11 19:17:34,189 [ERROR] LogOutputStream:75 - [STDERR_REDIRECT] 
2025-12-11 19:17:34,235 [ERROR] LogOutputStream:75 - [STDERR_REDIRECT] [Fatal Error] :1:1: Premature end of file.
2025-12-11 19:17:34,235 [ERROR] LogOutputStream:75 - [STDERR_REDIRECT] 
2025-12-11 19:17:34,275 [ERROR] LogOutputStream:75 - [STDERR_REDIRECT] [Fatal Error] :1:1: Premature end of file.
2025-12-11 19:17:34,275 [ERROR] LogOutputStream:75 - [STDERR_REDIRECT] 
2025-12-11 19:17:34,323 [ERROR] LogOutputStream:75 - [STDERR_REDIRECT] [Fatal Error] :1:1: Premature end of file.
2025-12-11 19:17:34,323 [ERROR] LogOutputStream:75 - [STDERR_REDIRECT] 
2025-12-11 19:17:34,372 [ERROR] LogOutputStream:75 - [STDERR_REDIRECT] [Fatal Error] :1:1: Premature end of file.
2025-12-11 19:17:34,372 [ERROR] LogOutputStream:75 - [STDERR_REDIRECT] 
2025-12-11 19:17:34,413 [ERROR] LogOutputStream:75 - [STDERR_REDIRECT] [Fatal Error] :1:1: Premature end of file.
2025-12-11 19:17:34,413 [ERROR] LogOutputStream:75 - [STDERR_REDIRECT] 
2025-12-11 19:17:34,458 [ERROR] LogOutputStream:75 - [STDERR_REDIRECT] [Fatal Error] :1:1: Premature end of file.
2025-12-11 19:17:34,459 [ERROR] LogOutputStream:75 - [STDERR_REDIRECT] 
2025-12-11 19:17:34,496 [ERROR] LogOutputStream:75 - [STDERR_REDIRECT] [Fatal Error] :1:1: Premature end of file.
2025-12-11 19:17:34,496 [ERROR] LogOutputStream:75 - [STDERR_REDIRECT] 
2025-12-11 19:17:34,545 [ERROR] LogOutputStream:75 - [STDERR_REDIRECT] [Fatal Error] :1:1: Premature end of file.
2025-12-11 19:17:34,545 [ERROR] LogOutputStream:75 - [STDERR_REDIRECT] 
2025-12-11 19:17:34,586 [ERROR] LogOutputStream:75 - [STDERR_REDIRECT] [Fatal Error] :1:1: Premature end of file.
2025-12-11 19:17:34,586 [ERROR] LogOutputStream:75 - [STDERR_REDIRECT] 
2025-12-11 19:17:34,636 [ERROR] LogOutputStream:75 - [STDERR_REDIRECT] [Fatal Error] :1:1: Premature end of file.
2025-12-11 19:17:34,636 [ERROR] LogOutputStream:75 - [STDERR_REDIRECT] 
2025-12-11 19:17:34,681 [ERROR] LogOutputStream:75 - [STDERR_REDIRECT] [Fatal Error] :1:1: Premature end of file.
2025-12-11 19:17:34,683 [ERROR] LogOutputStream:75 - [STDERR_REDIRECT] 
2025-12-11 19:17:34,719 [ERROR] LogOutputStream:75 - [STDERR_REDIRECT] [Fatal Error] :1:1: Premature end of file.
2025-12-11 19:17:34,719 [ERROR] LogOutputStream:75 - [STDERR_REDIRECT] 
2025-12-11 19:17:34,769 [ERROR] LogOutputStream:75 - [STDERR_REDIRECT] [Fatal Error] :1:1: Premature end of file.
2025-12-11 19:17:34,769 [ERROR] LogOutputStream:75 - [STDERR_REDIRECT] 
2025-12-11 19:17:34,810 [ERROR] LogOutputStream:75 - [STDERR_REDIRECT] [Fatal Error] :1:1: Premature end of file.
2025-12-11 19:17:34,810 [ERROR] LogOutputStream:75 - [STDERR_REDIRECT] 
2025-12-11 19:17:34,859 [ERROR] LogOutputStream:75 - [STDERR_REDIRECT] [Fatal Error] :1:1: Premature end of file.
2025-12-11 19:17:34,859 [ERROR] LogOutputStream:75 - [STDERR_REDIRECT] 
2025-12-11 19:17:34,901 [ERROR] LogOutputStream:75 - [STDERR_REDIRECT] [Fatal Error] :1:1: Premature end of file.
2025-12-11 19:17:34,901 [ERROR] LogOutputStream:75 - [STDERR_REDIRECT] 
2025-12-11 19:17:34,942 [ERROR] LogOutputStream:75 - [STDERR_REDIRECT] [Fatal Error] :1:1: Premature end of file.
2025-12-11 19:17:34,942 [ERROR] LogOutputStream:75 - [STDERR_REDIRECT] 
2025-12-11 19:17:34,982 [ERROR] LogOutputStream:75 - [STDERR_REDIRECT] [Fatal Error] :1:1: Premature end of file.
2025-12-11 19:17:34,990 [ERROR] LogOutputStream:75 - [STDERR_REDIRECT] 
2025-12-11 19:17:35,031 [ERROR] LogOutputStream:75 - [STDERR_REDIRECT] [Fatal Error] :1:1: Premature end of file.
2025-12-11 19:17:35,031 [ERROR] LogOutputStream:75 - [STDERR_REDIRECT] 
2025-12-11 19:17:35,071 [ERROR] LogOutputStream:75 - [STDERR_REDIRECT] [Fatal Error] :1:1: Premature end of file.
2025-12-11 19:17:35,071 [ERROR] LogOutputStream:75 - [STDERR_REDIRECT] 
2025-12-11 19:17:35,112 [ERROR] LogOutputStream:75 - [STDERR_REDIRECT] [Fatal Error] :1:1: Premature end of file.
2025-12-11 19:17:35,112 [ERROR] LogOutputStream:75 - [STDERR_REDIRECT] 
2025-12-11 19:17:35,162 [ERROR] LogOutputStream:75 - [STDERR_REDIRECT] [Fatal Error] :1:1: Premature end of file.
2025-12-11 19:17:35,162 [ERROR] LogOutputStream:75 - [STDERR_REDIRECT] 
2025-12-11 19:17:35,202 [ERROR] LogOutputStream:75 - [STDERR_REDIRECT] [Fatal Error] :1:1: Premature end of file.
2025-12-11 19:17:35,202 [ERROR] LogOutputStream:75 - [STDERR_REDIRECT] 
2025-12-11 19:17:35,243 [ERROR] LogOutputStream:75 - [STDERR_REDIRECT] [Fatal Error] :1:1: Premature end of file.
2025-12-11 19:17:35,243 [ERROR] LogOutputStream:75 - [STDERR_REDIRECT] 
2025-12-11 19:17:35,291 [ERROR] LogOutputStream:75 - [STDERR_REDIRECT] [Fatal Error] :1:1: Premature end of file.
2025-12-11 19:17:35,291 [ERROR] LogOutputStream:75 - [STDERR_REDIRECT] 
2025-12-11 19:17:35,337 [ERROR] LogOutputStream:75 - [STDERR_REDIRECT] [Fatal Error] :1:1: Premature end of file.
2025-12-11 19:17:35,337 [ERROR] LogOutputStream:75 - [STDERR_REDIRECT] 
2025-12-11 19:17:35,372 [ERROR] LogOutputStream:75 - [STDERR_REDIRECT] [Fatal Error] :1:1: Premature end of file.
2025-12-11 19:17:35,372 [ERROR] LogOutputStream:75 - [STDERR_REDIRECT] 
2025-12-11 19:17:35,421 [ERROR] LogOutputStream:75 - [STDERR_REDIRECT] [Fatal Error] :1:1: Premature end of file.
2025-12-11 19:17:35,421 [ERROR] LogOutputStream:75 - [STDERR_REDIRECT] 
2025-12-11 19:17:35,462 [ERROR] LogOutputStream:75 - [STDERR_REDIRECT] [Fatal Error] :1:1: Premature end of file.
2025-12-11 19:17:35,462 [ERROR] LogOutputStream:75 - [STDERR_REDIRECT] 
2025-12-11 19:17:35,509 [ERROR] LogOutputStream:75 - [STDERR_REDIRECT] [Fatal Error] :1:1: Premature end of file.
2025-12-11 19:17:35,510 [ERROR] LogOutputStream:75 - [STDERR_REDIRECT] 
2025-12-11 19:17:35,552 [ERROR] LogOutputStream:75 - [STDERR_REDIRECT] [Fatal Error] :1:1: Premature end of file.
2025-12-11 19:17:35,552 [ERROR] LogOutputStream:75 - [STDERR_REDIRECT] 
2025-12-11 19:17:35,593 [ERROR] LogOutputStream:75 - [STDERR_REDIRECT] [Fatal Error] :1:1: Premature end of file.
2025-12-11 19:17:35,593 [ERROR] LogOutputStream:75 - [STDERR_REDIRECT] 
2025-12-11 19:17:35,642 [ERROR] LogOutputStream:75 - [STDERR_REDIRECT] [Fatal Error] :1:1: Premature end of file.
2025-12-11 19:17:35,642 [ERROR] LogOutputStream:75 - [STDERR_REDIRECT] 
2025-12-11 19:17:35,683 [ERROR] LogOutputStream:75 - [STDERR_REDIRECT] [Fatal Error] :1:1: Premature end of file.
2025-12-11 19:17:35,683 [ERROR] LogOutputStream:75 - [STDERR_REDIRECT] 
2025-12-11 19:17:35,740 [ERROR] LogOutputStream:75 - [STDERR_REDIRECT] [Fatal Error] :1:1: Premature end of file.
2025-12-11 19:17:35,740 [ERROR] LogOutputStream:75 - [STDERR_REDIRECT] 
2025-12-11 19:17:35,789 [ERROR] LogOutputStream:75 - [STDERR_REDIRECT] [Fatal Error] :1:1: Premature end of file.
2025-12-11 19:17:35,789 [ERROR] LogOutputStream:75 - [STDERR_REDIRECT] 
2025-12-11 19:17:35,829 [ERROR] LogOutputStream:75 - [STDERR_REDIRECT] [Fatal Error] :1:1: Premature end of file.
2025-12-11 19:17:35,829 [ERROR] LogOutputStream:75 - [STDERR_REDIRECT] 
2025-12-11 19:17:35,878 [ERROR] LogOutputStream:75 - [STDERR_REDIRECT] [Fatal Error] :1:1: Premature end of file.
2025-12-11 19:17:35,878 [ERROR] LogOutputStream:75 - [STDERR_REDIRECT] 
2025-12-11 19:17:35,928 [ERROR] LogOutputStream:75 - [STDERR_REDIRECT] [Fatal Error] :1:1: Premature end of file.
2025-12-11 19:17:35,928 [ERROR] LogOutputStream:75 - [STDERR_REDIRECT] 
2025-12-11 19:17:35,976 [ERROR] LogOutputStream:75 - [STDERR_REDIRECT] [Fatal Error] :1:1: Premature end of file.
2025-12-11 19:17:35,976 [ERROR] LogOutputStream:75 - [STDERR_REDIRECT] 
2025-12-11 19:17:36,017 [ERROR] LogOutputStream:75 - [STDERR_REDIRECT] [Fatal Error] :1:1: Premature end of file.
2025-12-11 19:17:36,017 [ERROR] LogOutputStream:75 - [STDERR_REDIRECT] 
2025-12-11 19:17:36,066 [ERROR] LogOutputStream:75 - [STDERR_REDIRECT] [Fatal Error] :1:1: Premature end of file.
2025-12-11 19:17:36,066 [ERROR] LogOutputStream:75 - [STDERR_REDIRECT] 
2025-12-11 19:17:36,115 [ERROR] LogOutputStream:75 - [STDERR_REDIRECT] [Fatal Error] :1:1: Premature end of file.
2025-12-11 19:17:36,115 [ERROR] LogOutputStream:75 - [STDERR_REDIRECT] 
2025-12-11 19:17:36,163 [ERROR] LogOutputStream:75 - [STDERR_REDIRECT] [Fatal Error] :1:1: Premature end of file.
2025-12-11 19:17:36,163 [ERROR] LogOutputStream:75 - [STDERR_REDIRECT] 
2025-12-11 19:17:36,205 [ERROR] LogOutputStream:75 - [STDERR_REDIRECT] [Fatal Error] :1:1: Premature end of file.
2025-12-11 19:17:36,205 [ERROR] LogOutputStream:75 - [STDERR_REDIRECT] 
2025-12-11 19:17:36,255 [ERROR] LogOutputStream:75 - [STDERR_REDIRECT] [Fatal Error] :1:1: Premature end of file.
2025-12-11 19:17:36,255 [ERROR] LogOutputStream:75 - [STDERR_REDIRECT] 
2025-12-11 19:17:36,295 [ERROR] LogOutputStream:75 - [STDERR_REDIRECT] [Fatal Error] :1:1: Premature end of file.
2025-12-11 19:17:36,295 [ERROR] LogOutputStream:75 - [STDERR_REDIRECT] 
2025-12-11 19:17:36,346 [ERROR] LogOutputStream:75 - [STDERR_REDIRECT] [Fatal Error] :1:1: Premature end of file.
2025-12-11 19:17:36,346 [ERROR] LogOutputStream:75 - [STDERR_REDIRECT] 
2025-12-11 19:17:36,386 [ERROR] LogOutputStream:75 - [STDERR_REDIRECT] [Fatal Error] :1:1: Premature end of file.
2025-12-11 19:17:36,386 [ERROR] LogOutputStream:75 - [STDERR_REDIRECT] 
2025-12-11 19:17:36,439 [ERROR] LogOutputStream:75 - [STDERR_REDIRECT] [Fatal Error] :1:1: Premature end of file.
2025-12-11 19:17:36,439 [ERROR] LogOutputStream:75 - [STDERR_REDIRECT] 
2025-12-11 19:17:36,483 [ERROR] LogOutputStream:75 - [STDERR_REDIRECT] [Fatal Error] :1:1: Premature end of file.
2025-12-11 19:17:36,483 [ERROR] LogOutputStream:75 - [STDERR_REDIRECT] 
2025-12-11 19:17:36,532 [ERROR] LogOutputStream:75 - [STDERR_REDIRECT] [Fatal Error] :1:1: Premature end of file.
2025-12-11 19:17:36,532 [ERROR] LogOutputStream:75 - [STDERR_REDIRECT] 
2025-12-11 19:17:36,581 [ERROR] LogOutputStream:75 - [STDERR_REDIRECT] [Fatal Error] :1:1: Premature end of file.
2025-12-11 19:17:36,581 [ERROR] LogOutputStream:75 - [STDERR_REDIRECT] 
2025-12-11 19:17:36,622 [ERROR] LogOutputStream:75 - [STDERR_REDIRECT] [Fatal Error] :1:1: Premature end of file.
2025-12-11 19:17:36,622 [ERROR] LogOutputStream:75 - [STDERR_REDIRECT] 
2025-12-11 19:17:36,671 [ERROR] LogOutputStream:75 - [STDERR_REDIRECT] [Fatal Error] :1:1: Premature end of file.
2025-12-11 19:17:36,671 [ERROR] LogOutputStream:75 - [STDERR_REDIRECT] 
2025-12-11 19:17:36,719 [ERROR] LogOutputStream:75 - [STDERR_REDIRECT] [Fatal Error] :1:1: Premature end of file.
2025-12-11 19:17:36,719 [ERROR] LogOutputStream:75 - [STDERR_REDIRECT] 
2025-12-11 19:17:36,773 [ERROR] LogOutputStream:75 - [STDERR_REDIRECT] [Fatal Error] :1:1: Premature end of file.
2025-12-11 19:17:36,773 [ERROR] LogOutputStream:75 - [STDERR_REDIRECT] 
2025-12-11 19:17:36,817 [ERROR] LogOutputStream:75 - [STDERR_REDIRECT] [Fatal Error] :1:1: Premature end of file.
2025-12-11 19:17:36,817 [ERROR] LogOutputStream:75 - [STDERR_REDIRECT] 
2025-12-11 19:17:36,874 [ERROR] LogOutputStream:75 - [STDERR_REDIRECT] [Fatal Error] :1:1: Premature end of file.
2025-12-11 19:17:36,874 [ERROR] LogOutputStream:75 - [STDERR_REDIRECT] 
2025-12-11 19:17:36,932 [ERROR] LogOutputStream:75 - [STDERR_REDIRECT] [Fatal Error] :1:1: Premature end of file.
2025-12-11 19:17:36,932 [ERROR] LogOutputStream:75 - [STDERR_REDIRECT] 
2025-12-11 19:17:36,972 [ERROR] LogOutputStream:75 - [STDERR_REDIRECT] [Fatal Error] :1:1: Premature end of file.
2025-12-11 19:17:36,972 [ERROR] LogOutputStream:75 - [STDERR_REDIRECT] 
2025-12-11 19:17:37,022 [ERROR] LogOutputStream:75 - [STDERR_REDIRECT] [Fatal Error] :1:1: Premature end of file.
2025-12-11 19:17:37,022 [ERROR] LogOutputStream:75 - [STDERR_REDIRECT] 
2025-12-11 19:17:37,063 [ERROR] LogOutputStream:75 - [STDERR_REDIRECT] [Fatal Error] :1:1: Premature end of file.
2025-12-11 19:17:37,063 [ERROR] LogOutputStream:75 - [STDERR_REDIRECT] 
2025-12-11 19:17:37,112 [ERROR] LogOutputStream:75 - [STDERR_REDIRECT] [Fatal Error] :1:1: Premature end of file.
2025-12-11 19:17:37,112 [ERROR] LogOutputStream:75 - [STDERR_REDIRECT] 
2025-12-11 19:17:37,162 [ERROR] LogOutputStream:75 - [STDERR_REDIRECT] [Fatal Error] :1:1: Premature end of file.
2025-12-11 19:17:37,162 [ERROR] LogOutputStream:75 - [STDERR_REDIRECT] 
2025-12-11 19:17:37,210 [ERROR] LogOutputStream:75 - [STDERR_REDIRECT] [Fatal Error] :1:1: Premature end of file.
2025-12-11 19:17:37,210 [ERROR] LogOutputStream:75 - [STDERR_REDIRECT] 
2025-12-11 19:17:37,251 [ERROR] LogOutputStream:75 - [STDERR_REDIRECT] [Fatal Error] :1:1: Premature end of file.
2025-12-11 19:17:37,251 [ERROR] LogOutputStream:75 - [STDERR_REDIRECT] 
2025-12-11 19:17:37,293 [ERROR] LogOutputStream:75 - [STDERR_REDIRECT] [Fatal Error] :1:1: Premature end of file.
2025-12-11 19:17:37,293 [ERROR] LogOutputStream:75 - [STDERR_REDIRECT] 
2025-12-11 19:17:37,342 [ERROR] LogOutputStream:75 - [STDERR_REDIRECT] [Fatal Error] :1:1: Premature end of file.
2025-12-11 19:17:37,342 [ERROR] LogOutputStream:75 - [STDERR_REDIRECT] 
2025-12-11 19:17:37,382 [ERROR] LogOutputStream:75 - [STDERR_REDIRECT] [Fatal Error] :1:1: Premature end of file.
2025-12-11 19:17:37,382 [ERROR] LogOutputStream:75 - [STDERR_REDIRECT] 
2025-12-11 19:17:37,423 [ERROR] LogOutputStream:75 - [STDERR_REDIRECT] [Fatal Error] :1:1: Premature end of file.
2025-12-11 19:17:37,423 [ERROR] LogOutputStream:75 - [STDERR_REDIRECT] 
2025-12-11 19:17:37,472 [ERROR] LogOutputStream:75 - [STDERR_REDIRECT] [Fatal Error] :1:1: Premature end of file.
2025-12-11 19:17:37,472 [ERROR] LogOutputStream:75 - [STDERR_REDIRECT] 
2025-12-11 19:17:37,522 [ERROR] LogOutputStream:75 - [STDERR_REDIRECT] [Fatal Error] :1:1: Premature end of file.
2025-12-11 19:17:37,522 [ERROR] LogOutputStream:75 - [STDERR_REDIRECT] 
2025-12-11 19:17:37,569 [ERROR] LogOutputStream:75 - [STDERR_REDIRECT] [Fatal Error] :1:1: Premature end of file.
2025-12-11 19:17:37,569 [ERROR] LogOutputStream:75 - [STDERR_REDIRECT] 
2025-12-11 19:17:37,617 [ERROR] LogOutputStream:75 - [STDERR_REDIRECT] [Fatal Error] :1:1: Premature end of file.
2025-12-11 19:17:37,617 [ERROR] LogOutputStream:75 - [STDERR_REDIRECT] 
2025-12-11 19:17:37,658 [ERROR] LogOutputStream:75 - [STDERR_REDIRECT] [Fatal Error] :1:1: Premature end of file.
2025-12-11 19:17:37,658 [ERROR] LogOutputStream:75 - [STDERR_REDIRECT] 
2025-12-11 19:17:37,715 [ERROR] LogOutputStream:75 - [STDERR_REDIRECT] [Fatal Error] :1:1: Premature end of file.
2025-12-11 19:17:37,715 [ERROR] LogOutputStream:75 - [STDERR_REDIRECT] 
2025-12-11 19:17:37,779 [ERROR] LogOutputStream:75 - [STDERR_REDIRECT] [Fatal Error] :1:1: Premature end of file.
2025-12-11 19:17:37,779 [ERROR] LogOutputStream:75 - [STDERR_REDIRECT] 
2025-12-11 19:17:37,832 [ERROR] LogOutputStream:75 - [STDERR_REDIRECT] [Fatal Error] :1:1: Premature end of file.
2025-12-11 19:17:37,834 [ERROR] LogOutputStream:75 - [STDERR_REDIRECT] 
2025-12-11 19:17:37,886 [ERROR] LogOutputStream:75 - [STDERR_REDIRECT] [Fatal Error] :1:1: Premature end of file.
2025-12-11 19:17:37,886 [ERROR] LogOutputStream:75 - [STDERR_REDIRECT] 
2025-12-11 19:17:37,946 [ERROR] LogOutputStream:75 - [STDERR_REDIRECT] [Fatal Error] :1:1: Premature end of file.
2025-12-11 19:17:37,946 [ERROR] LogOutputStream:75 - [STDERR_REDIRECT] 
2025-12-11 19:17:38,011 [ERROR] LogOutputStream:75 - [STDERR_REDIRECT] [Fatal Error] :1:1: Premature end of file.
2025-12-11 19:17:38,013 [ERROR] LogOutputStream:75 - [STDERR_REDIRECT] 
2025-12-11 19:17:38,057 [ERROR] LogOutputStream:75 - [STDERR_REDIRECT] [Fatal Error] :1:1: Premature end of file.
2025-12-11 19:17:38,057 [ERROR] LogOutputStream:75 - [STDERR_REDIRECT] 
2025-12-11 19:17:38,115 [ERROR] LogOutputStream:75 - [STDERR_REDIRECT] [Fatal Error] :1:1: Premature end of file.
2025-12-11 19:17:38,115 [ERROR] LogOutputStream:75 - [STDERR_REDIRECT] 
2025-12-11 19:17:38,160 [ERROR] LogOutputStream:75 - [STDERR_REDIRECT] [Fatal Error] :1:1: Premature end of file.
2025-12-11 19:17:38,160 [ERROR] LogOutputStream:75 - [STDERR_REDIRECT] 
2025-12-11 19:17:38,207 [ERROR] LogOutputStream:75 - [STDERR_REDIRECT] [Fatal Error] :1:1: Premature end of file.
2025-12-11 19:17:38,207 [ERROR] LogOutputStream:75 - [STDERR_REDIRECT] 
2025-12-11 19:17:38,261 [ERROR] LogOutputStream:75 - [STDERR_REDIRECT] [Fatal Error] :1:1: Premature end of file.
2025-12-11 19:17:38,261 [ERROR] LogOutputStream:75 - [STDERR_REDIRECT] 
2025-12-11 19:17:38,303 [ERROR] LogOutputStream:75 - [STDERR_REDIRECT] [Fatal Error] :1:1: Premature end of file.
2025-12-11 19:17:38,303 [ERROR] LogOutputStream:75 - [STDERR_REDIRECT] 
2025-12-11 19:17:38,352 [ERROR] LogOutputStream:75 - [STDERR_REDIRECT] [Fatal Error] :1:1: Premature end of file.
2025-12-11 19:17:38,352 [ERROR] LogOutputStream:75 - [STDERR_REDIRECT] 
2025-12-11 19:17:38,401 [ERROR] LogOutputStream:75 - [STDERR_REDIRECT] [Fatal Error] :1:1: Premature end of file.
2025-12-11 19:17:38,401 [ERROR] LogOutputStream:75 - [STDERR_REDIRECT] 
2025-12-11 19:17:38,454 [ERROR] LogOutputStream:75 - [STDERR_REDIRECT] [Fatal Error] :1:1: Premature end of file.
2025-12-11 19:17:38,454 [ERROR] LogOutputStream:75 - [STDERR_REDIRECT] 
2025-12-11 19:17:38,529 [ERROR] LogOutputStream:75 - [STDERR_REDIRECT] [Fatal Error] :1:1: Premature end of file.
2025-12-11 19:17:38,529 [ERROR] LogOutputStream:75 - [STDERR_REDIRECT] 
2025-12-11 19:17:38,581 [ERROR] LogOutputStream:75 - [STDERR_REDIRECT] [Fatal Error] :1:1: Premature end of file.
2025-12-11 19:17:38,581 [ERROR] LogOutputStream:75 - [STDERR_REDIRECT] 
2025-12-11 19:17:38,656 [ERROR] LogOutputStream:75 - [STDERR_REDIRECT] [Fatal Error] :1:1: Premature end of file.
2025-12-11 19:17:38,656 [ERROR] LogOutputStream:75 - [STDERR_REDIRECT] 
2025-12-11 19:17:38,733 [ERROR] LogOutputStream:75 - [STDERR_REDIRECT] [Fatal Error] :1:1: Premature end of file.
2025-12-11 19:17:38,733 [ERROR] LogOutputStream:75 - [STDERR_REDIRECT] 
2025-12-11 19:17:38,780 [ERROR] LogOutputStream:75 - [STDERR_REDIRECT] [Fatal Error] :1:1: Premature end of file.
2025-12-11 19:17:38,780 [ERROR] LogOutputStream:75 - [STDERR_REDIRECT] 
2025-12-11 19:17:38,829 [ERROR] LogOutputStream:75 - [STDERR_REDIRECT] [Fatal Error] :1:1: Premature end of file.
2025-12-11 19:17:38,829 [ERROR] LogOutputStream:75 - [STDERR_REDIRECT] 
2025-12-11 19:17:38,878 [ERROR] LogOutputStream:75 - [STDERR_REDIRECT] [Fatal Error] :1:1: Premature end of file.
2025-12-11 19:17:38,878 [ERROR] LogOutputStream:75 - [STDERR_REDIRECT] 
2025-12-11 19:17:38,920 [ERROR] LogOutputStream:75 - [STDERR_REDIRECT] [Fatal Error] :1:1: Premature end of file.
2025-12-11 19:17:38,920 [ERROR] LogOutputStream:75 - [STDERR_REDIRECT] 
2025-12-11 19:17:38,969 [ERROR] LogOutputStream:75 - [STDERR_REDIRECT] [Fatal Error] :1:1: Premature end of file.
2025-12-11 19:17:38,969 [ERROR] LogOutputStream:75 - [STDERR_REDIRECT] 
2025-12-11 19:17:39,009 [ERROR] LogOutputStream:75 - [STDERR_REDIRECT] [Fatal Error] :1:1: Premature end of file.
2025-12-11 19:17:39,009 [ERROR] LogOutputStream:75 - [STDERR_REDIRECT] 
2025-12-11 19:17:39,058 [ERROR] LogOutputStream:75 - [STDERR_REDIRECT] [Fatal Error] :1:1: Premature end of file.
2025-12-11 19:17:39,058 [ERROR] LogOutputStream:75 - [STDERR_REDIRECT] 
2025-12-11 19:17:39,099 [ERROR] LogOutputStream:75 - [STDERR_REDIRECT] [Fatal Error] :1:1: Premature end of file.
2025-12-11 19:17:39,099 [ERROR] LogOutputStream:75 - [STDERR_REDIRECT] 
2025-12-11 19:17:39,142 [ERROR] LogOutputStream:75 - [STDERR_REDIRECT] [Fatal Error] :1:1: Premature end of file.
2025-12-11 19:17:39,142 [ERROR] LogOutputStream:75 - [STDERR_REDIRECT] 
2025-12-11 19:17:39,185 [ERROR] LogOutputStream:75 - [STDERR_REDIRECT] [Fatal Error] :1:1: Premature end of file.
2025-12-11 19:17:39,185 [ERROR] LogOutputStream:75 - [STDERR_REDIRECT] 
2025-12-11 19:17:39,222 [ERROR] LogOutputStream:75 - [STDERR_REDIRECT] [Fatal Error] :1:1: Premature end of file.
2025-12-11 19:17:39,222 [ERROR] LogOutputStream:75 - [STDERR_REDIRECT] 
2025-12-11 19:17:39,271 [ERROR] LogOutputStream:75 - [STDERR_REDIRECT] [Fatal Error] :1:1: Premature end of file.
2025-12-11 19:17:39,271 [ERROR] LogOutputStream:75 - [STDERR_REDIRECT] 
2025-12-11 19:17:39,312 [ERROR] LogOutputStream:75 - [STDERR_REDIRECT] [Fatal Error] :1:1: Premature end of file.
2025-12-11 19:17:39,312 [ERROR] LogOutputStream:75 - [STDERR_REDIRECT] 
2025-12-11 19:17:39,353 [ERROR] LogOutputStream:75 - [STDERR_REDIRECT] [Fatal Error] :1:1: Premature end of file.
2025-12-11 19:17:39,361 [ERROR] LogOutputStream:75 - [STDERR_REDIRECT] 
2025-12-11 19:17:39,403 [ERROR] LogOutputStream:75 - [STDERR_REDIRECT] [Fatal Error] :1:1: Premature end of file.
2025-12-11 19:17:39,403 [ERROR] LogOutputStream:75 - [STDERR_REDIRECT] 
2025-12-11 19:17:39,444 [ERROR] LogOutputStream:75 - [STDERR_REDIRECT] [Fatal Error] :1:1: Premature end of file.
2025-12-11 19:17:39,444 [ERROR] LogOutputStream:75 - [STDERR_REDIRECT] 
2025-12-11 19:17:39,487 [ERROR] LogOutputStream:75 - [STDERR_REDIRECT] [Fatal Error] :1:1: Premature end of file.
2025-12-11 19:17:39,487 [ERROR] LogOutputStream:75 - [STDERR_REDIRECT] 
2025-12-11 19:17:39,543 [ERROR] LogOutputStream:75 - [STDERR_REDIRECT] [Fatal Error] :1:1: Premature end of file.
2025-12-11 19:17:39,543 [ERROR] LogOutputStream:75 - [STDERR_REDIRECT] 
2025-12-11 19:17:39,592 [ERROR] LogOutputStream:75 - [STDERR_REDIRECT] [Fatal Error] :1:1: Premature end of file.
2025-12-11 19:17:39,592 [ERROR] LogOutputStream:75 - [STDERR_REDIRECT] 
2025-12-11 19:17:39,643 [ERROR] LogOutputStream:75 - [STDERR_REDIRECT] [Fatal Error] :1:1: Premature end of file.
2025-12-11 19:17:39,643 [ERROR] LogOutputStream:75 - [STDERR_REDIRECT] 
2025-12-11 19:17:39,694 [ERROR] LogOutputStream:75 - [STDERR_REDIRECT] [Fatal Error] :1:1: Premature end of file.
2025-12-11 19:17:39,694 [ERROR] LogOutputStream:75 - [STDERR_REDIRECT] 
2025-12-11 19:17:39,748 [ERROR] LogOutputStream:75 - [STDERR_REDIRECT] [Fatal Error] :1:1: Premature end of file.
2025-12-11 19:17:39,748 [ERROR] LogOutputStream:75 - [STDERR_REDIRECT] 
2025-12-11 19:17:39,791 [ERROR] LogOutputStream:75 - [STDERR_REDIRECT] [Fatal Error] :1:1: Premature end of file.
2025-12-11 19:17:39,791 [ERROR] LogOutputStream:75 - [STDERR_REDIRECT] 
2025-12-11 19:17:39,837 [ERROR] LogOutputStream:75 - [STDERR_REDIRECT] [Fatal Error] :1:1: Premature end of file.
2025-12-11 19:17:39,837 [ERROR] LogOutputStream:75 - [STDERR_REDIRECT] 
2025-12-11 19:17:39,872 [ERROR] LogOutputStream:75 - [STDERR_REDIRECT] [Fatal Error] :1:1: Premature end of file.
2025-12-11 19:17:39,872 [ERROR] LogOutputStream:75 - [STDERR_REDIRECT] 
2025-12-11 19:17:39,913 [ERROR] LogOutputStream:75 - [STDERR_REDIRECT] [Fatal Error] :1:1: Premature end of file.
2025-12-11 19:17:39,913 [ERROR] LogOutputStream:75 - [STDERR_REDIRECT] 
2025-12-11 19:17:39,963 [ERROR] LogOutputStream:75 - [STDERR_REDIRECT] [Fatal Error] :1:1: Premature end of file.
2025-12-11 19:17:39,963 [ERROR] LogOutputStream:75 - [STDERR_REDIRECT] 
2025-12-11 19:17:40,004 [ERROR] LogOutputStream:75 - [STDERR_REDIRECT] [Fatal Error] :1:1: Premature end of file.
2025-12-11 19:17:40,004 [ERROR] LogOutputStream:75 - [STDERR_REDIRECT] 
2025-12-11 19:17:40,045 [ERROR] LogOutputStream:75 - [STDERR_REDIRECT] [Fatal Error] :1:1: Premature end of file.
2025-12-11 19:17:40,045 [ERROR] LogOutputStream:75 - [STDERR_REDIRECT] 
2025-12-11 19:17:40,086 [ERROR] LogOutputStream:75 - [STDERR_REDIRECT] [Fatal Error] :1:1: Premature end of file.
2025-12-11 19:17:40,086 [ERROR] LogOutputStream:75 - [STDERR_REDIRECT] 
2025-12-11 19:17:40,128 [ERROR] LogOutputStream:75 - [STDERR_REDIRECT] [Fatal Error] :1:1: Premature end of file.
2025-12-11 19:17:40,128 [ERROR] LogOutputStream:75 - [STDERR_REDIRECT] 
2025-12-11 19:17:40,173 [ERROR] LogOutputStream:75 - [STDERR_REDIRECT] [Fatal Error] :1:1: Premature end of file.
2025-12-11 19:17:40,173 [ERROR] LogOutputStream:75 - [STDERR_REDIRECT] 
2025-12-11 19:17:40,250 [ERROR] LogOutputStream:75 - [STDERR_REDIRECT] [Fatal Error] :1:1: Premature end of file.
2025-12-11 19:17:40,250 [ERROR] LogOutputStream:75 - [STDERR_REDIRECT] 
2025-12-11 19:17:40,291 [ERROR] LogOutputStream:75 - [STDERR_REDIRECT] [Fatal Error] :1:1: Premature end of file.
2025-12-11 19:17:40,291 [ERROR] LogOutputStream:75 - [STDERR_REDIRECT] 
2025-12-11 19:17:40,332 [ERROR] LogOutputStream:75 - [STDERR_REDIRECT] [Fatal Error] :1:1: Premature end of file.
2025-12-11 19:17:40,332 [ERROR] LogOutputStream:75 - [STDERR_REDIRECT] 
2025-12-11 19:17:40,374 [ERROR] LogOutputStream:75 - [STDERR_REDIRECT] [Fatal Error] :1:1: Premature end of file.
2025-12-11 19:17:40,374 [ERROR] LogOutputStream:75 - [STDERR_REDIRECT] 
2025-12-11 19:17:40,420 [ERROR] LogOutputStream:75 - [STDERR_REDIRECT] [Fatal Error] :1:1: Premature end of file.
2025-12-11 19:17:40,420 [ERROR] LogOutputStream:75 - [STDERR_REDIRECT] 
2025-12-11 19:17:40,457 [ERROR] LogOutputStream:75 - [STDERR_REDIRECT] [Fatal Error] :1:1: Premature end of file.
2025-12-11 19:17:40,457 [ERROR] LogOutputStream:75 - [STDERR_REDIRECT] 
2025-12-11 19:17:40,502 [ERROR] LogOutputStream:75 - [STDERR_REDIRECT] [Fatal Error] :1:1: Premature end of file.
2025-12-11 19:17:40,502 [ERROR] LogOutputStream:75 - [STDERR_REDIRECT] 
2025-12-11 19:17:40,543 [ERROR] LogOutputStream:75 - [STDERR_REDIRECT] [Fatal Error] :1:1: Premature end of file.
2025-12-11 19:17:40,543 [ERROR] LogOutputStream:75 - [STDERR_REDIRECT] 
2025-12-11 19:17:40,589 [ERROR] LogOutputStream:75 - [STDERR_REDIRECT] [Fatal Error] :1:1: Premature end of file.
2025-12-11 19:17:40,589 [ERROR] LogOutputStream:75 - [STDERR_REDIRECT] 
2025-12-11 19:17:40,629 [ERROR] LogOutputStream:75 - [STDERR_REDIRECT] [Fatal Error] :1:1: Premature end of file.
2025-12-11 19:17:40,629 [ERROR] LogOutputStream:75 - [STDERR_REDIRECT] 
2025-12-11 19:17:40,671 [ERROR] LogOutputStream:75 - [STDERR_REDIRECT] [Fatal Error] :1:1: Premature end of file.
2025-12-11 19:17:40,671 [ERROR] LogOutputStream:75 - [STDERR_REDIRECT] 
2025-12-11 19:17:40,721 [ERROR] LogOutputStream:75 - [STDERR_REDIRECT] [Fatal Error] :1:1: Premature end of file.
2025-12-11 19:17:40,721 [ERROR] LogOutputStream:75 - [STDERR_REDIRECT] 
2025-12-11 19:17:40,778 [ERROR] LogOutputStream:75 - [STDERR_REDIRECT] [Fatal Error] :1:1: Premature end of file.
2025-12-11 19:17:40,778 [ERROR] LogOutputStream:75 - [STDERR_REDIRECT] 
2025-12-11 19:17:40,819 [ERROR] LogOutputStream:75 - [STDERR_REDIRECT] [Fatal Error] :1:1: Premature end of file.
2025-12-11 19:17:40,819 [ERROR] LogOutputStream:75 - [STDERR_REDIRECT] 
2025-12-11 19:17:40,882 [ERROR] LogOutputStream:75 - [STDERR_REDIRECT] [Fatal Error] :1:1: Premature end of file.
2025-12-11 19:17:40,882 [ERROR] LogOutputStream:75 - [STDERR_REDIRECT] 
2025-12-11 19:17:40,934 [ERROR] LogOutputStream:75 - [STDERR_REDIRECT] [Fatal Error] :1:1: Premature end of file.
2025-12-11 19:17:40,934 [ERROR] LogOutputStream:75 - [STDERR_REDIRECT] 
2025-12-11 19:17:40,987 [ERROR] LogOutputStream:75 - [STDERR_REDIRECT] [Fatal Error] :1:1: Premature end of file.
2025-12-11 19:17:40,987 [ERROR] LogOutputStream:75 - [STDERR_REDIRECT] 
2025-12-11 19:17:41,024 [ERROR] LogOutputStream:75 - [STDERR_REDIRECT] [Fatal Error] :1:1: Premature end of file.
2025-12-11 19:17:41,024 [ERROR] LogOutputStream:75 - [STDERR_REDIRECT] 
2025-12-11 19:17:41,073 [ERROR] LogOutputStream:75 - [STDERR_REDIRECT] [Fatal Error] :1:1: Premature end of file.
2025-12-11 19:17:41,073 [ERROR] LogOutputStream:75 - [STDERR_REDIRECT] 
2025-12-11 19:17:41,114 [ERROR] LogOutputStream:75 - [STDERR_REDIRECT] [Fatal Error] :1:1: Premature end of file.
2025-12-11 19:17:41,114 [ERROR] LogOutputStream:75 - [STDERR_REDIRECT] 
2025-12-11 19:17:41,156 [ERROR] LogOutputStream:75 - [STDERR_REDIRECT] [Fatal Error] :1:1: Premature end of file.
2025-12-11 19:17:41,156 [ERROR] LogOutputStream:75 - [STDERR_REDIRECT] 
2025-12-11 19:17:41,198 [ERROR] LogOutputStream:75 - [STDERR_REDIRECT] [Fatal Error] :1:1: Premature end of file.
2025-12-11 19:17:41,198 [ERROR] LogOutputStream:75 - [STDERR_REDIRECT] 
2025-12-11 19:17:41,241 [ERROR] LogOutputStream:75 - [STDERR_REDIRECT] [Fatal Error] :1:1: Premature end of file.
2025-12-11 19:17:41,241 [ERROR] LogOutputStream:75 - [STDERR_REDIRECT] 
2025-12-11 19:17:41,282 [ERROR] LogOutputStream:75 - [STDERR_REDIRECT] [Fatal Error] :1:1: Premature end of file.
2025-12-11 19:17:41,284 [ERROR] LogOutputStream:75 - [STDERR_REDIRECT] 
2025-12-11 19:17:41,370 [ERROR] LogOutputStream:75 - [STDERR_REDIRECT] [Fatal Error] :1:1: Premature end of file.
2025-12-11 19:17:41,370 [ERROR] LogOutputStream:75 - [STDERR_REDIRECT] 
2025-12-11 19:17:41,413 [ERROR] LogOutputStream:75 - [STDERR_REDIRECT] [Fatal Error] :1:1: Premature end of file.
2025-12-11 19:17:41,413 [ERROR] LogOutputStream:75 - [STDERR_REDIRECT] 
2025-12-11 19:17:41,455 [ERROR] LogOutputStream:75 - [STDERR_REDIRECT] [Fatal Error] :1:1: Premature end of file.
2025-12-11 19:17:41,455 [ERROR] LogOutputStream:75 - [STDERR_REDIRECT] 
2025-12-11 19:17:41,500 [ERROR] LogOutputStream:75 - [STDERR_REDIRECT] [Fatal Error] :1:1: Premature end of file.
2025-12-11 19:17:41,500 [ERROR] LogOutputStream:75 - [STDERR_REDIRECT] 
2025-12-11 19:17:41,543 [ERROR] LogOutputStream:75 - [STDERR_REDIRECT] [Fatal Error] :1:1: Premature end of file.
2025-12-11 19:17:41,543 [ERROR] LogOutputStream:75 - [STDERR_REDIRECT] 
2025-12-11 19:17:41,586 [ERROR] LogOutputStream:75 - [STDERR_REDIRECT] [Fatal Error] :1:1: Premature end of file.
2025-12-11 19:17:41,586 [ERROR] LogOutputStream:75 - [STDERR_REDIRECT] 
2025-12-11 19:17:41,630 [ERROR] LogOutputStream:75 - [STDERR_REDIRECT] [Fatal Error] :1:1: Premature end of file.
2025-12-11 19:17:41,632 [ERROR] LogOutputStream:75 - [STDERR_REDIRECT] 
2025-12-11 19:17:41,674 [ERROR] LogOutputStream:75 - [STDERR_REDIRECT] [Fatal Error] :1:1: Premature end of file.
2025-12-11 19:17:41,674 [ERROR] LogOutputStream:75 - [STDERR_REDIRECT] 
2025-12-11 19:17:41,719 [ERROR] LogOutputStream:75 - [STDERR_REDIRECT] [Fatal Error] :1:1: Premature end of file.
2025-12-11 19:17:41,719 [ERROR] LogOutputStream:75 - [STDERR_REDIRECT] 
2025-12-11 19:17:41,764 [ERROR] LogOutputStream:75 - [STDERR_REDIRECT] [Fatal Error] :1:1: Premature end of file.
2025-12-11 19:17:41,764 [ERROR] LogOutputStream:75 - [STDERR_REDIRECT] 
2025-12-11 19:17:41,809 [ERROR] LogOutputStream:75 - [STDERR_REDIRECT] [Fatal Error] :1:1: Premature end of file.
2025-12-11 19:17:41,809 [ERROR] LogOutputStream:75 - [STDERR_REDIRECT] 
2025-12-11 19:17:41,854 [ERROR] LogOutputStream:75 - [STDERR_REDIRECT] [Fatal Error] :1:1: Premature end of file.
2025-12-11 19:17:41,854 [ERROR] LogOutputStream:75 - [STDERR_REDIRECT] 
2025-12-11 19:17:41,899 [ERROR] LogOutputStream:75 - [STDERR_REDIRECT] [Fatal Error] :1:1: Premature end of file.
2025-12-11 19:17:41,899 [ERROR] LogOutputStream:75 - [STDERR_REDIRECT] 
2025-12-11 19:17:41,944 [ERROR] LogOutputStream:75 - [STDERR_REDIRECT] [Fatal Error] :1:1: Premature end of file.
2025-12-11 19:17:41,944 [ERROR] LogOutputStream:75 - [STDERR_REDIRECT] 
2025-12-11 19:17:41,987 [ERROR] LogOutputStream:75 - [STDERR_REDIRECT] [Fatal Error] :1:1: Premature end of file.
2025-12-11 19:17:41,987 [ERROR] LogOutputStream:75 - [STDERR_REDIRECT] 
2025-12-11 19:17:42,030 [ERROR] LogOutputStream:75 - [STDERR_REDIRECT] [Fatal Error] :1:1: Premature end of file.
2025-12-11 19:17:42,030 [ERROR] LogOutputStream:75 - [STDERR_REDIRECT] 
2025-12-11 19:17:42,071 [ERROR] LogOutputStream:75 - [STDERR_REDIRECT] [Fatal Error] :1:1: Premature end of file.
2025-12-11 19:17:42,071 [ERROR] LogOutputStream:75 - [STDERR_REDIRECT] 
2025-12-11 19:17:42,119 [ERROR] LogOutputStream:75 - [STDERR_REDIRECT] [Fatal Error] :1:1: Premature end of file.
2025-12-11 19:17:42,119 [ERROR] LogOutputStream:75 - [STDERR_REDIRECT] 
2025-12-11 19:17:42,160 [ERROR] LogOutputStream:75 - [STDERR_REDIRECT] [Fatal Error] :1:1: Premature end of file.
2025-12-11 19:17:42,160 [ERROR] LogOutputStream:75 - [STDERR_REDIRECT] 
2025-12-11 19:17:42,204 [ERROR] LogOutputStream:75 - [STDERR_REDIRECT] [Fatal Error] :1:1: Premature end of file.
2025-12-11 19:17:42,204 [ERROR] LogOutputStream:75 - [STDERR_REDIRECT] 
2025-12-11 19:17:42,244 [ERROR] LogOutputStream:75 - [STDERR_REDIRECT] [Fatal Error] :1:1: Premature end of file.
2025-12-11 19:17:42,244 [ERROR] LogOutputStream:75 - [STDERR_REDIRECT] 
2025-12-11 19:17:42,289 [ERROR] LogOutputStream:75 - [STDERR_REDIRECT] [Fatal Error] :1:1: Premature end of file.
2025-12-11 19:17:42,289 [ERROR] LogOutputStream:75 - [STDERR_REDIRECT] 
2025-12-11 19:17:42,328 [ERROR] LogOutputStream:75 - [STDERR_REDIRECT] [Fatal Error] :1:1: Premature end of file.
2025-12-11 19:17:42,328 [ERROR] LogOutputStream:75 - [STDERR_REDIRECT] 
2025-12-11 19:17:42,371 [ERROR] LogOutputStream:75 - [STDERR_REDIRECT] [Fatal Error] :1:1: Premature end of file.
2025-12-11 19:17:42,371 [ERROR] LogOutputStream:75 - [STDERR_REDIRECT] 
2025-12-11 19:17:42,410 [ERROR] LogOutputStream:75 - [STDERR_REDIRECT] [Fatal Error] :1:1: Premature end of file.
2025-12-11 19:17:42,410 [ERROR] LogOutputStream:75 - [STDERR_REDIRECT] 
2025-12-11 19:17:42,453 [ERROR] LogOutputStream:75 - [STDERR_REDIRECT] [Fatal Error] :1:1: Premature end of file.
2025-12-11 19:17:42,453 [ERROR] LogOutputStream:75 - [STDERR_REDIRECT] 
2025-12-11 19:17:42,488 [ERROR] LogOutputStream:75 - [STDERR_REDIRECT] [Fatal Error] :1:1: Premature end of file.
2025-12-11 19:17:42,488 [ERROR] LogOutputStream:75 - [STDERR_REDIRECT] 
2025-12-11 19:17:42,533 [ERROR] LogOutputStream:75 - [STDERR_REDIRECT] [Fatal Error] :1:1: Premature end of file.
2025-12-11 19:17:42,533 [ERROR] LogOutputStream:75 - [STDERR_REDIRECT] 
2025-12-11 19:17:42,578 [ERROR] LogOutputStream:75 - [STDERR_REDIRECT] [Fatal Error] :1:1: Premature end of file.
2025-12-11 19:17:42,578 [ERROR] LogOutputStream:75 - [STDERR_REDIRECT] 
2025-12-11 19:17:42,621 [ERROR] LogOutputStream:75 - [STDERR_REDIRECT] [Fatal Error] :1:1: Premature end of file.
2025-12-11 19:17:42,621 [ERROR] LogOutputStream:75 - [STDERR_REDIRECT] 
2025-12-11 19:17:42,661 [ERROR] LogOutputStream:75 - [STDERR_REDIRECT] [Fatal Error] :1:1: Premature end of file.
2025-12-11 19:17:42,661 [ERROR] LogOutputStream:75 - [STDERR_REDIRECT] 
2025-12-11 19:17:42,703 [ERROR] LogOutputStream:75 - [STDERR_REDIRECT] [Fatal Error] :1:1: Premature end of file.
2025-12-11 19:17:42,703 [ERROR] LogOutputStream:75 - [STDERR_REDIRECT] 
2025-12-11 19:17:42,748 [ERROR] LogOutputStream:75 - [STDERR_REDIRECT] [Fatal Error] :1:1: Premature end of file.
2025-12-11 19:17:42,748 [ERROR] LogOutputStream:75 - [STDERR_REDIRECT] 
2025-12-11 19:17:42,791 [ERROR] LogOutputStream:75 - [STDERR_REDIRECT] [Fatal Error] :1:1: Premature end of file.
2025-12-11 19:17:42,791 [ERROR] LogOutputStream:75 - [STDERR_REDIRECT] 
2025-12-11 19:17:42,833 [ERROR] LogOutputStream:75 - [STDERR_REDIRECT] [Fatal Error] :1:1: Premature end of file.
2025-12-11 19:17:42,833 [ERROR] LogOutputStream:75 - [STDERR_REDIRECT] 
2025-12-11 19:17:42,874 [ERROR] LogOutputStream:75 - [STDERR_REDIRECT] [Fatal Error] :1:1: Premature end of file.
2025-12-11 19:17:42,874 [ERROR] LogOutputStream:75 - [STDERR_REDIRECT] 
2025-12-11 19:17:42,915 [ERROR] LogOutputStream:75 - [STDERR_REDIRECT] [Fatal Error] :1:1: Premature end of file.
2025-12-11 19:17:42,915 [ERROR] LogOutputStream:75 - [STDERR_REDIRECT] 
2025-12-11 19:17:42,959 [ERROR] LogOutputStream:75 - [STDERR_REDIRECT] [Fatal Error] :1:1: Premature end of file.
2025-12-11 19:17:42,959 [ERROR] LogOutputStream:75 - [STDERR_REDIRECT] 
2025-12-11 19:17:42,998 [ERROR] LogOutputStream:75 - [STDERR_REDIRECT] [Fatal Error] :1:1: Premature end of file.
2025-12-11 19:17:42,998 [ERROR] LogOutputStream:75 - [STDERR_REDIRECT] 
2025-12-11 19:17:43,038 [ERROR] LogOutputStream:75 - [STDERR_REDIRECT] [Fatal Error] :1:1: Premature end of file.
2025-12-11 19:17:43,038 [ERROR] LogOutputStream:75 - [STDERR_REDIRECT] 
2025-12-11 19:17:43,079 [ERROR] LogOutputStream:75 - [STDERR_REDIRECT] [Fatal Error] :1:1: Premature end of file.
2025-12-11 19:17:43,079 [ERROR] LogOutputStream:75 - [STDERR_REDIRECT] 
2025-12-11 19:17:43,126 [ERROR] LogOutputStream:75 - [STDERR_REDIRECT] [Fatal Error] :1:1: Premature end of file.
2025-12-11 19:17:43,126 [ERROR] LogOutputStream:75 - [STDERR_REDIRECT] 
2025-12-11 19:17:43,160 [ERROR] LogOutputStream:75 - [STDERR_REDIRECT] [Fatal Error] :1:1: Premature end of file.
2025-12-11 19:17:43,160 [ERROR] LogOutputStream:75 - [STDERR_REDIRECT] 
2025-12-11 19:17:43,209 [ERROR] LogOutputStream:75 - [STDERR_REDIRECT] [Fatal Error] :1:1: Premature end of file.
2025-12-11 19:17:43,209 [ERROR] LogOutputStream:75 - [STDERR_REDIRECT] 
2025-12-11 19:17:43,251 [ERROR] LogOutputStream:75 - [STDERR_REDIRECT] [Fatal Error] :1:1: Premature end of file.
2025-12-11 19:17:43,251 [ERROR] LogOutputStream:75 - [STDERR_REDIRECT] 
2025-12-11 19:17:43,293 [ERROR] LogOutputStream:75 - [STDERR_REDIRECT] [Fatal Error] :1:1: Premature end of file.
2025-12-11 19:17:43,332 [ERROR] LogOutputStream:75 - [STDERR_REDIRECT] 
2025-12-11 19:17:43,376 [ERROR] LogOutputStream:75 - [STDERR_REDIRECT] [Fatal Error] :1:1: Premature end of file.
2025-12-11 19:17:43,376 [ERROR] LogOutputStream:75 - [STDERR_REDIRECT] 
2025-12-11 19:17:43,419 [ERROR] LogOutputStream:75 - [STDERR_REDIRECT] [Fatal Error] :1:1: Premature end of file.
2025-12-11 19:17:43,419 [ERROR] LogOutputStream:75 - [STDERR_REDIRECT] 
2025-12-11 19:17:43,457 [ERROR] LogOutputStream:75 - [STDERR_REDIRECT] [Fatal Error] :1:1: Premature end of file.
2025-12-11 19:17:43,457 [ERROR] LogOutputStream:75 - [STDERR_REDIRECT] 
2025-12-11 19:17:43,502 [ERROR] LogOutputStream:75 - [STDERR_REDIRECT] [Fatal Error] :1:1: Premature end of file.
2025-12-11 19:17:43,502 [ERROR] LogOutputStream:75 - [STDERR_REDIRECT] 
2025-12-11 19:17:43,544 [ERROR] LogOutputStream:75 - [STDERR_REDIRECT] [Fatal Error] :1:1: Premature end of file.
2025-12-11 19:17:43,544 [ERROR] LogOutputStream:75 - [STDERR_REDIRECT] 
2025-12-11 19:17:43,582 [ERROR] LogOutputStream:75 - [STDERR_REDIRECT] [Fatal Error] :1:1: Premature end of file.
2025-12-11 19:17:43,582 [ERROR] LogOutputStream:75 - [STDERR_REDIRECT] 
2025-12-11 19:17:43,624 [ERROR] LogOutputStream:75 - [STDERR_REDIRECT] [Fatal Error] :1:1: Premature end of file.
2025-12-11 19:17:43,624 [ERROR] LogOutputStream:75 - [STDERR_REDIRECT] 
2025-12-11 19:17:43,667 [ERROR] LogOutputStream:75 - [STDERR_REDIRECT] [Fatal Error] :1:1: Premature end of file.
2025-12-11 19:17:43,667 [ERROR] LogOutputStream:75 - [STDERR_REDIRECT] 
2025-12-11 19:17:43,711 [ERROR] LogOutputStream:75 - [STDERR_REDIRECT] [Fatal Error] :1:1: Premature end of file.
2025-12-11 19:17:43,711 [ERROR] LogOutputStream:75 - [STDERR_REDIRECT] 
2025-12-11 19:17:43,755 [ERROR] LogOutputStream:75 - [STDERR_REDIRECT] [Fatal Error] :1:1: Premature end of file.
2025-12-11 19:17:43,755 [ERROR] LogOutputStream:75 - [STDERR_REDIRECT] 
2025-12-11 19:17:43,793 [ERROR] LogOutputStream:75 - [STDERR_REDIRECT] [Fatal Error] :1:1: Premature end of file.
2025-12-11 19:17:43,793 [ERROR] LogOutputStream:75 - [STDERR_REDIRECT] 
2025-12-11 19:17:43,839 [ERROR] LogOutputStream:75 - [STDERR_REDIRECT] [Fatal Error] :1:1: Premature end of file.
2025-12-11 19:17:43,839 [ERROR] LogOutputStream:75 - [STDERR_REDIRECT] 
2025-12-11 19:17:43,880 [ERROR] LogOutputStream:75 - [STDERR_REDIRECT] [Fatal Error] :1:1: Premature end of file.
2025-12-11 19:17:43,880 [ERROR] LogOutputStream:75 - [STDERR_REDIRECT] 
2025-12-11 19:17:43,922 [ERROR] LogOutputStream:75 - [STDERR_REDIRECT] [Fatal Error] :1:1: Premature end of file.
2025-12-11 19:17:43,925 [ERROR] LogOutputStream:75 - [STDERR_REDIRECT] 
2025-12-11 19:17:43,963 [ERROR] LogOutputStream:75 - [STDERR_REDIRECT] [Fatal Error] :1:1: Premature end of file.
2025-12-11 19:17:43,963 [ERROR] LogOutputStream:75 - [STDERR_REDIRECT] 
2025-12-11 19:17:44,010 [ERROR] LogOutputStream:75 - [STDERR_REDIRECT] [Fatal Error] :1:1: Premature end of file.
2025-12-11 19:17:44,010 [ERROR] LogOutputStream:75 - [STDERR_REDIRECT] 
2025-12-11 19:17:44,048 [ERROR] LogOutputStream:75 - [STDERR_REDIRECT] [Fatal Error] :1:1: Premature end of file.
2025-12-11 19:17:44,048 [ERROR] LogOutputStream:75 - [STDERR_REDIRECT] 
2025-12-11 19:17:44,092 [ERROR] LogOutputStream:75 - [STDERR_REDIRECT] [Fatal Error] :1:1: Premature end of file.
2025-12-11 19:17:44,092 [ERROR] LogOutputStream:75 - [STDERR_REDIRECT] 
2025-12-11 19:17:44,136 [ERROR] LogOutputStream:75 - [STDERR_REDIRECT] [Fatal Error] :1:1: Premature end of file.
2025-12-11 19:17:44,136 [ERROR] LogOutputStream:75 - [STDERR_REDIRECT] 
2025-12-11 19:17:44,176 [ERROR] LogOutputStream:75 - [STDERR_REDIRECT] [Fatal Error] :1:1: Premature end of file.
2025-12-11 19:17:44,176 [ERROR] LogOutputStream:75 - [STDERR_REDIRECT] 
2025-12-11 19:17:44,218 [ERROR] LogOutputStream:75 - [STDERR_REDIRECT] [Fatal Error] :1:1: Premature end of file.
2025-12-11 19:17:44,218 [ERROR] LogOutputStream:75 - [STDERR_REDIRECT] 
2025-12-11 19:17:44,260 [ERROR] LogOutputStream:75 - [STDERR_REDIRECT] [Fatal Error] :1:1: Premature end of file.
2025-12-11 19:17:44,260 [ERROR] LogOutputStream:75 - [STDERR_REDIRECT] 
2025-12-11 19:17:44,303 [ERROR] LogOutputStream:75 - [STDERR_REDIRECT] [Fatal Error] :1:1: Premature end of file.
2025-12-11 19:17:44,303 [ERROR] LogOutputStream:75 - [STDERR_REDIRECT] 
2025-12-11 19:17:44,348 [ERROR] LogOutputStream:75 - [STDERR_REDIRECT] [Fatal Error] :1:1: Premature end of file.
2025-12-11 19:17:44,348 [ERROR] LogOutputStream:75 - [STDERR_REDIRECT] 
2025-12-11 19:17:44,390 [ERROR] LogOutputStream:75 - [STDERR_REDIRECT] [Fatal Error] :1:1: Premature end of file.
2025-12-11 19:17:44,390 [ERROR] LogOutputStream:75 - [STDERR_REDIRECT] 
2025-12-11 19:17:44,430 [ERROR] LogOutputStream:75 - [STDERR_REDIRECT] [Fatal Error] :1:1: Premature end of file.
2025-12-11 19:17:44,430 [ERROR] LogOutputStream:75 - [STDERR_REDIRECT] 
2025-12-11 19:17:44,477 [ERROR] LogOutputStream:75 - [STDERR_REDIRECT] [Fatal Error] :1:1: Premature end of file.
2025-12-11 19:17:44,477 [ERROR] LogOutputStream:75 - [STDERR_REDIRECT] 
2025-12-11 19:17:44,513 [ERROR] LogOutputStream:75 - [STDERR_REDIRECT] [Fatal Error] :1:1: Premature end of file.
2025-12-11 19:17:44,513 [ERROR] LogOutputStream:75 - [STDERR_REDIRECT] 
2025-12-11 19:17:44,561 [ERROR] LogOutputStream:75 - [STDERR_REDIRECT] [Fatal Error] :1:1: Premature end of file.
2025-12-11 19:17:44,561 [ERROR] LogOutputStream:75 - [STDERR_REDIRECT] 
2025-12-11 19:17:44,602 [ERROR] LogOutputStream:75 - [STDERR_REDIRECT] [Fatal Error] :1:1: Premature end of file.
2025-12-11 19:17:44,602 [ERROR] LogOutputStream:75 - [STDERR_REDIRECT] 
2025-12-11 19:17:44,646 [ERROR] LogOutputStream:75 - [STDERR_REDIRECT] [Fatal Error] :1:1: Premature end of file.
2025-12-11 19:17:44,646 [ERROR] LogOutputStream:75 - [STDERR_REDIRECT] 
2025-12-11 19:17:44,683 [ERROR] LogOutputStream:75 - [STDERR_REDIRECT] [Fatal Error] :1:1: Premature end of file.
2025-12-11 19:17:44,683 [ERROR] LogOutputStream:75 - [STDERR_REDIRECT] 
2025-12-11 19:17:44,728 [ERROR] LogOutputStream:75 - [STDERR_REDIRECT] [Fatal Error] :1:1: Premature end of file.
2025-12-11 19:17:44,728 [ERROR] LogOutputStream:75 - [STDERR_REDIRECT] 
2025-12-11 19:17:44,773 [ERROR] LogOutputStream:75 - [STDERR_REDIRECT] [Fatal Error] :1:1: Premature end of file.
2025-12-11 19:17:44,773 [ERROR] LogOutputStream:75 - [STDERR_REDIRECT] 
2025-12-11 19:17:44,815 [ERROR] LogOutputStream:75 - [STDERR_REDIRECT] [Fatal Error] :1:1: Premature end of file.
2025-12-11 19:17:44,815 [ERROR] LogOutputStream:75 - [STDERR_REDIRECT] 
2025-12-11 19:17:44,864 [ERROR] LogOutputStream:75 - [STDERR_REDIRECT] [Fatal Error] :1:1: Premature end of file.
2025-12-11 19:17:44,864 [ERROR] LogOutputStream:75 - [STDERR_REDIRECT] 
2025-12-11 19:17:44,913 [ERROR] LogOutputStream:75 - [STDERR_REDIRECT] [Fatal Error] :1:1: Premature end of file.
2025-12-11 19:17:44,913 [ERROR] LogOutputStream:75 - [STDERR_REDIRECT] 
2025-12-11 19:17:44,968 [ERROR] LogOutputStream:75 - [STDERR_REDIRECT] [Fatal Error] :1:1: Premature end of file.
2025-12-11 19:17:44,968 [ERROR] LogOutputStream:75 - [STDERR_REDIRECT] 
2025-12-11 19:17:45,014 [ERROR] LogOutputStream:75 - [STDERR_REDIRECT] [Fatal Error] :1:1: Premature end of file.
2025-12-11 19:17:45,014 [ERROR] LogOutputStream:75 - [STDERR_REDIRECT] 
2025-12-11 19:17:45,061 [ERROR] LogOutputStream:75 - [STDERR_REDIRECT] [Fatal Error] :1:1: Premature end of file.
2025-12-11 19:17:45,061 [ERROR] LogOutputStream:75 - [STDERR_REDIRECT] 
2025-12-11 19:17:45,110 [ERROR] LogOutputStream:75 - [STDERR_REDIRECT] [Fatal Error] :1:1: Premature end of file.
2025-12-11 19:17:45,110 [ERROR] LogOutputStream:75 - [STDERR_REDIRECT] 
2025-12-11 19:17:45,159 [ERROR] LogOutputStream:75 - [STDERR_REDIRECT] [Fatal Error] :1:1: Premature end of file.
2025-12-11 19:17:45,159 [ERROR] LogOutputStream:75 - [STDERR_REDIRECT] 
2025-12-11 19:17:45,200 [ERROR] LogOutputStream:75 - [STDERR_REDIRECT] [Fatal Error] :1:1: Premature end of file.
2025-12-11 19:17:45,200 [ERROR] LogOutputStream:75 - [STDERR_REDIRECT] 
2025-12-11 19:17:45,251 [ERROR] LogOutputStream:75 - [STDERR_REDIRECT] [Fatal Error] :1:1: Premature end of file.
2025-12-11 19:17:45,251 [ERROR] LogOutputStream:75 - [STDERR_REDIRECT] 
2025-12-11 19:17:45,298 [ERROR] LogOutputStream:75 - [STDERR_REDIRECT] [Fatal Error] :1:1: Premature end of file.
2025-12-11 19:17:45,339 [ERROR] LogOutputStream:75 - [STDERR_REDIRECT] 
2025-12-11 19:17:45,383 [ERROR] LogOutputStream:75 - [STDERR_REDIRECT] [Fatal Error] :1:1: Premature end of file.
2025-12-11 19:17:45,383 [ERROR] LogOutputStream:75 - [STDERR_REDIRECT] 
2025-12-11 19:17:45,430 [ERROR] LogOutputStream:75 - [STDERR_REDIRECT] [Fatal Error] :1:1: Premature end of file.
2025-12-11 19:17:45,430 [ERROR] LogOutputStream:75 - [STDERR_REDIRECT] 
2025-12-11 19:17:45,471 [ERROR] LogOutputStream:75 - [STDERR_REDIRECT] [Fatal Error] :1:1: Premature end of file.
2025-12-11 19:17:45,471 [ERROR] LogOutputStream:75 - [STDERR_REDIRECT] 
2025-12-11 19:17:45,512 [ERROR] LogOutputStream:75 - [STDERR_REDIRECT] [Fatal Error] :1:1: Premature end of file.
2025-12-11 19:17:45,512 [ERROR] LogOutputStream:75 - [STDERR_REDIRECT] 
2025-12-11 19:17:45,553 [ERROR] LogOutputStream:75 - [STDERR_REDIRECT] [Fatal Error] :1:1: Premature end of file.
2025-12-11 19:17:45,553 [ERROR] LogOutputStream:75 - [STDERR_REDIRECT] 
2025-12-11 19:17:45,603 [ERROR] LogOutputStream:75 - [STDERR_REDIRECT] [Fatal Error] :1:1: Premature end of file.
2025-12-11 19:17:45,603 [ERROR] LogOutputStream:75 - [STDERR_REDIRECT] 
2025-12-11 19:17:45,644 [ERROR] LogOutputStream:75 - [STDERR_REDIRECT] [Fatal Error] :1:1: Premature end of file.
2025-12-11 19:17:45,644 [ERROR] LogOutputStream:75 - [STDERR_REDIRECT] 
2025-12-11 19:17:45,685 [ERROR] LogOutputStream:75 - [STDERR_REDIRECT] [Fatal Error] :1:1: Premature end of file.
2025-12-11 19:17:45,685 [ERROR] LogOutputStream:75 - [STDERR_REDIRECT] 
2025-12-11 19:17:45,729 [ERROR] LogOutputStream:75 - [STDERR_REDIRECT] [Fatal Error] :1:1: Premature end of file.
2025-12-11 19:17:45,729 [ERROR] LogOutputStream:75 - [STDERR_REDIRECT] 
2025-12-11 19:17:45,775 [ERROR] LogOutputStream:75 - [STDERR_REDIRECT] [Fatal Error] :1:1: Premature end of file.
2025-12-11 19:17:45,775 [ERROR] LogOutputStream:75 - [STDERR_REDIRECT] 
2025-12-11 19:17:45,818 [ERROR] LogOutputStream:75 - [STDERR_REDIRECT] [Fatal Error] :1:1: Premature end of file.
2025-12-11 19:17:45,818 [ERROR] LogOutputStream:75 - [STDERR_REDIRECT] 
2025-12-11 19:17:45,859 [ERROR] LogOutputStream:75 - [STDERR_REDIRECT] [Fatal Error] :1:1: Premature end of file.
2025-12-11 19:17:45,859 [ERROR] LogOutputStream:75 - [STDERR_REDIRECT] 
2025-12-11 19:17:45,909 [ERROR] LogOutputStream:75 - [STDERR_REDIRECT] [Fatal Error] :1:1: Premature end of file.
2025-12-11 19:17:45,909 [ERROR] LogOutputStream:75 - [STDERR_REDIRECT] 
2025-12-11 19:17:45,957 [ERROR] LogOutputStream:75 - [STDERR_REDIRECT] [Fatal Error] :1:1: Premature end of file.
2025-12-11 19:17:45,957 [ERROR] LogOutputStream:75 - [STDERR_REDIRECT] 
2025-12-11 19:17:46,004 [ERROR] LogOutputStream:75 - [STDERR_REDIRECT] [Fatal Error] :1:1: Premature end of file.
2025-12-11 19:17:46,004 [ERROR] LogOutputStream:75 - [STDERR_REDIRECT] 
2025-12-11 19:17:46,054 [ERROR] LogOutputStream:75 - [STDERR_REDIRECT] [Fatal Error] :1:1: Premature end of file.
2025-12-11 19:17:46,054 [ERROR] LogOutputStream:75 - [STDERR_REDIRECT] 
2025-12-11 19:17:46,095 [ERROR] LogOutputStream:75 - [STDERR_REDIRECT] [Fatal Error] :1:1: Premature end of file.
2025-12-11 19:17:46,095 [ERROR] LogOutputStream:75 - [STDERR_REDIRECT] 
2025-12-11 19:17:46,144 [ERROR] LogOutputStream:75 - [STDERR_REDIRECT] [Fatal Error] :1:1: Premature end of file.
2025-12-11 19:17:46,144 [ERROR] LogOutputStream:75 - [STDERR_REDIRECT] 
2025-12-11 19:17:46,185 [ERROR] LogOutputStream:75 - [STDERR_REDIRECT] [Fatal Error] :1:1: Premature end of file.
2025-12-11 19:17:46,185 [ERROR] LogOutputStream:75 - [STDERR_REDIRECT] 
2025-12-11 19:17:46,229 [ERROR] LogOutputStream:75 - [STDERR_REDIRECT] [Fatal Error] :1:1: Premature end of file.
2025-12-11 19:17:46,229 [ERROR] LogOutputStream:75 - [STDERR_REDIRECT] 
2025-12-11 19:17:46,268 [ERROR] LogOutputStream:75 - [STDERR_REDIRECT] [Fatal Error] :1:1: Premature end of file.
2025-12-11 19:17:46,268 [ERROR] LogOutputStream:75 - [STDERR_REDIRECT] 
2025-12-11 19:17:46,310 [ERROR] LogOutputStream:75 - [STDERR_REDIRECT] [Fatal Error] :1:1: Premature end of file.
2025-12-11 19:17:46,310 [ERROR] LogOutputStream:75 - [STDERR_REDIRECT] 
2025-12-11 19:17:46,354 [ERROR] LogOutputStream:75 - [STDERR_REDIRECT] [Fatal Error] :1:1: Premature end of file.
2025-12-11 19:17:46,354 [ERROR] LogOutputStream:75 - [STDERR_REDIRECT] 
2025-12-11 19:17:46,401 [ERROR] LogOutputStream:75 - [STDERR_REDIRECT] [Fatal Error] :1:1: Premature end of file.
2025-12-11 19:17:46,401 [ERROR] LogOutputStream:75 - [STDERR_REDIRECT] 
2025-12-11 19:17:46,441 [ERROR] LogOutputStream:75 - [STDERR_REDIRECT] [Fatal Error] :1:1: Premature end of file.
2025-12-11 19:17:46,441 [ERROR] LogOutputStream:75 - [STDERR_REDIRECT] 
2025-12-11 19:17:46,488 [ERROR] LogOutputStream:75 - [STDERR_REDIRECT] [Fatal Error] :1:1: Premature end of file.
2025-12-11 19:17:46,488 [ERROR] LogOutputStream:75 - [STDERR_REDIRECT] 
2025-12-11 19:17:46,530 [ERROR] LogOutputStream:75 - [STDERR_REDIRECT] [Fatal Error] :1:1: Premature end of file.
2025-12-11 19:17:46,530 [ERROR] LogOutputStream:75 - [STDERR_REDIRECT] 
2025-12-11 19:17:46,571 [ERROR] LogOutputStream:75 - [STDERR_REDIRECT] [Fatal Error] :1:1: Premature end of file.
2025-12-11 19:17:46,571 [ERROR] LogOutputStream:75 - [STDERR_REDIRECT] 
2025-12-11 19:17:46,611 [ERROR] LogOutputStream:75 - [STDERR_REDIRECT] [Fatal Error] :1:1: Premature end of file.
2025-12-11 19:17:46,611 [ERROR] LogOutputStream:75 - [STDERR_REDIRECT] 
2025-12-11 19:17:46,654 [ERROR] LogOutputStream:75 - [STDERR_REDIRECT] [Fatal Error] :1:1: Premature end of file.
2025-12-11 19:17:46,654 [ERROR] LogOutputStream:75 - [STDERR_REDIRECT] 
2025-12-11 19:17:46,697 [ERROR] LogOutputStream:75 - [STDERR_REDIRECT] [Fatal Error] :1:1: Premature end of file.
2025-12-11 19:17:46,697 [ERROR] LogOutputStream:75 - [STDERR_REDIRECT] 
2025-12-11 19:17:46,743 [ERROR] LogOutputStream:75 - [STDERR_REDIRECT] [Fatal Error] :1:1: Premature end of file.
2025-12-11 19:17:46,743 [ERROR] LogOutputStream:75 - [STDERR_REDIRECT] 
2025-12-11 19:17:46,785 [ERROR] LogOutputStream:75 - [STDERR_REDIRECT] [Fatal Error] :1:1: Premature end of file.
2025-12-11 19:17:46,785 [ERROR] LogOutputStream:75 - [STDERR_REDIRECT] 
2025-12-11 19:17:46,825 [ERROR] LogOutputStream:75 - [STDERR_REDIRECT] [Fatal Error] :1:1: Premature end of file.
2025-12-11 19:17:46,825 [ERROR] LogOutputStream:75 - [STDERR_REDIRECT] 
2025-12-11 19:17:46,866 [ERROR] LogOutputStream:75 - [STDERR_REDIRECT] [Fatal Error] :1:1: Premature end of file.
2025-12-11 19:17:46,866 [ERROR] LogOutputStream:75 - [STDERR_REDIRECT] 
2025-12-11 19:17:46,914 [ERROR] LogOutputStream:75 - [STDERR_REDIRECT] [Fatal Error] :1:1: Premature end of file.
2025-12-11 19:17:46,914 [ERROR] LogOutputStream:75 - [STDERR_REDIRECT] 
2025-12-11 19:17:46,958 [ERROR] LogOutputStream:75 - [STDERR_REDIRECT] [Fatal Error] :1:1: Premature end of file.
2025-12-11 19:17:46,958 [ERROR] LogOutputStream:75 - [STDERR_REDIRECT] 
2025-12-11 19:17:46,997 [ERROR] LogOutputStream:75 - [STDERR_REDIRECT] [Fatal Error] :1:1: Premature end of file.
2025-12-11 19:17:46,997 [ERROR] LogOutputStream:75 - [STDERR_REDIRECT] 
2025-12-11 19:17:47,042 [ERROR] LogOutputStream:75 - [STDERR_REDIRECT] [Fatal Error] :1:1: Premature end of file.
2025-12-11 19:17:47,042 [ERROR] LogOutputStream:75 - [STDERR_REDIRECT] 
2025-12-11 19:17:47,087 [ERROR] LogOutputStream:75 - [STDERR_REDIRECT] [Fatal Error] :1:1: Premature end of file.
2025-12-11 19:17:47,087 [ERROR] LogOutputStream:75 - [STDERR_REDIRECT] 
2025-12-11 19:17:47,130 [ERROR] LogOutputStream:75 - [STDERR_REDIRECT] [Fatal Error] :1:1: Premature end of file.
2025-12-11 19:17:47,130 [ERROR] LogOutputStream:75 - [STDERR_REDIRECT] 
2025-12-11 19:17:47,170 [ERROR] LogOutputStream:75 - [STDERR_REDIRECT] [Fatal Error] :1:1: Premature end of file.
2025-12-11 19:17:47,170 [ERROR] LogOutputStream:75 - [STDERR_REDIRECT] 
2025-12-11 19:17:47,212 [ERROR] LogOutputStream:75 - [STDERR_REDIRECT] [Fatal Error] :1:1: Premature end of file.
2025-12-11 19:17:47,212 [ERROR] LogOutputStream:75 - [STDERR_REDIRECT] 
2025-12-11 19:17:47,254 [ERROR] LogOutputStream:75 - [STDERR_REDIRECT] [Fatal Error] :1:1: Premature end of file.
2025-12-11 19:17:47,254 [ERROR] LogOutputStream:75 - [STDERR_REDIRECT] 
2025-12-11 19:17:47,298 [ERROR] LogOutputStream:75 - [STDERR_REDIRECT] [Fatal Error] :1:1: Premature end of file.
2025-12-11 19:17:47,298 [ERROR] LogOutputStream:75 - [STDERR_REDIRECT] 
2025-12-11 19:17:47,339 [ERROR] LogOutputStream:75 - [STDERR_REDIRECT] [Fatal Error] :1:1: Premature end of file.
2025-12-11 19:17:47,339 [ERROR] LogOutputStream:75 - [STDERR_REDIRECT] 
2025-12-11 19:17:47,380 [ERROR] LogOutputStream:75 - [STDERR_REDIRECT] [Fatal Error] :1:1: Premature end of file.
2025-12-11 19:17:47,380 [ERROR] LogOutputStream:75 - [STDERR_REDIRECT] 
2025-12-11 19:17:47,418 [ERROR] LogOutputStream:75 - [STDERR_REDIRECT] [Fatal Error] :1:1: Premature end of file.
2025-12-11 19:17:47,418 [ERROR] LogOutputStream:75 - [STDERR_REDIRECT] 
2025-12-11 19:17:47,464 [ERROR] LogOutputStream:75 - [STDERR_REDIRECT] [Fatal Error] :1:1: Premature end of file.
2025-12-11 19:17:47,464 [ERROR] LogOutputStream:75 - [STDERR_REDIRECT] 
2025-12-11 19:17:47,506 [ERROR] LogOutputStream:75 - [STDERR_REDIRECT] [Fatal Error] :1:1: Premature end of file.
2025-12-11 19:17:47,506 [ERROR] LogOutputStream:75 - [STDERR_REDIRECT] 
2025-12-11 19:17:47,549 [ERROR] LogOutputStream:75 - [STDERR_REDIRECT] [Fatal Error] :1:1: Premature end of file.
2025-12-11 19:17:47,549 [ERROR] LogOutputStream:75 - [STDERR_REDIRECT] 
2025-12-11 19:17:47,591 [ERROR] LogOutputStream:75 - [STDERR_REDIRECT] [Fatal Error] :1:1: Premature end of file.
2025-12-11 19:17:47,591 [ERROR] LogOutputStream:75 - [STDERR_REDIRECT] 
2025-12-11 19:17:47,631 [ERROR] LogOutputStream:75 - [STDERR_REDIRECT] [Fatal Error] :1:1: Premature end of file.
2025-12-11 19:17:47,631 [ERROR] LogOutputStream:75 - [STDERR_REDIRECT] 
2025-12-11 19:17:47,672 [ERROR] LogOutputStream:75 - [STDERR_REDIRECT] [Fatal Error] :1:1: Premature end of file.
2025-12-11 19:17:47,672 [ERROR] LogOutputStream:75 - [STDERR_REDIRECT] 
2025-12-11 19:17:47,718 [ERROR] LogOutputStream:75 - [STDERR_REDIRECT] [Fatal Error] :1:1: Premature end of file.
2025-12-11 19:17:47,718 [ERROR] LogOutputStream:75 - [STDERR_REDIRECT] 
2025-12-11 19:17:47,759 [ERROR] LogOutputStream:75 - [STDERR_REDIRECT] [Fatal Error] :1:1: Premature end of file.
2025-12-11 19:17:47,759 [ERROR] LogOutputStream:75 - [STDERR_REDIRECT] 
2025-12-11 19:17:47,802 [ERROR] LogOutputStream:75 - [STDERR_REDIRECT] [Fatal Error] :1:1: Premature end of file.
2025-12-11 19:17:47,802 [ERROR] LogOutputStream:75 - [STDERR_REDIRECT] 
2025-12-11 19:17:47,843 [ERROR] LogOutputStream:75 - [STDERR_REDIRECT] [Fatal Error] :1:1: Premature end of file.
2025-12-11 19:17:47,843 [ERROR] LogOutputStream:75 - [STDERR_REDIRECT] 
2025-12-11 19:17:47,882 [ERROR] LogOutputStream:75 - [STDERR_REDIRECT] [Fatal Error] :1:1: Premature end of file.
2025-12-11 19:17:47,882 [ERROR] LogOutputStream:75 - [STDERR_REDIRECT] 
2025-12-11 19:17:47,923 [ERROR] LogOutputStream:75 - [STDERR_REDIRECT] [Fatal Error] :1:1: Premature end of file.
2025-12-11 19:17:47,923 [ERROR] LogOutputStream:75 - [STDERR_REDIRECT] 
2025-12-11 19:17:47,964 [ERROR] LogOutputStream:75 - [STDERR_REDIRECT] [Fatal Error] :1:1: Premature end of file.
2025-12-11 19:17:47,964 [ERROR] LogOutputStream:75 - [STDERR_REDIRECT] 
2025-12-11 19:17:48,006 [ERROR] LogOutputStream:75 - [STDERR_REDIRECT] [Fatal Error] :1:1: Premature end of file.
2025-12-11 19:17:48,006 [ERROR] LogOutputStream:75 - [STDERR_REDIRECT] 
2025-12-11 19:17:48,052 [ERROR] LogOutputStream:75 - [STDERR_REDIRECT] [Fatal Error] :1:1: Premature end of file.
2025-12-11 19:17:48,052 [ERROR] LogOutputStream:75 - [STDERR_REDIRECT] 
2025-12-11 19:17:48,090 [ERROR] LogOutputStream:75 - [STDERR_REDIRECT] [Fatal Error] :1:1: Premature end of file.
2025-12-11 19:17:48,090 [ERROR] LogOutputStream:75 - [STDERR_REDIRECT] 
2025-12-11 19:17:48,135 [ERROR] LogOutputStream:75 - [STDERR_REDIRECT] [Fatal Error] :1:1: Premature end of file.
2025-12-11 19:17:48,135 [ERROR] LogOutputStream:75 - [STDERR_REDIRECT] 
2025-12-11 19:17:48,178 [ERROR] LogOutputStream:75 - [STDERR_REDIRECT] [Fatal Error] :1:1: Premature end of file.
2025-12-11 19:17:48,178 [ERROR] LogOutputStream:75 - [STDERR_REDIRECT] 
2025-12-11 19:17:48,220 [ERROR] LogOutputStream:75 - [STDERR_REDIRECT] [Fatal Error] :1:1: Premature end of file.
2025-12-11 19:17:48,220 [ERROR] LogOutputStream:75 - [STDERR_REDIRECT] 
2025-12-11 19:17:48,261 [ERROR] LogOutputStream:75 - [STDERR_REDIRECT] [Fatal Error] :1:1: Premature end of file.
2025-12-11 19:17:48,261 [ERROR] LogOutputStream:75 - [STDERR_REDIRECT] 
2025-12-11 19:17:48,306 [ERROR] LogOutputStream:75 - [STDERR_REDIRECT] [Fatal Error] :1:1: Premature end of file.
2025-12-11 19:17:48,306 [ERROR] LogOutputStream:75 - [STDERR_REDIRECT] 
2025-12-11 19:17:48,345 [ERROR] LogOutputStream:75 - [STDERR_REDIRECT] [Fatal Error] :1:1: Premature end of file.
2025-12-11 19:17:48,345 [ERROR] LogOutputStream:75 - [STDERR_REDIRECT] 
2025-12-11 19:17:48,384 [ERROR] LogOutputStream:75 - [STDERR_REDIRECT] [Fatal Error] :1:1: Premature end of file.
2025-12-11 19:17:48,384 [ERROR] LogOutputStream:75 - [STDERR_REDIRECT] 
2025-12-11 19:17:48,432 [ERROR] LogOutputStream:75 - [STDERR_REDIRECT] [Fatal Error] :1:1: Premature end of file.
2025-12-11 19:17:48,432 [ERROR] LogOutputStream:75 - [STDERR_REDIRECT] 
2025-12-11 19:17:48,475 [ERROR] LogOutputStream:75 - [STDERR_REDIRECT] [Fatal Error] :1:1: Premature end of file.
2025-12-11 19:17:48,475 [ERROR] LogOutputStream:75 - [STDERR_REDIRECT] 
2025-12-11 19:17:48,514 [ERROR] LogOutputStream:75 - [STDERR_REDIRECT] [Fatal Error] :1:1: Premature end of file.
2025-12-11 19:17:48,514 [ERROR] LogOutputStream:75 - [STDERR_REDIRECT] 
2025-12-11 19:17:48,556 [ERROR] LogOutputStream:75 - [STDERR_REDIRECT] [Fatal Error] :1:1: Premature end of file.
2025-12-11 19:17:48,556 [ERROR] LogOutputStream:75 - [STDERR_REDIRECT] 
2025-12-11 19:17:48,604 [ERROR] LogOutputStream:75 - [STDERR_REDIRECT] [Fatal Error] :1:1: Premature end of file.
2025-12-11 19:17:48,604 [ERROR] LogOutputStream:75 - [STDERR_REDIRECT] 
2025-12-11 19:17:48,644 [ERROR] LogOutputStream:75 - [STDERR_REDIRECT] [Fatal Error] :1:1: Premature end of file.
2025-12-11 19:17:48,644 [ERROR] LogOutputStream:75 - [STDERR_REDIRECT] 
2025-12-11 19:17:48,685 [ERROR] LogOutputStream:75 - [STDERR_REDIRECT] [Fatal Error] :1:1: Premature end of file.
2025-12-11 19:17:48,685 [ERROR] LogOutputStream:75 - [STDERR_REDIRECT] 
2025-12-11 19:17:48,728 [ERROR] LogOutputStream:75 - [STDERR_REDIRECT] [Fatal Error] :1:1: Premature end of file.
2025-12-11 19:17:48,728 [ERROR] LogOutputStream:75 - [STDERR_REDIRECT] 
2025-12-11 19:17:48,769 [ERROR] LogOutputStream:75 - [STDERR_REDIRECT] [Fatal Error] :1:1: Premature end of file.
2025-12-11 19:17:48,769 [ERROR] LogOutputStream:75 - [STDERR_REDIRECT] 
2025-12-11 19:17:48,811 [ERROR] LogOutputStream:75 - [STDERR_REDIRECT] [Fatal Error] :1:1: Premature end of file.
2025-12-11 19:17:48,814 [ERROR] LogOutputStream:75 - [STDERR_REDIRECT] 
2025-12-11 19:17:48,855 [ERROR] LogOutputStream:75 - [STDERR_REDIRECT] [Fatal Error] :1:1: Premature end of file.
2025-12-11 19:17:48,855 [ERROR] LogOutputStream:75 - [STDERR_REDIRECT] 
2025-12-11 19:17:48,896 [ERROR] LogOutputStream:75 - [STDERR_REDIRECT] [Fatal Error] :1:1: Premature end of file.
2025-12-11 19:17:48,896 [ERROR] LogOutputStream:75 - [STDERR_REDIRECT] 
2025-12-11 19:17:48,937 [ERROR] LogOutputStream:75 - [STDERR_REDIRECT] [Fatal Error] :1:1: Premature end of file.
2025-12-11 19:17:48,937 [ERROR] LogOutputStream:75 - [STDERR_REDIRECT] 
2025-12-11 19:17:48,983 [ERROR] LogOutputStream:75 - [STDERR_REDIRECT] [Fatal Error] :1:1: Premature end of file.
2025-12-11 19:17:48,983 [ERROR] LogOutputStream:75 - [STDERR_REDIRECT] 
2025-12-11 19:17:49,019 [ERROR] LogOutputStream:75 - [STDERR_REDIRECT] [Fatal Error] :1:1: Premature end of file.
2025-12-11 19:17:49,019 [ERROR] LogOutputStream:75 - [STDERR_REDIRECT] 
2025-12-11 19:17:49,068 [ERROR] LogOutputStream:75 - [STDERR_REDIRECT] [Fatal Error] :1:1: Premature end of file.
2025-12-11 19:17:49,068 [ERROR] LogOutputStream:75 - [STDERR_REDIRECT] 
2025-12-11 19:17:49,112 [ERROR] LogOutputStream:75 - [STDERR_REDIRECT] [Fatal Error] :1:1: Premature end of file.
2025-12-11 19:17:49,112 [ERROR] LogOutputStream:75 - [STDERR_REDIRECT] 
2025-12-11 19:17:49,151 [ERROR] LogOutputStream:75 - [STDERR_REDIRECT] [Fatal Error] :1:1: Premature end of file.
2025-12-11 19:17:49,151 [ERROR] LogOutputStream:75 - [STDERR_REDIRECT] 
2025-12-11 19:17:49,197 [ERROR] LogOutputStream:75 - [STDERR_REDIRECT] [Fatal Error] :1:1: Premature end of file.
2025-12-11 19:17:49,197 [ERROR] LogOutputStream:75 - [STDERR_REDIRECT] 
2025-12-11 19:17:49,236 [ERROR] LogOutputStream:75 - [STDERR_REDIRECT] [Fatal Error] :1:1: Premature end of file.
2025-12-11 19:17:49,236 [ERROR] LogOutputStream:75 - [STDERR_REDIRECT] 
2025-12-11 19:17:49,282 [ERROR] LogOutputStream:75 - [STDERR_REDIRECT] [Fatal Error] :1:1: Premature end of file.
2025-12-11 19:17:49,282 [ERROR] LogOutputStream:75 - [STDERR_REDIRECT] 
2025-12-11 19:17:49,324 [ERROR] LogOutputStream:75 - [STDERR_REDIRECT] [Fatal Error] :1:1: Premature end of file.
2025-12-11 19:17:49,355 [ERROR] LogOutputStream:75 - [STDERR_REDIRECT] 
2025-12-11 19:17:49,398 [ERROR] LogOutputStream:75 - [STDERR_REDIRECT] [Fatal Error] :1:1: Premature end of file.
2025-12-11 19:17:49,399 [ERROR] LogOutputStream:75 - [STDERR_REDIRECT] 
2025-12-11 19:17:49,439 [ERROR] LogOutputStream:75 - [STDERR_REDIRECT] [Fatal Error] :1:1: Premature end of file.
2025-12-11 19:17:49,439 [ERROR] LogOutputStream:75 - [STDERR_REDIRECT] 
2025-12-11 19:17:49,480 [ERROR] LogOutputStream:75 - [STDERR_REDIRECT] [Fatal Error] :1:1: Premature end of file.
2025-12-11 19:17:49,480 [ERROR] LogOutputStream:75 - [STDERR_REDIRECT] 
2025-12-11 19:17:49,521 [ERROR] LogOutputStream:75 - [STDERR_REDIRECT] [Fatal Error] :1:1: Premature end of file.
2025-12-11 19:17:49,521 [ERROR] LogOutputStream:75 - [STDERR_REDIRECT] 
2025-12-11 19:17:49,564 [ERROR] LogOutputStream:75 - [STDERR_REDIRECT] [Fatal Error] :1:1: Premature end of file.
2025-12-11 19:17:49,564 [ERROR] LogOutputStream:75 - [STDERR_REDIRECT] 
2025-12-11 19:17:49,606 [ERROR] LogOutputStream:75 - [STDERR_REDIRECT] [Fatal Error] :1:1: Premature end of file.
2025-12-11 19:17:49,606 [ERROR] LogOutputStream:75 - [STDERR_REDIRECT] 
2025-12-11 19:17:49,652 [ERROR] LogOutputStream:75 - [STDERR_REDIRECT] [Fatal Error] :1:1: Premature end of file.
2025-12-11 19:17:49,652 [ERROR] LogOutputStream:75 - [STDERR_REDIRECT] 
2025-12-11 19:17:49,694 [ERROR] LogOutputStream:75 - [STDERR_REDIRECT] [Fatal Error] :1:1: Premature end of file.
2025-12-11 19:17:49,694 [ERROR] LogOutputStream:75 - [STDERR_REDIRECT] 
2025-12-11 19:17:49,735 [ERROR] LogOutputStream:75 - [STDERR_REDIRECT] [Fatal Error] :1:1: Premature end of file.
2025-12-11 19:17:49,735 [ERROR] LogOutputStream:75 - [STDERR_REDIRECT] 
2025-12-11 19:17:49,776 [ERROR] LogOutputStream:75 - [STDERR_REDIRECT] [Fatal Error] :1:1: Premature end of file.
2025-12-11 19:17:49,776 [ERROR] LogOutputStream:75 - [STDERR_REDIRECT] 
2025-12-11 19:17:49,818 [ERROR] LogOutputStream:75 - [STDERR_REDIRECT] [Fatal Error] :1:1: Premature end of file.
2025-12-11 19:17:49,818 [ERROR] LogOutputStream:75 - [STDERR_REDIRECT] 
2025-12-11 19:17:49,858 [ERROR] LogOutputStream:75 - [STDERR_REDIRECT] [Fatal Error] :1:1: Premature end of file.
2025-12-11 19:17:49,858 [ERROR] LogOutputStream:75 - [STDERR_REDIRECT] 
2025-12-11 19:17:49,902 [ERROR] LogOutputStream:75 - [STDERR_REDIRECT] [Fatal Error] :1:1: Premature end of file.
2025-12-11 19:17:49,902 [ERROR] LogOutputStream:75 - [STDERR_REDIRECT] 
2025-12-11 19:17:49,940 [ERROR] LogOutputStream:75 - [STDERR_REDIRECT] [Fatal Error] :1:1: Premature end of file.
2025-12-11 19:17:49,940 [ERROR] LogOutputStream:75 - [STDERR_REDIRECT] 
2025-12-11 19:17:49,988 [ERROR] LogOutputStream:75 - [STDERR_REDIRECT] [Fatal Error] :1:1: Premature end of file.
2025-12-11 19:17:49,988 [ERROR] LogOutputStream:75 - [STDERR_REDIRECT] 
2025-12-11 19:17:50,030 [ERROR] LogOutputStream:75 - [STDERR_REDIRECT] [Fatal Error] :1:1: Premature end of file.
2025-12-11 19:17:50,030 [ERROR] LogOutputStream:75 - [STDERR_REDIRECT] 
2025-12-11 19:17:50,072 [ERROR] LogOutputStream:75 - [STDERR_REDIRECT] [Fatal Error] :1:1: Premature end of file.
2025-12-11 19:17:50,072 [ERROR] LogOutputStream:75 - [STDERR_REDIRECT] 
2025-12-11 19:17:50,118 [ERROR] LogOutputStream:75 - [STDERR_REDIRECT] [Fatal Error] :1:1: Premature end of file.
2025-12-11 19:17:50,118 [ERROR] LogOutputStream:75 - [STDERR_REDIRECT] 
2025-12-11 19:17:50,160 [ERROR] LogOutputStream:75 - [STDERR_REDIRECT] [Fatal Error] :1:1: Premature end of file.
2025-12-11 19:17:50,160 [ERROR] LogOutputStream:75 - [STDERR_REDIRECT] 
2025-12-11 19:17:50,201 [ERROR] LogOutputStream:75 - [STDERR_REDIRECT] [Fatal Error] :1:1: Premature end of file.
2025-12-11 19:17:50,201 [ERROR] LogOutputStream:75 - [STDERR_REDIRECT] 
2025-12-11 19:17:50,244 [ERROR] LogOutputStream:75 - [STDERR_REDIRECT] [Fatal Error] :1:1: Premature end of file.
2025-12-11 19:17:50,244 [ERROR] LogOutputStream:75 - [STDERR_REDIRECT] 
2025-12-11 19:17:50,287 [ERROR] LogOutputStream:75 - [STDERR_REDIRECT] [Fatal Error] :1:1: Premature end of file.
2025-12-11 19:17:50,287 [ERROR] LogOutputStream:75 - [STDERR_REDIRECT] 
2025-12-11 19:17:50,327 [ERROR] LogOutputStream:75 - [STDERR_REDIRECT] [Fatal Error] :1:1: Premature end of file.
2025-12-11 19:17:50,327 [ERROR] LogOutputStream:75 - [STDERR_REDIRECT] 
2025-12-11 19:17:50,373 [ERROR] LogOutputStream:75 - [STDERR_REDIRECT] [Fatal Error] :1:1: Premature end of file.
2025-12-11 19:17:50,373 [ERROR] LogOutputStream:75 - [STDERR_REDIRECT] 
2025-12-11 19:17:50,412 [ERROR] LogOutputStream:75 - [STDERR_REDIRECT] [Fatal Error] :1:1: Premature end of file.
2025-12-11 19:17:50,412 [ERROR] LogOutputStream:75 - [STDERR_REDIRECT] 
2025-12-11 19:17:50,453 [ERROR] LogOutputStream:75 - [STDERR_REDIRECT] [Fatal Error] :1:1: Premature end of file.
2025-12-11 19:17:50,453 [ERROR] LogOutputStream:75 - [STDERR_REDIRECT] 
2025-12-11 19:17:50,500 [ERROR] LogOutputStream:75 - [STDERR_REDIRECT] [Fatal Error] :1:1: Premature end of file.
2025-12-11 19:17:50,500 [ERROR] LogOutputStream:75 - [STDERR_REDIRECT] 
2025-12-11 19:17:50,541 [ERROR] LogOutputStream:75 - [STDERR_REDIRECT] [Fatal Error] :1:1: Premature end of file.
2025-12-11 19:17:50,541 [ERROR] LogOutputStream:75 - [STDERR_REDIRECT] 
2025-12-11 19:17:50,582 [ERROR] LogOutputStream:75 - [STDERR_REDIRECT] [Fatal Error] :1:1: Premature end of file.
2025-12-11 19:17:50,582 [ERROR] LogOutputStream:75 - [STDERR_REDIRECT] 
2025-12-11 19:17:50,622 [ERROR] LogOutputStream:75 - [STDERR_REDIRECT] [Fatal Error] :1:1: Premature end of file.
2025-12-11 19:17:50,622 [ERROR] LogOutputStream:75 - [STDERR_REDIRECT] 
2025-12-11 19:17:50,672 [ERROR] LogOutputStream:75 - [STDERR_REDIRECT] [Fatal Error] :1:1: Premature end of file.
2025-12-11 19:17:50,672 [ERROR] LogOutputStream:75 - [STDERR_REDIRECT] 
2025-12-11 19:17:50,713 [ERROR] LogOutputStream:75 - [STDERR_REDIRECT] [Fatal Error] :1:1: Premature end of file.
2025-12-11 19:17:50,713 [ERROR] LogOutputStream:75 - [STDERR_REDIRECT] 
2025-12-11 19:17:50,754 [ERROR] LogOutputStream:75 - [STDERR_REDIRECT] [Fatal Error] :1:1: Premature end of file.
2025-12-11 19:17:50,754 [ERROR] LogOutputStream:75 - [STDERR_REDIRECT] 
2025-12-11 19:17:50,799 [ERROR] LogOutputStream:75 - [STDERR_REDIRECT] [Fatal Error] :1:1: Premature end of file.
2025-12-11 19:17:50,803 [ERROR] LogOutputStream:75 - [STDERR_REDIRECT] 
2025-12-11 19:17:50,844 [ERROR] LogOutputStream:75 - [STDERR_REDIRECT] [Fatal Error] :1:1: Premature end of file.
2025-12-11 19:17:50,844 [ERROR] LogOutputStream:75 - [STDERR_REDIRECT] 
2025-12-11 19:17:50,885 [ERROR] LogOutputStream:75 - [STDERR_REDIRECT] [Fatal Error] :1:1: Premature end of file.
2025-12-11 19:17:50,885 [ERROR] LogOutputStream:75 - [STDERR_REDIRECT] 
2025-12-11 19:17:50,926 [ERROR] LogOutputStream:75 - [STDERR_REDIRECT] [Fatal Error] :1:1: Premature end of file.
2025-12-11 19:17:50,926 [ERROR] LogOutputStream:75 - [STDERR_REDIRECT] 
2025-12-11 19:17:50,975 [ERROR] LogOutputStream:75 - [STDERR_REDIRECT] [Fatal Error] :1:1: Premature end of file.
2025-12-11 19:17:50,975 [ERROR] LogOutputStream:75 - [STDERR_REDIRECT] 
2025-12-11 19:17:51,015 [ERROR] LogOutputStream:75 - [STDERR_REDIRECT] [Fatal Error] :1:1: Premature end of file.
2025-12-11 19:17:51,015 [ERROR] LogOutputStream:75 - [STDERR_REDIRECT] 
2025-12-11 19:17:51,065 [ERROR] LogOutputStream:75 - [STDERR_REDIRECT] [Fatal Error] :1:1: Premature end of file.
2025-12-11 19:17:51,065 [ERROR] LogOutputStream:75 - [STDERR_REDIRECT] 
2025-12-11 19:17:51,106 [ERROR] LogOutputStream:75 - [STDERR_REDIRECT] [Fatal Error] :1:1: Premature end of file.
2025-12-11 19:17:51,106 [ERROR] LogOutputStream:75 - [STDERR_REDIRECT] 
2025-12-11 19:17:51,149 [ERROR] LogOutputStream:75 - [STDERR_REDIRECT] [Fatal Error] :1:1: Premature end of file.
2025-12-11 19:17:51,149 [ERROR] LogOutputStream:75 - [STDERR_REDIRECT] 
2025-12-11 19:17:51,191 [ERROR] LogOutputStream:75 - [STDERR_REDIRECT] [Fatal Error] :1:1: Premature end of file.
2025-12-11 19:17:51,191 [ERROR] LogOutputStream:75 - [STDERR_REDIRECT] 
2025-12-11 19:17:51,237 [ERROR] LogOutputStream:75 - [STDERR_REDIRECT] [Fatal Error] :1:1: Premature end of file.
2025-12-11 19:17:51,237 [ERROR] LogOutputStream:75 - [STDERR_REDIRECT] 
2025-12-11 19:17:51,278 [ERROR] LogOutputStream:75 - [STDERR_REDIRECT] [Fatal Error] :1:1: Premature end of file.
2025-12-11 19:17:51,278 [ERROR] LogOutputStream:75 - [STDERR_REDIRECT] 
2025-12-11 19:17:51,321 [ERROR] LogOutputStream:75 - [STDERR_REDIRECT] [Fatal Error] :1:1: Premature end of file.
2025-12-11 19:17:51,357 [ERROR] LogOutputStream:75 - [STDERR_REDIRECT] 
2025-12-11 19:17:51,401 [ERROR] LogOutputStream:75 - [STDERR_REDIRECT] [Fatal Error] :1:1: Premature end of file.
2025-12-11 19:17:51,401 [ERROR] LogOutputStream:75 - [STDERR_REDIRECT] 
2025-12-11 19:17:51,449 [ERROR] LogOutputStream:75 - [STDERR_REDIRECT] [Fatal Error] :1:1: Premature end of file.
2025-12-11 19:17:51,449 [ERROR] LogOutputStream:75 - [STDERR_REDIRECT] 
2025-12-11 19:17:51,498 [ERROR] LogOutputStream:75 - [STDERR_REDIRECT] [Fatal Error] :1:1: Premature end of file.
2025-12-11 19:17:51,498 [ERROR] LogOutputStream:75 - [STDERR_REDIRECT] 
2025-12-11 19:17:51,538 [ERROR] LogOutputStream:75 - [STDERR_REDIRECT] [Fatal Error] :1:1: Premature end of file.
2025-12-11 19:17:51,538 [ERROR] LogOutputStream:75 - [STDERR_REDIRECT] 
2025-12-11 19:17:51,592 [ERROR] LogOutputStream:75 - [STDERR_REDIRECT] [Fatal Error] :1:1: Premature end of file.
2025-12-11 19:17:51,592 [ERROR] LogOutputStream:75 - [STDERR_REDIRECT] 
2025-12-11 19:17:51,635 [ERROR] LogOutputStream:75 - [STDERR_REDIRECT] [Fatal Error] :1:1: Premature end of file.
2025-12-11 19:17:51,635 [ERROR] LogOutputStream:75 - [STDERR_REDIRECT] 
2025-12-11 19:17:51,676 [ERROR] LogOutputStream:75 - [STDERR_REDIRECT] [Fatal Error] :1:1: Premature end of file.
2025-12-11 19:17:51,676 [ERROR] LogOutputStream:75 - [STDERR_REDIRECT] 
2025-12-11 19:17:51,717 [ERROR] LogOutputStream:75 - [STDERR_REDIRECT] [Fatal Error] :1:1: Premature end of file.
2025-12-11 19:17:51,717 [ERROR] LogOutputStream:75 - [STDERR_REDIRECT] 
2025-12-11 19:17:51,768 [ERROR] LogOutputStream:75 - [STDERR_REDIRECT] [Fatal Error] :1:1: Premature end of file.
2025-12-11 19:17:51,768 [ERROR] LogOutputStream:75 - [STDERR_REDIRECT] 
2025-12-11 19:17:51,808 [ERROR] LogOutputStream:75 - [STDERR_REDIRECT] [Fatal Error] :1:1: Premature end of file.
2025-12-11 19:17:51,808 [ERROR] LogOutputStream:75 - [STDERR_REDIRECT] 
2025-12-11 19:17:51,849 [ERROR] LogOutputStream:75 - [STDERR_REDIRECT] [Fatal Error] :1:1: Premature end of file.
2025-12-11 19:17:51,849 [ERROR] LogOutputStream:75 - [STDERR_REDIRECT] 
2025-12-11 19:17:51,898 [ERROR] LogOutputStream:75 - [STDERR_REDIRECT] [Fatal Error] :1:1: Premature end of file.
2025-12-11 19:17:51,898 [ERROR] LogOutputStream:75 - [STDERR_REDIRECT] 
2025-12-11 19:17:51,954 [ERROR] LogOutputStream:75 - [STDERR_REDIRECT] [Fatal Error] :1:1: Premature end of file.
2025-12-11 19:17:51,954 [ERROR] LogOutputStream:75 - [STDERR_REDIRECT] 
2025-12-11 19:17:51,997 [ERROR] LogOutputStream:75 - [STDERR_REDIRECT] [Fatal Error] :1:1: Premature end of file.
2025-12-11 19:17:51,997 [ERROR] LogOutputStream:75 - [STDERR_REDIRECT] 
2025-12-11 19:17:52,048 [ERROR] LogOutputStream:75 - [STDERR_REDIRECT] [Fatal Error] :1:1: Premature end of file.
2025-12-11 19:17:52,048 [ERROR] LogOutputStream:75 - [STDERR_REDIRECT] 
2025-12-11 19:17:52,088 [ERROR] LogOutputStream:75 - [STDERR_REDIRECT] [Fatal Error] :1:1: Premature end of file.
2025-12-11 19:17:52,088 [ERROR] LogOutputStream:75 - [STDERR_REDIRECT] 
2025-12-11 19:17:52,145 [ERROR] LogOutputStream:75 - [STDERR_REDIRECT] [Fatal Error] :1:1: Premature end of file.
2025-12-11 19:17:52,145 [ERROR] LogOutputStream:75 - [STDERR_REDIRECT] 
2025-12-11 19:17:52,187 [ERROR] LogOutputStream:75 - [STDERR_REDIRECT] [Fatal Error] :1:1: Premature end of file.
2025-12-11 19:17:52,195 [ERROR] LogOutputStream:75 - [STDERR_REDIRECT] 
2025-12-11 19:17:52,236 [ERROR] LogOutputStream:75 - [STDERR_REDIRECT] [Fatal Error] :1:1: Premature end of file.
2025-12-11 19:17:52,236 [ERROR] LogOutputStream:75 - [STDERR_REDIRECT] 
2025-12-11 19:17:52,277 [ERROR] LogOutputStream:75 - [STDERR_REDIRECT] [Fatal Error] :1:1: Premature end of file.
2025-12-11 19:17:52,285 [ERROR] LogOutputStream:75 - [STDERR_REDIRECT] 
2025-12-11 19:17:52,329 [ERROR] LogOutputStream:75 - [STDERR_REDIRECT] [Fatal Error] :1:1: Premature end of file.
2025-12-11 19:17:52,329 [ERROR] LogOutputStream:75 - [STDERR_REDIRECT] 
2025-12-11 19:17:52,373 [ERROR] LogOutputStream:75 - [STDERR_REDIRECT] [Fatal Error] :1:1: Premature end of file.
2025-12-11 19:17:52,373 [ERROR] LogOutputStream:75 - [STDERR_REDIRECT] 
2025-12-11 19:17:52,415 [ERROR] LogOutputStream:75 - [STDERR_REDIRECT] [Fatal Error] :1:1: Premature end of file.
2025-12-11 19:17:52,415 [ERROR] LogOutputStream:75 - [STDERR_REDIRECT] 
2025-12-11 19:17:52,463 [ERROR] LogOutputStream:75 - [STDERR_REDIRECT] [Fatal Error] :1:1: Premature end of file.
2025-12-11 19:17:52,463 [ERROR] LogOutputStream:75 - [STDERR_REDIRECT] 
2025-12-11 19:17:52,506 [ERROR] LogOutputStream:75 - [STDERR_REDIRECT] [Fatal Error] :1:1: Premature end of file.
2025-12-11 19:17:52,506 [ERROR] LogOutputStream:75 - [STDERR_REDIRECT] 
2025-12-11 19:17:52,547 [ERROR] LogOutputStream:75 - [STDERR_REDIRECT] [Fatal Error] :1:1: Premature end of file.
2025-12-11 19:17:52,547 [ERROR] LogOutputStream:75 - [STDERR_REDIRECT] 
2025-12-11 19:17:52,590 [ERROR] LogOutputStream:75 - [STDERR_REDIRECT] [Fatal Error] :1:1: Premature end of file.
2025-12-11 19:17:52,590 [ERROR] LogOutputStream:75 - [STDERR_REDIRECT] 
2025-12-11 19:17:52,629 [ERROR] LogOutputStream:75 - [STDERR_REDIRECT] [Fatal Error] :1:1: Premature end of file.
2025-12-11 19:17:52,629 [ERROR] LogOutputStream:75 - [STDERR_REDIRECT] 
2025-12-11 19:17:52,670 [ERROR] LogOutputStream:75 - [STDERR_REDIRECT] [Fatal Error] :1:1: Premature end of file.
2025-12-11 19:17:52,670 [ERROR] LogOutputStream:75 - [STDERR_REDIRECT] 
2025-12-11 19:17:52,719 [ERROR] LogOutputStream:75 - [STDERR_REDIRECT] [Fatal Error] :1:1: Premature end of file.
2025-12-11 19:17:52,719 [ERROR] LogOutputStream:75 - [STDERR_REDIRECT] 
2025-12-11 19:17:52,766 [ERROR] LogOutputStream:75 - [STDERR_REDIRECT] [Fatal Error] :1:1: Premature end of file.
2025-12-11 19:17:52,766 [ERROR] LogOutputStream:75 - [STDERR_REDIRECT] 
2025-12-11 19:17:52,842 [ERROR] LogOutputStream:75 - [STDERR_REDIRECT] [Fatal Error] :1:1: Premature end of file.
2025-12-11 19:17:52,842 [ERROR] LogOutputStream:75 - [STDERR_REDIRECT] 
2025-12-11 19:17:52,895 [ERROR] LogOutputStream:75 - [STDERR_REDIRECT] [Fatal Error] :1:1: Premature end of file.
2025-12-11 19:17:52,895 [ERROR] LogOutputStream:75 - [STDERR_REDIRECT] 
2025-12-11 19:17:52,942 [ERROR] LogOutputStream:75 - [STDERR_REDIRECT] [Fatal Error] :1:1: Premature end of file.
2025-12-11 19:17:52,942 [ERROR] LogOutputStream:75 - [STDERR_REDIRECT] 
2025-12-11 19:17:52,990 [ERROR] LogOutputStream:75 - [STDERR_REDIRECT] [Fatal Error] :1:1: Premature end of file.
2025-12-11 19:17:52,990 [ERROR] LogOutputStream:75 - [STDERR_REDIRECT] 
2025-12-11 19:17:53,038 [ERROR] LogOutputStream:75 - [STDERR_REDIRECT] [Fatal Error] :1:1: Premature end of file.
2025-12-11 19:17:53,038 [ERROR] LogOutputStream:75 - [STDERR_REDIRECT] 
2025-12-11 19:17:53,078 [ERROR] LogOutputStream:75 - [STDERR_REDIRECT] [Fatal Error] :1:1: Premature end of file.
2025-12-11 19:17:53,078 [ERROR] LogOutputStream:75 - [STDERR_REDIRECT] 
2025-12-11 19:17:53,120 [ERROR] LogOutputStream:75 - [STDERR_REDIRECT] [Fatal Error] :1:1: Premature end of file.
2025-12-11 19:17:53,120 [ERROR] LogOutputStream:75 - [STDERR_REDIRECT] 
2025-12-11 19:17:53,169 [ERROR] LogOutputStream:75 - [STDERR_REDIRECT] [Fatal Error] :1:1: Premature end of file.
2025-12-11 19:17:53,169 [ERROR] LogOutputStream:75 - [STDERR_REDIRECT] 
2025-12-11 19:17:53,212 [ERROR] LogOutputStream:75 - [STDERR_REDIRECT] [Fatal Error] :1:1: Premature end of file.
2025-12-11 19:17:53,212 [ERROR] LogOutputStream:75 - [STDERR_REDIRECT] 
2025-12-11 19:17:53,265 [ERROR] LogOutputStream:75 - [STDERR_REDIRECT] [Fatal Error] :1:1: Premature end of file.
2025-12-11 19:17:53,265 [ERROR] LogOutputStream:75 - [STDERR_REDIRECT] 
2025-12-11 19:17:53,314 [ERROR] LogOutputStream:75 - [STDERR_REDIRECT] [Fatal Error] :1:1: Premature end of file.
2025-12-11 19:17:53,375 [ERROR] LogOutputStream:75 - [STDERR_REDIRECT] 
2025-12-11 19:17:53,421 [ERROR] LogOutputStream:75 - [STDERR_REDIRECT] [Fatal Error] :1:1: Premature end of file.
2025-12-11 19:17:53,421 [ERROR] LogOutputStream:75 - [STDERR_REDIRECT] 
2025-12-11 19:17:53,469 [ERROR] LogOutputStream:75 - [STDERR_REDIRECT] [Fatal Error] :1:1: Premature end of file.
2025-12-11 19:17:53,469 [ERROR] LogOutputStream:75 - [STDERR_REDIRECT] 
2025-12-11 19:17:53,517 [ERROR] LogOutputStream:75 - [STDERR_REDIRECT] [Fatal Error] :1:1: Premature end of file.
2025-12-11 19:17:53,517 [ERROR] LogOutputStream:75 - [STDERR_REDIRECT] 
2025-12-11 19:17:53,561 [ERROR] LogOutputStream:75 - [STDERR_REDIRECT] [Fatal Error] :1:1: Premature end of file.
2025-12-11 19:17:53,561 [ERROR] LogOutputStream:75 - [STDERR_REDIRECT] 
2025-12-11 19:17:53,602 [ERROR] LogOutputStream:75 - [STDERR_REDIRECT] [Fatal Error] :1:1: Premature end of file.
2025-12-11 19:17:53,602 [ERROR] LogOutputStream:75 - [STDERR_REDIRECT] 
2025-12-11 19:17:53,642 [ERROR] LogOutputStream:75 - [STDERR_REDIRECT] [Fatal Error] :1:1: Premature end of file.
2025-12-11 19:17:53,642 [ERROR] LogOutputStream:75 - [STDERR_REDIRECT] 
2025-12-11 19:17:53,692 [ERROR] LogOutputStream:75 - [STDERR_REDIRECT] [Fatal Error] :1:1: Premature end of file.
2025-12-11 19:17:53,692 [ERROR] LogOutputStream:75 - [STDERR_REDIRECT] 
2025-12-11 19:17:53,736 [ERROR] LogOutputStream:75 - [STDERR_REDIRECT] [Fatal Error] :1:1: Premature end of file.
2025-12-11 19:17:53,736 [ERROR] LogOutputStream:75 - [STDERR_REDIRECT] 
2025-12-11 19:17:53,776 [ERROR] LogOutputStream:75 - [STDERR_REDIRECT] [Fatal Error] :1:1: Premature end of file.
2025-12-11 19:17:53,776 [ERROR] LogOutputStream:75 - [STDERR_REDIRECT] 
2025-12-11 19:17:53,822 [ERROR] LogOutputStream:75 - [STDERR_REDIRECT] [Fatal Error] :1:1: Premature end of file.
2025-12-11 19:17:53,822 [ERROR] LogOutputStream:75 - [STDERR_REDIRECT] 
2025-12-11 19:17:53,865 [ERROR] LogOutputStream:75 - [STDERR_REDIRECT] [Fatal Error] :1:1: Premature end of file.
2025-12-11 19:17:53,865 [ERROR] LogOutputStream:75 - [STDERR_REDIRECT] 
2025-12-11 19:17:53,906 [ERROR] LogOutputStream:75 - [STDERR_REDIRECT] [Fatal Error] :1:1: Premature end of file.
2025-12-11 19:17:53,906 [ERROR] LogOutputStream:75 - [STDERR_REDIRECT] 
2025-12-11 19:17:53,948 [ERROR] LogOutputStream:75 - [STDERR_REDIRECT] [Fatal Error] :1:1: Premature end of file.
2025-12-11 19:17:53,948 [ERROR] LogOutputStream:75 - [STDERR_REDIRECT] 
2025-12-11 19:17:53,992 [ERROR] LogOutputStream:75 - [STDERR_REDIRECT] [Fatal Error] :1:1: Premature end of file.
2025-12-11 19:17:53,992 [ERROR] LogOutputStream:75 - [STDERR_REDIRECT] 
2025-12-11 19:17:54,032 [ERROR] LogOutputStream:75 - [STDERR_REDIRECT] [Fatal Error] :1:1: Premature end of file.
2025-12-11 19:17:54,032 [ERROR] LogOutputStream:75 - [STDERR_REDIRECT] 
2025-12-11 19:17:54,070 [ERROR] LogOutputStream:75 - [STDERR_REDIRECT] [Fatal Error] :1:1: Premature end of file.
2025-12-11 19:17:54,070 [ERROR] LogOutputStream:75 - [STDERR_REDIRECT] 
2025-12-11 19:17:54,119 [ERROR] LogOutputStream:75 - [STDERR_REDIRECT] [Fatal Error] :1:1: Premature end of file.
2025-12-11 19:17:54,119 [ERROR] LogOutputStream:75 - [STDERR_REDIRECT] 
2025-12-11 19:17:54,163 [ERROR] LogOutputStream:75 - [STDERR_REDIRECT] [Fatal Error] :1:1: Premature end of file.
2025-12-11 19:17:54,163 [ERROR] LogOutputStream:75 - [STDERR_REDIRECT] 
2025-12-11 19:17:54,201 [ERROR] LogOutputStream:75 - [STDERR_REDIRECT] [Fatal Error] :1:1: Premature end of file.
2025-12-11 19:17:54,201 [ERROR] LogOutputStream:75 - [STDERR_REDIRECT] 
2025-12-11 19:17:54,251 [ERROR] LogOutputStream:75 - [STDERR_REDIRECT] [Fatal Error] :1:1: Premature end of file.
2025-12-11 19:17:54,251 [ERROR] LogOutputStream:75 - [STDERR_REDIRECT] 
2025-12-11 19:17:54,295 [ERROR] LogOutputStream:75 - [STDERR_REDIRECT] [Fatal Error] :1:1: Premature end of file.
2025-12-11 19:17:54,295 [ERROR] LogOutputStream:75 - [STDERR_REDIRECT] 
2025-12-11 19:17:54,338 [ERROR] LogOutputStream:75 - [STDERR_REDIRECT] [Fatal Error] :1:1: Premature end of file.
2025-12-11 19:17:54,338 [ERROR] LogOutputStream:75 - [STDERR_REDIRECT] 
2025-12-11 19:17:54,382 [ERROR] LogOutputStream:75 - [STDERR_REDIRECT] [Fatal Error] :1:1: Premature end of file.
2025-12-11 19:17:54,382 [ERROR] LogOutputStream:75 - [STDERR_REDIRECT] 
2025-12-11 19:17:54,422 [ERROR] LogOutputStream:75 - [STDERR_REDIRECT] [Fatal Error] :1:1: Premature end of file.
2025-12-11 19:17:54,422 [ERROR] LogOutputStream:75 - [STDERR_REDIRECT] 
2025-12-11 19:17:54,462 [ERROR] LogOutputStream:75 - [STDERR_REDIRECT] [Fatal Error] :1:1: Premature end of file.
2025-12-11 19:17:54,462 [ERROR] LogOutputStream:75 - [STDERR_REDIRECT] 
2025-12-11 19:17:54,502 [ERROR] LogOutputStream:75 - [STDERR_REDIRECT] [Fatal Error] :1:1: Premature end of file.
2025-12-11 19:17:54,502 [ERROR] LogOutputStream:75 - [STDERR_REDIRECT] 
2025-12-11 19:17:54,542 [ERROR] LogOutputStream:75 - [STDERR_REDIRECT] [Fatal Error] :1:1: Premature end of file.
2025-12-11 19:17:54,542 [ERROR] LogOutputStream:75 - [STDERR_REDIRECT] 
2025-12-11 19:17:54,591 [ERROR] LogOutputStream:75 - [STDERR_REDIRECT] [Fatal Error] :1:1: Premature end of file.
2025-12-11 19:17:54,591 [ERROR] LogOutputStream:75 - [STDERR_REDIRECT] 
2025-12-11 19:17:54,632 [ERROR] LogOutputStream:75 - [STDERR_REDIRECT] [Fatal Error] :1:1: Premature end of file.
2025-12-11 19:17:54,632 [ERROR] LogOutputStream:75 - [STDERR_REDIRECT] 
2025-12-11 19:17:54,680 [ERROR] LogOutputStream:75 - [STDERR_REDIRECT] [Fatal Error] :1:1: Premature end of file.
2025-12-11 19:17:54,680 [ERROR] LogOutputStream:75 - [STDERR_REDIRECT] 
2025-12-11 19:17:54,722 [ERROR] LogOutputStream:75 - [STDERR_REDIRECT] [Fatal Error] :1:1: Premature end of file.
2025-12-11 19:17:54,722 [ERROR] LogOutputStream:75 - [STDERR_REDIRECT] 
2025-12-11 19:17:54,763 [ERROR] LogOutputStream:75 - [STDERR_REDIRECT] [Fatal Error] :1:1: Premature end of file.
2025-12-11 19:17:54,763 [ERROR] LogOutputStream:75 - [STDERR_REDIRECT] 
2025-12-11 19:17:54,804 [ERROR] LogOutputStream:75 - [STDERR_REDIRECT] [Fatal Error] :1:1: Premature end of file.
2025-12-11 19:17:54,804 [ERROR] LogOutputStream:75 - [STDERR_REDIRECT] 
2025-12-11 19:17:54,854 [ERROR] LogOutputStream:75 - [STDERR_REDIRECT] [Fatal Error] :1:1: Premature end of file.
2025-12-11 19:17:54,854 [ERROR] LogOutputStream:75 - [STDERR_REDIRECT] 
2025-12-11 19:17:54,893 [ERROR] LogOutputStream:75 - [STDERR_REDIRECT] [Fatal Error] :1:1: Premature end of file.
2025-12-11 19:17:54,893 [ERROR] LogOutputStream:75 - [STDERR_REDIRECT] 
2025-12-11 19:17:54,942 [ERROR] LogOutputStream:75 - [STDERR_REDIRECT] [Fatal Error] :1:1: Premature end of file.
2025-12-11 19:17:54,942 [ERROR] LogOutputStream:75 - [STDERR_REDIRECT] 
2025-12-11 19:17:54,992 [ERROR] LogOutputStream:75 - [STDERR_REDIRECT] [Fatal Error] :1:1: Premature end of file.
2025-12-11 19:17:54,992 [ERROR] LogOutputStream:75 - [STDERR_REDIRECT] 
2025-12-11 19:17:55,035 [ERROR] LogOutputStream:75 - [STDERR_REDIRECT] [Fatal Error] :1:1: Premature end of file.
2025-12-11 19:17:55,035 [ERROR] LogOutputStream:75 - [STDERR_REDIRECT] 
2025-12-11 19:17:55,081 [ERROR] LogOutputStream:75 - [STDERR_REDIRECT] [Fatal Error] :1:1: Premature end of file.
2025-12-11 19:17:55,081 [ERROR] LogOutputStream:75 - [STDERR_REDIRECT] 
2025-12-11 19:17:55,124 [ERROR] LogOutputStream:75 - [STDERR_REDIRECT] [Fatal Error] :1:1: Premature end of file.
2025-12-11 19:17:55,124 [ERROR] LogOutputStream:75 - [STDERR_REDIRECT] 
2025-12-11 19:17:55,163 [ERROR] LogOutputStream:75 - [STDERR_REDIRECT] [Fatal Error] :1:1: Premature end of file.
2025-12-11 19:17:55,163 [ERROR] LogOutputStream:75 - [STDERR_REDIRECT] 
2025-12-11 19:17:55,206 [ERROR] LogOutputStream:75 - [STDERR_REDIRECT] [Fatal Error] :1:1: Premature end of file.
2025-12-11 19:17:55,206 [ERROR] LogOutputStream:75 - [STDERR_REDIRECT] 
2025-12-11 19:17:55,251 [ERROR] LogOutputStream:75 - [STDERR_REDIRECT] [Fatal Error] :1:1: Premature end of file.
2025-12-11 19:17:55,251 [ERROR] LogOutputStream:75 - [STDERR_REDIRECT] 
2025-12-11 19:17:55,295 [ERROR] LogOutputStream:75 - [STDERR_REDIRECT] [Fatal Error] :1:1: Premature end of file.
2025-12-11 19:17:55,295 [ERROR] LogOutputStream:75 - [STDERR_REDIRECT] 
2025-12-11 19:17:55,337 [ERROR] LogOutputStream:75 - [STDERR_REDIRECT] [Fatal Error] :1:1: Premature end of file.
2025-12-11 19:17:55,337 [ERROR] LogOutputStream:75 - [STDERR_REDIRECT] 
2025-12-11 19:17:55,377 [ERROR] LogOutputStream:75 - [STDERR_REDIRECT] [Fatal Error] :1:1: Premature end of file.
2025-12-11 19:17:55,377 [ERROR] LogOutputStream:75 - [STDERR_REDIRECT] 
2025-12-11 19:17:55,428 [ERROR] LogOutputStream:75 - [STDERR_REDIRECT] [Fatal Error] :1:1: Premature end of file.
2025-12-11 19:17:55,428 [ERROR] LogOutputStream:75 - [STDERR_REDIRECT] 
2025-12-11 19:17:55,472 [ERROR] LogOutputStream:75 - [STDERR_REDIRECT] [Fatal Error] :1:1: Premature end of file.
2025-12-11 19:17:55,472 [ERROR] LogOutputStream:75 - [STDERR_REDIRECT] 
2025-12-11 19:17:55,519 [ERROR] LogOutputStream:75 - [STDERR_REDIRECT] [Fatal Error] :1:1: Premature end of file.
2025-12-11 19:17:55,519 [ERROR] LogOutputStream:75 - [STDERR_REDIRECT] 
2025-12-11 19:17:55,565 [ERROR] LogOutputStream:75 - [STDERR_REDIRECT] [Fatal Error] :1:1: Premature end of file.
2025-12-11 19:17:55,565 [ERROR] LogOutputStream:75 - [STDERR_REDIRECT] 
2025-12-11 19:17:55,607 [ERROR] LogOutputStream:75 - [STDERR_REDIRECT] [Fatal Error] :1:1: Premature end of file.
2025-12-11 19:17:55,607 [ERROR] LogOutputStream:75 - [STDERR_REDIRECT] 
2025-12-11 19:17:55,653 [ERROR] LogOutputStream:75 - [STDERR_REDIRECT] [Fatal Error] :1:1: Premature end of file.
2025-12-11 19:17:55,653 [ERROR] LogOutputStream:75 - [STDERR_REDIRECT] 
2025-12-11 19:17:55,700 [ERROR] LogOutputStream:75 - [STDERR_REDIRECT] [Fatal Error] :1:1: Premature end of file.
2025-12-11 19:17:55,702 [ERROR] LogOutputStream:75 - [STDERR_REDIRECT] 
2025-12-11 19:17:55,743 [ERROR] LogOutputStream:75 - [STDERR_REDIRECT] [Fatal Error] :1:1: Premature end of file.
2025-12-11 19:17:55,743 [ERROR] LogOutputStream:75 - [STDERR_REDIRECT] 
2025-12-11 19:17:55,786 [ERROR] LogOutputStream:75 - [STDERR_REDIRECT] [Fatal Error] :1:1: Premature end of file.
2025-12-11 19:17:55,786 [ERROR] LogOutputStream:75 - [STDERR_REDIRECT] 
2025-12-11 19:17:55,831 [ERROR] LogOutputStream:75 - [STDERR_REDIRECT] [Fatal Error] :1:1: Premature end of file.
2025-12-11 19:17:55,831 [ERROR] LogOutputStream:75 - [STDERR_REDIRECT] 
2025-12-11 19:17:55,871 [ERROR] LogOutputStream:75 - [STDERR_REDIRECT] [Fatal Error] :1:1: Premature end of file.
2025-12-11 19:17:55,871 [ERROR] LogOutputStream:75 - [STDERR_REDIRECT] 
2025-12-11 19:17:55,912 [ERROR] LogOutputStream:75 - [STDERR_REDIRECT] [Fatal Error] :1:1: Premature end of file.
2025-12-11 19:17:55,912 [ERROR] LogOutputStream:75 - [STDERR_REDIRECT] 
2025-12-11 19:17:55,955 [ERROR] LogOutputStream:75 - [STDERR_REDIRECT] [Fatal Error] :1:1: Premature end of file.
2025-12-11 19:17:55,955 [ERROR] LogOutputStream:75 - [STDERR_REDIRECT] 
2025-12-11 19:17:55,997 [ERROR] LogOutputStream:75 - [STDERR_REDIRECT] [Fatal Error] :1:1: Premature end of file.
2025-12-11 19:17:55,997 [ERROR] LogOutputStream:75 - [STDERR_REDIRECT] 
2025-12-11 19:17:56,180 [ERROR] LogOutputStream:75 - [STDERR_REDIRECT] [Fatal Error] :1:1: Premature end of file.
2025-12-11 19:17:56,180 [ERROR] LogOutputStream:75 - [STDERR_REDIRECT] 
2025-12-11 19:17:56,223 [ERROR] LogOutputStream:75 - [STDERR_REDIRECT] [Fatal Error] :1:1: Premature end of file.
2025-12-11 19:17:56,223 [ERROR] LogOutputStream:75 - [STDERR_REDIRECT] 
2025-12-11 19:17:56,266 [ERROR] LogOutputStream:75 - [STDERR_REDIRECT] [Fatal Error] :1:1: Premature end of file.
2025-12-11 19:17:56,266 [ERROR] LogOutputStream:75 - [STDERR_REDIRECT] 
2025-12-11 19:17:56,305 [ERROR] LogOutputStream:75 - [STDERR_REDIRECT] [Fatal Error] :1:1: Premature end of file.
2025-12-11 19:17:56,305 [ERROR] LogOutputStream:75 - [STDERR_REDIRECT] 
2025-12-11 19:17:56,354 [ERROR] LogOutputStream:75 - [STDERR_REDIRECT] [Fatal Error] :1:1: Premature end of file.
2025-12-11 19:17:56,354 [ERROR] LogOutputStream:75 - [STDERR_REDIRECT] 
2025-12-11 19:17:56,396 [ERROR] LogOutputStream:75 - [STDERR_REDIRECT] [Fatal Error] :1:1: Premature end of file.
2025-12-11 19:17:56,396 [ERROR] LogOutputStream:75 - [STDERR_REDIRECT] 
2025-12-11 19:17:56,437 [ERROR] LogOutputStream:75 - [STDERR_REDIRECT] [Fatal Error] :1:1: Premature end of file.
2025-12-11 19:17:56,437 [ERROR] LogOutputStream:75 - [STDERR_REDIRECT] 
2025-12-11 19:17:56,482 [ERROR] LogOutputStream:75 - [STDERR_REDIRECT] [Fatal Error] :1:1: Premature end of file.
2025-12-11 19:17:56,482 [ERROR] LogOutputStream:75 - [STDERR_REDIRECT] 
2025-12-11 19:17:56,521 [ERROR] LogOutputStream:75 - [STDERR_REDIRECT] [Fatal Error] :1:1: Premature end of file.
2025-12-11 19:17:56,521 [ERROR] LogOutputStream:75 - [STDERR_REDIRECT] 
2025-12-11 19:17:56,568 [ERROR] LogOutputStream:75 - [STDERR_REDIRECT] [Fatal Error] :1:1: Premature end of file.
2025-12-11 19:17:56,568 [ERROR] LogOutputStream:75 - [STDERR_REDIRECT] 
2025-12-11 19:17:56,607 [ERROR] LogOutputStream:75 - [STDERR_REDIRECT] [Fatal Error] :1:1: Premature end of file.
2025-12-11 19:17:56,607 [ERROR] LogOutputStream:75 - [STDERR_REDIRECT] 
2025-12-11 19:17:56,653 [ERROR] LogOutputStream:75 - [STDERR_REDIRECT] [Fatal Error] :1:1: Premature end of file.
2025-12-11 19:17:56,653 [ERROR] LogOutputStream:75 - [STDERR_REDIRECT] 
2025-12-11 19:17:56,697 [ERROR] LogOutputStream:75 - [STDERR_REDIRECT] [Fatal Error] :1:1: Premature end of file.
2025-12-11 19:17:56,697 [ERROR] LogOutputStream:75 - [STDERR_REDIRECT] 
2025-12-11 19:17:56,738 [ERROR] LogOutputStream:75 - [STDERR_REDIRECT] [Fatal Error] :1:1: Premature end of file.
2025-12-11 19:17:56,738 [ERROR] LogOutputStream:75 - [STDERR_REDIRECT] 
2025-12-11 19:17:56,785 [ERROR] LogOutputStream:75 - [STDERR_REDIRECT] [Fatal Error] :1:1: Premature end of file.
2025-12-11 19:17:56,785 [ERROR] LogOutputStream:75 - [STDERR_REDIRECT] 
2025-12-11 19:17:56,829 [ERROR] LogOutputStream:75 - [STDERR_REDIRECT] [Fatal Error] :1:1: Premature end of file.
2025-12-11 19:17:56,829 [ERROR] LogOutputStream:75 - [STDERR_REDIRECT] 
2025-12-11 19:17:56,868 [ERROR] LogOutputStream:75 - [STDERR_REDIRECT] [Fatal Error] :1:1: Premature end of file.
2025-12-11 19:17:56,868 [ERROR] LogOutputStream:75 - [STDERR_REDIRECT] 
2025-12-11 19:17:56,917 [ERROR] LogOutputStream:75 - [STDERR_REDIRECT] [Fatal Error] :1:1: Premature end of file.
2025-12-11 19:17:56,917 [ERROR] LogOutputStream:75 - [STDERR_REDIRECT] 
2025-12-11 19:17:56,959 [ERROR] LogOutputStream:75 - [STDERR_REDIRECT] [Fatal Error] :1:1: Premature end of file.
2025-12-11 19:17:56,959 [ERROR] LogOutputStream:75 - [STDERR_REDIRECT] 
2025-12-11 19:17:57,008 [ERROR] LogOutputStream:75 - [STDERR_REDIRECT] [Fatal Error] :1:1: Premature end of file.
2025-12-11 19:17:57,008 [ERROR] LogOutputStream:75 - [STDERR_REDIRECT] 
2025-12-11 19:17:57,048 [ERROR] LogOutputStream:75 - [STDERR_REDIRECT] [Fatal Error] :1:1: Premature end of file.
2025-12-11 19:17:57,048 [ERROR] LogOutputStream:75 - [STDERR_REDIRECT] 
2025-12-11 19:17:57,098 [ERROR] LogOutputStream:75 - [STDERR_REDIRECT] [Fatal Error] :1:1: Premature end of file.
2025-12-11 19:17:57,098 [ERROR] LogOutputStream:75 - [STDERR_REDIRECT] 
2025-12-11 19:17:57,138 [ERROR] LogOutputStream:75 - [STDERR_REDIRECT] [Fatal Error] :1:1: Premature end of file.
2025-12-11 19:17:57,138 [ERROR] LogOutputStream:75 - [STDERR_REDIRECT] 
2025-12-11 19:17:57,188 [ERROR] LogOutputStream:75 - [STDERR_REDIRECT] [Fatal Error] :1:1: Premature end of file.
2025-12-11 19:17:57,188 [ERROR] LogOutputStream:75 - [STDERR_REDIRECT] 
2025-12-11 19:17:57,229 [ERROR] LogOutputStream:75 - [STDERR_REDIRECT] [Fatal Error] :1:1: Premature end of file.
2025-12-11 19:17:57,229 [ERROR] LogOutputStream:75 - [STDERR_REDIRECT] 
2025-12-11 19:17:57,295 [ERROR] LogOutputStream:75 - [STDERR_REDIRECT] [Fatal Error] :1:1: Premature end of file.
2025-12-11 19:17:57,295 [ERROR] LogOutputStream:75 - [STDERR_REDIRECT] 
2025-12-11 19:17:57,336 [ERROR] LogOutputStream:75 - [STDERR_REDIRECT] [Fatal Error] :1:1: Premature end of file.
2025-12-11 19:17:57,336 [ERROR] LogOutputStream:75 - [STDERR_REDIRECT] 
2025-12-11 19:17:57,377 [ERROR] LogOutputStream:75 - [STDERR_REDIRECT] [Fatal Error] :1:1: Premature end of file.
2025-12-11 19:17:57,377 [ERROR] LogOutputStream:75 - [STDERR_REDIRECT] 
2025-12-11 19:17:57,420 [ERROR] LogOutputStream:75 - [STDERR_REDIRECT] [Fatal Error] :1:1: Premature end of file.
2025-12-11 19:17:57,420 [ERROR] LogOutputStream:75 - [STDERR_REDIRECT] 
2025-12-11 19:17:57,466 [ERROR] LogOutputStream:75 - [STDERR_REDIRECT] [Fatal Error] :1:1: Premature end of file.
2025-12-11 19:17:57,466 [ERROR] LogOutputStream:75 - [STDERR_REDIRECT] 
2025-12-11 19:17:57,508 [ERROR] LogOutputStream:75 - [STDERR_REDIRECT] [Fatal Error] :1:1: Premature end of file.
2025-12-11 19:17:57,508 [ERROR] LogOutputStream:75 - [STDERR_REDIRECT] 
2025-12-11 19:17:57,548 [ERROR] LogOutputStream:75 - [STDERR_REDIRECT] [Fatal Error] :1:1: Premature end of file.
2025-12-11 19:17:57,548 [ERROR] LogOutputStream:75 - [STDERR_REDIRECT] 
2025-12-11 19:17:57,589 [ERROR] LogOutputStream:75 - [STDERR_REDIRECT] [Fatal Error] :1:1: Premature end of file.
2025-12-11 19:17:57,589 [ERROR] LogOutputStream:75 - [STDERR_REDIRECT] 
2025-12-11 19:17:57,638 [ERROR] LogOutputStream:75 - [STDERR_REDIRECT] [Fatal Error] :1:1: Premature end of file.
2025-12-11 19:17:57,638 [ERROR] LogOutputStream:75 - [STDERR_REDIRECT] 
2025-12-11 19:17:57,679 [ERROR] LogOutputStream:75 - [STDERR_REDIRECT] [Fatal Error] :1:1: Premature end of file.
2025-12-11 19:17:57,679 [ERROR] LogOutputStream:75 - [STDERR_REDIRECT] 
2025-12-11 19:17:57,720 [ERROR] LogOutputStream:75 - [STDERR_REDIRECT] [Fatal Error] :1:1: Premature end of file.
2025-12-11 19:17:57,720 [ERROR] LogOutputStream:75 - [STDERR_REDIRECT] 
2025-12-11 19:17:57,762 [ERROR] LogOutputStream:75 - [STDERR_REDIRECT] [Fatal Error] :1:1: Premature end of file.
2025-12-11 19:17:57,762 [ERROR] LogOutputStream:75 - [STDERR_REDIRECT] 
2025-12-11 19:17:57,803 [ERROR] LogOutputStream:75 - [STDERR_REDIRECT] [Fatal Error] :1:1: Premature end of file.
2025-12-11 19:17:57,803 [ERROR] LogOutputStream:75 - [STDERR_REDIRECT] 
2025-12-11 19:17:57,852 [ERROR] LogOutputStream:75 - [STDERR_REDIRECT] [Fatal Error] :1:1: Premature end of file.
2025-12-11 19:17:57,852 [ERROR] LogOutputStream:75 - [STDERR_REDIRECT] 
2025-12-11 19:17:57,893 [ERROR] LogOutputStream:75 - [STDERR_REDIRECT] [Fatal Error] :1:1: Premature end of file.
2025-12-11 19:17:57,893 [ERROR] LogOutputStream:75 - [STDERR_REDIRECT] 
2025-12-11 19:17:57,934 [ERROR] LogOutputStream:75 - [STDERR_REDIRECT] [Fatal Error] :1:1: Premature end of file.
2025-12-11 19:17:57,934 [ERROR] LogOutputStream:75 - [STDERR_REDIRECT] 
2025-12-11 19:17:57,975 [ERROR] LogOutputStream:75 - [STDERR_REDIRECT] [Fatal Error] :1:1: Premature end of file.
2025-12-11 19:17:57,975 [ERROR] LogOutputStream:75 - [STDERR_REDIRECT] 
2025-12-11 19:17:58,016 [ERROR] LogOutputStream:75 - [STDERR_REDIRECT] [Fatal Error] :1:1: Premature end of file.
2025-12-11 19:17:58,016 [ERROR] LogOutputStream:75 - [STDERR_REDIRECT] 
2025-12-11 19:17:58,066 [ERROR] LogOutputStream:75 - [STDERR_REDIRECT] [Fatal Error] :1:1: Premature end of file.
2025-12-11 19:17:58,066 [ERROR] LogOutputStream:75 - [STDERR_REDIRECT] 
2025-12-11 19:17:58,107 [ERROR] LogOutputStream:75 - [STDERR_REDIRECT] [Fatal Error] :1:1: Premature end of file.
2025-12-11 19:17:58,107 [ERROR] LogOutputStream:75 - [STDERR_REDIRECT] 
2025-12-11 19:17:58,156 [ERROR] LogOutputStream:75 - [STDERR_REDIRECT] [Fatal Error] :1:1: Premature end of file.
2025-12-11 19:17:58,156 [ERROR] LogOutputStream:75 - [STDERR_REDIRECT] 
2025-12-11 19:17:58,198 [ERROR] LogOutputStream:75 - [STDERR_REDIRECT] [Fatal Error] :1:1: Premature end of file.
2025-12-11 19:17:58,198 [ERROR] LogOutputStream:75 - [STDERR_REDIRECT] 
2025-12-11 19:17:58,246 [ERROR] LogOutputStream:75 - [STDERR_REDIRECT] [Fatal Error] :1:1: Premature end of file.
2025-12-11 19:17:58,246 [ERROR] LogOutputStream:75 - [STDERR_REDIRECT] 
2025-12-11 19:17:58,287 [ERROR] LogOutputStream:75 - [STDERR_REDIRECT] [Fatal Error] :1:1: Premature end of file.
2025-12-11 19:17:58,287 [ERROR] LogOutputStream:75 - [STDERR_REDIRECT] 
2025-12-11 19:17:58,328 [ERROR] LogOutputStream:75 - [STDERR_REDIRECT] [Fatal Error] :1:1: Premature end of file.
2025-12-11 19:17:58,328 [ERROR] LogOutputStream:75 - [STDERR_REDIRECT] 
2025-12-11 19:17:58,369 [ERROR] LogOutputStream:75 - [STDERR_REDIRECT] [Fatal Error] :1:1: Premature end of file.
2025-12-11 19:17:58,369 [ERROR] LogOutputStream:75 - [STDERR_REDIRECT] 
2025-12-11 19:17:58,418 [ERROR] LogOutputStream:75 - [STDERR_REDIRECT] [Fatal Error] :1:1: Premature end of file.
2025-12-11 19:17:58,418 [ERROR] LogOutputStream:75 - [STDERR_REDIRECT] 
2025-12-11 19:17:58,468 [ERROR] LogOutputStream:75 - [STDERR_REDIRECT] [Fatal Error] :1:1: Premature end of file.
2025-12-11 19:17:58,468 [ERROR] LogOutputStream:75 - [STDERR_REDIRECT] 
2025-12-11 19:17:58,510 [ERROR] LogOutputStream:75 - [STDERR_REDIRECT] [Fatal Error] :1:1: Premature end of file.
2025-12-11 19:17:58,510 [ERROR] LogOutputStream:75 - [STDERR_REDIRECT] 
2025-12-11 19:17:58,554 [ERROR] LogOutputStream:75 - [STDERR_REDIRECT] [Fatal Error] :1:1: Premature end of file.
2025-12-11 19:17:58,554 [ERROR] LogOutputStream:75 - [STDERR_REDIRECT] 
2025-12-11 19:17:58,592 [ERROR] LogOutputStream:75 - [STDERR_REDIRECT] [Fatal Error] :1:1: Premature end of file.
2025-12-11 19:17:58,592 [ERROR] LogOutputStream:75 - [STDERR_REDIRECT] 
2025-12-11 19:17:58,634 [ERROR] LogOutputStream:75 - [STDERR_REDIRECT] [Fatal Error] :1:1: Premature end of file.
2025-12-11 19:17:58,634 [ERROR] LogOutputStream:75 - [STDERR_REDIRECT] 
2025-12-11 19:17:58,675 [ERROR] LogOutputStream:75 - [STDERR_REDIRECT] [Fatal Error] :1:1: Premature end of file.
2025-12-11 19:17:58,675 [ERROR] LogOutputStream:75 - [STDERR_REDIRECT] 
2025-12-11 19:17:58,725 [ERROR] LogOutputStream:75 - [STDERR_REDIRECT] [Fatal Error] :1:1: Premature end of file.
2025-12-11 19:17:58,725 [ERROR] LogOutputStream:75 - [STDERR_REDIRECT] 
2025-12-11 19:17:58,766 [ERROR] LogOutputStream:75 - [STDERR_REDIRECT] [Fatal Error] :1:1: Premature end of file.
2025-12-11 19:17:58,766 [ERROR] LogOutputStream:75 - [STDERR_REDIRECT] 
2025-12-11 19:17:58,808 [ERROR] LogOutputStream:75 - [STDERR_REDIRECT] [Fatal Error] :1:1: Premature end of file.
2025-12-11 19:17:58,808 [ERROR] LogOutputStream:75 - [STDERR_REDIRECT] 
2025-12-11 19:17:58,849 [ERROR] LogOutputStream:75 - [STDERR_REDIRECT] [Fatal Error] :1:1: Premature end of file.
2025-12-11 19:17:58,849 [ERROR] LogOutputStream:75 - [STDERR_REDIRECT] 
2025-12-11 19:17:58,890 [ERROR] LogOutputStream:75 - [STDERR_REDIRECT] [Fatal Error] :1:1: Premature end of file.
2025-12-11 19:17:58,890 [ERROR] LogOutputStream:75 - [STDERR_REDIRECT] 
2025-12-11 19:17:58,931 [ERROR] LogOutputStream:75 - [STDERR_REDIRECT] [Fatal Error] :1:1: Premature end of file.
2025-12-11 19:17:58,931 [ERROR] LogOutputStream:75 - [STDERR_REDIRECT] 
2025-12-11 19:17:58,972 [ERROR] LogOutputStream:75 - [STDERR_REDIRECT] [Fatal Error] :1:1: Premature end of file.
2025-12-11 19:17:58,972 [ERROR] LogOutputStream:75 - [STDERR_REDIRECT] 
2025-12-11 19:17:59,021 [ERROR] LogOutputStream:75 - [STDERR_REDIRECT] [Fatal Error] :1:1: Premature end of file.
2025-12-11 19:17:59,021 [ERROR] LogOutputStream:75 - [STDERR_REDIRECT] 
2025-12-11 19:17:59,061 [ERROR] LogOutputStream:75 - [STDERR_REDIRECT] [Fatal Error] :1:1: Premature end of file.
2025-12-11 19:17:59,061 [ERROR] LogOutputStream:75 - [STDERR_REDIRECT] 
2025-12-11 19:17:59,103 [ERROR] LogOutputStream:75 - [STDERR_REDIRECT] [Fatal Error] :1:1: Premature end of file.
2025-12-11 19:17:59,103 [ERROR] LogOutputStream:75 - [STDERR_REDIRECT] 
2025-12-11 19:17:59,143 [ERROR] LogOutputStream:75 - [STDERR_REDIRECT] [Fatal Error] :1:1: Premature end of file.
2025-12-11 19:17:59,143 [ERROR] LogOutputStream:75 - [STDERR_REDIRECT] 
2025-12-11 19:17:59,184 [ERROR] LogOutputStream:75 - [STDERR_REDIRECT] [Fatal Error] :1:1: Premature end of file.
2025-12-11 19:17:59,184 [ERROR] LogOutputStream:75 - [STDERR_REDIRECT] 
2025-12-11 19:17:59,225 [ERROR] LogOutputStream:75 - [STDERR_REDIRECT] [Fatal Error] :1:1: Premature end of file.
2025-12-11 19:17:59,225 [ERROR] LogOutputStream:75 - [STDERR_REDIRECT] 
2025-12-11 19:17:59,266 [ERROR] LogOutputStream:75 - [STDERR_REDIRECT] [Fatal Error] :1:1: Premature end of file.
2025-12-11 19:17:59,266 [ERROR] LogOutputStream:75 - [STDERR_REDIRECT] 
2025-12-11 19:17:59,307 [ERROR] LogOutputStream:75 - [STDERR_REDIRECT] [Fatal Error] :1:1: Premature end of file.
2025-12-11 19:17:59,307 [ERROR] LogOutputStream:75 - [STDERR_REDIRECT] 
2025-12-11 19:17:59,357 [ERROR] LogOutputStream:75 - [STDERR_REDIRECT] [Fatal Error] :1:1: Premature end of file.
2025-12-11 19:17:59,357 [ERROR] LogOutputStream:75 - [STDERR_REDIRECT] 
2025-12-11 19:17:59,398 [ERROR] LogOutputStream:75 - [STDERR_REDIRECT] [Fatal Error] :1:1: Premature end of file.
2025-12-11 19:17:59,398 [ERROR] LogOutputStream:75 - [STDERR_REDIRECT] 
2025-12-11 19:17:59,439 [ERROR] LogOutputStream:75 - [STDERR_REDIRECT] [Fatal Error] :1:1: Premature end of file.
2025-12-11 19:17:59,439 [ERROR] LogOutputStream:75 - [STDERR_REDIRECT] 
2025-12-11 19:17:59,483 [ERROR] LogOutputStream:75 - [STDERR_REDIRECT] [Fatal Error] :1:1: Premature end of file.
2025-12-11 19:17:59,483 [ERROR] LogOutputStream:75 - [STDERR_REDIRECT] 
2025-12-11 19:17:59,529 [ERROR] LogOutputStream:75 - [STDERR_REDIRECT] [Fatal Error] :1:1: Premature end of file.
2025-12-11 19:17:59,529 [ERROR] LogOutputStream:75 - [STDERR_REDIRECT] 
2025-12-11 19:17:59,570 [ERROR] LogOutputStream:75 - [STDERR_REDIRECT] [Fatal Error] :1:1: Premature end of file.
2025-12-11 19:17:59,570 [ERROR] LogOutputStream:75 - [STDERR_REDIRECT] 
2025-12-11 19:17:59,621 [ERROR] LogOutputStream:75 - [STDERR_REDIRECT] [Fatal Error] :1:1: Premature end of file.
2025-12-11 19:17:59,621 [ERROR] LogOutputStream:75 - [STDERR_REDIRECT] 
2025-12-11 19:17:59,662 [ERROR] LogOutputStream:75 - [STDERR_REDIRECT] [Fatal Error] :1:1: Premature end of file.
2025-12-11 19:17:59,662 [ERROR] LogOutputStream:75 - [STDERR_REDIRECT] 
2025-12-11 19:17:59,702 [ERROR] LogOutputStream:75 - [STDERR_REDIRECT] [Fatal Error] :1:1: Premature end of file.
2025-12-11 19:17:59,702 [ERROR] LogOutputStream:75 - [STDERR_REDIRECT] 
2025-12-11 19:17:59,743 [ERROR] LogOutputStream:75 - [STDERR_REDIRECT] [Fatal Error] :1:1: Premature end of file.
2025-12-11 19:17:59,743 [ERROR] LogOutputStream:75 - [STDERR_REDIRECT] 
2025-12-11 19:17:59,785 [ERROR] LogOutputStream:75 - [STDERR_REDIRECT] [Fatal Error] :1:1: Premature end of file.
2025-12-11 19:17:59,785 [ERROR] LogOutputStream:75 - [STDERR_REDIRECT] 
2025-12-11 19:17:59,834 [ERROR] LogOutputStream:75 - [STDERR_REDIRECT] [Fatal Error] :1:1: Premature end of file.
2025-12-11 19:17:59,834 [ERROR] LogOutputStream:75 - [STDERR_REDIRECT] 
2025-12-11 19:17:59,876 [ERROR] LogOutputStream:75 - [STDERR_REDIRECT] [Fatal Error] :1:1: Premature end of file.
2025-12-11 19:17:59,876 [ERROR] LogOutputStream:75 - [STDERR_REDIRECT] 
2025-12-11 19:17:59,917 [ERROR] LogOutputStream:75 - [STDERR_REDIRECT] [Fatal Error] :1:1: Premature end of file.
2025-12-11 19:17:59,917 [ERROR] LogOutputStream:75 - [STDERR_REDIRECT] 
2025-12-11 19:17:59,958 [ERROR] LogOutputStream:75 - [STDERR_REDIRECT] [Fatal Error] :1:1: Premature end of file.
2025-12-11 19:17:59,958 [ERROR] LogOutputStream:75 - [STDERR_REDIRECT] 
2025-12-11 19:17:59,999 [ERROR] LogOutputStream:75 - [STDERR_REDIRECT] [Fatal Error] :1:1: Premature end of file.
2025-12-11 19:17:59,999 [ERROR] LogOutputStream:75 - [STDERR_REDIRECT] 
2025-12-11 19:18:00,041 [ERROR] LogOutputStream:75 - [STDERR_REDIRECT] [Fatal Error] :1:1: Premature end of file.
2025-12-11 19:18:00,041 [ERROR] LogOutputStream:75 - [STDERR_REDIRECT] 
2025-12-11 19:18:00,091 [ERROR] LogOutputStream:75 - [STDERR_REDIRECT] [Fatal Error] :1:1: Premature end of file.
2025-12-11 19:18:00,091 [ERROR] LogOutputStream:75 - [STDERR_REDIRECT] 
2025-12-11 19:18:00,132 [ERROR] LogOutputStream:75 - [STDERR_REDIRECT] [Fatal Error] :1:1: Premature end of file.
2025-12-11 19:18:00,132 [ERROR] LogOutputStream:75 - [STDERR_REDIRECT] 
2025-12-11 19:18:00,173 [ERROR] LogOutputStream:75 - [STDERR_REDIRECT] [Fatal Error] :1:1: Premature end of file.
2025-12-11 19:18:00,173 [ERROR] LogOutputStream:75 - [STDERR_REDIRECT] 
2025-12-11 19:18:00,222 [ERROR] LogOutputStream:75 - [STDERR_REDIRECT] [Fatal Error] :1:1: Premature end of file.
2025-12-11 19:18:00,222 [ERROR] LogOutputStream:75 - [STDERR_REDIRECT] 
2025-12-11 19:18:00,263 [ERROR] LogOutputStream:75 - [STDERR_REDIRECT] [Fatal Error] :1:1: Premature end of file.
2025-12-11 19:18:00,263 [ERROR] LogOutputStream:75 - [STDERR_REDIRECT] 
2025-12-11 19:18:00,307 [ERROR] LogOutputStream:75 - [STDERR_REDIRECT] [Fatal Error] :1:1: Premature end of file.
2025-12-11 19:18:00,307 [ERROR] LogOutputStream:75 - [STDERR_REDIRECT] 
2025-12-11 19:18:00,345 [ERROR] LogOutputStream:75 - [STDERR_REDIRECT] [Fatal Error] :1:1: Premature end of file.
2025-12-11 19:18:00,345 [ERROR] LogOutputStream:75 - [STDERR_REDIRECT] 
2025-12-11 19:18:00,387 [ERROR] LogOutputStream:75 - [STDERR_REDIRECT] [Fatal Error] :1:1: Premature end of file.
2025-12-11 19:18:00,387 [ERROR] LogOutputStream:75 - [STDERR_REDIRECT] 
2025-12-11 19:18:00,428 [ERROR] LogOutputStream:75 - [STDERR_REDIRECT] [Fatal Error] :1:1: Premature end of file.
2025-12-11 19:18:00,428 [ERROR] LogOutputStream:75 - [STDERR_REDIRECT] 
2025-12-11 19:18:00,469 [ERROR] LogOutputStream:75 - [STDERR_REDIRECT] [Fatal Error] :1:1: Premature end of file.
2025-12-11 19:18:00,469 [ERROR] LogOutputStream:75 - [STDERR_REDIRECT] 
2025-12-11 19:18:00,519 [ERROR] LogOutputStream:75 - [STDERR_REDIRECT] [Fatal Error] :1:1: Premature end of file.
2025-12-11 19:18:00,519 [ERROR] LogOutputStream:75 - [STDERR_REDIRECT] 
2025-12-11 19:18:00,563 [ERROR] LogOutputStream:75 - [STDERR_REDIRECT] [Fatal Error] :1:1: Premature end of file.
2025-12-11 19:18:00,563 [ERROR] LogOutputStream:75 - [STDERR_REDIRECT] 
2025-12-11 19:18:00,602 [ERROR] LogOutputStream:75 - [STDERR_REDIRECT] [Fatal Error] :1:1: Premature end of file.
2025-12-11 19:18:00,602 [ERROR] LogOutputStream:75 - [STDERR_REDIRECT] 
2025-12-11 19:18:00,651 [ERROR] LogOutputStream:75 - [STDERR_REDIRECT] [Fatal Error] :1:1: Premature end of file.
2025-12-11 19:18:00,651 [ERROR] LogOutputStream:75 - [STDERR_REDIRECT] 
2025-12-11 19:18:00,692 [ERROR] LogOutputStream:75 - [STDERR_REDIRECT] [Fatal Error] :1:1: Premature end of file.
2025-12-11 19:18:00,692 [ERROR] LogOutputStream:75 - [STDERR_REDIRECT] 
2025-12-11 19:18:00,742 [ERROR] LogOutputStream:75 - [STDERR_REDIRECT] [Fatal Error] :1:1: Premature end of file.
2025-12-11 19:18:00,742 [ERROR] LogOutputStream:75 - [STDERR_REDIRECT] 
2025-12-11 19:18:00,785 [ERROR] LogOutputStream:75 - [STDERR_REDIRECT] [Fatal Error] :1:1: Premature end of file.
2025-12-11 19:18:00,785 [ERROR] LogOutputStream:75 - [STDERR_REDIRECT] 
2025-12-11 19:18:00,828 [ERROR] LogOutputStream:75 - [STDERR_REDIRECT] [Fatal Error] :1:1: Premature end of file.
2025-12-11 19:18:00,828 [ERROR] LogOutputStream:75 - [STDERR_REDIRECT] 
2025-12-11 19:18:00,866 [ERROR] LogOutputStream:75 - [STDERR_REDIRECT] [Fatal Error] :1:1: Premature end of file.
2025-12-11 19:18:00,866 [ERROR] LogOutputStream:75 - [STDERR_REDIRECT] 
2025-12-11 19:18:00,915 [ERROR] LogOutputStream:75 - [STDERR_REDIRECT] [Fatal Error] :1:1: Premature end of file.
2025-12-11 19:18:00,915 [ERROR] LogOutputStream:75 - [STDERR_REDIRECT] 
2025-12-11 19:18:00,955 [ERROR] LogOutputStream:75 - [STDERR_REDIRECT] [Fatal Error] :1:1: Premature end of file.
2025-12-11 19:18:00,955 [ERROR] LogOutputStream:75 - [STDERR_REDIRECT] 
2025-12-11 19:18:00,996 [ERROR] LogOutputStream:75 - [STDERR_REDIRECT] [Fatal Error] :1:1: Premature end of file.
2025-12-11 19:18:00,996 [ERROR] LogOutputStream:75 - [STDERR_REDIRECT] 
2025-12-11 19:18:01,045 [ERROR] LogOutputStream:75 - [STDERR_REDIRECT] [Fatal Error] :1:1: Premature end of file.
2025-12-11 19:18:01,045 [ERROR] LogOutputStream:75 - [STDERR_REDIRECT] 
2025-12-11 19:18:01,086 [ERROR] LogOutputStream:75 - [STDERR_REDIRECT] [Fatal Error] :1:1: Premature end of file.
2025-12-11 19:18:01,086 [ERROR] LogOutputStream:75 - [STDERR_REDIRECT] 
2025-12-11 19:18:01,127 [ERROR] LogOutputStream:75 - [STDERR_REDIRECT] [Fatal Error] :1:1: Premature end of file.
2025-12-11 19:18:01,127 [ERROR] LogOutputStream:75 - [STDERR_REDIRECT] 
2025-12-11 19:18:01,168 [ERROR] LogOutputStream:75 - [STDERR_REDIRECT] [Fatal Error] :1:1: Premature end of file.
2025-12-11 19:18:01,168 [ERROR] LogOutputStream:75 - [STDERR_REDIRECT] 
2025-12-11 19:18:01,210 [ERROR] LogOutputStream:75 - [STDERR_REDIRECT] [Fatal Error] :1:1: Premature end of file.
2025-12-11 19:18:01,210 [ERROR] LogOutputStream:75 - [STDERR_REDIRECT] 
2025-12-11 19:18:01,259 [ERROR] LogOutputStream:75 - [STDERR_REDIRECT] [Fatal Error] :1:1: Premature end of file.
2025-12-11 19:18:01,259 [ERROR] LogOutputStream:75 - [STDERR_REDIRECT] 
2025-12-11 19:18:01,300 [ERROR] LogOutputStream:75 - [STDERR_REDIRECT] [Fatal Error] :1:1: Premature end of file.
2025-12-11 19:18:01,300 [ERROR] LogOutputStream:75 - [STDERR_REDIRECT] 
2025-12-11 19:18:01,341 [ERROR] LogOutputStream:75 - [STDERR_REDIRECT] [Fatal Error] :1:1: Premature end of file.
2025-12-11 19:18:01,341 [ERROR] LogOutputStream:75 - [STDERR_REDIRECT] 
2025-12-11 19:18:01,383 [ERROR] LogOutputStream:75 - [STDERR_REDIRECT] [Fatal Error] :1:1: Premature end of file.
2025-12-11 19:18:01,383 [ERROR] LogOutputStream:75 - [STDERR_REDIRECT] 
2025-12-11 19:18:01,428 [ERROR] LogOutputStream:75 - [STDERR_REDIRECT] [Fatal Error] :1:1: Premature end of file.
2025-12-11 19:18:01,430 [ERROR] LogOutputStream:75 - [STDERR_REDIRECT] 
2025-12-11 19:18:01,465 [ERROR] LogOutputStream:75 - [STDERR_REDIRECT] [Fatal Error] :1:1: Premature end of file.
2025-12-11 19:18:01,465 [ERROR] LogOutputStream:75 - [STDERR_REDIRECT] 
2025-12-11 19:18:01,507 [ERROR] LogOutputStream:75 - [STDERR_REDIRECT] [Fatal Error] :1:1: Premature end of file.
2025-12-11 19:18:01,507 [ERROR] LogOutputStream:75 - [STDERR_REDIRECT] 
2025-12-11 19:18:01,547 [ERROR] LogOutputStream:75 - [STDERR_REDIRECT] [Fatal Error] :1:1: Premature end of file.
2025-12-11 19:18:01,547 [ERROR] LogOutputStream:75 - [STDERR_REDIRECT] 
2025-12-11 19:18:01,597 [ERROR] LogOutputStream:75 - [STDERR_REDIRECT] [Fatal Error] :1:1: Premature end of file.
2025-12-11 19:18:01,597 [ERROR] LogOutputStream:75 - [STDERR_REDIRECT] 
2025-12-11 19:18:01,638 [ERROR] LogOutputStream:75 - [STDERR_REDIRECT] [Fatal Error] :1:1: Premature end of file.
2025-12-11 19:18:01,638 [ERROR] LogOutputStream:75 - [STDERR_REDIRECT] 
2025-12-11 19:18:01,679 [ERROR] LogOutputStream:75 - [STDERR_REDIRECT] [Fatal Error] :1:1: Premature end of file.
2025-12-11 19:18:01,679 [ERROR] LogOutputStream:75 - [STDERR_REDIRECT] 
2025-12-11 19:18:01,725 [ERROR] LogOutputStream:75 - [STDERR_REDIRECT] [Fatal Error] :1:1: Premature end of file.
2025-12-11 19:18:01,725 [ERROR] LogOutputStream:75 - [STDERR_REDIRECT] 
2025-12-11 19:18:01,764 [ERROR] LogOutputStream:75 - [STDERR_REDIRECT] [Fatal Error] :1:1: Premature end of file.
2025-12-11 19:18:01,764 [ERROR] LogOutputStream:75 - [STDERR_REDIRECT] 
2025-12-11 19:18:01,810 [ERROR] LogOutputStream:75 - [STDERR_REDIRECT] [Fatal Error] :1:1: Premature end of file.
2025-12-11 19:18:01,810 [ERROR] LogOutputStream:75 - [STDERR_REDIRECT] 
2025-12-11 19:18:01,851 [ERROR] LogOutputStream:75 - [STDERR_REDIRECT] [Fatal Error] :1:1: Premature end of file.
2025-12-11 19:18:01,851 [ERROR] LogOutputStream:75 - [STDERR_REDIRECT] 
2025-12-11 19:18:01,892 [ERROR] LogOutputStream:75 - [STDERR_REDIRECT] [Fatal Error] :1:1: Premature end of file.
2025-12-11 19:18:01,892 [ERROR] LogOutputStream:75 - [STDERR_REDIRECT] 
2025-12-11 19:18:01,933 [ERROR] LogOutputStream:75 - [STDERR_REDIRECT] [Fatal Error] :1:1: Premature end of file.
2025-12-11 19:18:01,933 [ERROR] LogOutputStream:75 - [STDERR_REDIRECT] 
2025-12-11 19:18:01,978 [ERROR] LogOutputStream:75 - [STDERR_REDIRECT] [Fatal Error] :1:1: Premature end of file.
2025-12-11 19:18:01,978 [ERROR] LogOutputStream:75 - [STDERR_REDIRECT] 
2025-12-11 19:18:02,015 [ERROR] LogOutputStream:75 - [STDERR_REDIRECT] [Fatal Error] :1:1: Premature end of file.
2025-12-11 19:18:02,015 [ERROR] LogOutputStream:75 - [STDERR_REDIRECT] 
2025-12-11 19:18:02,063 [ERROR] LogOutputStream:75 - [STDERR_REDIRECT] [Fatal Error] :1:1: Premature end of file.
2025-12-11 19:18:02,064 [ERROR] LogOutputStream:75 - [STDERR_REDIRECT] 
2025-12-11 19:18:02,106 [ERROR] LogOutputStream:75 - [STDERR_REDIRECT] [Fatal Error] :1:1: Premature end of file.
2025-12-11 19:18:02,106 [ERROR] LogOutputStream:75 - [STDERR_REDIRECT] 
2025-12-11 19:18:02,147 [ERROR] LogOutputStream:75 - [STDERR_REDIRECT] [Fatal Error] :1:1: Premature end of file.
2025-12-11 19:18:02,147 [ERROR] LogOutputStream:75 - [STDERR_REDIRECT] 
2025-12-11 19:18:02,197 [ERROR] LogOutputStream:75 - [STDERR_REDIRECT] [Fatal Error] :1:1: Premature end of file.
2025-12-11 19:18:02,197 [ERROR] LogOutputStream:75 - [STDERR_REDIRECT] 
2025-12-11 19:18:02,238 [ERROR] LogOutputStream:75 - [STDERR_REDIRECT] [Fatal Error] :1:1: Premature end of file.
2025-12-11 19:18:02,238 [ERROR] LogOutputStream:75 - [STDERR_REDIRECT] 
2025-12-11 19:18:02,279 [ERROR] LogOutputStream:75 - [STDERR_REDIRECT] [Fatal Error] :1:1: Premature end of file.
2025-12-11 19:18:02,279 [ERROR] LogOutputStream:75 - [STDERR_REDIRECT] 
2025-12-11 19:18:02,324 [ERROR] LogOutputStream:75 - [STDERR_REDIRECT] [Fatal Error] :1:1: Premature end of file.
2025-12-11 19:18:02,324 [ERROR] LogOutputStream:75 - [STDERR_REDIRECT] 
2025-12-11 19:18:02,365 [ERROR] LogOutputStream:75 - [STDERR_REDIRECT] [Fatal Error] :1:1: Premature end of file.
2025-12-11 19:18:02,365 [ERROR] LogOutputStream:75 - [STDERR_REDIRECT] 
2025-12-11 19:18:02,402 [ERROR] LogOutputStream:75 - [STDERR_REDIRECT] [Fatal Error] :1:1: Premature end of file.
2025-12-11 19:18:02,402 [ERROR] LogOutputStream:75 - [STDERR_REDIRECT] 
2025-12-11 19:18:02,452 [ERROR] LogOutputStream:75 - [STDERR_REDIRECT] [Fatal Error] :1:1: Premature end of file.
2025-12-11 19:18:02,452 [ERROR] LogOutputStream:75 - [STDERR_REDIRECT] 
2025-12-11 19:18:02,493 [ERROR] LogOutputStream:75 - [STDERR_REDIRECT] [Fatal Error] :1:1: Premature end of file.
2025-12-11 19:18:02,493 [ERROR] LogOutputStream:75 - [STDERR_REDIRECT] 
2025-12-11 19:18:02,536 [ERROR] LogOutputStream:75 - [STDERR_REDIRECT] [Fatal Error] :1:1: Premature end of file.
2025-12-11 19:18:02,536 [ERROR] LogOutputStream:75 - [STDERR_REDIRECT] 
2025-12-11 19:18:02,576 [ERROR] LogOutputStream:75 - [STDERR_REDIRECT] [Fatal Error] :1:1: Premature end of file.
2025-12-11 19:18:02,576 [ERROR] LogOutputStream:75 - [STDERR_REDIRECT] 
2025-12-11 19:18:02,617 [ERROR] LogOutputStream:75 - [STDERR_REDIRECT] [Fatal Error] :1:1: Premature end of file.
2025-12-11 19:18:02,617 [ERROR] LogOutputStream:75 - [STDERR_REDIRECT] 
2025-12-11 19:18:02,666 [ERROR] LogOutputStream:75 - [STDERR_REDIRECT] [Fatal Error] :1:1: Premature end of file.
2025-12-11 19:18:02,666 [ERROR] LogOutputStream:75 - [STDERR_REDIRECT] 
2025-12-11 19:18:02,707 [ERROR] LogOutputStream:75 - [STDERR_REDIRECT] [Fatal Error] :1:1: Premature end of file.
2025-12-11 19:18:02,707 [ERROR] LogOutputStream:75 - [STDERR_REDIRECT] 
2025-12-11 19:18:02,749 [ERROR] LogOutputStream:75 - [STDERR_REDIRECT] [Fatal Error] :1:1: Premature end of file.
2025-12-11 19:18:02,749 [ERROR] LogOutputStream:75 - [STDERR_REDIRECT] 
2025-12-11 19:18:02,790 [ERROR] LogOutputStream:75 - [STDERR_REDIRECT] [Fatal Error] :1:1: Premature end of file.
2025-12-11 19:18:02,790 [ERROR] LogOutputStream:75 - [STDERR_REDIRECT] 
2025-12-11 19:18:02,831 [ERROR] LogOutputStream:75 - [STDERR_REDIRECT] [Fatal Error] :1:1: Premature end of file.
2025-12-11 19:18:02,831 [ERROR] LogOutputStream:75 - [STDERR_REDIRECT] 
2025-12-11 19:18:02,873 [ERROR] LogOutputStream:75 - [STDERR_REDIRECT] [Fatal Error] :1:1: Premature end of file.
2025-12-11 19:18:02,873 [ERROR] LogOutputStream:75 - [STDERR_REDIRECT] 
2025-12-11 19:18:02,914 [ERROR] LogOutputStream:75 - [STDERR_REDIRECT] [Fatal Error] :1:1: Premature end of file.
2025-12-11 19:18:02,914 [ERROR] LogOutputStream:75 - [STDERR_REDIRECT] 
2025-12-11 19:18:02,955 [ERROR] LogOutputStream:75 - [STDERR_REDIRECT] [Fatal Error] :1:1: Premature end of file.
2025-12-11 19:18:02,955 [ERROR] LogOutputStream:75 - [STDERR_REDIRECT] 
2025-12-11 19:18:03,004 [ERROR] LogOutputStream:75 - [STDERR_REDIRECT] [Fatal Error] :1:1: Premature end of file.
2025-12-11 19:18:03,004 [ERROR] LogOutputStream:75 - [STDERR_REDIRECT] 
2025-12-11 19:18:03,045 [ERROR] LogOutputStream:75 - [STDERR_REDIRECT] [Fatal Error] :1:1: Premature end of file.
2025-12-11 19:18:03,045 [ERROR] LogOutputStream:75 - [STDERR_REDIRECT] 
2025-12-11 19:18:03,087 [ERROR] LogOutputStream:75 - [STDERR_REDIRECT] [Fatal Error] :1:1: Premature end of file.
2025-12-11 19:18:03,087 [ERROR] LogOutputStream:75 - [STDERR_REDIRECT] 
2025-12-11 19:18:03,127 [ERROR] LogOutputStream:75 - [STDERR_REDIRECT] [Fatal Error] :1:1: Premature end of file.
2025-12-11 19:18:03,127 [ERROR] LogOutputStream:75 - [STDERR_REDIRECT] 
2025-12-11 19:18:03,168 [ERROR] LogOutputStream:75 - [STDERR_REDIRECT] [Fatal Error] :1:1: Premature end of file.
2025-12-11 19:18:03,168 [ERROR] LogOutputStream:75 - [STDERR_REDIRECT] 
2025-12-11 19:18:03,209 [ERROR] LogOutputStream:75 - [STDERR_REDIRECT] [Fatal Error] :1:1: Premature end of file.
2025-12-11 19:18:03,209 [ERROR] LogOutputStream:75 - [STDERR_REDIRECT] 
2025-12-11 19:18:03,258 [ERROR] LogOutputStream:75 - [STDERR_REDIRECT] [Fatal Error] :1:1: Premature end of file.
2025-12-11 19:18:03,258 [ERROR] LogOutputStream:75 - [STDERR_REDIRECT] 
2025-12-11 19:18:03,299 [ERROR] LogOutputStream:75 - [STDERR_REDIRECT] [Fatal Error] :1:1: Premature end of file.
2025-12-11 19:18:03,299 [ERROR] LogOutputStream:75 - [STDERR_REDIRECT] 
2025-12-11 19:18:03,340 [ERROR] LogOutputStream:75 - [STDERR_REDIRECT] [Fatal Error] :1:1: Premature end of file.
2025-12-11 19:18:03,340 [ERROR] LogOutputStream:75 - [STDERR_REDIRECT] 
2025-12-11 19:18:03,382 [ERROR] LogOutputStream:75 - [STDERR_REDIRECT] [Fatal Error] :1:1: Premature end of file.
2025-12-11 19:18:03,382 [ERROR] LogOutputStream:75 - [STDERR_REDIRECT] 
2025-12-11 19:18:03,423 [ERROR] LogOutputStream:75 - [STDERR_REDIRECT] [Fatal Error] :1:1: Premature end of file.
2025-12-11 19:18:03,423 [ERROR] LogOutputStream:75 - [STDERR_REDIRECT] 
2025-12-11 19:18:03,467 [ERROR] LogOutputStream:75 - [STDERR_REDIRECT] [Fatal Error] :1:1: Premature end of file.
2025-12-11 19:18:03,467 [ERROR] LogOutputStream:75 - [STDERR_REDIRECT] 
2025-12-11 19:18:03,510 [ERROR] LogOutputStream:75 - [STDERR_REDIRECT] [Fatal Error] :1:1: Premature end of file.
2025-12-11 19:18:03,510 [ERROR] LogOutputStream:75 - [STDERR_REDIRECT] 
2025-12-11 19:18:03,551 [ERROR] LogOutputStream:75 - [STDERR_REDIRECT] [Fatal Error] :1:1: Premature end of file.
2025-12-11 19:18:03,551 [ERROR] LogOutputStream:75 - [STDERR_REDIRECT] 
2025-12-11 19:18:03,587 [ERROR] LogOutputStream:75 - [STDERR_REDIRECT] [Fatal Error] :1:1: Premature end of file.
2025-12-11 19:18:03,587 [ERROR] LogOutputStream:75 - [STDERR_REDIRECT] 
2025-12-11 19:18:03,636 [ERROR] LogOutputStream:75 - [STDERR_REDIRECT] [Fatal Error] :1:1: Premature end of file.
2025-12-11 19:18:03,636 [ERROR] LogOutputStream:75 - [STDERR_REDIRECT] 
2025-12-11 19:18:03,677 [ERROR] LogOutputStream:75 - [STDERR_REDIRECT] [Fatal Error] :1:1: Premature end of file.
2025-12-11 19:18:03,677 [ERROR] LogOutputStream:75 - [STDERR_REDIRECT] 
2025-12-11 19:18:03,718 [ERROR] LogOutputStream:75 - [STDERR_REDIRECT] [Fatal Error] :1:1: Premature end of file.
2025-12-11 19:18:03,718 [ERROR] LogOutputStream:75 - [STDERR_REDIRECT] 
2025-12-11 19:18:03,767 [ERROR] LogOutputStream:75 - [STDERR_REDIRECT] [Fatal Error] :1:1: Premature end of file.
2025-12-11 19:18:03,767 [ERROR] LogOutputStream:75 - [STDERR_REDIRECT] 
2025-12-11 19:18:03,809 [ERROR] LogOutputStream:75 - [STDERR_REDIRECT] [Fatal Error] :1:1: Premature end of file.
2025-12-11 19:18:03,809 [ERROR] LogOutputStream:75 - [STDERR_REDIRECT] 
2025-12-11 19:18:03,849 [ERROR] LogOutputStream:75 - [STDERR_REDIRECT] [Fatal Error] :1:1: Premature end of file.
2025-12-11 19:18:03,849 [ERROR] LogOutputStream:75 - [STDERR_REDIRECT] 
2025-12-11 19:18:03,890 [ERROR] LogOutputStream:75 - [STDERR_REDIRECT] [Fatal Error] :1:1: Premature end of file.
2025-12-11 19:18:03,890 [ERROR] LogOutputStream:75 - [STDERR_REDIRECT] 
2025-12-11 19:18:03,936 [ERROR] LogOutputStream:75 - [STDERR_REDIRECT] [Fatal Error] :1:1: Premature end of file.
2025-12-11 19:18:03,936 [ERROR] LogOutputStream:75 - [STDERR_REDIRECT] 
2025-12-11 19:18:03,980 [ERROR] LogOutputStream:75 - [STDERR_REDIRECT] [Fatal Error] :1:1: Premature end of file.
2025-12-11 19:18:03,980 [ERROR] LogOutputStream:75 - [STDERR_REDIRECT] 
2025-12-11 19:18:04,023 [ERROR] LogOutputStream:75 - [STDERR_REDIRECT] [Fatal Error] :1:1: Premature end of file.
2025-12-11 19:18:04,023 [ERROR] LogOutputStream:75 - [STDERR_REDIRECT] 
2025-12-11 19:18:04,061 [ERROR] LogOutputStream:75 - [STDERR_REDIRECT] [Fatal Error] :1:1: Premature end of file.
2025-12-11 19:18:04,061 [ERROR] LogOutputStream:75 - [STDERR_REDIRECT] 
2025-12-11 19:18:04,102 [ERROR] LogOutputStream:75 - [STDERR_REDIRECT] [Fatal Error] :1:1: Premature end of file.
2025-12-11 19:18:04,102 [ERROR] LogOutputStream:75 - [STDERR_REDIRECT] 
2025-12-11 19:18:04,143 [ERROR] LogOutputStream:75 - [STDERR_REDIRECT] [Fatal Error] :1:1: Premature end of file.
2025-12-11 19:18:04,143 [ERROR] LogOutputStream:75 - [STDERR_REDIRECT] 
2025-12-11 19:18:04,190 [ERROR] LogOutputStream:75 - [STDERR_REDIRECT] [Fatal Error] :1:1: Premature end of file.
2025-12-11 19:18:04,190 [ERROR] LogOutputStream:75 - [STDERR_REDIRECT] 
2025-12-11 19:18:04,233 [ERROR] LogOutputStream:75 - [STDERR_REDIRECT] [Fatal Error] :1:1: Premature end of file.
2025-12-11 19:18:04,233 [ERROR] LogOutputStream:75 - [STDERR_REDIRECT] 
2025-12-11 19:18:04,274 [ERROR] LogOutputStream:75 - [STDERR_REDIRECT] [Fatal Error] :1:1: Premature end of file.
2025-12-11 19:18:04,274 [ERROR] LogOutputStream:75 - [STDERR_REDIRECT] 
2025-12-11 19:18:04,314 [ERROR] LogOutputStream:75 - [STDERR_REDIRECT] [Fatal Error] :1:1: Premature end of file.
2025-12-11 19:18:04,314 [ERROR] LogOutputStream:75 - [STDERR_REDIRECT] 
2025-12-11 19:18:04,362 [ERROR] LogOutputStream:75 - [STDERR_REDIRECT] [Fatal Error] :1:1: Premature end of file.
2025-12-11 19:18:04,362 [ERROR] LogOutputStream:75 - [STDERR_REDIRECT] 
2025-12-11 19:18:04,396 [ERROR] LogOutputStream:75 - [STDERR_REDIRECT] [Fatal Error] :1:1: Premature end of file.
2025-12-11 19:18:04,396 [ERROR] LogOutputStream:75 - [STDERR_REDIRECT] 
2025-12-11 19:18:04,445 [ERROR] LogOutputStream:75 - [STDERR_REDIRECT] [Fatal Error] :1:1: Premature end of file.
2025-12-11 19:18:04,445 [ERROR] LogOutputStream:75 - [STDERR_REDIRECT] 
2025-12-11 19:18:04,486 [ERROR] LogOutputStream:75 - [STDERR_REDIRECT] [Fatal Error] :1:1: Premature end of file.
2025-12-11 19:18:04,486 [ERROR] LogOutputStream:75 - [STDERR_REDIRECT] 
2025-12-11 19:18:04,526 [ERROR] LogOutputStream:75 - [STDERR_REDIRECT] [Fatal Error] :1:1: Premature end of file.
2025-12-11 19:18:04,526 [ERROR] LogOutputStream:75 - [STDERR_REDIRECT] 
2025-12-11 19:18:04,568 [ERROR] LogOutputStream:75 - [STDERR_REDIRECT] [Fatal Error] :1:1: Premature end of file.
2025-12-11 19:18:04,568 [ERROR] LogOutputStream:75 - [STDERR_REDIRECT] 
2025-12-11 19:18:04,616 [ERROR] LogOutputStream:75 - [STDERR_REDIRECT] [Fatal Error] :1:1: Premature end of file.
2025-12-11 19:18:04,616 [ERROR] LogOutputStream:75 - [STDERR_REDIRECT] 
2025-12-11 19:18:04,656 [ERROR] LogOutputStream:75 - [STDERR_REDIRECT] [Fatal Error] :1:1: Premature end of file.
2025-12-11 19:18:04,656 [ERROR] LogOutputStream:75 - [STDERR_REDIRECT] 
2025-12-11 19:18:04,705 [ERROR] LogOutputStream:75 - [STDERR_REDIRECT] [Fatal Error] :1:1: Premature end of file.
2025-12-11 19:18:04,705 [ERROR] LogOutputStream:75 - [STDERR_REDIRECT] 
2025-12-11 19:18:04,745 [ERROR] LogOutputStream:75 - [STDERR_REDIRECT] [Fatal Error] :1:1: Premature end of file.
2025-12-11 19:18:04,745 [ERROR] LogOutputStream:75 - [STDERR_REDIRECT] 
2025-12-11 19:18:04,788 [ERROR] LogOutputStream:75 - [STDERR_REDIRECT] [Fatal Error] :1:1: Premature end of file.
2025-12-11 19:18:04,788 [ERROR] LogOutputStream:75 - [STDERR_REDIRECT] 
2025-12-11 19:18:04,827 [ERROR] LogOutputStream:75 - [STDERR_REDIRECT] [Fatal Error] :1:1: Premature end of file.
2025-12-11 19:18:04,827 [ERROR] LogOutputStream:75 - [STDERR_REDIRECT] 
2025-12-11 19:18:04,868 [ERROR] LogOutputStream:75 - [STDERR_REDIRECT] [Fatal Error] :1:1: Premature end of file.
2025-12-11 19:18:04,868 [ERROR] LogOutputStream:75 - [STDERR_REDIRECT] 
2025-12-11 19:18:04,917 [ERROR] LogOutputStream:75 - [STDERR_REDIRECT] [Fatal Error] :1:1: Premature end of file.
2025-12-11 19:18:04,917 [ERROR] LogOutputStream:75 - [STDERR_REDIRECT] 
2025-12-11 19:18:04,958 [ERROR] LogOutputStream:75 - [STDERR_REDIRECT] [Fatal Error] :1:1: Premature end of file.
2025-12-11 19:18:04,958 [ERROR] LogOutputStream:75 - [STDERR_REDIRECT] 
2025-12-11 19:18:05,003 [ERROR] LogOutputStream:75 - [STDERR_REDIRECT] [Fatal Error] :1:1: Premature end of file.
2025-12-11 19:18:05,003 [ERROR] LogOutputStream:75 - [STDERR_REDIRECT] 
2025-12-11 19:18:05,041 [ERROR] LogOutputStream:75 - [STDERR_REDIRECT] [Fatal Error] :1:1: Premature end of file.
2025-12-11 19:18:05,041 [ERROR] LogOutputStream:75 - [STDERR_REDIRECT] 
2025-12-11 19:18:05,082 [ERROR] LogOutputStream:75 - [STDERR_REDIRECT] [Fatal Error] :1:1: Premature end of file.
2025-12-11 19:18:05,082 [ERROR] LogOutputStream:75 - [STDERR_REDIRECT] 
2025-12-11 19:18:05,131 [ERROR] LogOutputStream:75 - [STDERR_REDIRECT] [Fatal Error] :1:1: Premature end of file.
2025-12-11 19:18:05,131 [ERROR] LogOutputStream:75 - [STDERR_REDIRECT] 
2025-12-11 19:18:05,172 [ERROR] LogOutputStream:75 - [STDERR_REDIRECT] [Fatal Error] :1:1: Premature end of file.
2025-12-11 19:18:05,172 [ERROR] LogOutputStream:75 - [STDERR_REDIRECT] 
2025-12-11 19:18:05,215 [ERROR] LogOutputStream:75 - [STDERR_REDIRECT] [Fatal Error] :1:1: Premature end of file.
2025-12-11 19:18:05,215 [ERROR] LogOutputStream:75 - [STDERR_REDIRECT] 
2025-12-11 19:18:05,260 [ERROR] LogOutputStream:75 - [STDERR_REDIRECT] [Fatal Error] :1:1: Premature end of file.
2025-12-11 19:18:05,260 [ERROR] LogOutputStream:75 - [STDERR_REDIRECT] 
2025-12-11 19:18:05,300 [ERROR] LogOutputStream:75 - [STDERR_REDIRECT] [Fatal Error] :1:1: Premature end of file.
2025-12-11 19:18:05,300 [ERROR] LogOutputStream:75 - [STDERR_REDIRECT] 
2025-12-11 19:18:05,341 [ERROR] LogOutputStream:75 - [STDERR_REDIRECT] [Fatal Error] :1:1: Premature end of file.
2025-12-11 19:18:05,341 [ERROR] LogOutputStream:75 - [STDERR_REDIRECT] 
2025-12-11 19:18:05,384 [ERROR] LogOutputStream:75 - [STDERR_REDIRECT] [Fatal Error] :1:1: Premature end of file.
2025-12-11 19:18:05,384 [ERROR] LogOutputStream:75 - [STDERR_REDIRECT] 
2025-12-11 19:18:05,425 [ERROR] LogOutputStream:75 - [STDERR_REDIRECT] [Fatal Error] :1:1: Premature end of file.
2025-12-11 19:18:05,425 [ERROR] LogOutputStream:75 - [STDERR_REDIRECT] 
2025-12-11 19:18:05,469 [ERROR] LogOutputStream:75 - [STDERR_REDIRECT] [Fatal Error] :1:1: Premature end of file.
2025-12-11 19:18:05,469 [ERROR] LogOutputStream:75 - [STDERR_REDIRECT] 
2025-12-11 19:18:05,516 [ERROR] LogOutputStream:75 - [STDERR_REDIRECT] [Fatal Error] :1:1: Premature end of file.
2025-12-11 19:18:05,516 [ERROR] LogOutputStream:75 - [STDERR_REDIRECT] 
2025-12-11 19:18:05,557 [ERROR] LogOutputStream:75 - [STDERR_REDIRECT] [Fatal Error] :1:1: Premature end of file.
2025-12-11 19:18:05,557 [ERROR] LogOutputStream:75 - [STDERR_REDIRECT] 
2025-12-11 19:18:05,601 [ERROR] LogOutputStream:75 - [STDERR_REDIRECT] [Fatal Error] :1:1: Premature end of file.
2025-12-11 19:18:05,601 [ERROR] LogOutputStream:75 - [STDERR_REDIRECT] 
2025-12-11 19:18:05,645 [ERROR] LogOutputStream:75 - [STDERR_REDIRECT] [Fatal Error] :1:1: Premature end of file.
2025-12-11 19:18:05,645 [ERROR] LogOutputStream:75 - [STDERR_REDIRECT] 
2025-12-11 19:18:05,686 [ERROR] LogOutputStream:75 - [STDERR_REDIRECT] [Fatal Error] :1:1: Premature end of file.
2025-12-11 19:18:05,686 [ERROR] LogOutputStream:75 - [STDERR_REDIRECT] 
2025-12-11 19:18:05,728 [ERROR] LogOutputStream:75 - [STDERR_REDIRECT] [Fatal Error] :1:1: Premature end of file.
2025-12-11 19:18:05,728 [ERROR] LogOutputStream:75 - [STDERR_REDIRECT] 
2025-12-11 19:18:05,773 [ERROR] LogOutputStream:75 - [STDERR_REDIRECT] [Fatal Error] :1:1: Premature end of file.
2025-12-11 19:18:05,773 [ERROR] LogOutputStream:75 - [STDERR_REDIRECT] 
2025-12-11 19:18:05,816 [ERROR] LogOutputStream:75 - [STDERR_REDIRECT] [Fatal Error] :1:1: Premature end of file.
2025-12-11 19:18:05,816 [ERROR] LogOutputStream:75 - [STDERR_REDIRECT] 
2025-12-11 19:18:05,857 [ERROR] LogOutputStream:75 - [STDERR_REDIRECT] [Fatal Error] :1:1: Premature end of file.
2025-12-11 19:18:05,859 [ERROR] LogOutputStream:75 - [STDERR_REDIRECT] 
2025-12-11 19:18:05,898 [ERROR] LogOutputStream:75 - [STDERR_REDIRECT] [Fatal Error] :1:1: Premature end of file.
2025-12-11 19:18:05,898 [ERROR] LogOutputStream:75 - [STDERR_REDIRECT] 
2025-12-11 19:18:05,939 [ERROR] LogOutputStream:75 - [STDERR_REDIRECT] [Fatal Error] :1:1: Premature end of file.
2025-12-11 19:18:05,939 [ERROR] LogOutputStream:75 - [STDERR_REDIRECT] 
2025-12-11 19:18:05,979 [ERROR] LogOutputStream:75 - [STDERR_REDIRECT] [Fatal Error] :1:1: Premature end of file.
2025-12-11 19:18:05,979 [ERROR] LogOutputStream:75 - [STDERR_REDIRECT] 
2025-12-11 19:18:06,028 [ERROR] LogOutputStream:75 - [STDERR_REDIRECT] [Fatal Error] :1:1: Premature end of file.
2025-12-11 19:18:06,028 [ERROR] LogOutputStream:75 - [STDERR_REDIRECT] 
2025-12-11 19:18:06,069 [ERROR] LogOutputStream:75 - [STDERR_REDIRECT] [Fatal Error] :1:1: Premature end of file.
2025-12-11 19:18:06,070 [ERROR] LogOutputStream:75 - [STDERR_REDIRECT] 
2025-12-11 19:18:06,112 [ERROR] LogOutputStream:75 - [STDERR_REDIRECT] [Fatal Error] :1:1: Premature end of file.
2025-12-11 19:18:06,112 [ERROR] LogOutputStream:75 - [STDERR_REDIRECT] 
2025-12-11 19:18:06,153 [ERROR] LogOutputStream:75 - [STDERR_REDIRECT] [Fatal Error] :1:1: Premature end of file.
2025-12-11 19:18:06,153 [ERROR] LogOutputStream:75 - [STDERR_REDIRECT] 
2025-12-11 19:18:06,196 [ERROR] LogOutputStream:75 - [STDERR_REDIRECT] [Fatal Error] :1:1: Premature end of file.
2025-12-11 19:18:06,196 [ERROR] LogOutputStream:75 - [STDERR_REDIRECT] 
2025-12-11 19:18:06,235 [ERROR] LogOutputStream:75 - [STDERR_REDIRECT] [Fatal Error] :1:1: Premature end of file.
2025-12-11 19:18:06,235 [ERROR] LogOutputStream:75 - [STDERR_REDIRECT] 
2025-12-11 19:18:06,281 [ERROR] LogOutputStream:75 - [STDERR_REDIRECT] [Fatal Error] :1:1: Premature end of file.
2025-12-11 19:18:06,281 [ERROR] LogOutputStream:75 - [STDERR_REDIRECT] 
2025-12-11 19:18:06,319 [ERROR] LogOutputStream:75 - [STDERR_REDIRECT] [Fatal Error] :1:1: Premature end of file.
2025-12-11 19:18:06,319 [ERROR] LogOutputStream:75 - [STDERR_REDIRECT] 
2025-12-11 19:18:06,366 [ERROR] LogOutputStream:75 - [STDERR_REDIRECT] [Fatal Error] :1:1: Premature end of file.
2025-12-11 19:18:06,366 [ERROR] LogOutputStream:75 - [STDERR_REDIRECT] 
2025-12-11 19:18:06,407 [ERROR] LogOutputStream:75 - [STDERR_REDIRECT] [Fatal Error] :1:1: Premature end of file.
2025-12-11 19:18:06,407 [ERROR] LogOutputStream:75 - [STDERR_REDIRECT] 
2025-12-11 19:18:06,452 [ERROR] LogOutputStream:75 - [STDERR_REDIRECT] [Fatal Error] :1:1: Premature end of file.
2025-12-11 19:18:06,452 [ERROR] LogOutputStream:75 - [STDERR_REDIRECT] 
2025-12-11 19:18:06,493 [ERROR] LogOutputStream:75 - [STDERR_REDIRECT] [Fatal Error] :1:1: Premature end of file.
2025-12-11 19:18:06,493 [ERROR] LogOutputStream:75 - [STDERR_REDIRECT] 
2025-12-11 19:18:06,534 [ERROR] LogOutputStream:75 - [STDERR_REDIRECT] [Fatal Error] :1:1: Premature end of file.
2025-12-11 19:18:06,536 [ERROR] LogOutputStream:75 - [STDERR_REDIRECT] 
2025-12-11 19:18:06,575 [ERROR] LogOutputStream:75 - [STDERR_REDIRECT] [Fatal Error] :1:1: Premature end of file.
2025-12-11 19:18:06,575 [ERROR] LogOutputStream:75 - [STDERR_REDIRECT] 
2025-12-11 19:18:06,616 [ERROR] LogOutputStream:75 - [STDERR_REDIRECT] [Fatal Error] :1:1: Premature end of file.
2025-12-11 19:18:06,616 [ERROR] LogOutputStream:75 - [STDERR_REDIRECT] 
2025-12-11 19:18:06,657 [ERROR] LogOutputStream:75 - [STDERR_REDIRECT] [Fatal Error] :1:1: Premature end of file.
2025-12-11 19:18:06,657 [ERROR] LogOutputStream:75 - [STDERR_REDIRECT] 
2025-12-11 19:18:06,701 [ERROR] LogOutputStream:75 - [STDERR_REDIRECT] [Fatal Error] :1:1: Premature end of file.
2025-12-11 19:18:06,701 [ERROR] LogOutputStream:75 - [STDERR_REDIRECT] 
2025-12-11 19:18:06,739 [ERROR] LogOutputStream:75 - [STDERR_REDIRECT] [Fatal Error] :1:1: Premature end of file.
2025-12-11 19:18:06,739 [ERROR] LogOutputStream:75 - [STDERR_REDIRECT] 
2025-12-11 19:18:06,786 [ERROR] LogOutputStream:75 - [STDERR_REDIRECT] [Fatal Error] :1:1: Premature end of file.
2025-12-11 19:18:06,786 [ERROR] LogOutputStream:75 - [STDERR_REDIRECT] 
2025-12-11 19:18:06,825 [ERROR] LogOutputStream:75 - [STDERR_REDIRECT] [Fatal Error] :1:1: Premature end of file.
2025-12-11 19:18:06,825 [ERROR] LogOutputStream:75 - [STDERR_REDIRECT] 
2025-12-11 19:18:06,868 [ERROR] LogOutputStream:75 - [STDERR_REDIRECT] [Fatal Error] :1:1: Premature end of file.
2025-12-11 19:18:06,868 [ERROR] LogOutputStream:75 - [STDERR_REDIRECT] 
2025-12-11 19:18:06,909 [ERROR] LogOutputStream:75 - [STDERR_REDIRECT] [Fatal Error] :1:1: Premature end of file.
2025-12-11 19:18:06,909 [ERROR] LogOutputStream:75 - [STDERR_REDIRECT] 
2025-12-11 19:18:06,955 [ERROR] LogOutputStream:75 - [STDERR_REDIRECT] [Fatal Error] :1:1: Premature end of file.
2025-12-11 19:18:06,955 [ERROR] LogOutputStream:75 - [STDERR_REDIRECT] 
2025-12-11 19:18:06,992 [ERROR] LogOutputStream:75 - [STDERR_REDIRECT] [Fatal Error] :1:1: Premature end of file.
2025-12-11 19:18:06,997 [ERROR] LogOutputStream:75 - [STDERR_REDIRECT] 
2025-12-11 19:18:07,037 [ERROR] LogOutputStream:75 - [STDERR_REDIRECT] [Fatal Error] :1:1: Premature end of file.
2025-12-11 19:18:07,037 [ERROR] LogOutputStream:75 - [STDERR_REDIRECT] 
2025-12-11 19:18:07,081 [ERROR] LogOutputStream:75 - [STDERR_REDIRECT] [Fatal Error] :1:1: Premature end of file.
2025-12-11 19:18:07,081 [ERROR] LogOutputStream:75 - [STDERR_REDIRECT] 
2025-12-11 19:18:07,120 [ERROR] LogOutputStream:75 - [STDERR_REDIRECT] [Fatal Error] :1:1: Premature end of file.
2025-12-11 19:18:07,120 [ERROR] LogOutputStream:75 - [STDERR_REDIRECT] 
2025-12-11 19:18:07,164 [ERROR] LogOutputStream:75 - [STDERR_REDIRECT] [Fatal Error] :1:1: Premature end of file.
2025-12-11 19:18:07,164 [ERROR] LogOutputStream:75 - [STDERR_REDIRECT] 
2025-12-11 19:18:07,205 [ERROR] LogOutputStream:75 - [STDERR_REDIRECT] [Fatal Error] :1:1: Premature end of file.
2025-12-11 19:18:07,205 [ERROR] LogOutputStream:75 - [STDERR_REDIRECT] 
2025-12-11 19:18:07,251 [ERROR] LogOutputStream:75 - [STDERR_REDIRECT] [Fatal Error] :1:1: Premature end of file.
2025-12-11 19:18:07,251 [ERROR] LogOutputStream:75 - [STDERR_REDIRECT] 
2025-12-11 19:18:07,292 [ERROR] LogOutputStream:75 - [STDERR_REDIRECT] [Fatal Error] :1:1: Premature end of file.
2025-12-11 19:18:07,292 [ERROR] LogOutputStream:75 - [STDERR_REDIRECT] 
2025-12-11 19:18:07,337 [ERROR] LogOutputStream:75 - [STDERR_REDIRECT] [Fatal Error] :1:1: Premature end of file.
2025-12-11 19:18:07,400 [ERROR] LogOutputStream:75 - [STDERR_REDIRECT] 
2025-12-11 19:18:07,442 [ERROR] LogOutputStream:75 - [STDERR_REDIRECT] [Fatal Error] :1:1: Premature end of file.
2025-12-11 19:18:07,442 [ERROR] LogOutputStream:75 - [STDERR_REDIRECT] 
2025-12-11 19:18:07,485 [ERROR] LogOutputStream:75 - [STDERR_REDIRECT] [Fatal Error] :1:1: Premature end of file.
2025-12-11 19:18:07,485 [ERROR] LogOutputStream:75 - [STDERR_REDIRECT] 
2025-12-11 19:18:07,526 [ERROR] LogOutputStream:75 - [STDERR_REDIRECT] [Fatal Error] :1:1: Premature end of file.
2025-12-11 19:18:07,526 [ERROR] LogOutputStream:75 - [STDERR_REDIRECT] 
2025-12-11 19:18:07,574 [ERROR] LogOutputStream:75 - [STDERR_REDIRECT] [Fatal Error] :1:1: Premature end of file.
2025-12-11 19:18:07,574 [ERROR] LogOutputStream:75 - [STDERR_REDIRECT] 
2025-12-11 19:18:07,614 [ERROR] LogOutputStream:75 - [STDERR_REDIRECT] [Fatal Error] :1:1: Premature end of file.
2025-12-11 19:18:07,614 [ERROR] LogOutputStream:75 - [STDERR_REDIRECT] 
2025-12-11 19:18:07,657 [ERROR] LogOutputStream:75 - [STDERR_REDIRECT] [Fatal Error] :1:1: Premature end of file.
2025-12-11 19:18:07,657 [ERROR] LogOutputStream:75 - [STDERR_REDIRECT] 
2025-12-11 19:18:07,698 [ERROR] LogOutputStream:75 - [STDERR_REDIRECT] [Fatal Error] :1:1: Premature end of file.
2025-12-11 19:18:07,698 [ERROR] LogOutputStream:75 - [STDERR_REDIRECT] 
2025-12-11 19:18:07,743 [ERROR] LogOutputStream:75 - [STDERR_REDIRECT] [Fatal Error] :1:1: Premature end of file.
2025-12-11 19:18:07,743 [ERROR] LogOutputStream:75 - [STDERR_REDIRECT] 
2025-12-11 19:18:07,787 [ERROR] LogOutputStream:75 - [STDERR_REDIRECT] [Fatal Error] :1:1: Premature end of file.
2025-12-11 19:18:07,787 [ERROR] LogOutputStream:75 - [STDERR_REDIRECT] 
2025-12-11 19:18:07,828 [ERROR] LogOutputStream:75 - [STDERR_REDIRECT] [Fatal Error] :1:1: Premature end of file.
2025-12-11 19:18:07,828 [ERROR] LogOutputStream:75 - [STDERR_REDIRECT] 
2025-12-11 19:18:07,871 [ERROR] LogOutputStream:75 - [STDERR_REDIRECT] [Fatal Error] :1:1: Premature end of file.
2025-12-11 19:18:07,871 [ERROR] LogOutputStream:75 - [STDERR_REDIRECT] 
2025-12-11 19:18:07,913 [ERROR] LogOutputStream:75 - [STDERR_REDIRECT] [Fatal Error] :1:1: Premature end of file.
2025-12-11 19:18:07,913 [ERROR] LogOutputStream:75 - [STDERR_REDIRECT] 
2025-12-11 19:18:07,950 [ERROR] LogOutputStream:75 - [STDERR_REDIRECT] [Fatal Error] :1:1: Premature end of file.
2025-12-11 19:18:07,950 [ERROR] LogOutputStream:75 - [STDERR_REDIRECT] 
2025-12-11 19:18:07,994 [ERROR] LogOutputStream:75 - [STDERR_REDIRECT] [Fatal Error] :1:1: Premature end of file.
2025-12-11 19:18:07,994 [ERROR] LogOutputStream:75 - [STDERR_REDIRECT] 
2025-12-11 19:18:08,039 [ERROR] LogOutputStream:75 - [STDERR_REDIRECT] [Fatal Error] :1:1: Premature end of file.
2025-12-11 19:18:08,039 [ERROR] LogOutputStream:75 - [STDERR_REDIRECT] 
2025-12-11 19:18:08,079 [ERROR] LogOutputStream:75 - [STDERR_REDIRECT] [Fatal Error] :1:1: Premature end of file.
2025-12-11 19:18:08,079 [ERROR] LogOutputStream:75 - [STDERR_REDIRECT] 
2025-12-11 19:18:08,121 [ERROR] LogOutputStream:75 - [STDERR_REDIRECT] [Fatal Error] :1:1: Premature end of file.
2025-12-11 19:18:08,121 [ERROR] LogOutputStream:75 - [STDERR_REDIRECT] 
2025-12-11 19:18:08,166 [ERROR] LogOutputStream:75 - [STDERR_REDIRECT] [Fatal Error] :1:1: Premature end of file.
2025-12-11 19:18:08,166 [ERROR] LogOutputStream:75 - [STDERR_REDIRECT] 
2025-12-11 19:18:08,208 [ERROR] LogOutputStream:75 - [STDERR_REDIRECT] [Fatal Error] :1:1: Premature end of file.
2025-12-11 19:18:08,209 [ERROR] LogOutputStream:75 - [STDERR_REDIRECT] 
2025-12-11 19:18:08,251 [ERROR] LogOutputStream:75 - [STDERR_REDIRECT] [Fatal Error] :1:1: Premature end of file.
2025-12-11 19:18:08,251 [ERROR] LogOutputStream:75 - [STDERR_REDIRECT] 
2025-12-11 19:18:08,294 [ERROR] LogOutputStream:75 - [STDERR_REDIRECT] [Fatal Error] :1:1: Premature end of file.
2025-12-11 19:18:08,294 [ERROR] LogOutputStream:75 - [STDERR_REDIRECT] 
2025-12-11 19:18:08,340 [ERROR] LogOutputStream:75 - [STDERR_REDIRECT] [Fatal Error] :1:1: Premature end of file.
2025-12-11 19:18:08,340 [ERROR] LogOutputStream:75 - [STDERR_REDIRECT] 
2025-12-11 19:18:08,380 [ERROR] LogOutputStream:75 - [STDERR_REDIRECT] [Fatal Error] :1:1: Premature end of file.
2025-12-11 19:18:08,380 [ERROR] LogOutputStream:75 - [STDERR_REDIRECT] 
2025-12-11 19:18:08,418 [ERROR] LogOutputStream:75 - [STDERR_REDIRECT] [Fatal Error] :1:1: Premature end of file.
2025-12-11 19:18:08,418 [ERROR] LogOutputStream:75 - [STDERR_REDIRECT] 
2025-12-11 19:18:08,461 [ERROR] LogOutputStream:75 - [STDERR_REDIRECT] [Fatal Error] :1:1: Premature end of file.
2025-12-11 19:18:08,461 [ERROR] LogOutputStream:75 - [STDERR_REDIRECT] 
2025-12-11 19:18:08,506 [ERROR] LogOutputStream:75 - [STDERR_REDIRECT] [Fatal Error] :1:1: Premature end of file.
2025-12-11 19:18:08,506 [ERROR] LogOutputStream:75 - [STDERR_REDIRECT] 
2025-12-11 19:18:08,551 [ERROR] LogOutputStream:75 - [STDERR_REDIRECT] [Fatal Error] :1:1: Premature end of file.
2025-12-11 19:18:08,551 [ERROR] LogOutputStream:75 - [STDERR_REDIRECT] 
2025-12-11 19:18:08,593 [ERROR] LogOutputStream:75 - [STDERR_REDIRECT] [Fatal Error] :1:1: Premature end of file.
2025-12-11 19:18:08,593 [ERROR] LogOutputStream:75 - [STDERR_REDIRECT] 
2025-12-11 19:18:08,634 [ERROR] LogOutputStream:75 - [STDERR_REDIRECT] [Fatal Error] :1:1: Premature end of file.
2025-12-11 19:18:08,634 [ERROR] LogOutputStream:75 - [STDERR_REDIRECT] 
2025-12-11 19:18:08,673 [ERROR] LogOutputStream:75 - [STDERR_REDIRECT] [Fatal Error] :1:1: Premature end of file.
2025-12-11 19:18:08,673 [ERROR] LogOutputStream:75 - [STDERR_REDIRECT] 
2025-12-11 19:18:08,718 [ERROR] LogOutputStream:75 - [STDERR_REDIRECT] [Fatal Error] :1:1: Premature end of file.
2025-12-11 19:18:08,718 [ERROR] LogOutputStream:75 - [STDERR_REDIRECT] 
2025-12-11 19:18:08,759 [ERROR] LogOutputStream:75 - [STDERR_REDIRECT] [Fatal Error] :1:1: Premature end of file.
2025-12-11 19:18:08,759 [ERROR] LogOutputStream:75 - [STDERR_REDIRECT] 
2025-12-11 19:18:08,800 [ERROR] LogOutputStream:75 - [STDERR_REDIRECT] [Fatal Error] :1:1: Premature end of file.
2025-12-11 19:18:08,800 [ERROR] LogOutputStream:75 - [STDERR_REDIRECT] 
2025-12-11 19:18:08,840 [ERROR] LogOutputStream:75 - [STDERR_REDIRECT] [Fatal Error] :1:1: Premature end of file.
2025-12-11 19:18:08,840 [ERROR] LogOutputStream:75 - [STDERR_REDIRECT] 
2025-12-11 19:18:08,889 [ERROR] LogOutputStream:75 - [STDERR_REDIRECT] [Fatal Error] :1:1: Premature end of file.
2025-12-11 19:18:08,889 [ERROR] LogOutputStream:75 - [STDERR_REDIRECT] 
2025-12-11 19:18:08,931 [ERROR] LogOutputStream:75 - [STDERR_REDIRECT] [Fatal Error] :1:1: Premature end of file.
2025-12-11 19:18:08,931 [ERROR] LogOutputStream:75 - [STDERR_REDIRECT] 
2025-12-11 19:18:08,972 [ERROR] LogOutputStream:75 - [STDERR_REDIRECT] [Fatal Error] :1:1: Premature end of file.
2025-12-11 19:18:08,972 [ERROR] LogOutputStream:75 - [STDERR_REDIRECT] 
2025-12-11 19:18:09,021 [ERROR] LogOutputStream:75 - [STDERR_REDIRECT] [Fatal Error] :1:1: Premature end of file.
2025-12-11 19:18:09,021 [ERROR] LogOutputStream:75 - [STDERR_REDIRECT] 
2025-12-11 19:18:09,070 [ERROR] LogOutputStream:75 - [STDERR_REDIRECT] [Fatal Error] :1:1: Premature end of file.
2025-12-11 19:18:09,070 [ERROR] LogOutputStream:75 - [STDERR_REDIRECT] 
2025-12-11 19:18:09,114 [ERROR] LogOutputStream:75 - [STDERR_REDIRECT] [Fatal Error] :1:1: Premature end of file.
2025-12-11 19:18:09,114 [ERROR] LogOutputStream:75 - [STDERR_REDIRECT] 
2025-12-11 19:18:09,161 [ERROR] LogOutputStream:75 - [STDERR_REDIRECT] [Fatal Error] :1:1: Premature end of file.
2025-12-11 19:18:09,161 [ERROR] LogOutputStream:75 - [STDERR_REDIRECT] 
2025-12-11 19:18:09,203 [ERROR] LogOutputStream:75 - [STDERR_REDIRECT] [Fatal Error] :1:1: Premature end of file.
2025-12-11 19:18:09,203 [ERROR] LogOutputStream:75 - [STDERR_REDIRECT] 
2025-12-11 19:18:09,243 [ERROR] LogOutputStream:75 - [STDERR_REDIRECT] [Fatal Error] :1:1: Premature end of file.
2025-12-11 19:18:09,243 [ERROR] LogOutputStream:75 - [STDERR_REDIRECT] 
2025-12-11 19:18:09,292 [ERROR] LogOutputStream:75 - [STDERR_REDIRECT] [Fatal Error] :1:1: Premature end of file.
2025-12-11 19:18:09,292 [ERROR] LogOutputStream:75 - [STDERR_REDIRECT] 
2025-12-11 19:18:09,333 [ERROR] LogOutputStream:75 - [STDERR_REDIRECT] [Fatal Error] :1:1: Premature end of file.
2025-12-11 19:18:09,333 [ERROR] LogOutputStream:75 - [STDERR_REDIRECT] 
2025-12-11 19:18:09,379 [ERROR] LogOutputStream:75 - [STDERR_REDIRECT] [Fatal Error] :1:1: Premature end of file.
2025-12-11 19:18:09,406 [ERROR] LogOutputStream:75 - [STDERR_REDIRECT] 
2025-12-11 19:18:09,448 [ERROR] LogOutputStream:75 - [STDERR_REDIRECT] [Fatal Error] :1:1: Premature end of file.
2025-12-11 19:18:09,448 [ERROR] LogOutputStream:75 - [STDERR_REDIRECT] 
2025-12-11 19:18:09,494 [ERROR] LogOutputStream:75 - [STDERR_REDIRECT] [Fatal Error] :1:1: Premature end of file.
2025-12-11 19:18:09,494 [ERROR] LogOutputStream:75 - [STDERR_REDIRECT] 
2025-12-11 19:18:09,537 [ERROR] LogOutputStream:75 - [STDERR_REDIRECT] [Fatal Error] :1:1: Premature end of file.
2025-12-11 19:18:09,537 [ERROR] LogOutputStream:75 - [STDERR_REDIRECT] 
2025-12-11 19:18:09,582 [ERROR] LogOutputStream:75 - [STDERR_REDIRECT] [Fatal Error] :1:1: Premature end of file.
2025-12-11 19:18:09,582 [ERROR] LogOutputStream:75 - [STDERR_REDIRECT] 
2025-12-11 19:18:09,624 [ERROR] LogOutputStream:75 - [STDERR_REDIRECT] [Fatal Error] :1:1: Premature end of file.
2025-12-11 19:18:09,624 [ERROR] LogOutputStream:75 - [STDERR_REDIRECT] 
2025-12-11 19:18:09,670 [ERROR] LogOutputStream:75 - [STDERR_REDIRECT] [Fatal Error] :1:1: Premature end of file.
2025-12-11 19:18:09,670 [ERROR] LogOutputStream:75 - [STDERR_REDIRECT] 
2025-12-11 19:18:09,711 [ERROR] LogOutputStream:75 - [STDERR_REDIRECT] [Fatal Error] :1:1: Premature end of file.
2025-12-11 19:18:09,711 [ERROR] LogOutputStream:75 - [STDERR_REDIRECT] 
2025-12-11 19:18:09,752 [ERROR] LogOutputStream:75 - [STDERR_REDIRECT] [Fatal Error] :1:1: Premature end of file.
2025-12-11 19:18:09,752 [ERROR] LogOutputStream:75 - [STDERR_REDIRECT] 
2025-12-11 19:18:09,802 [ERROR] LogOutputStream:75 - [STDERR_REDIRECT] [Fatal Error] :1:1: Premature end of file.
2025-12-11 19:18:09,802 [ERROR] LogOutputStream:75 - [STDERR_REDIRECT] 
2025-12-11 19:18:09,843 [ERROR] LogOutputStream:75 - [STDERR_REDIRECT] [Fatal Error] :1:1: Premature end of file.
2025-12-11 19:18:09,843 [ERROR] LogOutputStream:75 - [STDERR_REDIRECT] 
2025-12-11 19:18:09,889 [ERROR] LogOutputStream:75 - [STDERR_REDIRECT] [Fatal Error] :1:1: Premature end of file.
2025-12-11 19:18:09,893 [ERROR] LogOutputStream:75 - [STDERR_REDIRECT] 
2025-12-11 19:18:09,934 [ERROR] LogOutputStream:75 - [STDERR_REDIRECT] [Fatal Error] :1:1: Premature end of file.
2025-12-11 19:18:09,934 [ERROR] LogOutputStream:75 - [STDERR_REDIRECT] 
2025-12-11 19:18:09,975 [ERROR] LogOutputStream:75 - [STDERR_REDIRECT] [Fatal Error] :1:1: Premature end of file.
2025-12-11 19:18:09,975 [ERROR] LogOutputStream:75 - [STDERR_REDIRECT] 
2025-12-11 19:18:10,016 [ERROR] LogOutputStream:75 - [STDERR_REDIRECT] [Fatal Error] :1:1: Premature end of file.
2025-12-11 19:18:10,016 [ERROR] LogOutputStream:75 - [STDERR_REDIRECT] 
2025-12-11 19:18:10,061 [ERROR] LogOutputStream:75 - [STDERR_REDIRECT] [Fatal Error] :1:1: Premature end of file.
2025-12-11 19:18:10,061 [ERROR] LogOutputStream:75 - [STDERR_REDIRECT] 
2025-12-11 19:18:10,098 [ERROR] LogOutputStream:75 - [STDERR_REDIRECT] [Fatal Error] :1:1: Premature end of file.
2025-12-11 19:18:10,098 [ERROR] LogOutputStream:75 - [STDERR_REDIRECT] 
2025-12-11 19:18:10,147 [ERROR] LogOutputStream:75 - [STDERR_REDIRECT] [Fatal Error] :1:1: Premature end of file.
2025-12-11 19:18:10,147 [ERROR] LogOutputStream:75 - [STDERR_REDIRECT] 
2025-12-11 19:18:10,188 [ERROR] LogOutputStream:75 - [STDERR_REDIRECT] [Fatal Error] :1:1: Premature end of file.
2025-12-11 19:18:10,188 [ERROR] LogOutputStream:75 - [STDERR_REDIRECT] 
2025-12-11 19:18:10,229 [ERROR] LogOutputStream:75 - [STDERR_REDIRECT] [Fatal Error] :1:1: Premature end of file.
2025-12-11 19:18:10,229 [ERROR] LogOutputStream:75 - [STDERR_REDIRECT] 
2025-12-11 19:18:10,274 [ERROR] LogOutputStream:75 - [STDERR_REDIRECT] [Fatal Error] :1:1: Premature end of file.
2025-12-11 19:18:10,274 [ERROR] LogOutputStream:75 - [STDERR_REDIRECT] 
2025-12-11 19:18:10,319 [ERROR] LogOutputStream:75 - [STDERR_REDIRECT] [Fatal Error] :1:1: Premature end of file.
2025-12-11 19:18:10,319 [ERROR] LogOutputStream:75 - [STDERR_REDIRECT] 
2025-12-11 19:18:10,360 [ERROR] LogOutputStream:75 - [STDERR_REDIRECT] [Fatal Error] :1:1: Premature end of file.
2025-12-11 19:18:10,360 [ERROR] LogOutputStream:75 - [STDERR_REDIRECT] 
2025-12-11 19:18:10,401 [ERROR] LogOutputStream:75 - [STDERR_REDIRECT] [Fatal Error] :1:1: Premature end of file.
2025-12-11 19:18:10,401 [ERROR] LogOutputStream:75 - [STDERR_REDIRECT] 
2025-12-11 19:18:10,444 [ERROR] LogOutputStream:75 - [STDERR_REDIRECT] [Fatal Error] :1:1: Premature end of file.
2025-12-11 19:18:10,444 [ERROR] LogOutputStream:75 - [STDERR_REDIRECT] 
2025-12-11 19:18:10,482 [ERROR] LogOutputStream:75 - [STDERR_REDIRECT] [Fatal Error] :1:1: Premature end of file.
2025-12-11 19:18:10,482 [ERROR] LogOutputStream:75 - [STDERR_REDIRECT] 
2025-12-11 19:18:10,531 [ERROR] LogOutputStream:75 - [STDERR_REDIRECT] [Fatal Error] :1:1: Premature end of file.
2025-12-11 19:18:10,531 [ERROR] LogOutputStream:75 - [STDERR_REDIRECT] 
2025-12-11 19:18:10,575 [ERROR] LogOutputStream:75 - [STDERR_REDIRECT] [Fatal Error] :1:1: Premature end of file.
2025-12-11 19:18:10,575 [ERROR] LogOutputStream:75 - [STDERR_REDIRECT] 
2025-12-11 19:18:10,613 [ERROR] LogOutputStream:75 - [STDERR_REDIRECT] [Fatal Error] :1:1: Premature end of file.
2025-12-11 19:18:10,613 [ERROR] LogOutputStream:75 - [STDERR_REDIRECT] 
2025-12-11 19:18:10,655 [ERROR] LogOutputStream:75 - [STDERR_REDIRECT] [Fatal Error] :1:1: Premature end of file.
2025-12-11 19:18:10,655 [ERROR] LogOutputStream:75 - [STDERR_REDIRECT] 
2025-12-11 19:18:10,727 [ERROR] LogOutputStream:75 - [STDERR_REDIRECT] [Fatal Error] :1:1: Premature end of file.
2025-12-11 19:18:10,727 [ERROR] LogOutputStream:75 - [STDERR_REDIRECT] 
2025-12-11 19:18:10,771 [ERROR] LogOutputStream:75 - [STDERR_REDIRECT] [Fatal Error] :1:1: Premature end of file.
2025-12-11 19:18:10,771 [ERROR] LogOutputStream:75 - [STDERR_REDIRECT] 
2025-12-11 19:18:10,813 [ERROR] LogOutputStream:75 - [STDERR_REDIRECT] [Fatal Error] :1:1: Premature end of file.
2025-12-11 19:18:10,813 [ERROR] LogOutputStream:75 - [STDERR_REDIRECT] 
2025-12-11 19:18:10,857 [ERROR] LogOutputStream:75 - [STDERR_REDIRECT] [Fatal Error] :1:1: Premature end of file.
2025-12-11 19:18:10,857 [ERROR] LogOutputStream:75 - [STDERR_REDIRECT] 
2025-12-11 19:18:10,896 [ERROR] LogOutputStream:75 - [STDERR_REDIRECT] [Fatal Error] :1:1: Premature end of file.
2025-12-11 19:18:10,896 [ERROR] LogOutputStream:75 - [STDERR_REDIRECT] 
2025-12-11 19:18:10,935 [ERROR] LogOutputStream:75 - [STDERR_REDIRECT] [Fatal Error] :1:1: Premature end of file.
2025-12-11 19:18:10,935 [ERROR] LogOutputStream:75 - [STDERR_REDIRECT] 
2025-12-11 19:18:10,980 [ERROR] LogOutputStream:75 - [STDERR_REDIRECT] [Fatal Error] :1:1: Premature end of file.
2025-12-11 19:18:10,980 [ERROR] LogOutputStream:75 - [STDERR_REDIRECT] 
2025-12-11 19:18:11,025 [ERROR] LogOutputStream:75 - [STDERR_REDIRECT] [Fatal Error] :1:1: Premature end of file.
2025-12-11 19:18:11,025 [ERROR] LogOutputStream:75 - [STDERR_REDIRECT] 
2025-12-11 19:18:11,066 [ERROR] LogOutputStream:75 - [STDERR_REDIRECT] [Fatal Error] :1:1: Premature end of file.
2025-12-11 19:18:11,066 [ERROR] LogOutputStream:75 - [STDERR_REDIRECT] 
2025-12-11 19:18:11,109 [ERROR] LogOutputStream:75 - [STDERR_REDIRECT] [Fatal Error] :1:1: Premature end of file.
2025-12-11 19:18:11,109 [ERROR] LogOutputStream:75 - [STDERR_REDIRECT] 
2025-12-11 19:18:11,152 [ERROR] LogOutputStream:75 - [STDERR_REDIRECT] [Fatal Error] :1:1: Premature end of file.
2025-12-11 19:18:11,152 [ERROR] LogOutputStream:75 - [STDERR_REDIRECT] 
2025-12-11 19:18:11,196 [ERROR] LogOutputStream:75 - [STDERR_REDIRECT] [Fatal Error] :1:1: Premature end of file.
2025-12-11 19:18:11,196 [ERROR] LogOutputStream:75 - [STDERR_REDIRECT] 
2025-12-11 19:18:11,239 [ERROR] LogOutputStream:75 - [STDERR_REDIRECT] [Fatal Error] :1:1: Premature end of file.
2025-12-11 19:18:11,239 [ERROR] LogOutputStream:75 - [STDERR_REDIRECT] 
2025-12-11 19:18:11,282 [ERROR] LogOutputStream:75 - [STDERR_REDIRECT] [Fatal Error] :1:1: Premature end of file.
2025-12-11 19:18:11,282 [ERROR] LogOutputStream:75 - [STDERR_REDIRECT] 
2025-12-11 19:18:11,318 [ERROR] LogOutputStream:75 - [STDERR_REDIRECT] [Fatal Error] :1:1: Premature end of file.
2025-12-11 19:18:11,318 [ERROR] LogOutputStream:75 - [STDERR_REDIRECT] 
2025-12-11 19:18:11,367 [ERROR] LogOutputStream:75 - [STDERR_REDIRECT] [Fatal Error] :1:1: Premature end of file.
2025-12-11 19:18:11,367 [ERROR] LogOutputStream:75 - [STDERR_REDIRECT] 
2025-12-11 19:18:11,408 [ERROR] LogOutputStream:75 - [STDERR_REDIRECT] [Fatal Error] :1:1: Premature end of file.
2025-12-11 19:18:11,408 [ERROR] LogOutputStream:75 - [STDERR_REDIRECT] 
2025-12-11 19:18:11,449 [ERROR] LogOutputStream:75 - [STDERR_REDIRECT] [Fatal Error] :1:1: Premature end of file.
2025-12-11 19:18:11,449 [ERROR] LogOutputStream:75 - [STDERR_REDIRECT] 
2025-12-11 19:18:11,490 [ERROR] LogOutputStream:75 - [STDERR_REDIRECT] [Fatal Error] :1:1: Premature end of file.
2025-12-11 19:18:11,490 [ERROR] LogOutputStream:75 - [STDERR_REDIRECT] 
2025-12-11 19:18:11,533 [ERROR] LogOutputStream:75 - [STDERR_REDIRECT] [Fatal Error] :1:1: Premature end of file.
2025-12-11 19:18:11,533 [ERROR] LogOutputStream:75 - [STDERR_REDIRECT] 
2025-12-11 19:18:11,576 [ERROR] LogOutputStream:75 - [STDERR_REDIRECT] [Fatal Error] :1:1: Premature end of file.
2025-12-11 19:18:11,576 [ERROR] LogOutputStream:75 - [STDERR_REDIRECT] 
2025-12-11 19:18:11,618 [ERROR] LogOutputStream:75 - [STDERR_REDIRECT] [Fatal Error] :1:1: Premature end of file.
2025-12-11 19:18:11,618 [ERROR] LogOutputStream:75 - [STDERR_REDIRECT] 
2025-12-11 19:18:11,659 [ERROR] LogOutputStream:75 - [STDERR_REDIRECT] [Fatal Error] :1:1: Premature end of file.
2025-12-11 19:18:11,659 [ERROR] LogOutputStream:75 - [STDERR_REDIRECT] 
2025-12-11 19:18:11,696 [ERROR] LogOutputStream:75 - [STDERR_REDIRECT] [Fatal Error] :1:1: Premature end of file.
2025-12-11 19:18:11,696 [ERROR] LogOutputStream:75 - [STDERR_REDIRECT] 
2025-12-11 19:18:11,741 [ERROR] LogOutputStream:75 - [STDERR_REDIRECT] [Fatal Error] :1:1: Premature end of file.
2025-12-11 19:18:11,741 [ERROR] LogOutputStream:75 - [STDERR_REDIRECT] 
2025-12-11 19:18:11,778 [ERROR] LogOutputStream:75 - [STDERR_REDIRECT] [Fatal Error] :1:1: Premature end of file.
2025-12-11 19:18:11,778 [ERROR] LogOutputStream:75 - [STDERR_REDIRECT] 
2025-12-11 19:18:11,825 [ERROR] LogOutputStream:75 - [STDERR_REDIRECT] [Fatal Error] :1:1: Premature end of file.
2025-12-11 19:18:11,825 [ERROR] LogOutputStream:75 - [STDERR_REDIRECT] 
2025-12-11 19:18:11,865 [ERROR] LogOutputStream:75 - [STDERR_REDIRECT] [Fatal Error] :1:1: Premature end of file.
2025-12-11 19:18:11,865 [ERROR] LogOutputStream:75 - [STDERR_REDIRECT] 
2025-12-11 19:18:11,903 [ERROR] LogOutputStream:75 - [STDERR_REDIRECT] [Fatal Error] :1:1: Premature end of file.
2025-12-11 19:18:11,903 [ERROR] LogOutputStream:75 - [STDERR_REDIRECT] 
2025-12-11 19:18:11,948 [ERROR] LogOutputStream:75 - [STDERR_REDIRECT] [Fatal Error] :1:1: Premature end of file.
2025-12-11 19:18:11,948 [ERROR] LogOutputStream:75 - [STDERR_REDIRECT] 
2025-12-11 19:18:11,991 [ERROR] LogOutputStream:75 - [STDERR_REDIRECT] [Fatal Error] :1:1: Premature end of file.
2025-12-11 19:18:11,991 [ERROR] LogOutputStream:75 - [STDERR_REDIRECT] 
2025-12-11 19:18:12,031 [ERROR] LogOutputStream:75 - [STDERR_REDIRECT] [Fatal Error] :1:1: Premature end of file.
2025-12-11 19:18:12,031 [ERROR] LogOutputStream:75 - [STDERR_REDIRECT] 
2025-12-11 19:18:12,076 [ERROR] LogOutputStream:75 - [STDERR_REDIRECT] [Fatal Error] :1:1: Premature end of file.
2025-12-11 19:18:12,076 [ERROR] LogOutputStream:75 - [STDERR_REDIRECT] 
2025-12-11 19:18:12,117 [ERROR] LogOutputStream:75 - [STDERR_REDIRECT] [Fatal Error] :1:1: Premature end of file.
2025-12-11 19:18:12,117 [ERROR] LogOutputStream:75 - [STDERR_REDIRECT] 
2025-12-11 19:18:12,161 [ERROR] LogOutputStream:75 - [STDERR_REDIRECT] [Fatal Error] :1:1: Premature end of file.
2025-12-11 19:18:12,161 [ERROR] LogOutputStream:75 - [STDERR_REDIRECT] 
2025-12-11 19:18:12,204 [ERROR] LogOutputStream:75 - [STDERR_REDIRECT] [Fatal Error] :1:1: Premature end of file.
2025-12-11 19:18:12,204 [ERROR] LogOutputStream:75 - [STDERR_REDIRECT] 
2025-12-11 19:18:12,247 [ERROR] LogOutputStream:75 - [STDERR_REDIRECT] [Fatal Error] :1:1: Premature end of file.
2025-12-11 19:18:12,247 [ERROR] LogOutputStream:75 - [STDERR_REDIRECT] 
2025-12-11 19:18:12,289 [ERROR] LogOutputStream:75 - [STDERR_REDIRECT] [Fatal Error] :1:1: Premature end of file.
2025-12-11 19:18:12,289 [ERROR] LogOutputStream:75 - [STDERR_REDIRECT] 
2025-12-11 19:18:12,328 [ERROR] LogOutputStream:75 - [STDERR_REDIRECT] [Fatal Error] :1:1: Premature end of file.
2025-12-11 19:18:12,328 [ERROR] LogOutputStream:75 - [STDERR_REDIRECT] 
2025-12-11 19:18:12,374 [ERROR] LogOutputStream:75 - [STDERR_REDIRECT] [Fatal Error] :1:1: Premature end of file.
2025-12-11 19:18:12,374 [ERROR] LogOutputStream:75 - [STDERR_REDIRECT] 
2025-12-11 19:18:12,414 [ERROR] LogOutputStream:75 - [STDERR_REDIRECT] [Fatal Error] :1:1: Premature end of file.
2025-12-11 19:18:12,416 [ERROR] LogOutputStream:75 - [STDERR_REDIRECT] 
2025-12-11 19:18:12,456 [ERROR] LogOutputStream:75 - [STDERR_REDIRECT] [Fatal Error] :1:1: Premature end of file.
2025-12-11 19:18:12,456 [ERROR] LogOutputStream:75 - [STDERR_REDIRECT] 
2025-12-11 19:18:12,499 [ERROR] LogOutputStream:75 - [STDERR_REDIRECT] [Fatal Error] :1:1: Premature end of file.
2025-12-11 19:18:12,499 [ERROR] LogOutputStream:75 - [STDERR_REDIRECT] 
2025-12-11 19:18:12,532 [ERROR] LogOutputStream:75 - [STDERR_REDIRECT] [Fatal Error] :1:1: Premature end of file.
2025-12-11 19:18:12,540 [ERROR] LogOutputStream:75 - [STDERR_REDIRECT] 
2025-12-11 19:18:12,582 [ERROR] LogOutputStream:75 - [STDERR_REDIRECT] [Fatal Error] :1:1: Premature end of file.
2025-12-11 19:18:12,582 [ERROR] LogOutputStream:75 - [STDERR_REDIRECT] 
2025-12-11 19:18:12,622 [ERROR] LogOutputStream:75 - [STDERR_REDIRECT] [Fatal Error] :1:1: Premature end of file.
2025-12-11 19:18:12,622 [ERROR] LogOutputStream:75 - [STDERR_REDIRECT] 
2025-12-11 19:18:12,664 [ERROR] LogOutputStream:75 - [STDERR_REDIRECT] [Fatal Error] :1:1: Premature end of file.
2025-12-11 19:18:12,664 [ERROR] LogOutputStream:75 - [STDERR_REDIRECT] 
2025-12-11 19:18:12,703 [ERROR] LogOutputStream:75 - [STDERR_REDIRECT] [Fatal Error] :1:1: Premature end of file.
2025-12-11 19:18:12,703 [ERROR] LogOutputStream:75 - [STDERR_REDIRECT] 
2025-12-11 19:18:12,744 [ERROR] LogOutputStream:75 - [STDERR_REDIRECT] [Fatal Error] :1:1: Premature end of file.
2025-12-11 19:18:12,744 [ERROR] LogOutputStream:75 - [STDERR_REDIRECT] 
2025-12-11 19:18:12,785 [ERROR] LogOutputStream:75 - [STDERR_REDIRECT] [Fatal Error] :1:1: Premature end of file.
2025-12-11 19:18:12,785 [ERROR] LogOutputStream:75 - [STDERR_REDIRECT] 
2025-12-11 19:18:12,831 [ERROR] LogOutputStream:75 - [STDERR_REDIRECT] [Fatal Error] :1:1: Premature end of file.
2025-12-11 19:18:12,831 [ERROR] LogOutputStream:75 - [STDERR_REDIRECT] 
2025-12-11 19:18:12,874 [ERROR] LogOutputStream:75 - [STDERR_REDIRECT] [Fatal Error] :1:1: Premature end of file.
2025-12-11 19:18:12,874 [ERROR] LogOutputStream:75 - [STDERR_REDIRECT] 
2025-12-11 19:18:12,918 [ERROR] LogOutputStream:75 - [STDERR_REDIRECT] [Fatal Error] :1:1: Premature end of file.
2025-12-11 19:18:12,918 [ERROR] LogOutputStream:75 - [STDERR_REDIRECT] 
2025-12-11 19:18:12,960 [ERROR] LogOutputStream:75 - [STDERR_REDIRECT] [Fatal Error] :1:1: Premature end of file.
2025-12-11 19:18:12,960 [ERROR] LogOutputStream:75 - [STDERR_REDIRECT] 
2025-12-11 19:18:13,005 [ERROR] LogOutputStream:75 - [STDERR_REDIRECT] [Fatal Error] :1:1: Premature end of file.
2025-12-11 19:18:13,005 [ERROR] LogOutputStream:75 - [STDERR_REDIRECT] 
2025-12-11 19:18:13,047 [ERROR] LogOutputStream:75 - [STDERR_REDIRECT] [Fatal Error] :1:1: Premature end of file.
2025-12-11 19:18:13,047 [ERROR] LogOutputStream:75 - [STDERR_REDIRECT] 
2025-12-11 19:18:13,084 [ERROR] LogOutputStream:75 - [STDERR_REDIRECT] [Fatal Error] :1:1: Premature end of file.
2025-12-11 19:18:13,084 [ERROR] LogOutputStream:75 - [STDERR_REDIRECT] 
2025-12-11 19:18:13,126 [ERROR] LogOutputStream:75 - [STDERR_REDIRECT] [Fatal Error] :1:1: Premature end of file.
2025-12-11 19:18:13,126 [ERROR] LogOutputStream:75 - [STDERR_REDIRECT] 
2025-12-11 19:18:13,166 [ERROR] LogOutputStream:75 - [STDERR_REDIRECT] [Fatal Error] :1:1: Premature end of file.
2025-12-11 19:18:13,166 [ERROR] LogOutputStream:75 - [STDERR_REDIRECT] 
2025-12-11 19:18:13,215 [ERROR] LogOutputStream:75 - [STDERR_REDIRECT] [Fatal Error] :1:1: Premature end of file.
2025-12-11 19:18:13,215 [ERROR] LogOutputStream:75 - [STDERR_REDIRECT] 
2025-12-11 19:18:13,257 [ERROR] LogOutputStream:75 - [STDERR_REDIRECT] [Fatal Error] :1:1: Premature end of file.
2025-12-11 19:18:13,257 [ERROR] LogOutputStream:75 - [STDERR_REDIRECT] 
2025-12-11 19:18:13,298 [ERROR] LogOutputStream:75 - [STDERR_REDIRECT] [Fatal Error] :1:1: Premature end of file.
2025-12-11 19:18:13,298 [ERROR] LogOutputStream:75 - [STDERR_REDIRECT] 
2025-12-11 19:18:13,341 [ERROR] LogOutputStream:75 - [STDERR_REDIRECT] [Fatal Error] :1:1: Premature end of file.
2025-12-11 19:18:13,341 [ERROR] LogOutputStream:75 - [STDERR_REDIRECT] 
2025-12-11 19:18:13,385 [ERROR] LogOutputStream:75 - [STDERR_REDIRECT] [Fatal Error] :1:1: Premature end of file.
2025-12-11 19:18:13,385 [ERROR] LogOutputStream:75 - [STDERR_REDIRECT] 
2025-12-11 19:18:13,467 [ERROR] LogOutputStream:75 - [STDERR_REDIRECT] [Fatal Error] :1:1: Premature end of file.
2025-12-11 19:18:13,467 [ERROR] LogOutputStream:75 - [STDERR_REDIRECT] 
2025-12-11 19:18:13,512 [ERROR] LogOutputStream:75 - [STDERR_REDIRECT] [Fatal Error] :1:1: Premature end of file.
2025-12-11 19:18:13,512 [ERROR] LogOutputStream:75 - [STDERR_REDIRECT] 
2025-12-11 19:18:13,554 [ERROR] LogOutputStream:75 - [STDERR_REDIRECT] [Fatal Error] :1:1: Premature end of file.
2025-12-11 19:18:13,554 [ERROR] LogOutputStream:75 - [STDERR_REDIRECT] 
2025-12-11 19:18:13,595 [ERROR] LogOutputStream:75 - [STDERR_REDIRECT] [Fatal Error] :1:1: Premature end of file.
2025-12-11 19:18:13,595 [ERROR] LogOutputStream:75 - [STDERR_REDIRECT] 
2025-12-11 19:18:13,636 [ERROR] LogOutputStream:75 - [STDERR_REDIRECT] [Fatal Error] :1:1: Premature end of file.
2025-12-11 19:18:13,636 [ERROR] LogOutputStream:75 - [STDERR_REDIRECT] 
2025-12-11 19:18:13,678 [ERROR] LogOutputStream:75 - [STDERR_REDIRECT] [Fatal Error] :1:1: Premature end of file.
2025-12-11 19:18:13,678 [ERROR] LogOutputStream:75 - [STDERR_REDIRECT] 
2025-12-11 19:18:13,720 [ERROR] LogOutputStream:75 - [STDERR_REDIRECT] [Fatal Error] :1:1: Premature end of file.
2025-12-11 19:18:13,720 [ERROR] LogOutputStream:75 - [STDERR_REDIRECT] 
2025-12-11 19:18:13,766 [ERROR] LogOutputStream:75 - [STDERR_REDIRECT] [Fatal Error] :1:1: Premature end of file.
2025-12-11 19:18:13,766 [ERROR] LogOutputStream:75 - [STDERR_REDIRECT] 
2025-12-11 19:18:13,807 [ERROR] LogOutputStream:75 - [STDERR_REDIRECT] [Fatal Error] :1:1: Premature end of file.
2025-12-11 19:18:13,807 [ERROR] LogOutputStream:75 - [STDERR_REDIRECT] 
2025-12-11 19:18:13,850 [ERROR] LogOutputStream:75 - [STDERR_REDIRECT] [Fatal Error] :1:1: Premature end of file.
2025-12-11 19:18:13,850 [ERROR] LogOutputStream:75 - [STDERR_REDIRECT] 
2025-12-11 19:18:13,890 [ERROR] LogOutputStream:75 - [STDERR_REDIRECT] [Fatal Error] :1:1: Premature end of file.
2025-12-11 19:18:13,890 [ERROR] LogOutputStream:75 - [STDERR_REDIRECT] 
2025-12-11 19:18:13,930 [ERROR] LogOutputStream:75 - [STDERR_REDIRECT] [Fatal Error] :1:1: Premature end of file.
2025-12-11 19:18:13,930 [ERROR] LogOutputStream:75 - [STDERR_REDIRECT] 
2025-12-11 19:18:13,978 [ERROR] LogOutputStream:75 - [STDERR_REDIRECT] [Fatal Error] :1:1: Premature end of file.
2025-12-11 19:18:13,978 [ERROR] LogOutputStream:75 - [STDERR_REDIRECT] 
2025-12-11 19:18:14,020 [ERROR] LogOutputStream:75 - [STDERR_REDIRECT] [Fatal Error] :1:1: Premature end of file.
2025-12-11 19:18:14,020 [ERROR] LogOutputStream:75 - [STDERR_REDIRECT] 
2025-12-11 19:18:14,061 [ERROR] LogOutputStream:75 - [STDERR_REDIRECT] [Fatal Error] :1:1: Premature end of file.
2025-12-11 19:18:14,061 [ERROR] LogOutputStream:75 - [STDERR_REDIRECT] 
2025-12-11 19:18:14,102 [ERROR] LogOutputStream:75 - [STDERR_REDIRECT] [Fatal Error] :1:1: Premature end of file.
2025-12-11 19:18:14,102 [ERROR] LogOutputStream:75 - [STDERR_REDIRECT] 
2025-12-11 19:18:14,145 [ERROR] LogOutputStream:75 - [STDERR_REDIRECT] [Fatal Error] :1:1: Premature end of file.
2025-12-11 19:18:14,145 [ERROR] LogOutputStream:75 - [STDERR_REDIRECT] 
2025-12-11 19:18:14,186 [ERROR] LogOutputStream:75 - [STDERR_REDIRECT] [Fatal Error] :1:1: Premature end of file.
2025-12-11 19:18:14,186 [ERROR] LogOutputStream:75 - [STDERR_REDIRECT] 
2025-12-11 19:18:14,229 [ERROR] LogOutputStream:75 - [STDERR_REDIRECT] [Fatal Error] :1:1: Premature end of file.
2025-12-11 19:18:14,229 [ERROR] LogOutputStream:75 - [STDERR_REDIRECT] 
2025-12-11 19:18:14,272 [ERROR] LogOutputStream:75 - [STDERR_REDIRECT] [Fatal Error] :1:1: Premature end of file.
2025-12-11 19:18:14,272 [ERROR] LogOutputStream:75 - [STDERR_REDIRECT] 
2025-12-11 19:18:14,315 [ERROR] LogOutputStream:75 - [STDERR_REDIRECT] [Fatal Error] :1:1: Premature end of file.
2025-12-11 19:18:14,315 [ERROR] LogOutputStream:75 - [STDERR_REDIRECT] 
2025-12-11 19:18:14,357 [ERROR] LogOutputStream:75 - [STDERR_REDIRECT] [Fatal Error] :1:1: Premature end of file.
2025-12-11 19:18:14,357 [ERROR] LogOutputStream:75 - [STDERR_REDIRECT] 
2025-12-11 19:18:14,397 [ERROR] LogOutputStream:75 - [STDERR_REDIRECT] [Fatal Error] :1:1: Premature end of file.
2025-12-11 19:18:14,397 [ERROR] LogOutputStream:75 - [STDERR_REDIRECT] 
2025-12-11 19:18:14,443 [ERROR] LogOutputStream:75 - [STDERR_REDIRECT] [Fatal Error] :1:1: Premature end of file.
2025-12-11 19:18:14,443 [ERROR] LogOutputStream:75 - [STDERR_REDIRECT] 
2025-12-11 19:18:14,487 [ERROR] LogOutputStream:75 - [STDERR_REDIRECT] [Fatal Error] :1:1: Premature end of file.
2025-12-11 19:18:14,487 [ERROR] LogOutputStream:75 - [STDERR_REDIRECT] 
2025-12-11 19:18:14,528 [ERROR] LogOutputStream:75 - [STDERR_REDIRECT] [Fatal Error] :1:1: Premature end of file.
2025-12-11 19:18:14,528 [ERROR] LogOutputStream:75 - [STDERR_REDIRECT] 
2025-12-11 19:18:14,570 [ERROR] LogOutputStream:75 - [STDERR_REDIRECT] [Fatal Error] :1:1: Premature end of file.
2025-12-11 19:18:14,570 [ERROR] LogOutputStream:75 - [STDERR_REDIRECT] 
2025-12-11 19:18:14,612 [ERROR] LogOutputStream:75 - [STDERR_REDIRECT] [Fatal Error] :1:1: Premature end of file.
2025-12-11 19:18:14,612 [ERROR] LogOutputStream:75 - [STDERR_REDIRECT] 
2025-12-11 19:18:14,654 [ERROR] LogOutputStream:75 - [STDERR_REDIRECT] [Fatal Error] :1:1: Premature end of file.
2025-12-11 19:18:14,654 [ERROR] LogOutputStream:75 - [STDERR_REDIRECT] 
2025-12-11 19:18:14,700 [ERROR] LogOutputStream:75 - [STDERR_REDIRECT] [Fatal Error] :1:1: Premature end of file.
2025-12-11 19:18:14,700 [ERROR] LogOutputStream:75 - [STDERR_REDIRECT] 
2025-12-11 19:18:14,774 [ERROR] LogOutputStream:75 - [STDERR_REDIRECT] [Fatal Error] :1:1: Premature end of file.
2025-12-11 19:18:14,774 [ERROR] LogOutputStream:75 - [STDERR_REDIRECT] 
2025-12-11 19:18:14,815 [ERROR] LogOutputStream:75 - [STDERR_REDIRECT] [Fatal Error] :1:1: Premature end of file.
2025-12-11 19:18:14,815 [ERROR] LogOutputStream:75 - [STDERR_REDIRECT] 
2025-12-11 19:18:14,856 [ERROR] LogOutputStream:75 - [STDERR_REDIRECT] [Fatal Error] :1:1: Premature end of file.
2025-12-11 19:18:14,856 [ERROR] LogOutputStream:75 - [STDERR_REDIRECT] 
2025-12-11 19:18:14,901 [ERROR] LogOutputStream:75 - [STDERR_REDIRECT] [Fatal Error] :1:1: Premature end of file.
2025-12-11 19:18:14,901 [ERROR] LogOutputStream:75 - [STDERR_REDIRECT] 
2025-12-11 19:18:14,948 [ERROR] LogOutputStream:75 - [STDERR_REDIRECT] [Fatal Error] :1:1: Premature end of file.
2025-12-11 19:18:14,948 [ERROR] LogOutputStream:75 - [STDERR_REDIRECT] 
2025-12-11 19:18:14,988 [ERROR] LogOutputStream:75 - [STDERR_REDIRECT] [Fatal Error] :1:1: Premature end of file.
2025-12-11 19:18:14,988 [ERROR] LogOutputStream:75 - [STDERR_REDIRECT] 
2025-12-11 19:18:15,029 [ERROR] LogOutputStream:75 - [STDERR_REDIRECT] [Fatal Error] :1:1: Premature end of file.
2025-12-11 19:18:15,029 [ERROR] LogOutputStream:75 - [STDERR_REDIRECT] 
2025-12-11 19:18:15,070 [ERROR] LogOutputStream:75 - [STDERR_REDIRECT] [Fatal Error] :1:1: Premature end of file.
2025-12-11 19:18:15,070 [ERROR] LogOutputStream:75 - [STDERR_REDIRECT] 
2025-12-11 19:18:15,111 [ERROR] LogOutputStream:75 - [STDERR_REDIRECT] [Fatal Error] :1:1: Premature end of file.
2025-12-11 19:18:15,111 [ERROR] LogOutputStream:75 - [STDERR_REDIRECT] 
2025-12-11 19:18:15,160 [ERROR] LogOutputStream:75 - [STDERR_REDIRECT] [Fatal Error] :1:1: Premature end of file.
2025-12-11 19:18:15,160 [ERROR] LogOutputStream:75 - [STDERR_REDIRECT] 
2025-12-11 19:18:15,201 [ERROR] LogOutputStream:75 - [STDERR_REDIRECT] [Fatal Error] :1:1: Premature end of file.
2025-12-11 19:18:15,201 [ERROR] LogOutputStream:75 - [STDERR_REDIRECT] 
2025-12-11 19:18:15,242 [ERROR] LogOutputStream:75 - [STDERR_REDIRECT] [Fatal Error] :1:1: Premature end of file.
2025-12-11 19:18:15,242 [ERROR] LogOutputStream:75 - [STDERR_REDIRECT] 
2025-12-11 19:18:15,288 [ERROR] LogOutputStream:75 - [STDERR_REDIRECT] [Fatal Error] :1:1: Premature end of file.
2025-12-11 19:18:15,288 [ERROR] LogOutputStream:75 - [STDERR_REDIRECT] 
2025-12-11 19:18:15,327 [ERROR] LogOutputStream:75 - [STDERR_REDIRECT] [Fatal Error] :1:1: Premature end of file.
2025-12-11 19:18:15,327 [ERROR] LogOutputStream:75 - [STDERR_REDIRECT] 
2025-12-11 19:18:15,373 [ERROR] LogOutputStream:75 - [STDERR_REDIRECT] [Fatal Error] :1:1: Premature end of file.
2025-12-11 19:18:15,430 [ERROR] LogOutputStream:75 - [STDERR_REDIRECT] 
2025-12-11 19:18:15,473 [ERROR] LogOutputStream:75 - [STDERR_REDIRECT] [Fatal Error] :1:1: Premature end of file.
2025-12-11 19:18:15,473 [ERROR] LogOutputStream:75 - [STDERR_REDIRECT] 
2025-12-11 19:18:15,514 [ERROR] LogOutputStream:75 - [STDERR_REDIRECT] [Fatal Error] :1:1: Premature end of file.
2025-12-11 19:18:15,514 [ERROR] LogOutputStream:75 - [STDERR_REDIRECT] 
2025-12-11 19:18:15,557 [ERROR] LogOutputStream:75 - [STDERR_REDIRECT] [Fatal Error] :1:1: Premature end of file.
2025-12-11 19:18:15,557 [ERROR] LogOutputStream:75 - [STDERR_REDIRECT] 
2025-12-11 19:18:15,602 [ERROR] LogOutputStream:75 - [STDERR_REDIRECT] [Fatal Error] :1:1: Premature end of file.
2025-12-11 19:18:15,602 [ERROR] LogOutputStream:75 - [STDERR_REDIRECT] 
2025-12-11 19:18:15,643 [ERROR] LogOutputStream:75 - [STDERR_REDIRECT] [Fatal Error] :1:1: Premature end of file.
2025-12-11 19:18:15,643 [ERROR] LogOutputStream:75 - [STDERR_REDIRECT] 
2025-12-11 19:18:15,684 [ERROR] LogOutputStream:75 - [STDERR_REDIRECT] [Fatal Error] :1:1: Premature end of file.
2025-12-11 19:18:15,684 [ERROR] LogOutputStream:75 - [STDERR_REDIRECT] 
2025-12-11 19:18:15,725 [ERROR] LogOutputStream:75 - [STDERR_REDIRECT] [Fatal Error] :1:1: Premature end of file.
2025-12-11 19:18:15,725 [ERROR] LogOutputStream:75 - [STDERR_REDIRECT] 
2025-12-11 19:18:15,766 [ERROR] LogOutputStream:75 - [STDERR_REDIRECT] [Fatal Error] :1:1: Premature end of file.
2025-12-11 19:18:15,766 [ERROR] LogOutputStream:75 - [STDERR_REDIRECT] 
2025-12-11 19:18:15,815 [ERROR] LogOutputStream:75 - [STDERR_REDIRECT] [Fatal Error] :1:1: Premature end of file.
2025-12-11 19:18:15,815 [ERROR] LogOutputStream:75 - [STDERR_REDIRECT] 
2025-12-11 19:18:15,856 [ERROR] LogOutputStream:75 - [STDERR_REDIRECT] [Fatal Error] :1:1: Premature end of file.
2025-12-11 19:18:15,856 [ERROR] LogOutputStream:75 - [STDERR_REDIRECT] 
2025-12-11 19:18:15,898 [ERROR] LogOutputStream:75 - [STDERR_REDIRECT] [Fatal Error] :1:1: Premature end of file.
2025-12-11 19:18:15,898 [ERROR] LogOutputStream:75 - [STDERR_REDIRECT] 
2025-12-11 19:18:15,939 [ERROR] LogOutputStream:75 - [STDERR_REDIRECT] [Fatal Error] :1:1: Premature end of file.
2025-12-11 19:18:15,939 [ERROR] LogOutputStream:75 - [STDERR_REDIRECT] 
2025-12-11 19:18:15,981 [ERROR] LogOutputStream:75 - [STDERR_REDIRECT] [Fatal Error] :1:1: Premature end of file.
2025-12-11 19:18:15,981 [ERROR] LogOutputStream:75 - [STDERR_REDIRECT] 
2025-12-11 19:18:16,019 [ERROR] LogOutputStream:75 - [STDERR_REDIRECT] [Fatal Error] :1:1: Premature end of file.
2025-12-11 19:18:16,027 [ERROR] LogOutputStream:75 - [STDERR_REDIRECT] 
2025-12-11 19:18:16,068 [ERROR] LogOutputStream:75 - [STDERR_REDIRECT] [Fatal Error] :1:1: Premature end of file.
2025-12-11 19:18:16,068 [ERROR] LogOutputStream:75 - [STDERR_REDIRECT] 
2025-12-11 19:18:16,115 [ERROR] LogOutputStream:75 - [STDERR_REDIRECT] [Fatal Error] :1:1: Premature end of file.
2025-12-11 19:18:16,115 [ERROR] LogOutputStream:75 - [STDERR_REDIRECT] 
2025-12-11 19:18:16,159 [ERROR] LogOutputStream:75 - [STDERR_REDIRECT] [Fatal Error] :1:1: Premature end of file.
2025-12-11 19:18:16,159 [ERROR] LogOutputStream:75 - [STDERR_REDIRECT] 
2025-12-11 19:18:16,200 [ERROR] LogOutputStream:75 - [STDERR_REDIRECT] [Fatal Error] :1:1: Premature end of file.
2025-12-11 19:18:16,200 [ERROR] LogOutputStream:75 - [STDERR_REDIRECT] 
2025-12-11 19:18:16,241 [ERROR] LogOutputStream:75 - [STDERR_REDIRECT] [Fatal Error] :1:1: Premature end of file.
2025-12-11 19:18:16,241 [ERROR] LogOutputStream:75 - [STDERR_REDIRECT] 
2025-12-11 19:18:16,282 [ERROR] LogOutputStream:75 - [STDERR_REDIRECT] [Fatal Error] :1:1: Premature end of file.
2025-12-11 19:18:16,282 [ERROR] LogOutputStream:75 - [STDERR_REDIRECT] 
2025-12-11 19:18:16,327 [ERROR] LogOutputStream:75 - [STDERR_REDIRECT] [Fatal Error] :1:1: Premature end of file.
2025-12-11 19:18:16,331 [ERROR] LogOutputStream:75 - [STDERR_REDIRECT] 
2025-12-11 19:18:16,372 [ERROR] LogOutputStream:75 - [STDERR_REDIRECT] [Fatal Error] :1:1: Premature end of file.
2025-12-11 19:18:16,372 [ERROR] LogOutputStream:75 - [STDERR_REDIRECT] 
2025-12-11 19:18:16,413 [ERROR] LogOutputStream:75 - [STDERR_REDIRECT] [Fatal Error] :1:1: Premature end of file.
2025-12-11 19:18:16,413 [ERROR] LogOutputStream:75 - [STDERR_REDIRECT] 
2025-12-11 19:18:16,457 [ERROR] LogOutputStream:75 - [STDERR_REDIRECT] [Fatal Error] :1:1: Premature end of file.
2025-12-11 19:18:16,457 [ERROR] LogOutputStream:75 - [STDERR_REDIRECT] 
2025-12-11 19:18:16,499 [ERROR] LogOutputStream:75 - [STDERR_REDIRECT] [Fatal Error] :1:1: Premature end of file.
2025-12-11 19:18:16,499 [ERROR] LogOutputStream:75 - [STDERR_REDIRECT] 
2025-12-11 19:18:16,540 [ERROR] LogOutputStream:75 - [STDERR_REDIRECT] [Fatal Error] :1:1: Premature end of file.
2025-12-11 19:18:16,540 [ERROR] LogOutputStream:75 - [STDERR_REDIRECT] 
2025-12-11 19:18:16,585 [ERROR] LogOutputStream:75 - [STDERR_REDIRECT] [Fatal Error] :1:1: Premature end of file.
2025-12-11 19:18:16,585 [ERROR] LogOutputStream:75 - [STDERR_REDIRECT] 
2025-12-11 19:18:16,626 [ERROR] LogOutputStream:75 - [STDERR_REDIRECT] [Fatal Error] :1:1: Premature end of file.
2025-12-11 19:18:16,626 [ERROR] LogOutputStream:75 - [STDERR_REDIRECT] 
2025-12-11 19:18:16,667 [ERROR] LogOutputStream:75 - [STDERR_REDIRECT] [Fatal Error] :1:1: Premature end of file.
2025-12-11 19:18:16,667 [ERROR] LogOutputStream:75 - [STDERR_REDIRECT] 
2025-12-11 19:18:16,707 [ERROR] LogOutputStream:75 - [STDERR_REDIRECT] [Fatal Error] :1:1: Premature end of file.
2025-12-11 19:18:16,707 [ERROR] LogOutputStream:75 - [STDERR_REDIRECT] 
2025-12-11 19:18:16,750 [ERROR] LogOutputStream:75 - [STDERR_REDIRECT] [Fatal Error] :1:1: Premature end of file.
2025-12-11 19:18:16,750 [ERROR] LogOutputStream:75 - [STDERR_REDIRECT] 
2025-12-11 19:18:16,793 [ERROR] LogOutputStream:75 - [STDERR_REDIRECT] [Fatal Error] :1:1: Premature end of file.
2025-12-11 19:18:16,793 [ERROR] LogOutputStream:75 - [STDERR_REDIRECT] 
2025-12-11 19:18:16,839 [ERROR] LogOutputStream:75 - [STDERR_REDIRECT] [Fatal Error] :1:1: Premature end of file.
2025-12-11 19:18:16,839 [ERROR] LogOutputStream:75 - [STDERR_REDIRECT] 
2025-12-11 19:18:16,880 [ERROR] LogOutputStream:75 - [STDERR_REDIRECT] [Fatal Error] :1:1: Premature end of file.
2025-12-11 19:18:16,880 [ERROR] LogOutputStream:75 - [STDERR_REDIRECT] 
2025-12-11 19:18:16,921 [ERROR] LogOutputStream:75 - [STDERR_REDIRECT] [Fatal Error] :1:1: Premature end of file.
2025-12-11 19:18:16,921 [ERROR] LogOutputStream:75 - [STDERR_REDIRECT] 
2025-12-11 19:18:16,962 [ERROR] LogOutputStream:75 - [STDERR_REDIRECT] [Fatal Error] :1:1: Premature end of file.
2025-12-11 19:18:16,962 [ERROR] LogOutputStream:75 - [STDERR_REDIRECT] 
2025-12-11 19:18:17,004 [ERROR] LogOutputStream:75 - [STDERR_REDIRECT] [Fatal Error] :1:1: Premature end of file.
2025-12-11 19:18:17,004 [ERROR] LogOutputStream:75 - [STDERR_REDIRECT] 
2025-12-11 19:18:17,047 [ERROR] LogOutputStream:75 - [STDERR_REDIRECT] [Fatal Error] :1:1: Premature end of file.
2025-12-11 19:18:17,047 [ERROR] LogOutputStream:75 - [STDERR_REDIRECT] 
2025-12-11 19:18:17,093 [ERROR] LogOutputStream:75 - [STDERR_REDIRECT] [Fatal Error] :1:1: Premature end of file.
2025-12-11 19:18:17,093 [ERROR] LogOutputStream:75 - [STDERR_REDIRECT] 
2025-12-11 19:18:17,133 [ERROR] LogOutputStream:75 - [STDERR_REDIRECT] [Fatal Error] :1:1: Premature end of file.
2025-12-11 19:18:17,133 [ERROR] LogOutputStream:75 - [STDERR_REDIRECT] 
2025-12-11 19:18:17,174 [ERROR] LogOutputStream:75 - [STDERR_REDIRECT] [Fatal Error] :1:1: Premature end of file.
2025-12-11 19:18:17,174 [ERROR] LogOutputStream:75 - [STDERR_REDIRECT] 
2025-12-11 19:18:17,215 [ERROR] LogOutputStream:75 - [STDERR_REDIRECT] [Fatal Error] :1:1: Premature end of file.
2025-12-11 19:18:17,215 [ERROR] LogOutputStream:75 - [STDERR_REDIRECT] 
2025-12-11 19:18:17,259 [ERROR] LogOutputStream:75 - [STDERR_REDIRECT] [Fatal Error] :1:1: Premature end of file.
2025-12-11 19:18:17,259 [ERROR] LogOutputStream:75 - [STDERR_REDIRECT] 
2025-12-11 19:18:17,297 [ERROR] LogOutputStream:75 - [STDERR_REDIRECT] [Fatal Error] :1:1: Premature end of file.
2025-12-11 19:18:17,297 [ERROR] LogOutputStream:75 - [STDERR_REDIRECT] 
2025-12-11 19:18:17,338 [ERROR] LogOutputStream:75 - [STDERR_REDIRECT] [Fatal Error] :1:1: Premature end of file.
2025-12-11 19:18:17,338 [ERROR] LogOutputStream:75 - [STDERR_REDIRECT] 
2025-12-11 19:18:17,385 [ERROR] LogOutputStream:75 - [STDERR_REDIRECT] [Fatal Error] :1:1: Premature end of file.
2025-12-11 19:18:17,435 [ERROR] LogOutputStream:75 - [STDERR_REDIRECT] 
2025-12-11 19:18:17,478 [ERROR] LogOutputStream:75 - [STDERR_REDIRECT] [Fatal Error] :1:1: Premature end of file.
2025-12-11 19:18:17,480 [ERROR] LogOutputStream:75 - [STDERR_REDIRECT] 
2025-12-11 19:18:17,520 [ERROR] LogOutputStream:75 - [STDERR_REDIRECT] [Fatal Error] :1:1: Premature end of file.
2025-12-11 19:18:17,520 [ERROR] LogOutputStream:75 - [STDERR_REDIRECT] 
2025-12-11 19:18:17,561 [ERROR] LogOutputStream:75 - [STDERR_REDIRECT] [Fatal Error] :1:1: Premature end of file.
2025-12-11 19:18:17,561 [ERROR] LogOutputStream:75 - [STDERR_REDIRECT] 
2025-12-11 19:18:17,603 [ERROR] LogOutputStream:75 - [STDERR_REDIRECT] [Fatal Error] :1:1: Premature end of file.
2025-12-11 19:18:17,603 [ERROR] LogOutputStream:75 - [STDERR_REDIRECT] 
2025-12-11 19:18:17,646 [ERROR] LogOutputStream:75 - [STDERR_REDIRECT] [Fatal Error] :1:1: Premature end of file.
2025-12-11 19:18:17,646 [ERROR] LogOutputStream:75 - [STDERR_REDIRECT] 
2025-12-11 19:18:17,683 [ERROR] LogOutputStream:75 - [STDERR_REDIRECT] [Fatal Error] :1:1: Premature end of file.
2025-12-11 19:18:17,683 [ERROR] LogOutputStream:75 - [STDERR_REDIRECT] 
2025-12-11 19:18:17,725 [ERROR] LogOutputStream:75 - [STDERR_REDIRECT] [Fatal Error] :1:1: Premature end of file.
2025-12-11 19:18:17,725 [ERROR] LogOutputStream:75 - [STDERR_REDIRECT] 
2025-12-11 19:18:17,769 [ERROR] LogOutputStream:75 - [STDERR_REDIRECT] [Fatal Error] :1:1: Premature end of file.
2025-12-11 19:18:17,769 [ERROR] LogOutputStream:75 - [STDERR_REDIRECT] 
2025-12-11 19:18:17,815 [ERROR] LogOutputStream:75 - [STDERR_REDIRECT] [Fatal Error] :1:1: Premature end of file.
2025-12-11 19:18:17,815 [ERROR] LogOutputStream:75 - [STDERR_REDIRECT] 
2025-12-11 19:18:17,856 [ERROR] LogOutputStream:75 - [STDERR_REDIRECT] [Fatal Error] :1:1: Premature end of file.
2025-12-11 19:18:17,856 [ERROR] LogOutputStream:75 - [STDERR_REDIRECT] 
2025-12-11 19:18:17,897 [ERROR] LogOutputStream:75 - [STDERR_REDIRECT] [Fatal Error] :1:1: Premature end of file.
2025-12-11 19:18:17,897 [ERROR] LogOutputStream:75 - [STDERR_REDIRECT] 
2025-12-11 19:18:17,937 [ERROR] LogOutputStream:75 - [STDERR_REDIRECT] [Fatal Error] :1:1: Premature end of file.
2025-12-11 19:18:17,937 [ERROR] LogOutputStream:75 - [STDERR_REDIRECT] 
2025-12-11 19:18:17,984 [ERROR] LogOutputStream:75 - [STDERR_REDIRECT] [Fatal Error] :1:1: Premature end of file.
2025-12-11 19:18:17,984 [ERROR] LogOutputStream:75 - [STDERR_REDIRECT] 
2025-12-11 19:18:18,028 [ERROR] LogOutputStream:75 - [STDERR_REDIRECT] [Fatal Error] :1:1: Premature end of file.
2025-12-11 19:18:18,028 [ERROR] LogOutputStream:75 - [STDERR_REDIRECT] 
2025-12-11 19:18:18,072 [ERROR] LogOutputStream:75 - [STDERR_REDIRECT] [Fatal Error] :1:1: Premature end of file.
2025-12-11 19:18:18,072 [ERROR] LogOutputStream:75 - [STDERR_REDIRECT] 
2025-12-11 19:18:18,116 [ERROR] LogOutputStream:75 - [STDERR_REDIRECT] [Fatal Error] :1:1: Premature end of file.
2025-12-11 19:18:18,116 [ERROR] LogOutputStream:75 - [STDERR_REDIRECT] 
2025-12-11 19:18:18,159 [ERROR] LogOutputStream:75 - [STDERR_REDIRECT] [Fatal Error] :1:1: Premature end of file.
2025-12-11 19:18:18,159 [ERROR] LogOutputStream:75 - [STDERR_REDIRECT] 
2025-12-11 19:18:18,200 [ERROR] LogOutputStream:75 - [STDERR_REDIRECT] [Fatal Error] :1:1: Premature end of file.
2025-12-11 19:18:18,200 [ERROR] LogOutputStream:75 - [STDERR_REDIRECT] 
2025-12-11 19:18:18,242 [ERROR] LogOutputStream:75 - [STDERR_REDIRECT] [Fatal Error] :1:1: Premature end of file.
2025-12-11 19:18:18,242 [ERROR] LogOutputStream:75 - [STDERR_REDIRECT] 
2025-12-11 19:18:18,280 [ERROR] LogOutputStream:75 - [STDERR_REDIRECT] [Fatal Error] :1:1: Premature end of file.
2025-12-11 19:18:18,285 [ERROR] LogOutputStream:75 - [STDERR_REDIRECT] 
2025-12-11 19:18:18,327 [ERROR] LogOutputStream:75 - [STDERR_REDIRECT] [Fatal Error] :1:1: Premature end of file.
2025-12-11 19:18:18,327 [ERROR] LogOutputStream:75 - [STDERR_REDIRECT] 
2025-12-11 19:18:18,370 [ERROR] LogOutputStream:75 - [STDERR_REDIRECT] [Fatal Error] :1:1: Premature end of file.
2025-12-11 19:18:18,370 [ERROR] LogOutputStream:75 - [STDERR_REDIRECT] 
2025-12-11 19:18:18,412 [ERROR] LogOutputStream:75 - [STDERR_REDIRECT] [Fatal Error] :1:1: Premature end of file.
2025-12-11 19:18:18,412 [ERROR] LogOutputStream:75 - [STDERR_REDIRECT] 
2025-12-11 19:18:18,456 [ERROR] LogOutputStream:75 - [STDERR_REDIRECT] [Fatal Error] :1:1: Premature end of file.
2025-12-11 19:18:18,456 [ERROR] LogOutputStream:75 - [STDERR_REDIRECT] 
2025-12-11 19:18:18,501 [ERROR] LogOutputStream:75 - [STDERR_REDIRECT] [Fatal Error] :1:1: Premature end of file.
2025-12-11 19:18:18,501 [ERROR] LogOutputStream:75 - [STDERR_REDIRECT] 
2025-12-11 19:18:18,543 [ERROR] LogOutputStream:75 - [STDERR_REDIRECT] [Fatal Error] :1:1: Premature end of file.
2025-12-11 19:18:18,543 [ERROR] LogOutputStream:75 - [STDERR_REDIRECT] 
2025-12-11 19:18:18,585 [ERROR] LogOutputStream:75 - [STDERR_REDIRECT] [Fatal Error] :1:1: Premature end of file.
2025-12-11 19:18:18,585 [ERROR] LogOutputStream:75 - [STDERR_REDIRECT] 
2025-12-11 19:18:18,628 [ERROR] LogOutputStream:75 - [STDERR_REDIRECT] [Fatal Error] :1:1: Premature end of file.
2025-12-11 19:18:18,628 [ERROR] LogOutputStream:75 - [STDERR_REDIRECT] 
2025-12-11 19:18:18,671 [ERROR] LogOutputStream:75 - [STDERR_REDIRECT] [Fatal Error] :1:1: Premature end of file.
2025-12-11 19:18:18,671 [ERROR] LogOutputStream:75 - [STDERR_REDIRECT] 
2025-12-11 19:18:18,715 [ERROR] LogOutputStream:75 - [STDERR_REDIRECT] [Fatal Error] :1:1: Premature end of file.
2025-12-11 19:18:18,715 [ERROR] LogOutputStream:75 - [STDERR_REDIRECT] 
2025-12-11 19:18:18,758 [ERROR] LogOutputStream:75 - [STDERR_REDIRECT] [Fatal Error] :1:1: Premature end of file.
2025-12-11 19:18:18,758 [ERROR] LogOutputStream:75 - [STDERR_REDIRECT] 
2025-12-11 19:18:18,800 [ERROR] LogOutputStream:75 - [STDERR_REDIRECT] [Fatal Error] :1:1: Premature end of file.
2025-12-11 19:18:18,802 [ERROR] LogOutputStream:75 - [STDERR_REDIRECT] 
2025-12-11 19:18:18,842 [ERROR] LogOutputStream:75 - [STDERR_REDIRECT] [Fatal Error] :1:1: Premature end of file.
2025-12-11 19:18:18,842 [ERROR] LogOutputStream:75 - [STDERR_REDIRECT] 
2025-12-11 19:18:18,888 [ERROR] LogOutputStream:75 - [STDERR_REDIRECT] [Fatal Error] :1:1: Premature end of file.
2025-12-11 19:18:18,888 [ERROR] LogOutputStream:75 - [STDERR_REDIRECT] 
2025-12-11 19:18:18,929 [ERROR] LogOutputStream:75 - [STDERR_REDIRECT] [Fatal Error] :1:1: Premature end of file.
2025-12-11 19:18:18,929 [ERROR] LogOutputStream:75 - [STDERR_REDIRECT] 
2025-12-11 19:18:18,972 [ERROR] LogOutputStream:75 - [STDERR_REDIRECT] [Fatal Error] :1:1: Premature end of file.
2025-12-11 19:18:18,972 [ERROR] LogOutputStream:75 - [STDERR_REDIRECT] 
2025-12-11 19:18:19,014 [ERROR] LogOutputStream:75 - [STDERR_REDIRECT] [Fatal Error] :1:1: Premature end of file.
2025-12-11 19:18:19,014 [ERROR] LogOutputStream:75 - [STDERR_REDIRECT] 
2025-12-11 19:18:19,054 [ERROR] LogOutputStream:75 - [STDERR_REDIRECT] [Fatal Error] :1:1: Premature end of file.
2025-12-11 19:18:19,054 [ERROR] LogOutputStream:75 - [STDERR_REDIRECT] 
2025-12-11 19:18:19,098 [ERROR] LogOutputStream:75 - [STDERR_REDIRECT] [Fatal Error] :1:1: Premature end of file.
2025-12-11 19:18:19,098 [ERROR] LogOutputStream:75 - [STDERR_REDIRECT] 
2025-12-11 19:18:19,139 [ERROR] LogOutputStream:75 - [STDERR_REDIRECT] [Fatal Error] :1:1: Premature end of file.
2025-12-11 19:18:19,139 [ERROR] LogOutputStream:75 - [STDERR_REDIRECT] 
2025-12-11 19:18:19,181 [ERROR] LogOutputStream:75 - [STDERR_REDIRECT] [Fatal Error] :1:1: Premature end of file.
2025-12-11 19:18:19,181 [ERROR] LogOutputStream:75 - [STDERR_REDIRECT] 
2025-12-11 19:18:19,224 [ERROR] LogOutputStream:75 - [STDERR_REDIRECT] [Fatal Error] :1:1: Premature end of file.
2025-12-11 19:18:19,224 [ERROR] LogOutputStream:75 - [STDERR_REDIRECT] 
2025-12-11 19:18:19,276 [ERROR] LogOutputStream:75 - [STDERR_REDIRECT] [Fatal Error] :1:1: Premature end of file.
2025-12-11 19:18:19,276 [ERROR] LogOutputStream:75 - [STDERR_REDIRECT] 
2025-12-11 19:18:19,326 [ERROR] LogOutputStream:75 - [STDERR_REDIRECT] [Fatal Error] :1:1: Premature end of file.
2025-12-11 19:18:19,326 [ERROR] LogOutputStream:75 - [STDERR_REDIRECT] 
2025-12-11 19:18:19,369 [ERROR] LogOutputStream:75 - [STDERR_REDIRECT] [Fatal Error] :1:1: Premature end of file.
2025-12-11 19:18:19,369 [ERROR] LogOutputStream:75 - [STDERR_REDIRECT] 
2025-12-11 19:18:19,412 [ERROR] LogOutputStream:75 - [STDERR_REDIRECT] [Fatal Error] :1:1: Premature end of file.
2025-12-11 19:18:19,412 [ERROR] LogOutputStream:75 - [STDERR_REDIRECT] 
2025-12-11 19:18:19,455 [ERROR] LogOutputStream:75 - [STDERR_REDIRECT] [Fatal Error] :1:1: Premature end of file.
2025-12-11 19:18:19,455 [ERROR] LogOutputStream:75 - [STDERR_REDIRECT] 
2025-12-11 19:18:19,499 [ERROR] LogOutputStream:75 - [STDERR_REDIRECT] [Fatal Error] :1:1: Premature end of file.
2025-12-11 19:18:19,499 [ERROR] LogOutputStream:75 - [STDERR_REDIRECT] 
2025-12-11 19:18:19,541 [ERROR] LogOutputStream:75 - [STDERR_REDIRECT] [Fatal Error] :1:1: Premature end of file.
2025-12-11 19:18:19,541 [ERROR] LogOutputStream:75 - [STDERR_REDIRECT] 
2025-12-11 19:18:19,583 [ERROR] LogOutputStream:75 - [STDERR_REDIRECT] [Fatal Error] :1:1: Premature end of file.
2025-12-11 19:18:19,583 [ERROR] LogOutputStream:75 - [STDERR_REDIRECT] 
2025-12-11 19:18:19,623 [ERROR] LogOutputStream:75 - [STDERR_REDIRECT] [Fatal Error] :1:1: Premature end of file.
2025-12-11 19:18:19,623 [ERROR] LogOutputStream:75 - [STDERR_REDIRECT] 
2025-12-11 19:18:19,666 [ERROR] LogOutputStream:75 - [STDERR_REDIRECT] [Fatal Error] :1:1: Premature end of file.
2025-12-11 19:18:19,666 [ERROR] LogOutputStream:75 - [STDERR_REDIRECT] 
2025-12-11 19:18:19,709 [ERROR] LogOutputStream:75 - [STDERR_REDIRECT] [Fatal Error] :1:1: Premature end of file.
2025-12-11 19:18:19,709 [ERROR] LogOutputStream:75 - [STDERR_REDIRECT] 
2025-12-11 19:18:19,755 [ERROR] LogOutputStream:75 - [STDERR_REDIRECT] [Fatal Error] :1:1: Premature end of file.
2025-12-11 19:18:19,755 [ERROR] LogOutputStream:75 - [STDERR_REDIRECT] 
2025-12-11 19:18:19,796 [ERROR] LogOutputStream:75 - [STDERR_REDIRECT] [Fatal Error] :1:1: Premature end of file.
2025-12-11 19:18:19,796 [ERROR] LogOutputStream:75 - [STDERR_REDIRECT] 
2025-12-11 19:18:19,838 [ERROR] LogOutputStream:75 - [STDERR_REDIRECT] [Fatal Error] :1:1: Premature end of file.
2025-12-11 19:18:19,838 [ERROR] LogOutputStream:75 - [STDERR_REDIRECT] 
2025-12-11 19:18:19,879 [ERROR] LogOutputStream:75 - [STDERR_REDIRECT] [Fatal Error] :1:1: Premature end of file.
2025-12-11 19:18:19,879 [ERROR] LogOutputStream:75 - [STDERR_REDIRECT] 
2025-12-11 19:18:19,920 [ERROR] LogOutputStream:75 - [STDERR_REDIRECT] [Fatal Error] :1:1: Premature end of file.
2025-12-11 19:18:19,920 [ERROR] LogOutputStream:75 - [STDERR_REDIRECT] 
2025-12-11 19:18:19,962 [ERROR] LogOutputStream:75 - [STDERR_REDIRECT] [Fatal Error] :1:1: Premature end of file.
2025-12-11 19:18:19,962 [ERROR] LogOutputStream:75 - [STDERR_REDIRECT] 
2025-12-11 19:18:20,006 [ERROR] LogOutputStream:75 - [STDERR_REDIRECT] [Fatal Error] :1:1: Premature end of file.
2025-12-11 19:18:20,006 [ERROR] LogOutputStream:75 - [STDERR_REDIRECT] 
2025-12-11 19:18:20,050 [ERROR] LogOutputStream:75 - [STDERR_REDIRECT] [Fatal Error] :1:1: Premature end of file.
2025-12-11 19:18:20,050 [ERROR] LogOutputStream:75 - [STDERR_REDIRECT] 
2025-12-11 19:18:20,093 [ERROR] LogOutputStream:75 - [STDERR_REDIRECT] [Fatal Error] :1:1: Premature end of file.
2025-12-11 19:18:20,093 [ERROR] LogOutputStream:75 - [STDERR_REDIRECT] 
2025-12-11 19:18:20,134 [ERROR] LogOutputStream:75 - [STDERR_REDIRECT] [Fatal Error] :1:1: Premature end of file.
2025-12-11 19:18:20,134 [ERROR] LogOutputStream:75 - [STDERR_REDIRECT] 
2025-12-11 19:18:20,178 [ERROR] LogOutputStream:75 - [STDERR_REDIRECT] [Fatal Error] :1:1: Premature end of file.
2025-12-11 19:18:20,178 [ERROR] LogOutputStream:75 - [STDERR_REDIRECT] 
2025-12-11 19:18:20,219 [ERROR] LogOutputStream:75 - [STDERR_REDIRECT] [Fatal Error] :1:1: Premature end of file.
2025-12-11 19:18:20,219 [ERROR] LogOutputStream:75 - [STDERR_REDIRECT] 
2025-12-11 19:18:20,264 [ERROR] LogOutputStream:75 - [STDERR_REDIRECT] [Fatal Error] :1:1: Premature end of file.
2025-12-11 19:18:20,264 [ERROR] LogOutputStream:75 - [STDERR_REDIRECT] 
2025-12-11 19:18:20,304 [ERROR] LogOutputStream:75 - [STDERR_REDIRECT] [Fatal Error] :1:1: Premature end of file.
2025-12-11 19:18:20,304 [ERROR] LogOutputStream:75 - [STDERR_REDIRECT] 
2025-12-11 19:18:20,345 [ERROR] LogOutputStream:75 - [STDERR_REDIRECT] [Fatal Error] :1:1: Premature end of file.
2025-12-11 19:18:20,345 [ERROR] LogOutputStream:75 - [STDERR_REDIRECT] 
2025-12-11 19:18:20,389 [ERROR] LogOutputStream:75 - [STDERR_REDIRECT] [Fatal Error] :1:1: Premature end of file.
2025-12-11 19:18:20,389 [ERROR] LogOutputStream:75 - [STDERR_REDIRECT] 
2025-12-11 19:18:20,432 [ERROR] LogOutputStream:75 - [STDERR_REDIRECT] [Fatal Error] :1:1: Premature end of file.
2025-12-11 19:18:20,432 [ERROR] LogOutputStream:75 - [STDERR_REDIRECT] 
2025-12-11 19:18:20,476 [ERROR] LogOutputStream:75 - [STDERR_REDIRECT] [Fatal Error] :1:1: Premature end of file.
2025-12-11 19:18:20,476 [ERROR] LogOutputStream:75 - [STDERR_REDIRECT] 
2025-12-11 19:18:20,515 [ERROR] LogOutputStream:75 - [STDERR_REDIRECT] [Fatal Error] :1:1: Premature end of file.
2025-12-11 19:18:20,515 [ERROR] LogOutputStream:75 - [STDERR_REDIRECT] 
2025-12-11 19:18:20,562 [ERROR] LogOutputStream:75 - [STDERR_REDIRECT] [Fatal Error] :1:1: Premature end of file.
2025-12-11 19:18:20,562 [ERROR] LogOutputStream:75 - [STDERR_REDIRECT] 
2025-12-11 19:18:20,606 [ERROR] LogOutputStream:75 - [STDERR_REDIRECT] [Fatal Error] :1:1: Premature end of file.
2025-12-11 19:18:20,606 [ERROR] LogOutputStream:75 - [STDERR_REDIRECT] 
2025-12-11 19:18:20,649 [ERROR] LogOutputStream:75 - [STDERR_REDIRECT] [Fatal Error] :1:1: Premature end of file.
2025-12-11 19:18:20,649 [ERROR] LogOutputStream:75 - [STDERR_REDIRECT] 
2025-12-11 19:18:20,694 [ERROR] LogOutputStream:75 - [STDERR_REDIRECT] [Fatal Error] :1:1: Premature end of file.
2025-12-11 19:18:20,694 [ERROR] LogOutputStream:75 - [STDERR_REDIRECT] 
2025-12-11 19:18:20,738 [ERROR] LogOutputStream:75 - [STDERR_REDIRECT] [Fatal Error] :1:1: Premature end of file.
2025-12-11 19:18:20,738 [ERROR] LogOutputStream:75 - [STDERR_REDIRECT] 
2025-12-11 19:18:20,783 [ERROR] LogOutputStream:75 - [STDERR_REDIRECT] [Fatal Error] :1:1: Premature end of file.
2025-12-11 19:18:20,783 [ERROR] LogOutputStream:75 - [STDERR_REDIRECT] 
2025-12-11 19:18:20,821 [ERROR] LogOutputStream:75 - [STDERR_REDIRECT] [Fatal Error] :1:1: Premature end of file.
2025-12-11 19:18:20,821 [ERROR] LogOutputStream:75 - [STDERR_REDIRECT] 
2025-12-11 19:18:20,870 [ERROR] LogOutputStream:75 - [STDERR_REDIRECT] [Fatal Error] :1:1: Premature end of file.
2025-12-11 19:18:20,870 [ERROR] LogOutputStream:75 - [STDERR_REDIRECT] 
2025-12-11 19:18:20,911 [ERROR] LogOutputStream:75 - [STDERR_REDIRECT] [Fatal Error] :1:1: Premature end of file.
2025-12-11 19:18:20,911 [ERROR] LogOutputStream:75 - [STDERR_REDIRECT] 
2025-12-11 19:18:20,952 [ERROR] LogOutputStream:75 - [STDERR_REDIRECT] [Fatal Error] :1:1: Premature end of file.
2025-12-11 19:18:20,952 [ERROR] LogOutputStream:75 - [STDERR_REDIRECT] 
2025-12-11 19:18:20,997 [ERROR] LogOutputStream:75 - [STDERR_REDIRECT] [Fatal Error] :1:1: Premature end of file.
2025-12-11 19:18:20,997 [ERROR] LogOutputStream:75 - [STDERR_REDIRECT] 
2025-12-11 19:18:21,035 [ERROR] LogOutputStream:75 - [STDERR_REDIRECT] [Fatal Error] :1:1: Premature end of file.
2025-12-11 19:18:21,035 [ERROR] LogOutputStream:75 - [STDERR_REDIRECT] 
2025-12-11 19:18:21,081 [ERROR] LogOutputStream:75 - [STDERR_REDIRECT] [Fatal Error] :1:1: Premature end of file.
2025-12-11 19:18:21,081 [ERROR] LogOutputStream:75 - [STDERR_REDIRECT] 
2025-12-11 19:18:21,125 [ERROR] LogOutputStream:75 - [STDERR_REDIRECT] [Fatal Error] :1:1: Premature end of file.
2025-12-11 19:18:21,125 [ERROR] LogOutputStream:75 - [STDERR_REDIRECT] 
2025-12-11 19:18:21,160 [ERROR] LogOutputStream:75 - [STDERR_REDIRECT] [Fatal Error] :1:1: Premature end of file.
2025-12-11 19:18:21,160 [ERROR] LogOutputStream:75 - [STDERR_REDIRECT] 
2025-12-11 19:18:21,208 [ERROR] LogOutputStream:75 - [STDERR_REDIRECT] [Fatal Error] :1:1: Premature end of file.
2025-12-11 19:18:21,208 [ERROR] LogOutputStream:75 - [STDERR_REDIRECT] 
2025-12-11 19:18:21,249 [ERROR] LogOutputStream:75 - [STDERR_REDIRECT] [Fatal Error] :1:1: Premature end of file.
2025-12-11 19:18:21,249 [ERROR] LogOutputStream:75 - [STDERR_REDIRECT] 
2025-12-11 19:18:21,294 [ERROR] LogOutputStream:75 - [STDERR_REDIRECT] [Fatal Error] :1:1: Premature end of file.
2025-12-11 19:18:21,294 [ERROR] LogOutputStream:75 - [STDERR_REDIRECT] 
2025-12-11 19:18:21,341 [ERROR] LogOutputStream:75 - [STDERR_REDIRECT] [Fatal Error] :1:1: Premature end of file.
2025-12-11 19:18:21,341 [ERROR] LogOutputStream:75 - [STDERR_REDIRECT] 
2025-12-11 19:18:21,383 [ERROR] LogOutputStream:75 - [STDERR_REDIRECT] [Fatal Error] :1:1: Premature end of file.
2025-12-11 19:18:21,383 [ERROR] LogOutputStream:75 - [STDERR_REDIRECT] 
2025-12-11 19:18:21,422 [ERROR] LogOutputStream:75 - [STDERR_REDIRECT] [Fatal Error] :1:1: Premature end of file.
2025-12-11 19:18:21,422 [ERROR] LogOutputStream:75 - [STDERR_REDIRECT] 
2025-12-11 19:18:21,471 [ERROR] LogOutputStream:75 - [STDERR_REDIRECT] [Fatal Error] :1:1: Premature end of file.
2025-12-11 19:18:21,471 [ERROR] LogOutputStream:75 - [STDERR_REDIRECT] 
2025-12-11 19:18:21,512 [ERROR] LogOutputStream:75 - [STDERR_REDIRECT] [Fatal Error] :1:1: Premature end of file.
2025-12-11 19:18:21,512 [ERROR] LogOutputStream:75 - [STDERR_REDIRECT] 
2025-12-11 19:18:21,561 [ERROR] LogOutputStream:75 - [STDERR_REDIRECT] [Fatal Error] :1:1: Premature end of file.
2025-12-11 19:18:21,561 [ERROR] LogOutputStream:75 - [STDERR_REDIRECT] 
2025-12-11 19:18:21,602 [ERROR] LogOutputStream:75 - [STDERR_REDIRECT] [Fatal Error] :1:1: Premature end of file.
2025-12-11 19:18:21,602 [ERROR] LogOutputStream:75 - [STDERR_REDIRECT] 
2025-12-11 19:18:21,642 [ERROR] LogOutputStream:75 - [STDERR_REDIRECT] [Fatal Error] :1:1: Premature end of file.
2025-12-11 19:18:21,642 [ERROR] LogOutputStream:75 - [STDERR_REDIRECT] 
2025-12-11 19:18:21,684 [ERROR] LogOutputStream:75 - [STDERR_REDIRECT] [Fatal Error] :1:1: Premature end of file.
2025-12-11 19:18:21,684 [ERROR] LogOutputStream:75 - [STDERR_REDIRECT] 
2025-12-11 19:18:21,725 [ERROR] LogOutputStream:75 - [STDERR_REDIRECT] [Fatal Error] :1:1: Premature end of file.
2025-12-11 19:18:21,725 [ERROR] LogOutputStream:75 - [STDERR_REDIRECT] 
2025-12-11 19:18:21,773 [ERROR] LogOutputStream:75 - [STDERR_REDIRECT] [Fatal Error] :1:1: Premature end of file.
2025-12-11 19:18:21,773 [ERROR] LogOutputStream:75 - [STDERR_REDIRECT] 
2025-12-11 19:18:21,814 [ERROR] LogOutputStream:75 - [STDERR_REDIRECT] [Fatal Error] :1:1: Premature end of file.
2025-12-11 19:18:21,814 [ERROR] LogOutputStream:75 - [STDERR_REDIRECT] 
2025-12-11 19:18:21,859 [ERROR] LogOutputStream:75 - [STDERR_REDIRECT] [Fatal Error] :1:1: Premature end of file.
2025-12-11 19:18:21,859 [ERROR] LogOutputStream:75 - [STDERR_REDIRECT] 
2025-12-11 19:18:21,897 [ERROR] LogOutputStream:75 - [STDERR_REDIRECT] [Fatal Error] :1:1: Premature end of file.
2025-12-11 19:18:21,905 [ERROR] LogOutputStream:75 - [STDERR_REDIRECT] 
2025-12-11 19:18:21,947 [ERROR] LogOutputStream:75 - [STDERR_REDIRECT] [Fatal Error] :1:1: Premature end of file.
2025-12-11 19:18:21,947 [ERROR] LogOutputStream:75 - [STDERR_REDIRECT] 
2025-12-11 19:18:21,991 [ERROR] LogOutputStream:75 - [STDERR_REDIRECT] [Fatal Error] :1:1: Premature end of file.
2025-12-11 19:18:21,991 [ERROR] LogOutputStream:75 - [STDERR_REDIRECT] 
2025-12-11 19:18:22,031 [ERROR] LogOutputStream:75 - [STDERR_REDIRECT] [Fatal Error] :1:1: Premature end of file.
2025-12-11 19:18:22,031 [ERROR] LogOutputStream:75 - [STDERR_REDIRECT] 
2025-12-11 19:18:22,071 [ERROR] LogOutputStream:75 - [STDERR_REDIRECT] [Fatal Error] :1:1: Premature end of file.
2025-12-11 19:18:22,071 [ERROR] LogOutputStream:75 - [STDERR_REDIRECT] 
2025-12-11 19:18:22,118 [ERROR] LogOutputStream:75 - [STDERR_REDIRECT] [Fatal Error] :1:1: Premature end of file.
2025-12-11 19:18:22,118 [ERROR] LogOutputStream:75 - [STDERR_REDIRECT] 
2025-12-11 19:18:22,154 [ERROR] LogOutputStream:75 - [STDERR_REDIRECT] [Fatal Error] :1:1: Premature end of file.
2025-12-11 19:18:22,154 [ERROR] LogOutputStream:75 - [STDERR_REDIRECT] 
2025-12-11 19:18:22,203 [ERROR] LogOutputStream:75 - [STDERR_REDIRECT] [Fatal Error] :1:1: Premature end of file.
2025-12-11 19:18:22,203 [ERROR] LogOutputStream:75 - [STDERR_REDIRECT] 
2025-12-11 19:18:22,251 [ERROR] LogOutputStream:75 - [STDERR_REDIRECT] [Fatal Error] :1:1: Premature end of file.
2025-12-11 19:18:22,251 [ERROR] LogOutputStream:75 - [STDERR_REDIRECT] 
2025-12-11 19:18:22,296 [ERROR] LogOutputStream:75 - [STDERR_REDIRECT] [Fatal Error] :1:1: Premature end of file.
2025-12-11 19:18:22,296 [ERROR] LogOutputStream:75 - [STDERR_REDIRECT] 
2025-12-11 19:18:22,342 [ERROR] LogOutputStream:75 - [STDERR_REDIRECT] [Fatal Error] :1:1: Premature end of file.
2025-12-11 19:18:22,342 [ERROR] LogOutputStream:75 - [STDERR_REDIRECT] 
2025-12-11 19:18:22,383 [ERROR] LogOutputStream:75 - [STDERR_REDIRECT] [Fatal Error] :1:1: Premature end of file.
2025-12-11 19:18:22,383 [ERROR] LogOutputStream:75 - [STDERR_REDIRECT] 
2025-12-11 19:18:22,424 [ERROR] LogOutputStream:75 - [STDERR_REDIRECT] [Fatal Error] :1:1: Premature end of file.
2025-12-11 19:18:22,424 [ERROR] LogOutputStream:75 - [STDERR_REDIRECT] 
2025-12-11 19:18:22,466 [ERROR] LogOutputStream:75 - [STDERR_REDIRECT] [Fatal Error] :1:1: Premature end of file.
2025-12-11 19:18:22,466 [ERROR] LogOutputStream:75 - [STDERR_REDIRECT] 
2025-12-11 19:18:22,514 [ERROR] LogOutputStream:75 - [STDERR_REDIRECT] [Fatal Error] :1:1: Premature end of file.
2025-12-11 19:18:22,514 [ERROR] LogOutputStream:75 - [STDERR_REDIRECT] 
2025-12-11 19:18:22,555 [ERROR] LogOutputStream:75 - [STDERR_REDIRECT] [Fatal Error] :1:1: Premature end of file.
2025-12-11 19:18:22,555 [ERROR] LogOutputStream:75 - [STDERR_REDIRECT] 
2025-12-11 19:18:22,596 [ERROR] LogOutputStream:75 - [STDERR_REDIRECT] [Fatal Error] :1:1: Premature end of file.
2025-12-11 19:18:22,596 [ERROR] LogOutputStream:75 - [STDERR_REDIRECT] 
2025-12-11 19:18:22,639 [ERROR] LogOutputStream:75 - [STDERR_REDIRECT] [Fatal Error] :1:1: Premature end of file.
2025-12-11 19:18:22,639 [ERROR] LogOutputStream:75 - [STDERR_REDIRECT] 
2025-12-11 19:18:22,679 [ERROR] LogOutputStream:75 - [STDERR_REDIRECT] [Fatal Error] :1:1: Premature end of file.
2025-12-11 19:18:22,679 [ERROR] LogOutputStream:75 - [STDERR_REDIRECT] 
2025-12-11 19:18:22,723 [ERROR] LogOutputStream:75 - [STDERR_REDIRECT] [Fatal Error] :1:1: Premature end of file.
2025-12-11 19:18:22,723 [ERROR] LogOutputStream:75 - [STDERR_REDIRECT] 
2025-12-11 19:18:22,761 [ERROR] LogOutputStream:75 - [STDERR_REDIRECT] [Fatal Error] :1:1: Premature end of file.
2025-12-11 19:18:22,761 [ERROR] LogOutputStream:75 - [STDERR_REDIRECT] 
2025-12-11 19:18:22,811 [ERROR] LogOutputStream:75 - [STDERR_REDIRECT] [Fatal Error] :1:1: Premature end of file.
2025-12-11 19:18:22,811 [ERROR] LogOutputStream:75 - [STDERR_REDIRECT] 
2025-12-11 19:18:22,852 [ERROR] LogOutputStream:75 - [STDERR_REDIRECT] [Fatal Error] :1:1: Premature end of file.
2025-12-11 19:18:22,852 [ERROR] LogOutputStream:75 - [STDERR_REDIRECT] 
2025-12-11 19:18:22,893 [ERROR] LogOutputStream:75 - [STDERR_REDIRECT] [Fatal Error] :1:1: Premature end of file.
2025-12-11 19:18:22,893 [ERROR] LogOutputStream:75 - [STDERR_REDIRECT] 
2025-12-11 19:18:22,945 [ERROR] LogOutputStream:75 - [STDERR_REDIRECT] [Fatal Error] :1:1: Premature end of file.
2025-12-11 19:18:22,945 [ERROR] LogOutputStream:75 - [STDERR_REDIRECT] 
2025-12-11 19:18:22,990 [ERROR] LogOutputStream:75 - [STDERR_REDIRECT] [Fatal Error] :1:1: Premature end of file.
2025-12-11 19:18:22,990 [ERROR] LogOutputStream:75 - [STDERR_REDIRECT] 
2025-12-11 19:18:23,032 [ERROR] LogOutputStream:75 - [STDERR_REDIRECT] [Fatal Error] :1:1: Premature end of file.
2025-12-11 19:18:23,032 [ERROR] LogOutputStream:75 - [STDERR_REDIRECT] 
2025-12-11 19:18:23,072 [ERROR] LogOutputStream:75 - [STDERR_REDIRECT] [Fatal Error] :1:1: Premature end of file.
2025-12-11 19:18:23,072 [ERROR] LogOutputStream:75 - [STDERR_REDIRECT] 
2025-12-11 19:18:23,113 [ERROR] LogOutputStream:75 - [STDERR_REDIRECT] [Fatal Error] :1:1: Premature end of file.
2025-12-11 19:18:23,113 [ERROR] LogOutputStream:75 - [STDERR_REDIRECT] 
2025-12-11 19:18:23,158 [ERROR] LogOutputStream:75 - [STDERR_REDIRECT] [Fatal Error] :1:1: Premature end of file.
2025-12-11 19:18:23,158 [ERROR] LogOutputStream:75 - [STDERR_REDIRECT] 
2025-12-11 19:18:23,204 [ERROR] LogOutputStream:75 - [STDERR_REDIRECT] [Fatal Error] :1:1: Premature end of file.
2025-12-11 19:18:23,205 [ERROR] LogOutputStream:75 - [STDERR_REDIRECT] 
2025-12-11 19:18:23,245 [ERROR] LogOutputStream:75 - [STDERR_REDIRECT] [Fatal Error] :1:1: Premature end of file.
2025-12-11 19:18:23,245 [ERROR] LogOutputStream:75 - [STDERR_REDIRECT] 
2025-12-11 19:18:23,284 [ERROR] LogOutputStream:75 - [STDERR_REDIRECT] [Fatal Error] :1:1: Premature end of file.
2025-12-11 19:18:23,284 [ERROR] LogOutputStream:75 - [STDERR_REDIRECT] 
2025-12-11 19:18:23,333 [ERROR] LogOutputStream:75 - [STDERR_REDIRECT] [Fatal Error] :1:1: Premature end of file.
2025-12-11 19:18:23,333 [ERROR] LogOutputStream:75 - [STDERR_REDIRECT] 
2025-12-11 19:18:23,375 [ERROR] LogOutputStream:75 - [STDERR_REDIRECT] [Fatal Error] :1:1: Premature end of file.
2025-12-11 19:18:23,375 [ERROR] LogOutputStream:75 - [STDERR_REDIRECT] 
2025-12-11 19:18:23,416 [ERROR] LogOutputStream:75 - [STDERR_REDIRECT] [Fatal Error] :1:1: Premature end of file.
2025-12-11 19:18:23,416 [ERROR] LogOutputStream:75 - [STDERR_REDIRECT] 
2025-12-11 19:18:23,456 [ERROR] LogOutputStream:75 - [STDERR_REDIRECT] [Fatal Error] :1:1: Premature end of file.
2025-12-11 19:18:23,456 [ERROR] LogOutputStream:75 - [STDERR_REDIRECT] 
2025-12-11 19:18:23,506 [ERROR] LogOutputStream:75 - [STDERR_REDIRECT] [Fatal Error] :1:1: Premature end of file.
2025-12-11 19:18:23,506 [ERROR] LogOutputStream:75 - [STDERR_REDIRECT] 
2025-12-11 19:18:23,547 [ERROR] LogOutputStream:75 - [STDERR_REDIRECT] [Fatal Error] :1:1: Premature end of file.
2025-12-11 19:18:23,547 [ERROR] LogOutputStream:75 - [STDERR_REDIRECT] 
2025-12-11 19:18:23,588 [ERROR] LogOutputStream:75 - [STDERR_REDIRECT] [Fatal Error] :1:1: Premature end of file.
2025-12-11 19:18:23,588 [ERROR] LogOutputStream:75 - [STDERR_REDIRECT] 
2025-12-11 19:18:23,630 [ERROR] LogOutputStream:75 - [STDERR_REDIRECT] [Fatal Error] :1:1: Premature end of file.
2025-12-11 19:18:23,630 [ERROR] LogOutputStream:75 - [STDERR_REDIRECT] 
2025-12-11 19:18:23,670 [ERROR] LogOutputStream:75 - [STDERR_REDIRECT] [Fatal Error] :1:1: Premature end of file.
2025-12-11 19:18:23,670 [ERROR] LogOutputStream:75 - [STDERR_REDIRECT] 
2025-12-11 19:18:23,712 [ERROR] LogOutputStream:75 - [STDERR_REDIRECT] [Fatal Error] :1:1: Premature end of file.
2025-12-11 19:18:23,712 [ERROR] LogOutputStream:75 - [STDERR_REDIRECT] 
2025-12-11 19:18:23,762 [ERROR] LogOutputStream:75 - [STDERR_REDIRECT] [Fatal Error] :1:1: Premature end of file.
2025-12-11 19:18:23,762 [ERROR] LogOutputStream:75 - [STDERR_REDIRECT] 
2025-12-11 19:18:23,800 [ERROR] LogOutputStream:75 - [STDERR_REDIRECT] [Fatal Error] :1:1: Premature end of file.
2025-12-11 19:18:23,800 [ERROR] LogOutputStream:75 - [STDERR_REDIRECT] 
2025-12-11 19:18:23,842 [ERROR] LogOutputStream:75 - [STDERR_REDIRECT] [Fatal Error] :1:1: Premature end of file.
2025-12-11 19:18:23,842 [ERROR] LogOutputStream:75 - [STDERR_REDIRECT] 
2025-12-11 19:18:23,886 [ERROR] LogOutputStream:75 - [STDERR_REDIRECT] [Fatal Error] :1:1: Premature end of file.
2025-12-11 19:18:23,886 [ERROR] LogOutputStream:75 - [STDERR_REDIRECT] 
2025-12-11 19:18:23,924 [ERROR] LogOutputStream:75 - [STDERR_REDIRECT] [Fatal Error] :1:1: Premature end of file.
2025-12-11 19:18:23,924 [ERROR] LogOutputStream:75 - [STDERR_REDIRECT] 
2025-12-11 19:18:23,971 [ERROR] LogOutputStream:75 - [STDERR_REDIRECT] [Fatal Error] :1:1: Premature end of file.
2025-12-11 19:18:23,971 [ERROR] LogOutputStream:75 - [STDERR_REDIRECT] 
2025-12-11 19:18:24,016 [ERROR] LogOutputStream:75 - [STDERR_REDIRECT] [Fatal Error] :1:1: Premature end of file.
2025-12-11 19:18:24,016 [ERROR] LogOutputStream:75 - [STDERR_REDIRECT] 
2025-12-11 19:18:24,060 [ERROR] LogOutputStream:75 - [STDERR_REDIRECT] [Fatal Error] :1:1: Premature end of file.
2025-12-11 19:18:24,060 [ERROR] LogOutputStream:75 - [STDERR_REDIRECT] 
2025-12-11 19:18:24,102 [ERROR] LogOutputStream:75 - [STDERR_REDIRECT] [Fatal Error] :1:1: Premature end of file.
2025-12-11 19:18:24,102 [ERROR] LogOutputStream:75 - [STDERR_REDIRECT] 
2025-12-11 19:18:24,145 [ERROR] LogOutputStream:75 - [STDERR_REDIRECT] [Fatal Error] :1:1: Premature end of file.
2025-12-11 19:18:24,145 [ERROR] LogOutputStream:75 - [STDERR_REDIRECT] 
2025-12-11 19:18:24,191 [ERROR] LogOutputStream:75 - [STDERR_REDIRECT] [Fatal Error] :1:1: Premature end of file.
2025-12-11 19:18:24,191 [ERROR] LogOutputStream:75 - [STDERR_REDIRECT] 
2025-12-11 19:18:24,243 [ERROR] LogOutputStream:75 - [STDERR_REDIRECT] [Fatal Error] :1:1: Premature end of file.
2025-12-11 19:18:24,243 [ERROR] LogOutputStream:75 - [STDERR_REDIRECT] 
2025-12-11 19:18:24,294 [ERROR] LogOutputStream:75 - [STDERR_REDIRECT] [Fatal Error] :1:1: Premature end of file.
2025-12-11 19:18:24,294 [ERROR] LogOutputStream:75 - [STDERR_REDIRECT] 
2025-12-11 19:18:24,368 [ERROR] LogOutputStream:75 - [STDERR_REDIRECT] [Fatal Error] :1:1: Premature end of file.
2025-12-11 19:18:24,368 [ERROR] LogOutputStream:75 - [STDERR_REDIRECT] 
2025-12-11 19:18:24,423 [ERROR] LogOutputStream:75 - [STDERR_REDIRECT] [Fatal Error] :1:1: Premature end of file.
2025-12-11 19:18:24,423 [ERROR] LogOutputStream:75 - [STDERR_REDIRECT] 
2025-12-11 19:18:24,464 [ERROR] LogOutputStream:75 - [STDERR_REDIRECT] [Fatal Error] :1:1: Premature end of file.
2025-12-11 19:18:24,464 [ERROR] LogOutputStream:75 - [STDERR_REDIRECT] 
2025-12-11 19:18:24,512 [ERROR] LogOutputStream:75 - [STDERR_REDIRECT] [Fatal Error] :1:1: Premature end of file.
2025-12-11 19:18:24,512 [ERROR] LogOutputStream:75 - [STDERR_REDIRECT] 
2025-12-11 19:18:24,551 [ERROR] LogOutputStream:75 - [STDERR_REDIRECT] [Fatal Error] :1:1: Premature end of file.
2025-12-11 19:18:24,551 [ERROR] LogOutputStream:75 - [STDERR_REDIRECT] 
2025-12-11 19:18:24,598 [ERROR] LogOutputStream:75 - [STDERR_REDIRECT] [Fatal Error] :1:1: Premature end of file.
2025-12-11 19:18:24,598 [ERROR] LogOutputStream:75 - [STDERR_REDIRECT] 
2025-12-11 19:18:24,641 [ERROR] LogOutputStream:75 - [STDERR_REDIRECT] [Fatal Error] :1:1: Premature end of file.
2025-12-11 19:18:24,641 [ERROR] LogOutputStream:75 - [STDERR_REDIRECT] 
2025-12-11 19:18:24,686 [ERROR] LogOutputStream:75 - [STDERR_REDIRECT] [Fatal Error] :1:1: Premature end of file.
2025-12-11 19:18:24,686 [ERROR] LogOutputStream:75 - [STDERR_REDIRECT] 
2025-12-11 19:18:24,728 [ERROR] LogOutputStream:75 - [STDERR_REDIRECT] [Fatal Error] :1:1: Premature end of file.
2025-12-11 19:18:24,728 [ERROR] LogOutputStream:75 - [STDERR_REDIRECT] 
2025-12-11 19:18:24,769 [ERROR] LogOutputStream:75 - [STDERR_REDIRECT] [Fatal Error] :1:1: Premature end of file.
2025-12-11 19:18:24,769 [ERROR] LogOutputStream:75 - [STDERR_REDIRECT] 
2025-12-11 19:18:24,814 [ERROR] LogOutputStream:75 - [STDERR_REDIRECT] [Fatal Error] :1:1: Premature end of file.
2025-12-11 19:18:24,814 [ERROR] LogOutputStream:75 - [STDERR_REDIRECT] 
2025-12-11 19:18:24,856 [ERROR] LogOutputStream:75 - [STDERR_REDIRECT] [Fatal Error] :1:1: Premature end of file.
2025-12-11 19:18:24,856 [ERROR] LogOutputStream:75 - [STDERR_REDIRECT] 
2025-12-11 19:18:24,900 [ERROR] LogOutputStream:75 - [STDERR_REDIRECT] [Fatal Error] :1:1: Premature end of file.
2025-12-11 19:18:24,900 [ERROR] LogOutputStream:75 - [STDERR_REDIRECT] 
2025-12-11 19:18:24,940 [ERROR] LogOutputStream:75 - [STDERR_REDIRECT] [Fatal Error] :1:1: Premature end of file.
2025-12-11 19:18:24,940 [ERROR] LogOutputStream:75 - [STDERR_REDIRECT] 
2025-12-11 19:18:24,985 [ERROR] LogOutputStream:75 - [STDERR_REDIRECT] [Fatal Error] :1:1: Premature end of file.
2025-12-11 19:18:24,985 [ERROR] LogOutputStream:75 - [STDERR_REDIRECT] 
2025-12-11 19:18:25,031 [ERROR] LogOutputStream:75 - [STDERR_REDIRECT] [Fatal Error] :1:1: Premature end of file.
2025-12-11 19:18:25,031 [ERROR] LogOutputStream:75 - [STDERR_REDIRECT] 
2025-12-11 19:18:25,071 [ERROR] LogOutputStream:75 - [STDERR_REDIRECT] [Fatal Error] :1:1: Premature end of file.
2025-12-11 19:18:25,071 [ERROR] LogOutputStream:75 - [STDERR_REDIRECT] 
2025-12-11 19:18:25,117 [ERROR] LogOutputStream:75 - [STDERR_REDIRECT] [Fatal Error] :1:1: Premature end of file.
2025-12-11 19:18:25,117 [ERROR] LogOutputStream:75 - [STDERR_REDIRECT] 
2025-12-11 19:18:25,159 [ERROR] LogOutputStream:75 - [STDERR_REDIRECT] [Fatal Error] :1:1: Premature end of file.
2025-12-11 19:18:25,159 [ERROR] LogOutputStream:75 - [STDERR_REDIRECT] 
2025-12-11 19:18:25,203 [ERROR] LogOutputStream:75 - [STDERR_REDIRECT] [Fatal Error] :1:1: Premature end of file.
2025-12-11 19:18:25,203 [ERROR] LogOutputStream:75 - [STDERR_REDIRECT] 
2025-12-11 19:18:25,243 [ERROR] LogOutputStream:75 - [STDERR_REDIRECT] [Fatal Error] :1:1: Premature end of file.
2025-12-11 19:18:25,243 [ERROR] LogOutputStream:75 - [STDERR_REDIRECT] 
2025-12-11 19:18:25,283 [ERROR] LogOutputStream:75 - [STDERR_REDIRECT] [Fatal Error] :1:1: Premature end of file.
2025-12-11 19:18:25,283 [ERROR] LogOutputStream:75 - [STDERR_REDIRECT] 
2025-12-11 19:18:25,328 [ERROR] LogOutputStream:75 - [STDERR_REDIRECT] [Fatal Error] :1:1: Premature end of file.
2025-12-11 19:18:25,328 [ERROR] LogOutputStream:75 - [STDERR_REDIRECT] 
2025-12-11 19:18:25,372 [ERROR] LogOutputStream:75 - [STDERR_REDIRECT] [Fatal Error] :1:1: Premature end of file.
2025-12-11 19:18:25,372 [ERROR] LogOutputStream:75 - [STDERR_REDIRECT] 
2025-12-11 19:18:25,413 [ERROR] LogOutputStream:75 - [STDERR_REDIRECT] [Fatal Error] :1:1: Premature end of file.
2025-12-11 19:18:25,471 [ERROR] LogOutputStream:75 - [STDERR_REDIRECT] 
2025-12-11 19:18:25,520 [ERROR] LogOutputStream:75 - [STDERR_REDIRECT] [Fatal Error] :1:1: Premature end of file.
2025-12-11 19:18:25,522 [ERROR] LogOutputStream:75 - [STDERR_REDIRECT] 
2025-12-11 19:18:25,562 [ERROR] LogOutputStream:75 - [STDERR_REDIRECT] [Fatal Error] :1:1: Premature end of file.
2025-12-11 19:18:25,562 [ERROR] LogOutputStream:75 - [STDERR_REDIRECT] 
2025-12-11 19:18:25,603 [ERROR] LogOutputStream:75 - [STDERR_REDIRECT] [Fatal Error] :1:1: Premature end of file.
2025-12-11 19:18:25,603 [ERROR] LogOutputStream:75 - [STDERR_REDIRECT] 
2025-12-11 19:18:25,645 [ERROR] LogOutputStream:75 - [STDERR_REDIRECT] [Fatal Error] :1:1: Premature end of file.
2025-12-11 19:18:25,645 [ERROR] LogOutputStream:75 - [STDERR_REDIRECT] 
2025-12-11 19:18:25,688 [ERROR] LogOutputStream:75 - [STDERR_REDIRECT] [Fatal Error] :1:1: Premature end of file.
2025-12-11 19:18:25,688 [ERROR] LogOutputStream:75 - [STDERR_REDIRECT] 
2025-12-11 19:18:25,727 [ERROR] LogOutputStream:75 - [STDERR_REDIRECT] [Fatal Error] :1:1: Premature end of file.
2025-12-11 19:18:25,727 [ERROR] LogOutputStream:75 - [STDERR_REDIRECT] 
2025-12-11 19:18:25,773 [ERROR] LogOutputStream:75 - [STDERR_REDIRECT] [Fatal Error] :1:1: Premature end of file.
2025-12-11 19:18:25,773 [ERROR] LogOutputStream:75 - [STDERR_REDIRECT] 
2025-12-11 19:18:25,818 [ERROR] LogOutputStream:75 - [STDERR_REDIRECT] [Fatal Error] :1:1: Premature end of file.
2025-12-11 19:18:25,818 [ERROR] LogOutputStream:75 - [STDERR_REDIRECT] 
2025-12-11 19:18:25,859 [ERROR] LogOutputStream:75 - [STDERR_REDIRECT] [Fatal Error] :1:1: Premature end of file.
2025-12-11 19:18:25,859 [ERROR] LogOutputStream:75 - [STDERR_REDIRECT] 
2025-12-11 19:18:25,900 [ERROR] LogOutputStream:75 - [STDERR_REDIRECT] [Fatal Error] :1:1: Premature end of file.
2025-12-11 19:18:25,900 [ERROR] LogOutputStream:75 - [STDERR_REDIRECT] 
2025-12-11 19:18:25,942 [ERROR] LogOutputStream:75 - [STDERR_REDIRECT] [Fatal Error] :1:1: Premature end of file.
2025-12-11 19:18:25,942 [ERROR] LogOutputStream:75 - [STDERR_REDIRECT] 
2025-12-11 19:18:25,995 [ERROR] LogOutputStream:75 - [STDERR_REDIRECT] [Fatal Error] :1:1: Premature end of file.
2025-12-11 19:18:25,995 [ERROR] LogOutputStream:75 - [STDERR_REDIRECT] 
2025-12-11 19:18:26,041 [ERROR] LogOutputStream:75 - [STDERR_REDIRECT] [Fatal Error] :1:1: Premature end of file.
2025-12-11 19:18:26,041 [ERROR] LogOutputStream:75 - [STDERR_REDIRECT] 
2025-12-11 19:18:26,082 [ERROR] LogOutputStream:75 - [STDERR_REDIRECT] [Fatal Error] :1:1: Premature end of file.
2025-12-11 19:18:26,082 [ERROR] LogOutputStream:75 - [STDERR_REDIRECT] 
2025-12-11 19:18:26,129 [ERROR] LogOutputStream:75 - [STDERR_REDIRECT] [Fatal Error] :1:1: Premature end of file.
2025-12-11 19:18:26,129 [ERROR] LogOutputStream:75 - [STDERR_REDIRECT] 
2025-12-11 19:18:26,164 [ERROR] LogOutputStream:75 - [STDERR_REDIRECT] [Fatal Error] :1:1: Premature end of file.
2025-12-11 19:18:26,164 [ERROR] LogOutputStream:75 - [STDERR_REDIRECT] 
2025-12-11 19:18:26,211 [ERROR] LogOutputStream:75 - [STDERR_REDIRECT] [Fatal Error] :1:1: Premature end of file.
2025-12-11 19:18:26,211 [ERROR] LogOutputStream:75 - [STDERR_REDIRECT] 
2025-12-11 19:18:26,295 [ERROR] LogOutputStream:75 - [STDERR_REDIRECT] [Fatal Error] :1:1: Premature end of file.
2025-12-11 19:18:26,295 [ERROR] LogOutputStream:75 - [STDERR_REDIRECT] 
2025-12-11 19:18:26,344 [ERROR] LogOutputStream:75 - [STDERR_REDIRECT] [Fatal Error] :1:1: Premature end of file.
2025-12-11 19:18:26,344 [ERROR] LogOutputStream:75 - [STDERR_REDIRECT] 
2025-12-11 19:18:26,385 [ERROR] LogOutputStream:75 - [STDERR_REDIRECT] [Fatal Error] :1:1: Premature end of file.
2025-12-11 19:18:26,385 [ERROR] LogOutputStream:75 - [STDERR_REDIRECT] 
2025-12-11 19:18:26,425 [ERROR] LogOutputStream:75 - [STDERR_REDIRECT] [Fatal Error] :1:1: Premature end of file.
2025-12-11 19:18:26,425 [ERROR] LogOutputStream:75 - [STDERR_REDIRECT] 
2025-12-11 19:18:26,466 [ERROR] LogOutputStream:75 - [STDERR_REDIRECT] [Fatal Error] :1:1: Premature end of file.
2025-12-11 19:18:26,466 [ERROR] LogOutputStream:75 - [STDERR_REDIRECT] 
2025-12-11 19:18:26,507 [ERROR] LogOutputStream:75 - [STDERR_REDIRECT] [Fatal Error] :1:1: Premature end of file.
2025-12-11 19:18:26,507 [ERROR] LogOutputStream:75 - [STDERR_REDIRECT] 
2025-12-11 19:18:26,663 [ERROR] LogOutputStream:75 - [STDERR_REDIRECT] [Fatal Error] :1:1: Premature end of file.
2025-12-11 19:18:26,663 [ERROR] LogOutputStream:75 - [STDERR_REDIRECT] 
2025-12-11 19:18:26,703 [ERROR] LogOutputStream:75 - [STDERR_REDIRECT] [Fatal Error] :1:1: Premature end of file.
2025-12-11 19:18:26,703 [ERROR] LogOutputStream:75 - [STDERR_REDIRECT] 
2025-12-11 19:18:26,744 [ERROR] LogOutputStream:75 - [STDERR_REDIRECT] [Fatal Error] :1:1: Premature end of file.
2025-12-11 19:18:26,744 [ERROR] LogOutputStream:75 - [STDERR_REDIRECT] 
2025-12-11 19:18:26,791 [ERROR] LogOutputStream:75 - [STDERR_REDIRECT] [Fatal Error] :1:1: Premature end of file.
2025-12-11 19:18:26,791 [ERROR] LogOutputStream:75 - [STDERR_REDIRECT] 
2025-12-11 19:18:26,830 [ERROR] LogOutputStream:75 - [STDERR_REDIRECT] [Fatal Error] :1:1: Premature end of file.
2025-12-11 19:18:26,830 [ERROR] LogOutputStream:75 - [STDERR_REDIRECT] 
2025-12-11 19:18:26,875 [ERROR] LogOutputStream:75 - [STDERR_REDIRECT] [Fatal Error] :1:1: Premature end of file.
2025-12-11 19:18:26,875 [ERROR] LogOutputStream:75 - [STDERR_REDIRECT] 
2025-12-11 19:18:26,917 [ERROR] LogOutputStream:75 - [STDERR_REDIRECT] [Fatal Error] :1:1: Premature end of file.
2025-12-11 19:18:26,917 [ERROR] LogOutputStream:75 - [STDERR_REDIRECT] 
2025-12-11 19:18:26,957 [ERROR] LogOutputStream:75 - [STDERR_REDIRECT] [Fatal Error] :1:1: Premature end of file.
2025-12-11 19:18:26,957 [ERROR] LogOutputStream:75 - [STDERR_REDIRECT] 
2025-12-11 19:18:27,000 [ERROR] LogOutputStream:75 - [STDERR_REDIRECT] [Fatal Error] :1:1: Premature end of file.
2025-12-11 19:18:27,000 [ERROR] LogOutputStream:75 - [STDERR_REDIRECT] 
2025-12-11 19:18:27,044 [ERROR] LogOutputStream:75 - [STDERR_REDIRECT] [Fatal Error] :1:1: Premature end of file.
2025-12-11 19:18:27,044 [ERROR] LogOutputStream:75 - [STDERR_REDIRECT] 
2025-12-11 19:18:27,084 [ERROR] LogOutputStream:75 - [STDERR_REDIRECT] [Fatal Error] :1:1: Premature end of file.
2025-12-11 19:18:27,084 [ERROR] LogOutputStream:75 - [STDERR_REDIRECT] 
2025-12-11 19:18:27,126 [ERROR] LogOutputStream:75 - [STDERR_REDIRECT] [Fatal Error] :1:1: Premature end of file.
2025-12-11 19:18:27,126 [ERROR] LogOutputStream:75 - [STDERR_REDIRECT] 
2025-12-11 19:18:27,168 [ERROR] LogOutputStream:75 - [STDERR_REDIRECT] [Fatal Error] :1:1: Premature end of file.
2025-12-11 19:18:27,168 [ERROR] LogOutputStream:75 - [STDERR_REDIRECT] 
2025-12-11 19:18:27,213 [ERROR] LogOutputStream:75 - [STDERR_REDIRECT] [Fatal Error] :1:1: Premature end of file.
2025-12-11 19:18:27,213 [ERROR] LogOutputStream:75 - [STDERR_REDIRECT] 
2025-12-11 19:18:27,256 [ERROR] LogOutputStream:75 - [STDERR_REDIRECT] [Fatal Error] :1:1: Premature end of file.
2025-12-11 19:18:27,256 [ERROR] LogOutputStream:75 - [STDERR_REDIRECT] 
2025-12-11 19:18:27,296 [ERROR] LogOutputStream:75 - [STDERR_REDIRECT] [Fatal Error] :1:1: Premature end of file.
2025-12-11 19:18:27,296 [ERROR] LogOutputStream:75 - [STDERR_REDIRECT] 
2025-12-11 19:18:27,341 [ERROR] LogOutputStream:75 - [STDERR_REDIRECT] [Fatal Error] :1:1: Premature end of file.
2025-12-11 19:18:27,341 [ERROR] LogOutputStream:75 - [STDERR_REDIRECT] 
2025-12-11 19:18:27,378 [ERROR] LogOutputStream:75 - [STDERR_REDIRECT] [Fatal Error] :1:1: Premature end of file.
2025-12-11 19:18:27,378 [ERROR] LogOutputStream:75 - [STDERR_REDIRECT] 
2025-12-11 19:18:27,426 [ERROR] LogOutputStream:75 - [STDERR_REDIRECT] [Fatal Error] :1:1: Premature end of file.
2025-12-11 19:18:27,476 [ERROR] LogOutputStream:75 - [STDERR_REDIRECT] 
2025-12-11 19:18:27,520 [ERROR] LogOutputStream:75 - [STDERR_REDIRECT] [Fatal Error] :1:1: Premature end of file.
2025-12-11 19:18:27,520 [ERROR] LogOutputStream:75 - [STDERR_REDIRECT] 
2025-12-11 19:18:27,562 [ERROR] LogOutputStream:75 - [STDERR_REDIRECT] [Fatal Error] :1:1: Premature end of file.
2025-12-11 19:18:27,562 [ERROR] LogOutputStream:75 - [STDERR_REDIRECT] 
2025-12-11 19:18:27,604 [ERROR] LogOutputStream:75 - [STDERR_REDIRECT] [Fatal Error] :1:1: Premature end of file.
2025-12-11 19:18:27,604 [ERROR] LogOutputStream:75 - [STDERR_REDIRECT] 
2025-12-11 19:18:27,646 [ERROR] LogOutputStream:75 - [STDERR_REDIRECT] [Fatal Error] :1:1: Premature end of file.
2025-12-11 19:18:27,646 [ERROR] LogOutputStream:75 - [STDERR_REDIRECT] 
2025-12-11 19:18:27,693 [ERROR] LogOutputStream:75 - [STDERR_REDIRECT] [Fatal Error] :1:1: Premature end of file.
2025-12-11 19:18:27,693 [ERROR] LogOutputStream:75 - [STDERR_REDIRECT] 
2025-12-11 19:18:27,733 [ERROR] LogOutputStream:75 - [STDERR_REDIRECT] [Fatal Error] :1:1: Premature end of file.
2025-12-11 19:18:27,733 [ERROR] LogOutputStream:75 - [STDERR_REDIRECT] 
2025-12-11 19:18:27,777 [ERROR] LogOutputStream:75 - [STDERR_REDIRECT] [Fatal Error] :1:1: Premature end of file.
2025-12-11 19:18:27,777 [ERROR] LogOutputStream:75 - [STDERR_REDIRECT] 
2025-12-11 19:18:27,818 [ERROR] LogOutputStream:75 - [STDERR_REDIRECT] [Fatal Error] :1:1: Premature end of file.
2025-12-11 19:18:27,818 [ERROR] LogOutputStream:75 - [STDERR_REDIRECT] 
2025-12-11 19:18:27,861 [ERROR] LogOutputStream:75 - [STDERR_REDIRECT] [Fatal Error] :1:1: Premature end of file.
2025-12-11 19:18:27,861 [ERROR] LogOutputStream:75 - [STDERR_REDIRECT] 
2025-12-11 19:18:27,902 [ERROR] LogOutputStream:75 - [STDERR_REDIRECT] [Fatal Error] :1:1: Premature end of file.
2025-12-11 19:18:27,902 [ERROR] LogOutputStream:75 - [STDERR_REDIRECT] 
2025-12-11 19:18:27,944 [ERROR] LogOutputStream:75 - [STDERR_REDIRECT] [Fatal Error] :1:1: Premature end of file.
2025-12-11 19:18:27,944 [ERROR] LogOutputStream:75 - [STDERR_REDIRECT] 
2025-12-11 19:18:27,988 [ERROR] LogOutputStream:75 - [STDERR_REDIRECT] [Fatal Error] :1:1: Premature end of file.
2025-12-11 19:18:27,988 [ERROR] LogOutputStream:75 - [STDERR_REDIRECT] 
2025-12-11 19:18:28,030 [ERROR] LogOutputStream:75 - [STDERR_REDIRECT] [Fatal Error] :1:1: Premature end of file.
2025-12-11 19:18:28,030 [ERROR] LogOutputStream:75 - [STDERR_REDIRECT] 
2025-12-11 19:18:28,075 [ERROR] LogOutputStream:75 - [STDERR_REDIRECT] [Fatal Error] :1:1: Premature end of file.
2025-12-11 19:18:28,075 [ERROR] LogOutputStream:75 - [STDERR_REDIRECT] 
2025-12-11 19:18:28,112 [ERROR] LogOutputStream:75 - [STDERR_REDIRECT] [Fatal Error] :1:1: Premature end of file.
2025-12-11 19:18:28,112 [ERROR] LogOutputStream:75 - [STDERR_REDIRECT] 
2025-12-11 19:18:28,156 [ERROR] LogOutputStream:75 - [STDERR_REDIRECT] [Fatal Error] :1:1: Premature end of file.
2025-12-11 19:18:28,156 [ERROR] LogOutputStream:75 - [STDERR_REDIRECT] 
2025-12-11 19:18:28,195 [ERROR] LogOutputStream:75 - [STDERR_REDIRECT] [Fatal Error] :1:1: Premature end of file.
2025-12-11 19:18:28,195 [ERROR] LogOutputStream:75 - [STDERR_REDIRECT] 
2025-12-11 19:18:28,240 [ERROR] LogOutputStream:75 - [STDERR_REDIRECT] [Fatal Error] :1:1: Premature end of file.
2025-12-11 19:18:28,240 [ERROR] LogOutputStream:75 - [STDERR_REDIRECT] 
2025-12-11 19:18:28,278 [ERROR] LogOutputStream:75 - [STDERR_REDIRECT] [Fatal Error] :1:1: Premature end of file.
2025-12-11 19:18:28,278 [ERROR] LogOutputStream:75 - [STDERR_REDIRECT] 
2025-12-11 19:18:28,317 [ERROR] LogOutputStream:75 - [STDERR_REDIRECT] [Fatal Error] :1:1: Premature end of file.
2025-12-11 19:18:28,317 [ERROR] LogOutputStream:75 - [STDERR_REDIRECT] 
2025-12-11 19:18:28,362 [ERROR] LogOutputStream:75 - [STDERR_REDIRECT] [Fatal Error] :1:1: Premature end of file.
2025-12-11 19:18:28,362 [ERROR] LogOutputStream:75 - [STDERR_REDIRECT] 
2025-12-11 19:18:28,407 [ERROR] LogOutputStream:75 - [STDERR_REDIRECT] [Fatal Error] :1:1: Premature end of file.
2025-12-11 19:18:28,407 [ERROR] LogOutputStream:75 - [STDERR_REDIRECT] 
2025-12-11 19:18:28,448 [ERROR] LogOutputStream:75 - [STDERR_REDIRECT] [Fatal Error] :1:1: Premature end of file.
2025-12-11 19:18:28,448 [ERROR] LogOutputStream:75 - [STDERR_REDIRECT] 
2025-12-11 19:18:28,489 [ERROR] LogOutputStream:75 - [STDERR_REDIRECT] [Fatal Error] :1:1: Premature end of file.
2025-12-11 19:18:28,489 [ERROR] LogOutputStream:75 - [STDERR_REDIRECT] 
2025-12-11 19:18:28,530 [ERROR] LogOutputStream:75 - [STDERR_REDIRECT] [Fatal Error] :1:1: Premature end of file.
2025-12-11 19:18:28,530 [ERROR] LogOutputStream:75 - [STDERR_REDIRECT] 
2025-12-11 19:18:28,571 [ERROR] LogOutputStream:75 - [STDERR_REDIRECT] [Fatal Error] :1:1: Premature end of file.
2025-12-11 19:18:28,571 [ERROR] LogOutputStream:75 - [STDERR_REDIRECT] 
2025-12-11 19:18:28,619 [ERROR] LogOutputStream:75 - [STDERR_REDIRECT] [Fatal Error] :1:1: Premature end of file.
2025-12-11 19:18:28,619 [ERROR] LogOutputStream:75 - [STDERR_REDIRECT] 
2025-12-11 19:18:28,660 [ERROR] LogOutputStream:75 - [STDERR_REDIRECT] [Fatal Error] :1:1: Premature end of file.
2025-12-11 19:18:28,660 [ERROR] LogOutputStream:75 - [STDERR_REDIRECT] 
2025-12-11 19:18:28,703 [ERROR] LogOutputStream:75 - [STDERR_REDIRECT] [Fatal Error] :1:1: Premature end of file.
2025-12-11 19:18:28,703 [ERROR] LogOutputStream:75 - [STDERR_REDIRECT] 
2025-12-11 19:18:28,744 [ERROR] LogOutputStream:75 - [STDERR_REDIRECT] [Fatal Error] :1:1: Premature end of file.
2025-12-11 19:18:28,744 [ERROR] LogOutputStream:75 - [STDERR_REDIRECT] 
2025-12-11 19:18:28,792 [ERROR] LogOutputStream:75 - [STDERR_REDIRECT] [Fatal Error] :1:1: Premature end of file.
2025-12-11 19:18:28,792 [ERROR] LogOutputStream:75 - [STDERR_REDIRECT] 
2025-12-11 19:18:28,832 [ERROR] LogOutputStream:75 - [STDERR_REDIRECT] [Fatal Error] :1:1: Premature end of file.
2025-12-11 19:18:28,832 [ERROR] LogOutputStream:75 - [STDERR_REDIRECT] 
2025-12-11 19:18:28,874 [ERROR] LogOutputStream:75 - [STDERR_REDIRECT] [Fatal Error] :1:1: Premature end of file.
2025-12-11 19:18:28,874 [ERROR] LogOutputStream:75 - [STDERR_REDIRECT] 
2025-12-11 19:18:28,914 [ERROR] LogOutputStream:75 - [STDERR_REDIRECT] [Fatal Error] :1:1: Premature end of file.
2025-12-11 19:18:28,914 [ERROR] LogOutputStream:75 - [STDERR_REDIRECT] 
2025-12-11 19:18:28,954 [ERROR] LogOutputStream:75 - [STDERR_REDIRECT] [Fatal Error] :1:1: Premature end of file.
2025-12-11 19:18:28,954 [ERROR] LogOutputStream:75 - [STDERR_REDIRECT] 
2025-12-11 19:18:28,996 [ERROR] LogOutputStream:75 - [STDERR_REDIRECT] [Fatal Error] :1:1: Premature end of file.
2025-12-11 19:18:28,996 [ERROR] LogOutputStream:75 - [STDERR_REDIRECT] 
2025-12-11 19:18:29,037 [ERROR] LogOutputStream:75 - [STDERR_REDIRECT] [Fatal Error] :1:1: Premature end of file.
2025-12-11 19:18:29,037 [ERROR] LogOutputStream:75 - [STDERR_REDIRECT] 
2025-12-11 19:18:29,078 [ERROR] LogOutputStream:75 - [STDERR_REDIRECT] [Fatal Error] :1:1: Premature end of file.
2025-12-11 19:18:29,078 [ERROR] LogOutputStream:75 - [STDERR_REDIRECT] 
2025-12-11 19:18:29,118 [ERROR] LogOutputStream:75 - [STDERR_REDIRECT] [Fatal Error] :1:1: Premature end of file.
2025-12-11 19:18:29,118 [ERROR] LogOutputStream:75 - [STDERR_REDIRECT] 
2025-12-11 19:18:29,161 [ERROR] LogOutputStream:75 - [STDERR_REDIRECT] [Fatal Error] :1:1: Premature end of file.
2025-12-11 19:18:29,161 [ERROR] LogOutputStream:75 - [STDERR_REDIRECT] 
2025-12-11 19:18:29,208 [ERROR] LogOutputStream:75 - [STDERR_REDIRECT] [Fatal Error] :1:1: Premature end of file.
2025-12-11 19:18:29,208 [ERROR] LogOutputStream:75 - [STDERR_REDIRECT] 
2025-12-11 19:18:29,248 [ERROR] LogOutputStream:75 - [STDERR_REDIRECT] [Fatal Error] :1:1: Premature end of file.
2025-12-11 19:18:29,248 [ERROR] LogOutputStream:75 - [STDERR_REDIRECT] 
2025-12-11 19:18:29,290 [ERROR] LogOutputStream:75 - [STDERR_REDIRECT] [Fatal Error] :1:1: Premature end of file.
2025-12-11 19:18:29,290 [ERROR] LogOutputStream:75 - [STDERR_REDIRECT] 
2025-12-11 19:18:29,331 [ERROR] LogOutputStream:75 - [STDERR_REDIRECT] [Fatal Error] :1:1: Premature end of file.
2025-12-11 19:18:29,335 [ERROR] LogOutputStream:75 - [STDERR_REDIRECT] 
2025-12-11 19:18:29,377 [ERROR] LogOutputStream:75 - [STDERR_REDIRECT] [Fatal Error] :1:1: Premature end of file.
2025-12-11 19:18:29,377 [ERROR] LogOutputStream:75 - [STDERR_REDIRECT] 
2025-12-11 19:18:29,419 [ERROR] LogOutputStream:75 - [STDERR_REDIRECT] [Fatal Error] :1:1: Premature end of file.
2025-12-11 19:18:29,478 [ERROR] LogOutputStream:75 - [STDERR_REDIRECT] 
2025-12-11 19:18:29,515 [ERROR] LogOutputStream:75 - [STDERR_REDIRECT] [Fatal Error] :1:1: Premature end of file.
2025-12-11 19:18:29,515 [ERROR] LogOutputStream:75 - [STDERR_REDIRECT] 
2025-12-11 19:18:29,557 [ERROR] LogOutputStream:75 - [STDERR_REDIRECT] [Fatal Error] :1:1: Premature end of file.
2025-12-11 19:18:29,557 [ERROR] LogOutputStream:75 - [STDERR_REDIRECT] 
2025-12-11 19:18:29,599 [ERROR] LogOutputStream:75 - [STDERR_REDIRECT] [Fatal Error] :1:1: Premature end of file.
2025-12-11 19:18:29,599 [ERROR] LogOutputStream:75 - [STDERR_REDIRECT] 
2025-12-11 19:18:29,641 [ERROR] LogOutputStream:75 - [STDERR_REDIRECT] [Fatal Error] :1:1: Premature end of file.
2025-12-11 19:18:29,641 [ERROR] LogOutputStream:75 - [STDERR_REDIRECT] 
2025-12-11 19:18:29,682 [ERROR] LogOutputStream:75 - [STDERR_REDIRECT] [Fatal Error] :1:1: Premature end of file.
2025-12-11 19:18:29,682 [ERROR] LogOutputStream:75 - [STDERR_REDIRECT] 
2025-12-11 19:18:29,727 [ERROR] LogOutputStream:75 - [STDERR_REDIRECT] [Fatal Error] :1:1: Premature end of file.
2025-12-11 19:18:29,727 [ERROR] LogOutputStream:75 - [STDERR_REDIRECT] 
2025-12-11 19:18:29,772 [ERROR] LogOutputStream:75 - [STDERR_REDIRECT] [Fatal Error] :1:1: Premature end of file.
2025-12-11 19:18:29,772 [ERROR] LogOutputStream:75 - [STDERR_REDIRECT] 
2025-12-11 19:18:29,813 [ERROR] LogOutputStream:75 - [STDERR_REDIRECT] [Fatal Error] :1:1: Premature end of file.
2025-12-11 19:18:29,813 [ERROR] LogOutputStream:75 - [STDERR_REDIRECT] 
2025-12-11 19:18:29,854 [ERROR] LogOutputStream:75 - [STDERR_REDIRECT] [Fatal Error] :1:1: Premature end of file.
2025-12-11 19:18:29,854 [ERROR] LogOutputStream:75 - [STDERR_REDIRECT] 
2025-12-11 19:18:29,900 [ERROR] LogOutputStream:75 - [STDERR_REDIRECT] [Fatal Error] :1:1: Premature end of file.
2025-12-11 19:18:29,900 [ERROR] LogOutputStream:75 - [STDERR_REDIRECT] 
2025-12-11 19:18:29,936 [ERROR] LogOutputStream:75 - [STDERR_REDIRECT] [Fatal Error] :1:1: Premature end of file.
2025-12-11 19:18:29,936 [ERROR] LogOutputStream:75 - [STDERR_REDIRECT] 
2025-12-11 19:18:29,981 [ERROR] LogOutputStream:75 - [STDERR_REDIRECT] [Fatal Error] :1:1: Premature end of file.
2025-12-11 19:18:29,981 [ERROR] LogOutputStream:75 - [STDERR_REDIRECT] 
2025-12-11 19:18:30,020 [ERROR] LogOutputStream:75 - [STDERR_REDIRECT] [Fatal Error] :1:1: Premature end of file.
2025-12-11 19:18:30,027 [ERROR] LogOutputStream:75 - [STDERR_REDIRECT] 
2025-12-11 19:18:30,068 [ERROR] LogOutputStream:75 - [STDERR_REDIRECT] [Fatal Error] :1:1: Premature end of file.
2025-12-11 19:18:30,068 [ERROR] LogOutputStream:75 - [STDERR_REDIRECT] 
2025-12-11 19:18:30,109 [ERROR] LogOutputStream:75 - [STDERR_REDIRECT] [Fatal Error] :1:1: Premature end of file.
2025-12-11 19:18:30,109 [ERROR] LogOutputStream:75 - [STDERR_REDIRECT] 
2025-12-11 19:18:30,154 [ERROR] LogOutputStream:75 - [STDERR_REDIRECT] [Fatal Error] :1:1: Premature end of file.
2025-12-11 19:18:30,154 [ERROR] LogOutputStream:75 - [STDERR_REDIRECT] 
2025-12-11 19:18:30,192 [ERROR] LogOutputStream:75 - [STDERR_REDIRECT] [Fatal Error] :1:1: Premature end of file.
2025-12-11 19:18:30,197 [ERROR] LogOutputStream:75 - [STDERR_REDIRECT] 
2025-12-11 19:18:30,232 [ERROR] LogOutputStream:75 - [STDERR_REDIRECT] [Fatal Error] :1:1: Premature end of file.
2025-12-11 19:18:30,232 [ERROR] LogOutputStream:75 - [STDERR_REDIRECT] 
2025-12-11 19:18:30,281 [ERROR] LogOutputStream:75 - [STDERR_REDIRECT] [Fatal Error] :1:1: Premature end of file.
2025-12-11 19:18:30,281 [ERROR] LogOutputStream:75 - [STDERR_REDIRECT] 
2025-12-11 19:18:30,323 [ERROR] LogOutputStream:75 - [STDERR_REDIRECT] [Fatal Error] :1:1: Premature end of file.
2025-12-11 19:18:30,323 [ERROR] LogOutputStream:75 - [STDERR_REDIRECT] 
2025-12-11 19:18:30,363 [ERROR] LogOutputStream:75 - [STDERR_REDIRECT] [Fatal Error] :1:1: Premature end of file.
2025-12-11 19:18:30,363 [ERROR] LogOutputStream:75 - [STDERR_REDIRECT] 
2025-12-11 19:18:30,404 [ERROR] LogOutputStream:75 - [STDERR_REDIRECT] [Fatal Error] :1:1: Premature end of file.
2025-12-11 19:18:30,404 [ERROR] LogOutputStream:75 - [STDERR_REDIRECT] 
2025-12-11 19:18:30,445 [ERROR] LogOutputStream:75 - [STDERR_REDIRECT] [Fatal Error] :1:1: Premature end of file.
2025-12-11 19:18:30,445 [ERROR] LogOutputStream:75 - [STDERR_REDIRECT] 
2025-12-11 19:18:30,493 [ERROR] LogOutputStream:75 - [STDERR_REDIRECT] [Fatal Error] :1:1: Premature end of file.
2025-12-11 19:18:30,493 [ERROR] LogOutputStream:75 - [STDERR_REDIRECT] 
2025-12-11 19:18:30,534 [ERROR] LogOutputStream:75 - [STDERR_REDIRECT] [Fatal Error] :1:1: Premature end of file.
2025-12-11 19:18:30,534 [ERROR] LogOutputStream:75 - [STDERR_REDIRECT] 
2025-12-11 19:18:30,576 [ERROR] LogOutputStream:75 - [STDERR_REDIRECT] [Fatal Error] :1:1: Premature end of file.
2025-12-11 19:18:30,576 [ERROR] LogOutputStream:75 - [STDERR_REDIRECT] 
2025-12-11 19:18:30,616 [ERROR] LogOutputStream:75 - [STDERR_REDIRECT] [Fatal Error] :1:1: Premature end of file.
2025-12-11 19:18:30,616 [ERROR] LogOutputStream:75 - [STDERR_REDIRECT] 
2025-12-11 19:18:30,656 [ERROR] LogOutputStream:75 - [STDERR_REDIRECT] [Fatal Error] :1:1: Premature end of file.
2025-12-11 19:18:30,656 [ERROR] LogOutputStream:75 - [STDERR_REDIRECT] 
2025-12-11 19:18:30,705 [ERROR] LogOutputStream:75 - [STDERR_REDIRECT] [Fatal Error] :1:1: Premature end of file.
2025-12-11 19:18:30,705 [ERROR] LogOutputStream:75 - [STDERR_REDIRECT] 
2025-12-11 19:18:30,746 [ERROR] LogOutputStream:75 - [STDERR_REDIRECT] [Fatal Error] :1:1: Premature end of file.
2025-12-11 19:18:30,746 [ERROR] LogOutputStream:75 - [STDERR_REDIRECT] 
2025-12-11 19:18:30,787 [ERROR] LogOutputStream:75 - [STDERR_REDIRECT] [Fatal Error] :1:1: Premature end of file.
2025-12-11 19:18:30,787 [ERROR] LogOutputStream:75 - [STDERR_REDIRECT] 
2025-12-11 19:18:30,828 [ERROR] LogOutputStream:75 - [STDERR_REDIRECT] [Fatal Error] :1:1: Premature end of file.
2025-12-11 19:18:30,828 [ERROR] LogOutputStream:75 - [STDERR_REDIRECT] 
2025-12-11 19:18:30,873 [ERROR] LogOutputStream:75 - [STDERR_REDIRECT] [Fatal Error] :1:1: Premature end of file.
2025-12-11 19:18:30,873 [ERROR] LogOutputStream:75 - [STDERR_REDIRECT] 
2025-12-11 19:18:30,912 [ERROR] LogOutputStream:75 - [STDERR_REDIRECT] [Fatal Error] :1:1: Premature end of file.
2025-12-11 19:18:30,912 [ERROR] LogOutputStream:75 - [STDERR_REDIRECT] 
2025-12-11 19:18:30,952 [ERROR] LogOutputStream:75 - [STDERR_REDIRECT] [Fatal Error] :1:1: Premature end of file.
2025-12-11 19:18:30,952 [ERROR] LogOutputStream:75 - [STDERR_REDIRECT] 
2025-12-11 19:18:30,993 [ERROR] LogOutputStream:75 - [STDERR_REDIRECT] [Fatal Error] :1:1: Premature end of file.
2025-12-11 19:18:30,993 [ERROR] LogOutputStream:75 - [STDERR_REDIRECT] 
2025-12-11 19:18:31,033 [ERROR] LogOutputStream:75 - [STDERR_REDIRECT] [Fatal Error] :1:1: Premature end of file.
2025-12-11 19:18:31,033 [ERROR] LogOutputStream:75 - [STDERR_REDIRECT] 
2025-12-11 19:18:31,080 [ERROR] LogOutputStream:75 - [STDERR_REDIRECT] [Fatal Error] :1:1: Premature end of file.
2025-12-11 19:18:31,080 [ERROR] LogOutputStream:75 - [STDERR_REDIRECT] 
2025-12-11 19:18:31,123 [ERROR] LogOutputStream:75 - [STDERR_REDIRECT] [Fatal Error] :1:1: Premature end of file.
2025-12-11 19:18:31,123 [ERROR] LogOutputStream:75 - [STDERR_REDIRECT] 
2025-12-11 19:18:31,162 [ERROR] LogOutputStream:75 - [STDERR_REDIRECT] [Fatal Error] :1:1: Premature end of file.
2025-12-11 19:18:31,162 [ERROR] LogOutputStream:75 - [STDERR_REDIRECT] 
2025-12-11 19:18:31,206 [ERROR] LogOutputStream:75 - [STDERR_REDIRECT] [Fatal Error] :1:1: Premature end of file.
2025-12-11 19:18:31,206 [ERROR] LogOutputStream:75 - [STDERR_REDIRECT] 
2025-12-11 19:18:31,247 [ERROR] LogOutputStream:75 - [STDERR_REDIRECT] [Fatal Error] :1:1: Premature end of file.
2025-12-11 19:18:31,247 [ERROR] LogOutputStream:75 - [STDERR_REDIRECT] 
2025-12-11 19:18:31,289 [ERROR] LogOutputStream:75 - [STDERR_REDIRECT] [Fatal Error] :1:1: Premature end of file.
2025-12-11 19:18:31,289 [ERROR] LogOutputStream:75 - [STDERR_REDIRECT] 
2025-12-11 19:18:31,325 [ERROR] LogOutputStream:75 - [STDERR_REDIRECT] [Fatal Error] :1:1: Premature end of file.
2025-12-11 19:18:31,325 [ERROR] LogOutputStream:75 - [STDERR_REDIRECT] 
2025-12-11 19:18:31,372 [ERROR] LogOutputStream:75 - [STDERR_REDIRECT] [Fatal Error] :1:1: Premature end of file.
2025-12-11 19:18:31,372 [ERROR] LogOutputStream:75 - [STDERR_REDIRECT] 
2025-12-11 19:18:31,415 [ERROR] LogOutputStream:75 - [STDERR_REDIRECT] [Fatal Error] :1:1: Premature end of file.
2025-12-11 19:18:31,415 [ERROR] LogOutputStream:75 - [STDERR_REDIRECT] 
2025-12-11 19:18:31,456 [ERROR] LogOutputStream:75 - [STDERR_REDIRECT] [Fatal Error] :1:1: Premature end of file.
2025-12-11 19:18:31,482 [ERROR] LogOutputStream:75 - [STDERR_REDIRECT] 
2025-12-11 19:18:31,524 [ERROR] LogOutputStream:75 - [STDERR_REDIRECT] [Fatal Error] :1:1: Premature end of file.
2025-12-11 19:18:31,524 [ERROR] LogOutputStream:75 - [STDERR_REDIRECT] 
2025-12-11 19:18:31,566 [ERROR] LogOutputStream:75 - [STDERR_REDIRECT] [Fatal Error] :1:1: Premature end of file.
2025-12-11 19:18:31,566 [ERROR] LogOutputStream:75 - [STDERR_REDIRECT] 
2025-12-11 19:18:31,605 [ERROR] LogOutputStream:75 - [STDERR_REDIRECT] [Fatal Error] :1:1: Premature end of file.
2025-12-11 19:18:31,605 [ERROR] LogOutputStream:75 - [STDERR_REDIRECT] 
2025-12-11 19:18:31,653 [ERROR] LogOutputStream:75 - [STDERR_REDIRECT] [Fatal Error] :1:1: Premature end of file.
2025-12-11 19:18:31,653 [ERROR] LogOutputStream:75 - [STDERR_REDIRECT] 
2025-12-11 19:18:31,692 [ERROR] LogOutputStream:75 - [STDERR_REDIRECT] [Fatal Error] :1:1: Premature end of file.
2025-12-11 19:18:31,692 [ERROR] LogOutputStream:75 - [STDERR_REDIRECT] 
2025-12-11 19:18:31,733 [ERROR] LogOutputStream:75 - [STDERR_REDIRECT] [Fatal Error] :1:1: Premature end of file.
2025-12-11 19:18:31,733 [ERROR] LogOutputStream:75 - [STDERR_REDIRECT] 
2025-12-11 19:18:31,774 [ERROR] LogOutputStream:75 - [STDERR_REDIRECT] [Fatal Error] :1:1: Premature end of file.
2025-12-11 19:18:31,774 [ERROR] LogOutputStream:75 - [STDERR_REDIRECT] 
2025-12-11 19:18:31,814 [ERROR] LogOutputStream:75 - [STDERR_REDIRECT] [Fatal Error] :1:1: Premature end of file.
2025-12-11 19:18:31,814 [ERROR] LogOutputStream:75 - [STDERR_REDIRECT] 
2025-12-11 19:18:31,864 [ERROR] LogOutputStream:75 - [STDERR_REDIRECT] [Fatal Error] :1:1: Premature end of file.
2025-12-11 19:18:31,864 [ERROR] LogOutputStream:75 - [STDERR_REDIRECT] 
2025-12-11 19:18:31,904 [ERROR] LogOutputStream:75 - [STDERR_REDIRECT] [Fatal Error] :1:1: Premature end of file.
2025-12-11 19:18:31,904 [ERROR] LogOutputStream:75 - [STDERR_REDIRECT] 
2025-12-11 19:18:31,945 [ERROR] LogOutputStream:75 - [STDERR_REDIRECT] [Fatal Error] :1:1: Premature end of file.
2025-12-11 19:18:31,945 [ERROR] LogOutputStream:75 - [STDERR_REDIRECT] 
2025-12-11 19:18:31,987 [ERROR] LogOutputStream:75 - [STDERR_REDIRECT] [Fatal Error] :1:1: Premature end of file.
2025-12-11 19:18:31,987 [ERROR] LogOutputStream:75 - [STDERR_REDIRECT] 
2025-12-11 19:18:32,033 [ERROR] LogOutputStream:75 - [STDERR_REDIRECT] [Fatal Error] :1:1: Premature end of file.
2025-12-11 19:18:32,033 [ERROR] LogOutputStream:75 - [STDERR_REDIRECT] 
2025-12-11 19:18:32,076 [ERROR] LogOutputStream:75 - [STDERR_REDIRECT] [Fatal Error] :1:1: Premature end of file.
2025-12-11 19:18:32,076 [ERROR] LogOutputStream:75 - [STDERR_REDIRECT] 
2025-12-11 19:18:32,117 [ERROR] LogOutputStream:75 - [STDERR_REDIRECT] [Fatal Error] :1:1: Premature end of file.
2025-12-11 19:18:32,117 [ERROR] LogOutputStream:75 - [STDERR_REDIRECT] 
2025-12-11 19:18:32,158 [ERROR] LogOutputStream:75 - [STDERR_REDIRECT] [Fatal Error] :1:1: Premature end of file.
2025-12-11 19:18:32,158 [ERROR] LogOutputStream:75 - [STDERR_REDIRECT] 
2025-12-11 19:18:32,199 [ERROR] LogOutputStream:75 - [STDERR_REDIRECT] [Fatal Error] :1:1: Premature end of file.
2025-12-11 19:18:32,199 [ERROR] LogOutputStream:75 - [STDERR_REDIRECT] 
2025-12-11 19:18:32,242 [ERROR] LogOutputStream:75 - [STDERR_REDIRECT] [Fatal Error] :1:1: Premature end of file.
2025-12-11 19:18:32,242 [ERROR] LogOutputStream:75 - [STDERR_REDIRECT] 
2025-12-11 19:18:32,285 [ERROR] LogOutputStream:75 - [STDERR_REDIRECT] [Fatal Error] :1:1: Premature end of file.
2025-12-11 19:18:32,285 [ERROR] LogOutputStream:75 - [STDERR_REDIRECT] 
2025-12-11 19:18:32,322 [ERROR] LogOutputStream:75 - [STDERR_REDIRECT] [Fatal Error] :1:1: Premature end of file.
2025-12-11 19:18:32,322 [ERROR] LogOutputStream:75 - [STDERR_REDIRECT] 
2025-12-11 19:18:32,371 [ERROR] LogOutputStream:75 - [STDERR_REDIRECT] [Fatal Error] :1:1: Premature end of file.
2025-12-11 19:18:32,371 [ERROR] LogOutputStream:75 - [STDERR_REDIRECT] 
2025-12-11 19:18:32,412 [ERROR] LogOutputStream:75 - [STDERR_REDIRECT] [Fatal Error] :1:1: Premature end of file.
2025-12-11 19:18:32,412 [ERROR] LogOutputStream:75 - [STDERR_REDIRECT] 
2025-12-11 19:18:32,453 [ERROR] LogOutputStream:75 - [STDERR_REDIRECT] [Fatal Error] :1:1: Premature end of file.
2025-12-11 19:18:32,453 [ERROR] LogOutputStream:75 - [STDERR_REDIRECT] 
2025-12-11 19:18:32,498 [ERROR] LogOutputStream:75 - [STDERR_REDIRECT] [Fatal Error] :1:1: Premature end of file.
2025-12-11 19:18:32,498 [ERROR] LogOutputStream:75 - [STDERR_REDIRECT] 
2025-12-11 19:18:32,540 [ERROR] LogOutputStream:75 - [STDERR_REDIRECT] [Fatal Error] :1:1: Premature end of file.
2025-12-11 19:18:32,541 [ERROR] LogOutputStream:75 - [STDERR_REDIRECT] 
2025-12-11 19:18:32,581 [ERROR] LogOutputStream:75 - [STDERR_REDIRECT] [Fatal Error] :1:1: Premature end of file.
2025-12-11 19:18:32,581 [ERROR] LogOutputStream:75 - [STDERR_REDIRECT] 
2025-12-11 19:18:32,626 [ERROR] LogOutputStream:75 - [STDERR_REDIRECT] [Fatal Error] :1:1: Premature end of file.
2025-12-11 19:18:32,626 [ERROR] LogOutputStream:75 - [STDERR_REDIRECT] 
2025-12-11 19:18:32,667 [ERROR] LogOutputStream:75 - [STDERR_REDIRECT] [Fatal Error] :1:1: Premature end of file.
2025-12-11 19:18:32,667 [ERROR] LogOutputStream:75 - [STDERR_REDIRECT] 
2025-12-11 19:18:32,712 [ERROR] LogOutputStream:75 - [STDERR_REDIRECT] [Fatal Error] :1:1: Premature end of file.
2025-12-11 19:18:32,713 [ERROR] LogOutputStream:75 - [STDERR_REDIRECT] 
2025-12-11 19:18:32,754 [ERROR] LogOutputStream:75 - [STDERR_REDIRECT] [Fatal Error] :1:1: Premature end of file.
2025-12-11 19:18:32,754 [ERROR] LogOutputStream:75 - [STDERR_REDIRECT] 
2025-12-11 19:18:32,795 [ERROR] LogOutputStream:75 - [STDERR_REDIRECT] [Fatal Error] :1:1: Premature end of file.
2025-12-11 19:18:32,797 [ERROR] LogOutputStream:75 - [STDERR_REDIRECT] 
2025-12-11 19:18:32,836 [ERROR] LogOutputStream:75 - [STDERR_REDIRECT] [Fatal Error] :1:1: Premature end of file.
2025-12-11 19:18:32,836 [ERROR] LogOutputStream:75 - [STDERR_REDIRECT] 
2025-12-11 19:18:32,877 [ERROR] LogOutputStream:75 - [STDERR_REDIRECT] [Fatal Error] :1:1: Premature end of file.
2025-12-11 19:18:32,877 [ERROR] LogOutputStream:75 - [STDERR_REDIRECT] 
2025-12-11 19:18:32,918 [ERROR] LogOutputStream:75 - [STDERR_REDIRECT] [Fatal Error] :1:1: Premature end of file.
2025-12-11 19:18:32,918 [ERROR] LogOutputStream:75 - [STDERR_REDIRECT] 
2025-12-11 19:18:32,959 [ERROR] LogOutputStream:75 - [STDERR_REDIRECT] [Fatal Error] :1:1: Premature end of file.
2025-12-11 19:18:32,959 [ERROR] LogOutputStream:75 - [STDERR_REDIRECT] 
2025-12-11 19:18:32,999 [ERROR] LogOutputStream:75 - [STDERR_REDIRECT] [Fatal Error] :1:1: Premature end of file.
2025-12-11 19:18:32,999 [ERROR] LogOutputStream:75 - [STDERR_REDIRECT] 
2025-12-11 19:18:33,039 [ERROR] LogOutputStream:75 - [STDERR_REDIRECT] [Fatal Error] :1:1: Premature end of file.
2025-12-11 19:18:33,039 [ERROR] LogOutputStream:75 - [STDERR_REDIRECT] 
2025-12-11 19:18:33,080 [ERROR] LogOutputStream:75 - [STDERR_REDIRECT] [Fatal Error] :1:1: Premature end of file.
2025-12-11 19:18:33,080 [ERROR] LogOutputStream:75 - [STDERR_REDIRECT] 
2025-12-11 19:18:33,129 [ERROR] LogOutputStream:75 - [STDERR_REDIRECT] [Fatal Error] :1:1: Premature end of file.
2025-12-11 19:18:33,129 [ERROR] LogOutputStream:75 - [STDERR_REDIRECT] 
2025-12-11 19:18:33,171 [ERROR] LogOutputStream:75 - [STDERR_REDIRECT] [Fatal Error] :1:1: Premature end of file.
2025-12-11 19:18:33,171 [ERROR] LogOutputStream:75 - [STDERR_REDIRECT] 
2025-12-11 19:18:33,212 [ERROR] LogOutputStream:75 - [STDERR_REDIRECT] [Fatal Error] :1:1: Premature end of file.
2025-12-11 19:18:33,212 [ERROR] LogOutputStream:75 - [STDERR_REDIRECT] 
2025-12-11 19:18:33,254 [ERROR] LogOutputStream:75 - [STDERR_REDIRECT] [Fatal Error] :1:1: Premature end of file.
2025-12-11 19:18:33,254 [ERROR] LogOutputStream:75 - [STDERR_REDIRECT] 
2025-12-11 19:18:33,295 [ERROR] LogOutputStream:75 - [STDERR_REDIRECT] [Fatal Error] :1:1: Premature end of file.
2025-12-11 19:18:33,299 [ERROR] LogOutputStream:75 - [STDERR_REDIRECT] 
2025-12-11 19:18:33,341 [ERROR] LogOutputStream:75 - [STDERR_REDIRECT] [Fatal Error] :1:1: Premature end of file.
2025-12-11 19:18:33,341 [ERROR] LogOutputStream:75 - [STDERR_REDIRECT] 
2025-12-11 19:18:33,382 [ERROR] LogOutputStream:75 - [STDERR_REDIRECT] [Fatal Error] :1:1: Premature end of file.
2025-12-11 19:18:33,382 [ERROR] LogOutputStream:75 - [STDERR_REDIRECT] 
2025-12-11 19:18:33,426 [ERROR] LogOutputStream:75 - [STDERR_REDIRECT] [Fatal Error] :1:1: Premature end of file.
2025-12-11 19:18:33,499 [ERROR] LogOutputStream:75 - [STDERR_REDIRECT] 
2025-12-11 19:18:33,539 [ERROR] LogOutputStream:75 - [STDERR_REDIRECT] [Fatal Error] :1:1: Premature end of file.
2025-12-11 19:18:33,539 [ERROR] LogOutputStream:75 - [STDERR_REDIRECT] 
2025-12-11 19:18:33,579 [ERROR] LogOutputStream:75 - [STDERR_REDIRECT] [Fatal Error] :1:1: Premature end of file.
2025-12-11 19:18:33,579 [ERROR] LogOutputStream:75 - [STDERR_REDIRECT] 
2025-12-11 19:18:33,628 [ERROR] LogOutputStream:75 - [STDERR_REDIRECT] [Fatal Error] :1:1: Premature end of file.
2025-12-11 19:18:33,628 [ERROR] LogOutputStream:75 - [STDERR_REDIRECT] 
2025-12-11 19:18:33,669 [ERROR] LogOutputStream:75 - [STDERR_REDIRECT] [Fatal Error] :1:1: Premature end of file.
2025-12-11 19:18:33,669 [ERROR] LogOutputStream:75 - [STDERR_REDIRECT] 
2025-12-11 19:18:33,709 [ERROR] LogOutputStream:75 - [STDERR_REDIRECT] [Fatal Error] :1:1: Premature end of file.
2025-12-11 19:18:33,709 [ERROR] LogOutputStream:75 - [STDERR_REDIRECT] 
2025-12-11 19:18:33,756 [ERROR] LogOutputStream:75 - [STDERR_REDIRECT] [Fatal Error] :1:1: Premature end of file.
2025-12-11 19:18:33,756 [ERROR] LogOutputStream:75 - [STDERR_REDIRECT] 
2025-12-11 19:18:33,794 [ERROR] LogOutputStream:75 - [STDERR_REDIRECT] [Fatal Error] :1:1: Premature end of file.
2025-12-11 19:18:33,794 [ERROR] LogOutputStream:75 - [STDERR_REDIRECT] 
2025-12-11 19:18:33,832 [ERROR] LogOutputStream:75 - [STDERR_REDIRECT] [Fatal Error] :1:1: Premature end of file.
2025-12-11 19:18:33,840 [ERROR] LogOutputStream:75 - [STDERR_REDIRECT] 
2025-12-11 19:18:33,881 [ERROR] LogOutputStream:75 - [STDERR_REDIRECT] [Fatal Error] :1:1: Premature end of file.
2025-12-11 19:18:33,881 [ERROR] LogOutputStream:75 - [STDERR_REDIRECT] 
2025-12-11 19:18:33,924 [ERROR] LogOutputStream:75 - [STDERR_REDIRECT] [Fatal Error] :1:1: Premature end of file.
2025-12-11 19:18:33,924 [ERROR] LogOutputStream:75 - [STDERR_REDIRECT] 
2025-12-11 19:18:33,963 [ERROR] LogOutputStream:75 - [STDERR_REDIRECT] [Fatal Error] :1:1: Premature end of file.
2025-12-11 19:18:33,963 [ERROR] LogOutputStream:75 - [STDERR_REDIRECT] 
2025-12-11 19:18:34,004 [ERROR] LogOutputStream:75 - [STDERR_REDIRECT] [Fatal Error] :1:1: Premature end of file.
2025-12-11 19:18:34,004 [ERROR] LogOutputStream:75 - [STDERR_REDIRECT] 
2025-12-11 19:18:34,048 [ERROR] LogOutputStream:75 - [STDERR_REDIRECT] [Fatal Error] :1:1: Premature end of file.
2025-12-11 19:18:34,052 [ERROR] LogOutputStream:75 - [STDERR_REDIRECT] 
2025-12-11 19:18:34,093 [ERROR] LogOutputStream:75 - [STDERR_REDIRECT] [Fatal Error] :1:1: Premature end of file.
2025-12-11 19:18:34,093 [ERROR] LogOutputStream:75 - [STDERR_REDIRECT] 
2025-12-11 19:18:34,134 [ERROR] LogOutputStream:75 - [STDERR_REDIRECT] [Fatal Error] :1:1: Premature end of file.
2025-12-11 19:18:34,134 [ERROR] LogOutputStream:75 - [STDERR_REDIRECT] 
2025-12-11 19:18:34,175 [ERROR] LogOutputStream:75 - [STDERR_REDIRECT] [Fatal Error] :1:1: Premature end of file.
2025-12-11 19:18:34,175 [ERROR] LogOutputStream:75 - [STDERR_REDIRECT] 
2025-12-11 19:18:34,217 [ERROR] LogOutputStream:75 - [STDERR_REDIRECT] [Fatal Error] :1:1: Premature end of file.
2025-12-11 19:18:34,217 [ERROR] LogOutputStream:75 - [STDERR_REDIRECT] 
2025-12-11 19:18:34,260 [ERROR] LogOutputStream:75 - [STDERR_REDIRECT] [Fatal Error] :1:1: Premature end of file.
2025-12-11 19:18:34,260 [ERROR] LogOutputStream:75 - [STDERR_REDIRECT] 
2025-12-11 19:18:34,300 [ERROR] LogOutputStream:75 - [STDERR_REDIRECT] [Fatal Error] :1:1: Premature end of file.
2025-12-11 19:18:34,300 [ERROR] LogOutputStream:75 - [STDERR_REDIRECT] 
2025-12-11 19:18:34,340 [ERROR] LogOutputStream:75 - [STDERR_REDIRECT] [Fatal Error] :1:1: Premature end of file.
2025-12-11 19:18:34,340 [ERROR] LogOutputStream:75 - [STDERR_REDIRECT] 
2025-12-11 19:18:34,383 [ERROR] LogOutputStream:75 - [STDERR_REDIRECT] [Fatal Error] :1:1: Premature end of file.
2025-12-11 19:18:34,383 [ERROR] LogOutputStream:75 - [STDERR_REDIRECT] 
2025-12-11 19:18:34,426 [ERROR] LogOutputStream:75 - [STDERR_REDIRECT] [Fatal Error] :1:1: Premature end of file.
2025-12-11 19:18:34,426 [ERROR] LogOutputStream:75 - [STDERR_REDIRECT] 
2025-12-11 19:18:34,466 [ERROR] LogOutputStream:75 - [STDERR_REDIRECT] [Fatal Error] :1:1: Premature end of file.
2025-12-11 19:18:34,466 [ERROR] LogOutputStream:75 - [STDERR_REDIRECT] 
2025-12-11 19:18:34,511 [ERROR] LogOutputStream:75 - [STDERR_REDIRECT] [Fatal Error] :1:1: Premature end of file.
2025-12-11 19:18:34,511 [ERROR] LogOutputStream:75 - [STDERR_REDIRECT] 
2025-12-11 19:18:34,555 [ERROR] LogOutputStream:75 - [STDERR_REDIRECT] [Fatal Error] :1:1: Premature end of file.
2025-12-11 19:18:34,555 [ERROR] LogOutputStream:75 - [STDERR_REDIRECT] 
2025-12-11 19:18:34,592 [ERROR] LogOutputStream:75 - [STDERR_REDIRECT] [Fatal Error] :1:1: Premature end of file.
2025-12-11 19:18:34,592 [ERROR] LogOutputStream:75 - [STDERR_REDIRECT] 
2025-12-11 19:18:34,641 [ERROR] LogOutputStream:75 - [STDERR_REDIRECT] [Fatal Error] :1:1: Premature end of file.
2025-12-11 19:18:34,641 [ERROR] LogOutputStream:75 - [STDERR_REDIRECT] 
2025-12-11 19:18:34,684 [ERROR] LogOutputStream:75 - [STDERR_REDIRECT] [Fatal Error] :1:1: Premature end of file.
2025-12-11 19:18:34,684 [ERROR] LogOutputStream:75 - [STDERR_REDIRECT] 
2025-12-11 19:18:34,728 [ERROR] LogOutputStream:75 - [STDERR_REDIRECT] [Fatal Error] :1:1: Premature end of file.
2025-12-11 19:18:34,728 [ERROR] LogOutputStream:75 - [STDERR_REDIRECT] 
2025-12-11 19:18:34,773 [ERROR] LogOutputStream:75 - [STDERR_REDIRECT] [Fatal Error] :1:1: Premature end of file.
2025-12-11 19:18:34,773 [ERROR] LogOutputStream:75 - [STDERR_REDIRECT] 
2025-12-11 19:18:34,813 [ERROR] LogOutputStream:75 - [STDERR_REDIRECT] [Fatal Error] :1:1: Premature end of file.
2025-12-11 19:18:34,813 [ERROR] LogOutputStream:75 - [STDERR_REDIRECT] 
2025-12-11 19:18:34,854 [ERROR] LogOutputStream:75 - [STDERR_REDIRECT] [Fatal Error] :1:1: Premature end of file.
2025-12-11 19:18:34,854 [ERROR] LogOutputStream:75 - [STDERR_REDIRECT] 
2025-12-11 19:18:34,901 [ERROR] LogOutputStream:75 - [STDERR_REDIRECT] [Fatal Error] :1:1: Premature end of file.
2025-12-11 19:18:34,901 [ERROR] LogOutputStream:75 - [STDERR_REDIRECT] 
2025-12-11 19:18:34,944 [ERROR] LogOutputStream:75 - [STDERR_REDIRECT] [Fatal Error] :1:1: Premature end of file.
2025-12-11 19:18:34,944 [ERROR] LogOutputStream:75 - [STDERR_REDIRECT] 
2025-12-11 19:18:34,985 [ERROR] LogOutputStream:75 - [STDERR_REDIRECT] [Fatal Error] :1:1: Premature end of file.
2025-12-11 19:18:34,985 [ERROR] LogOutputStream:75 - [STDERR_REDIRECT] 
2025-12-11 19:18:35,027 [ERROR] LogOutputStream:75 - [STDERR_REDIRECT] [Fatal Error] :1:1: Premature end of file.
2025-12-11 19:18:35,027 [ERROR] LogOutputStream:75 - [STDERR_REDIRECT] 
2025-12-11 19:18:35,069 [ERROR] LogOutputStream:75 - [STDERR_REDIRECT] [Fatal Error] :1:1: Premature end of file.
2025-12-11 19:18:35,069 [ERROR] LogOutputStream:75 - [STDERR_REDIRECT] 
2025-12-11 19:18:35,107 [ERROR] LogOutputStream:75 - [STDERR_REDIRECT] [Fatal Error] :1:1: Premature end of file.
2025-12-11 19:18:35,107 [ERROR] LogOutputStream:75 - [STDERR_REDIRECT] 
2025-12-11 19:18:35,151 [ERROR] LogOutputStream:75 - [STDERR_REDIRECT] [Fatal Error] :1:1: Premature end of file.
2025-12-11 19:18:35,151 [ERROR] LogOutputStream:75 - [STDERR_REDIRECT] 
2025-12-11 19:18:35,193 [ERROR] LogOutputStream:75 - [STDERR_REDIRECT] [Fatal Error] :1:1: Premature end of file.
2025-12-11 19:18:35,193 [ERROR] LogOutputStream:75 - [STDERR_REDIRECT] 
2025-12-11 19:18:35,237 [ERROR] LogOutputStream:75 - [STDERR_REDIRECT] [Fatal Error] :1:1: Premature end of file.
2025-12-11 19:18:35,237 [ERROR] LogOutputStream:75 - [STDERR_REDIRECT] 
2025-12-11 19:18:35,278 [ERROR] LogOutputStream:75 - [STDERR_REDIRECT] [Fatal Error] :1:1: Premature end of file.
2025-12-11 19:18:35,278 [ERROR] LogOutputStream:75 - [STDERR_REDIRECT] 
2025-12-11 19:18:35,318 [ERROR] LogOutputStream:75 - [STDERR_REDIRECT] [Fatal Error] :1:1: Premature end of file.
2025-12-11 19:18:35,318 [ERROR] LogOutputStream:75 - [STDERR_REDIRECT] 
2025-12-11 19:18:35,366 [ERROR] LogOutputStream:75 - [STDERR_REDIRECT] [Fatal Error] :1:1: Premature end of file.
2025-12-11 19:18:35,366 [ERROR] LogOutputStream:75 - [STDERR_REDIRECT] 
2025-12-11 19:18:35,408 [ERROR] LogOutputStream:75 - [STDERR_REDIRECT] [Fatal Error] :1:1: Premature end of file.
2025-12-11 19:18:35,408 [ERROR] LogOutputStream:75 - [STDERR_REDIRECT] 
2025-12-11 19:18:35,453 [ERROR] LogOutputStream:75 - [STDERR_REDIRECT] [Fatal Error] :1:1: Premature end of file.
2025-12-11 19:18:35,494 [ERROR] LogOutputStream:75 - [STDERR_REDIRECT] 
2025-12-11 19:18:35,538 [ERROR] LogOutputStream:75 - [STDERR_REDIRECT] [Fatal Error] :1:1: Premature end of file.
2025-12-11 19:18:35,538 [ERROR] LogOutputStream:75 - [STDERR_REDIRECT] 
2025-12-11 19:18:35,578 [ERROR] LogOutputStream:75 - [STDERR_REDIRECT] [Fatal Error] :1:1: Premature end of file.
2025-12-11 19:18:35,578 [ERROR] LogOutputStream:75 - [STDERR_REDIRECT] 
2025-12-11 19:18:35,623 [ERROR] LogOutputStream:75 - [STDERR_REDIRECT] [Fatal Error] :1:1: Premature end of file.
2025-12-11 19:18:35,623 [ERROR] LogOutputStream:75 - [STDERR_REDIRECT] 
2025-12-11 19:18:35,666 [ERROR] LogOutputStream:75 - [STDERR_REDIRECT] [Fatal Error] :1:1: Premature end of file.
2025-12-11 19:18:35,666 [ERROR] LogOutputStream:75 - [STDERR_REDIRECT] 
2025-12-11 19:18:35,705 [ERROR] LogOutputStream:75 - [STDERR_REDIRECT] [Fatal Error] :1:1: Premature end of file.
2025-12-11 19:18:35,705 [ERROR] LogOutputStream:75 - [STDERR_REDIRECT] 
2025-12-11 19:18:35,747 [ERROR] LogOutputStream:75 - [STDERR_REDIRECT] [Fatal Error] :1:1: Premature end of file.
2025-12-11 19:18:35,747 [ERROR] LogOutputStream:75 - [STDERR_REDIRECT] 
2025-12-11 19:18:35,793 [ERROR] LogOutputStream:75 - [STDERR_REDIRECT] [Fatal Error] :1:1: Premature end of file.
2025-12-11 19:18:35,793 [ERROR] LogOutputStream:75 - [STDERR_REDIRECT] 
2025-12-11 19:18:35,837 [ERROR] LogOutputStream:75 - [STDERR_REDIRECT] [Fatal Error] :1:1: Premature end of file.
2025-12-11 19:18:35,837 [ERROR] LogOutputStream:75 - [STDERR_REDIRECT] 
2025-12-11 19:18:35,877 [ERROR] LogOutputStream:75 - [STDERR_REDIRECT] [Fatal Error] :1:1: Premature end of file.
2025-12-11 19:18:35,877 [ERROR] LogOutputStream:75 - [STDERR_REDIRECT] 
2025-12-11 19:18:35,924 [ERROR] LogOutputStream:75 - [STDERR_REDIRECT] [Fatal Error] :1:1: Premature end of file.
2025-12-11 19:18:35,924 [ERROR] LogOutputStream:75 - [STDERR_REDIRECT] 
2025-12-11 19:18:35,965 [ERROR] LogOutputStream:75 - [STDERR_REDIRECT] [Fatal Error] :1:1: Premature end of file.
2025-12-11 19:18:35,965 [ERROR] LogOutputStream:75 - [STDERR_REDIRECT] 
2025-12-11 19:18:36,008 [ERROR] LogOutputStream:75 - [STDERR_REDIRECT] [Fatal Error] :1:1: Premature end of file.
2025-12-11 19:18:36,008 [ERROR] LogOutputStream:75 - [STDERR_REDIRECT] 
2025-12-11 19:18:36,046 [ERROR] LogOutputStream:75 - [STDERR_REDIRECT] [Fatal Error] :1:1: Premature end of file.
2025-12-11 19:18:36,046 [ERROR] LogOutputStream:75 - [STDERR_REDIRECT] 
2025-12-11 19:18:36,088 [ERROR] LogOutputStream:75 - [STDERR_REDIRECT] [Fatal Error] :1:1: Premature end of file.
2025-12-11 19:18:36,088 [ERROR] LogOutputStream:75 - [STDERR_REDIRECT] 
2025-12-11 19:18:36,136 [ERROR] LogOutputStream:75 - [STDERR_REDIRECT] [Fatal Error] :1:1: Premature end of file.
2025-12-11 19:18:36,136 [ERROR] LogOutputStream:75 - [STDERR_REDIRECT] 
2025-12-11 19:18:36,177 [ERROR] LogOutputStream:75 - [STDERR_REDIRECT] [Fatal Error] :1:1: Premature end of file.
2025-12-11 19:18:36,177 [ERROR] LogOutputStream:75 - [STDERR_REDIRECT] 
2025-12-11 19:18:36,218 [ERROR] LogOutputStream:75 - [STDERR_REDIRECT] [Fatal Error] :1:1: Premature end of file.
2025-12-11 19:18:36,218 [ERROR] LogOutputStream:75 - [STDERR_REDIRECT] 
2025-12-11 19:18:36,260 [ERROR] LogOutputStream:75 - [STDERR_REDIRECT] [Fatal Error] :1:1: Premature end of file.
2025-12-11 19:18:36,260 [ERROR] LogOutputStream:75 - [STDERR_REDIRECT] 
2025-12-11 19:18:36,302 [ERROR] LogOutputStream:75 - [STDERR_REDIRECT] [Fatal Error] :1:1: Premature end of file.
2025-12-11 19:18:36,302 [ERROR] LogOutputStream:75 - [STDERR_REDIRECT] 
2025-12-11 19:18:36,348 [ERROR] LogOutputStream:75 - [STDERR_REDIRECT] [Fatal Error] :1:1: Premature end of file.
2025-12-11 19:18:36,348 [ERROR] LogOutputStream:75 - [STDERR_REDIRECT] 
2025-12-11 19:18:36,389 [ERROR] LogOutputStream:75 - [STDERR_REDIRECT] [Fatal Error] :1:1: Premature end of file.
2025-12-11 19:18:36,389 [ERROR] LogOutputStream:75 - [STDERR_REDIRECT] 
2025-12-11 19:18:36,433 [ERROR] LogOutputStream:75 - [STDERR_REDIRECT] [Fatal Error] :1:1: Premature end of file.
2025-12-11 19:18:36,433 [ERROR] LogOutputStream:75 - [STDERR_REDIRECT] 
2025-12-11 19:18:36,471 [ERROR] LogOutputStream:75 - [STDERR_REDIRECT] [Fatal Error] :1:1: Premature end of file.
2025-12-11 19:18:36,471 [ERROR] LogOutputStream:75 - [STDERR_REDIRECT] 
2025-12-11 19:18:36,515 [ERROR] LogOutputStream:75 - [STDERR_REDIRECT] [Fatal Error] :1:1: Premature end of file.
2025-12-11 19:18:36,515 [ERROR] LogOutputStream:75 - [STDERR_REDIRECT] 
2025-12-11 19:18:36,559 [ERROR] LogOutputStream:75 - [STDERR_REDIRECT] [Fatal Error] :1:1: Premature end of file.
2025-12-11 19:18:36,559 [ERROR] LogOutputStream:75 - [STDERR_REDIRECT] 
2025-12-11 19:18:36,600 [ERROR] LogOutputStream:75 - [STDERR_REDIRECT] [Fatal Error] :1:1: Premature end of file.
2025-12-11 19:18:36,600 [ERROR] LogOutputStream:75 - [STDERR_REDIRECT] 
2025-12-11 19:18:36,643 [ERROR] LogOutputStream:75 - [STDERR_REDIRECT] [Fatal Error] :1:1: Premature end of file.
2025-12-11 19:18:36,643 [ERROR] LogOutputStream:75 - [STDERR_REDIRECT] 
2025-12-11 19:18:36,686 [ERROR] LogOutputStream:75 - [STDERR_REDIRECT] [Fatal Error] :1:1: Premature end of file.
2025-12-11 19:18:36,686 [ERROR] LogOutputStream:75 - [STDERR_REDIRECT] 
2025-12-11 19:18:36,722 [ERROR] LogOutputStream:75 - [STDERR_REDIRECT] [Fatal Error] :1:1: Premature end of file.
2025-12-11 19:18:36,722 [ERROR] LogOutputStream:75 - [STDERR_REDIRECT] 
2025-12-11 19:18:36,772 [ERROR] LogOutputStream:75 - [STDERR_REDIRECT] [Fatal Error] :1:1: Premature end of file.
2025-12-11 19:18:36,772 [ERROR] LogOutputStream:75 - [STDERR_REDIRECT] 
2025-12-11 19:18:36,814 [ERROR] LogOutputStream:75 - [STDERR_REDIRECT] [Fatal Error] :1:1: Premature end of file.
2025-12-11 19:18:36,814 [ERROR] LogOutputStream:75 - [STDERR_REDIRECT] 
2025-12-11 19:18:36,851 [ERROR] LogOutputStream:75 - [STDERR_REDIRECT] [Fatal Error] :1:1: Premature end of file.
2025-12-11 19:18:36,851 [ERROR] LogOutputStream:75 - [STDERR_REDIRECT] 
2025-12-11 19:18:36,900 [ERROR] LogOutputStream:75 - [STDERR_REDIRECT] [Fatal Error] :1:1: Premature end of file.
2025-12-11 19:18:36,900 [ERROR] LogOutputStream:75 - [STDERR_REDIRECT] 
2025-12-11 19:18:36,946 [ERROR] LogOutputStream:75 - [STDERR_REDIRECT] [Fatal Error] :1:1: Premature end of file.
2025-12-11 19:18:36,946 [ERROR] LogOutputStream:75 - [STDERR_REDIRECT] 
2025-12-11 19:18:36,989 [ERROR] LogOutputStream:75 - [STDERR_REDIRECT] [Fatal Error] :1:1: Premature end of file.
2025-12-11 19:18:36,989 [ERROR] LogOutputStream:75 - [STDERR_REDIRECT] 
2025-12-11 19:18:37,030 [ERROR] LogOutputStream:75 - [STDERR_REDIRECT] [Fatal Error] :1:1: Premature end of file.
2025-12-11 19:18:37,030 [ERROR] LogOutputStream:75 - [STDERR_REDIRECT] 
2025-12-11 19:18:37,070 [ERROR] LogOutputStream:75 - [STDERR_REDIRECT] [Fatal Error] :1:1: Premature end of file.
2025-12-11 19:18:37,070 [ERROR] LogOutputStream:75 - [STDERR_REDIRECT] 
2025-12-11 19:18:37,111 [ERROR] LogOutputStream:75 - [STDERR_REDIRECT] [Fatal Error] :1:1: Premature end of file.
2025-12-11 19:18:37,111 [ERROR] LogOutputStream:75 - [STDERR_REDIRECT] 
2025-12-11 19:18:37,160 [ERROR] LogOutputStream:75 - [STDERR_REDIRECT] [Fatal Error] :1:1: Premature end of file.
2025-12-11 19:18:37,160 [ERROR] LogOutputStream:75 - [STDERR_REDIRECT] 
2025-12-11 19:18:37,203 [ERROR] LogOutputStream:75 - [STDERR_REDIRECT] [Fatal Error] :1:1: Premature end of file.
2025-12-11 19:18:37,203 [ERROR] LogOutputStream:75 - [STDERR_REDIRECT] 
2025-12-11 19:18:37,241 [ERROR] LogOutputStream:75 - [STDERR_REDIRECT] [Fatal Error] :1:1: Premature end of file.
2025-12-11 19:18:37,241 [ERROR] LogOutputStream:75 - [STDERR_REDIRECT] 
2025-12-11 19:18:37,284 [ERROR] LogOutputStream:75 - [STDERR_REDIRECT] [Fatal Error] :1:1: Premature end of file.
2025-12-11 19:18:37,284 [ERROR] LogOutputStream:75 - [STDERR_REDIRECT] 
2025-12-11 19:18:37,322 [ERROR] LogOutputStream:75 - [STDERR_REDIRECT] [Fatal Error] :1:1: Premature end of file.
2025-12-11 19:18:37,322 [ERROR] LogOutputStream:75 - [STDERR_REDIRECT] 
2025-12-11 19:18:37,371 [ERROR] LogOutputStream:75 - [STDERR_REDIRECT] [Fatal Error] :1:1: Premature end of file.
2025-12-11 19:18:37,371 [ERROR] LogOutputStream:75 - [STDERR_REDIRECT] 
2025-12-11 19:18:37,412 [ERROR] LogOutputStream:75 - [STDERR_REDIRECT] [Fatal Error] :1:1: Premature end of file.
2025-12-11 19:18:37,412 [ERROR] LogOutputStream:75 - [STDERR_REDIRECT] 
2025-12-11 19:18:37,458 [ERROR] LogOutputStream:75 - [STDERR_REDIRECT] [Fatal Error] :1:1: Premature end of file.
2025-12-11 19:18:37,502 [ERROR] LogOutputStream:75 - [STDERR_REDIRECT] 
2025-12-11 19:18:37,546 [ERROR] LogOutputStream:75 - [STDERR_REDIRECT] [Fatal Error] :1:1: Premature end of file.
2025-12-11 19:18:37,546 [ERROR] LogOutputStream:75 - [STDERR_REDIRECT] 
2025-12-11 19:18:37,588 [ERROR] LogOutputStream:75 - [STDERR_REDIRECT] [Fatal Error] :1:1: Premature end of file.
2025-12-11 19:18:37,588 [ERROR] LogOutputStream:75 - [STDERR_REDIRECT] 
2025-12-11 19:18:37,629 [ERROR] LogOutputStream:75 - [STDERR_REDIRECT] [Fatal Error] :1:1: Premature end of file.
2025-12-11 19:18:37,629 [ERROR] LogOutputStream:75 - [STDERR_REDIRECT] 
2025-12-11 19:18:37,676 [ERROR] LogOutputStream:75 - [STDERR_REDIRECT] [Fatal Error] :1:1: Premature end of file.
2025-12-11 19:18:37,676 [ERROR] LogOutputStream:75 - [STDERR_REDIRECT] 
2025-12-11 19:18:37,717 [ERROR] LogOutputStream:75 - [STDERR_REDIRECT] [Fatal Error] :1:1: Premature end of file.
2025-12-11 19:18:37,717 [ERROR] LogOutputStream:75 - [STDERR_REDIRECT] 
2025-12-11 19:18:37,761 [ERROR] LogOutputStream:75 - [STDERR_REDIRECT] [Fatal Error] :1:1: Premature end of file.
2025-12-11 19:18:37,761 [ERROR] LogOutputStream:75 - [STDERR_REDIRECT] 
2025-12-11 19:18:37,806 [ERROR] LogOutputStream:75 - [STDERR_REDIRECT] [Fatal Error] :1:1: Premature end of file.
2025-12-11 19:18:37,806 [ERROR] LogOutputStream:75 - [STDERR_REDIRECT] 
2025-12-11 19:18:37,847 [ERROR] LogOutputStream:75 - [STDERR_REDIRECT] [Fatal Error] :1:1: Premature end of file.
2025-12-11 19:18:37,847 [ERROR] LogOutputStream:75 - [STDERR_REDIRECT] 
2025-12-11 19:18:37,887 [ERROR] LogOutputStream:75 - [STDERR_REDIRECT] [Fatal Error] :1:1: Premature end of file.
2025-12-11 19:18:37,887 [ERROR] LogOutputStream:75 - [STDERR_REDIRECT] 
2025-12-11 19:18:37,929 [ERROR] LogOutputStream:75 - [STDERR_REDIRECT] [Fatal Error] :1:1: Premature end of file.
2025-12-11 19:18:37,929 [ERROR] LogOutputStream:75 - [STDERR_REDIRECT] 
2025-12-11 19:18:37,978 [ERROR] LogOutputStream:75 - [STDERR_REDIRECT] [Fatal Error] :1:1: Premature end of file.
2025-12-11 19:18:37,978 [ERROR] LogOutputStream:75 - [STDERR_REDIRECT] 
2025-12-11 19:18:38,019 [ERROR] LogOutputStream:75 - [STDERR_REDIRECT] [Fatal Error] :1:1: Premature end of file.
2025-12-11 19:18:38,019 [ERROR] LogOutputStream:75 - [STDERR_REDIRECT] 
2025-12-11 19:18:38,060 [ERROR] LogOutputStream:75 - [STDERR_REDIRECT] [Fatal Error] :1:1: Premature end of file.
2025-12-11 19:18:38,060 [ERROR] LogOutputStream:75 - [STDERR_REDIRECT] 
2025-12-11 19:18:38,103 [ERROR] LogOutputStream:75 - [STDERR_REDIRECT] [Fatal Error] :1:1: Premature end of file.
2025-12-11 19:18:38,103 [ERROR] LogOutputStream:75 - [STDERR_REDIRECT] 
2025-12-11 19:18:38,148 [ERROR] LogOutputStream:75 - [STDERR_REDIRECT] [Fatal Error] :1:1: Premature end of file.
2025-12-11 19:18:38,148 [ERROR] LogOutputStream:75 - [STDERR_REDIRECT] 
2025-12-11 19:18:38,190 [ERROR] LogOutputStream:75 - [STDERR_REDIRECT] [Fatal Error] :1:1: Premature end of file.
2025-12-11 19:18:38,190 [ERROR] LogOutputStream:75 - [STDERR_REDIRECT] 
2025-12-11 19:18:38,231 [ERROR] LogOutputStream:75 - [STDERR_REDIRECT] [Fatal Error] :1:1: Premature end of file.
2025-12-11 19:18:38,231 [ERROR] LogOutputStream:75 - [STDERR_REDIRECT] 
2025-12-11 19:18:38,271 [ERROR] LogOutputStream:75 - [STDERR_REDIRECT] [Fatal Error] :1:1: Premature end of file.
2025-12-11 19:18:38,271 [ERROR] LogOutputStream:75 - [STDERR_REDIRECT] 
2025-12-11 19:18:38,315 [ERROR] LogOutputStream:75 - [STDERR_REDIRECT] [Fatal Error] :1:1: Premature end of file.
2025-12-11 19:18:38,315 [ERROR] LogOutputStream:75 - [STDERR_REDIRECT] 
2025-12-11 19:18:38,355 [ERROR] LogOutputStream:75 - [STDERR_REDIRECT] [Fatal Error] :1:1: Premature end of file.
2025-12-11 19:18:38,355 [ERROR] LogOutputStream:75 - [STDERR_REDIRECT] 
2025-12-11 19:18:38,393 [ERROR] LogOutputStream:75 - [STDERR_REDIRECT] [Fatal Error] :1:1: Premature end of file.
2025-12-11 19:18:38,393 [ERROR] LogOutputStream:75 - [STDERR_REDIRECT] 
2025-12-11 19:18:38,442 [ERROR] LogOutputStream:75 - [STDERR_REDIRECT] [Fatal Error] :1:1: Premature end of file.
2025-12-11 19:18:38,442 [ERROR] LogOutputStream:75 - [STDERR_REDIRECT] 
2025-12-11 19:18:38,486 [ERROR] LogOutputStream:75 - [STDERR_REDIRECT] [Fatal Error] :1:1: Premature end of file.
2025-12-11 19:18:38,486 [ERROR] LogOutputStream:75 - [STDERR_REDIRECT] 
2025-12-11 19:18:38,525 [ERROR] LogOutputStream:75 - [STDERR_REDIRECT] [Fatal Error] :1:1: Premature end of file.
2025-12-11 19:18:38,525 [ERROR] LogOutputStream:75 - [STDERR_REDIRECT] 
2025-12-11 19:18:38,573 [ERROR] LogOutputStream:75 - [STDERR_REDIRECT] [Fatal Error] :1:1: Premature end of file.
2025-12-11 19:18:38,573 [ERROR] LogOutputStream:75 - [STDERR_REDIRECT] 
2025-12-11 19:18:38,614 [ERROR] LogOutputStream:75 - [STDERR_REDIRECT] [Fatal Error] :1:1: Premature end of file.
2025-12-11 19:18:38,614 [ERROR] LogOutputStream:75 - [STDERR_REDIRECT] 
2025-12-11 19:18:38,658 [ERROR] LogOutputStream:75 - [STDERR_REDIRECT] [Fatal Error] :1:1: Premature end of file.
2025-12-11 19:18:38,658 [ERROR] LogOutputStream:75 - [STDERR_REDIRECT] 
2025-12-11 19:18:38,699 [ERROR] LogOutputStream:75 - [STDERR_REDIRECT] [Fatal Error] :1:1: Premature end of file.
2025-12-11 19:18:38,699 [ERROR] LogOutputStream:75 - [STDERR_REDIRECT] 
2025-12-11 19:18:38,738 [ERROR] LogOutputStream:75 - [STDERR_REDIRECT] [Fatal Error] :1:1: Premature end of file.
2025-12-11 19:18:38,738 [ERROR] LogOutputStream:75 - [STDERR_REDIRECT] 
2025-12-11 19:18:38,786 [ERROR] LogOutputStream:75 - [STDERR_REDIRECT] [Fatal Error] :1:1: Premature end of file.
2025-12-11 19:18:38,786 [ERROR] LogOutputStream:75 - [STDERR_REDIRECT] 
2025-12-11 19:18:38,831 [ERROR] LogOutputStream:75 - [STDERR_REDIRECT] [Fatal Error] :1:1: Premature end of file.
2025-12-11 19:18:38,831 [ERROR] LogOutputStream:75 - [STDERR_REDIRECT] 
2025-12-11 19:18:38,906 [ERROR] LogOutputStream:75 - [STDERR_REDIRECT] [Fatal Error] :1:1: Premature end of file.
2025-12-11 19:18:38,906 [ERROR] LogOutputStream:75 - [STDERR_REDIRECT] 
2025-12-11 19:18:38,948 [ERROR] LogOutputStream:75 - [STDERR_REDIRECT] [Fatal Error] :1:1: Premature end of file.
2025-12-11 19:18:38,948 [ERROR] LogOutputStream:75 - [STDERR_REDIRECT] 
2025-12-11 19:18:38,988 [ERROR] LogOutputStream:75 - [STDERR_REDIRECT] [Fatal Error] :1:1: Premature end of file.
2025-12-11 19:18:38,988 [ERROR] LogOutputStream:75 - [STDERR_REDIRECT] 
2025-12-11 19:18:39,034 [ERROR] LogOutputStream:75 - [STDERR_REDIRECT] [Fatal Error] :1:1: Premature end of file.
2025-12-11 19:18:39,034 [ERROR] LogOutputStream:75 - [STDERR_REDIRECT] 
2025-12-11 19:18:39,072 [ERROR] LogOutputStream:75 - [STDERR_REDIRECT] [Fatal Error] :1:1: Premature end of file.
2025-12-11 19:18:39,072 [ERROR] LogOutputStream:75 - [STDERR_REDIRECT] 
2025-12-11 19:18:39,114 [ERROR] LogOutputStream:75 - [STDERR_REDIRECT] [Fatal Error] :1:1: Premature end of file.
2025-12-11 19:18:39,114 [ERROR] LogOutputStream:75 - [STDERR_REDIRECT] 
2025-12-11 19:18:39,161 [ERROR] LogOutputStream:75 - [STDERR_REDIRECT] [Fatal Error] :1:1: Premature end of file.
2025-12-11 19:18:39,161 [ERROR] LogOutputStream:75 - [STDERR_REDIRECT] 
2025-12-11 19:18:39,201 [ERROR] LogOutputStream:75 - [STDERR_REDIRECT] [Fatal Error] :1:1: Premature end of file.
2025-12-11 19:18:39,204 [ERROR] LogOutputStream:75 - [STDERR_REDIRECT] 
2025-12-11 19:18:39,241 [ERROR] LogOutputStream:75 - [STDERR_REDIRECT] [Fatal Error] :1:1: Premature end of file.
2025-12-11 19:18:39,241 [ERROR] LogOutputStream:75 - [STDERR_REDIRECT] 
2025-12-11 19:18:39,291 [ERROR] LogOutputStream:75 - [STDERR_REDIRECT] [Fatal Error] :1:1: Premature end of file.
2025-12-11 19:18:39,291 [ERROR] LogOutputStream:75 - [STDERR_REDIRECT] 
2025-12-11 19:18:39,337 [ERROR] LogOutputStream:75 - [STDERR_REDIRECT] [Fatal Error] :1:1: Premature end of file.
2025-12-11 19:18:39,337 [ERROR] LogOutputStream:75 - [STDERR_REDIRECT] 
2025-12-11 19:18:39,378 [ERROR] LogOutputStream:75 - [STDERR_REDIRECT] [Fatal Error] :1:1: Premature end of file.
2025-12-11 19:18:39,378 [ERROR] LogOutputStream:75 - [STDERR_REDIRECT] 
2025-12-11 19:18:39,427 [ERROR] LogOutputStream:75 - [STDERR_REDIRECT] [Fatal Error] :1:1: Premature end of file.
2025-12-11 19:18:39,427 [ERROR] LogOutputStream:75 - [STDERR_REDIRECT] 
2025-12-11 19:18:39,470 [ERROR] LogOutputStream:75 - [STDERR_REDIRECT] [Fatal Error] :1:1: Premature end of file.
2025-12-11 19:18:39,503 [ERROR] LogOutputStream:75 - [STDERR_REDIRECT] 
2025-12-11 19:18:39,544 [ERROR] LogOutputStream:75 - [STDERR_REDIRECT] [Fatal Error] :1:1: Premature end of file.
2025-12-11 19:18:39,544 [ERROR] LogOutputStream:75 - [STDERR_REDIRECT] 
2025-12-11 19:18:39,582 [ERROR] LogOutputStream:75 - [STDERR_REDIRECT] [Fatal Error] :1:1: Premature end of file.
2025-12-11 19:18:39,582 [ERROR] LogOutputStream:75 - [STDERR_REDIRECT] 
2025-12-11 19:18:39,629 [ERROR] LogOutputStream:75 - [STDERR_REDIRECT] [Fatal Error] :1:1: Premature end of file.
2025-12-11 19:18:39,629 [ERROR] LogOutputStream:75 - [STDERR_REDIRECT] 
2025-12-11 19:18:39,671 [ERROR] LogOutputStream:75 - [STDERR_REDIRECT] [Fatal Error] :1:1: Premature end of file.
2025-12-11 19:18:39,671 [ERROR] LogOutputStream:75 - [STDERR_REDIRECT] 
2025-12-11 19:18:39,711 [ERROR] LogOutputStream:75 - [STDERR_REDIRECT] [Fatal Error] :1:1: Premature end of file.
2025-12-11 19:18:39,711 [ERROR] LogOutputStream:75 - [STDERR_REDIRECT] 
2025-12-11 19:18:39,754 [ERROR] LogOutputStream:75 - [STDERR_REDIRECT] [Fatal Error] :1:1: Premature end of file.
2025-12-11 19:18:39,754 [ERROR] LogOutputStream:75 - [STDERR_REDIRECT] 
2025-12-11 19:18:39,792 [ERROR] LogOutputStream:75 - [STDERR_REDIRECT] [Fatal Error] :1:1: Premature end of file.
2025-12-11 19:18:39,792 [ERROR] LogOutputStream:75 - [STDERR_REDIRECT] 
2025-12-11 19:18:39,838 [ERROR] LogOutputStream:75 - [STDERR_REDIRECT] [Fatal Error] :1:1: Premature end of file.
2025-12-11 19:18:39,838 [ERROR] LogOutputStream:75 - [STDERR_REDIRECT] 
2025-12-11 19:18:39,883 [ERROR] LogOutputStream:75 - [STDERR_REDIRECT] [Fatal Error] :1:1: Premature end of file.
2025-12-11 19:18:39,883 [ERROR] LogOutputStream:75 - [STDERR_REDIRECT] 
2025-12-11 19:18:39,924 [ERROR] LogOutputStream:75 - [STDERR_REDIRECT] [Fatal Error] :1:1: Premature end of file.
2025-12-11 19:18:39,924 [ERROR] LogOutputStream:75 - [STDERR_REDIRECT] 
2025-12-11 19:18:39,965 [ERROR] LogOutputStream:75 - [STDERR_REDIRECT] [Fatal Error] :1:1: Premature end of file.
2025-12-11 19:18:39,965 [ERROR] LogOutputStream:75 - [STDERR_REDIRECT] 
2025-12-11 19:18:40,006 [ERROR] LogOutputStream:75 - [STDERR_REDIRECT] [Fatal Error] :1:1: Premature end of file.
2025-12-11 19:18:40,006 [ERROR] LogOutputStream:75 - [STDERR_REDIRECT] 
2025-12-11 19:18:40,045 [ERROR] LogOutputStream:75 - [STDERR_REDIRECT] [Fatal Error] :1:1: Premature end of file.
2025-12-11 19:18:40,045 [ERROR] LogOutputStream:75 - [STDERR_REDIRECT] 
2025-12-11 19:18:40,097 [ERROR] LogOutputStream:75 - [STDERR_REDIRECT] [Fatal Error] :1:1: Premature end of file.
2025-12-11 19:18:40,097 [ERROR] LogOutputStream:75 - [STDERR_REDIRECT] 
2025-12-11 19:18:40,137 [ERROR] LogOutputStream:75 - [STDERR_REDIRECT] [Fatal Error] :1:1: Premature end of file.
2025-12-11 19:18:40,137 [ERROR] LogOutputStream:75 - [STDERR_REDIRECT] 
2025-12-11 19:18:40,186 [ERROR] LogOutputStream:75 - [STDERR_REDIRECT] [Fatal Error] :1:1: Premature end of file.
2025-12-11 19:18:40,186 [ERROR] LogOutputStream:75 - [STDERR_REDIRECT] 
2025-12-11 19:18:40,227 [ERROR] LogOutputStream:75 - [STDERR_REDIRECT] [Fatal Error] :1:1: Premature end of file.
2025-12-11 19:18:40,227 [ERROR] LogOutputStream:75 - [STDERR_REDIRECT] 
2025-12-11 19:18:40,269 [ERROR] LogOutputStream:75 - [STDERR_REDIRECT] [Fatal Error] :1:1: Premature end of file.
2025-12-11 19:18:40,269 [ERROR] LogOutputStream:75 - [STDERR_REDIRECT] 
2025-12-11 19:18:40,318 [ERROR] LogOutputStream:75 - [STDERR_REDIRECT] [Fatal Error] :1:1: Premature end of file.
2025-12-11 19:18:40,318 [ERROR] LogOutputStream:75 - [STDERR_REDIRECT] 
2025-12-11 19:18:40,361 [ERROR] LogOutputStream:75 - [STDERR_REDIRECT] [Fatal Error] :1:1: Premature end of file.
2025-12-11 19:18:40,361 [ERROR] LogOutputStream:75 - [STDERR_REDIRECT] 
2025-12-11 19:18:40,400 [ERROR] LogOutputStream:75 - [STDERR_REDIRECT] [Fatal Error] :1:1: Premature end of file.
2025-12-11 19:18:40,400 [ERROR] LogOutputStream:75 - [STDERR_REDIRECT] 
2025-12-11 19:18:40,441 [ERROR] LogOutputStream:75 - [STDERR_REDIRECT] [Fatal Error] :1:1: Premature end of file.
2025-12-11 19:18:40,441 [ERROR] LogOutputStream:75 - [STDERR_REDIRECT] 
2025-12-11 19:18:40,490 [ERROR] LogOutputStream:75 - [STDERR_REDIRECT] [Fatal Error] :1:1: Premature end of file.
2025-12-11 19:18:40,490 [ERROR] LogOutputStream:75 - [STDERR_REDIRECT] 
2025-12-11 19:18:40,531 [ERROR] LogOutputStream:75 - [STDERR_REDIRECT] [Fatal Error] :1:1: Premature end of file.
2025-12-11 19:18:40,531 [ERROR] LogOutputStream:75 - [STDERR_REDIRECT] 
2025-12-11 19:18:40,573 [ERROR] LogOutputStream:75 - [STDERR_REDIRECT] [Fatal Error] :1:1: Premature end of file.
2025-12-11 19:18:40,573 [ERROR] LogOutputStream:75 - [STDERR_REDIRECT] 
2025-12-11 19:18:40,615 [ERROR] LogOutputStream:75 - [STDERR_REDIRECT] [Fatal Error] :1:1: Premature end of file.
2025-12-11 19:18:40,615 [ERROR] LogOutputStream:75 - [STDERR_REDIRECT] 
2025-12-11 19:18:40,655 [ERROR] LogOutputStream:75 - [STDERR_REDIRECT] [Fatal Error] :1:1: Premature end of file.
2025-12-11 19:18:40,655 [ERROR] LogOutputStream:75 - [STDERR_REDIRECT] 
2025-12-11 19:18:40,706 [ERROR] LogOutputStream:75 - [STDERR_REDIRECT] [Fatal Error] :1:1: Premature end of file.
2025-12-11 19:18:40,707 [ERROR] LogOutputStream:75 - [STDERR_REDIRECT] 
2025-12-11 19:18:40,748 [ERROR] LogOutputStream:75 - [STDERR_REDIRECT] [Fatal Error] :1:1: Premature end of file.
2025-12-11 19:18:40,748 [ERROR] LogOutputStream:75 - [STDERR_REDIRECT] 
2025-12-11 19:18:40,787 [ERROR] LogOutputStream:75 - [STDERR_REDIRECT] [Fatal Error] :1:1: Premature end of file.
2025-12-11 19:18:40,787 [ERROR] LogOutputStream:75 - [STDERR_REDIRECT] 
2025-12-11 19:18:40,828 [ERROR] LogOutputStream:75 - [STDERR_REDIRECT] [Fatal Error] :1:1: Premature end of file.
2025-12-11 19:18:40,828 [ERROR] LogOutputStream:75 - [STDERR_REDIRECT] 
2025-12-11 19:18:40,877 [ERROR] LogOutputStream:75 - [STDERR_REDIRECT] [Fatal Error] :1:1: Premature end of file.
2025-12-11 19:18:40,877 [ERROR] LogOutputStream:75 - [STDERR_REDIRECT] 
2025-12-11 19:18:40,918 [ERROR] LogOutputStream:75 - [STDERR_REDIRECT] [Fatal Error] :1:1: Premature end of file.
2025-12-11 19:18:40,918 [ERROR] LogOutputStream:75 - [STDERR_REDIRECT] 
2025-12-11 19:18:40,963 [ERROR] LogOutputStream:75 - [STDERR_REDIRECT] [Fatal Error] :1:1: Premature end of file.
2025-12-11 19:18:40,963 [ERROR] LogOutputStream:75 - [STDERR_REDIRECT] 
2025-12-11 19:18:41,006 [ERROR] LogOutputStream:75 - [STDERR_REDIRECT] [Fatal Error] :1:1: Premature end of file.
2025-12-11 19:18:41,006 [ERROR] LogOutputStream:75 - [STDERR_REDIRECT] 
2025-12-11 19:18:41,047 [ERROR] LogOutputStream:75 - [STDERR_REDIRECT] [Fatal Error] :1:1: Premature end of file.
2025-12-11 19:18:41,047 [ERROR] LogOutputStream:75 - [STDERR_REDIRECT] 
2025-12-11 19:18:41,090 [ERROR] LogOutputStream:75 - [STDERR_REDIRECT] [Fatal Error] :1:1: Premature end of file.
2025-12-11 19:18:41,090 [ERROR] LogOutputStream:75 - [STDERR_REDIRECT] 
2025-12-11 19:18:41,136 [ERROR] LogOutputStream:75 - [STDERR_REDIRECT] [Fatal Error] :1:1: Premature end of file.
2025-12-11 19:18:41,136 [ERROR] LogOutputStream:75 - [STDERR_REDIRECT] 
2025-12-11 19:18:41,179 [ERROR] LogOutputStream:75 - [STDERR_REDIRECT] [Fatal Error] :1:1: Premature end of file.
2025-12-11 19:18:41,179 [ERROR] LogOutputStream:75 - [STDERR_REDIRECT] 
2025-12-11 19:18:41,219 [ERROR] LogOutputStream:75 - [STDERR_REDIRECT] [Fatal Error] :1:1: Premature end of file.
2025-12-11 19:18:41,219 [ERROR] LogOutputStream:75 - [STDERR_REDIRECT] 
2025-12-11 19:18:41,262 [ERROR] LogOutputStream:75 - [STDERR_REDIRECT] [Fatal Error] :1:1: Premature end of file.
2025-12-11 19:18:41,262 [ERROR] LogOutputStream:75 - [STDERR_REDIRECT] 
2025-12-11 19:18:41,305 [ERROR] LogOutputStream:75 - [STDERR_REDIRECT] [Fatal Error] :1:1: Premature end of file.
2025-12-11 19:18:41,305 [ERROR] LogOutputStream:75 - [STDERR_REDIRECT] 
2025-12-11 19:18:41,341 [ERROR] LogOutputStream:75 - [STDERR_REDIRECT] [Fatal Error] :1:1: Premature end of file.
2025-12-11 19:18:41,341 [ERROR] LogOutputStream:75 - [STDERR_REDIRECT] 
2025-12-11 19:18:41,390 [ERROR] LogOutputStream:75 - [STDERR_REDIRECT] [Fatal Error] :1:1: Premature end of file.
2025-12-11 19:18:41,390 [ERROR] LogOutputStream:75 - [STDERR_REDIRECT] 
2025-12-11 19:18:41,430 [ERROR] LogOutputStream:75 - [STDERR_REDIRECT] [Fatal Error] :1:1: Premature end of file.
2025-12-11 19:18:41,430 [ERROR] LogOutputStream:75 - [STDERR_REDIRECT] 
2025-12-11 19:18:41,474 [ERROR] LogOutputStream:75 - [STDERR_REDIRECT] [Fatal Error] :1:1: Premature end of file.
2025-12-11 19:18:41,512 [ERROR] LogOutputStream:75 - [STDERR_REDIRECT] 
2025-12-11 19:18:41,554 [ERROR] LogOutputStream:75 - [STDERR_REDIRECT] [Fatal Error] :1:1: Premature end of file.
2025-12-11 19:18:41,554 [ERROR] LogOutputStream:75 - [STDERR_REDIRECT] 
2025-12-11 19:18:41,592 [ERROR] LogOutputStream:75 - [STDERR_REDIRECT] [Fatal Error] :1:1: Premature end of file.
2025-12-11 19:18:41,592 [ERROR] LogOutputStream:75 - [STDERR_REDIRECT] 
2025-12-11 19:18:41,634 [ERROR] LogOutputStream:75 - [STDERR_REDIRECT] [Fatal Error] :1:1: Premature end of file.
2025-12-11 19:18:41,634 [ERROR] LogOutputStream:75 - [STDERR_REDIRECT] 
2025-12-11 19:18:41,683 [ERROR] LogOutputStream:75 - [STDERR_REDIRECT] [Fatal Error] :1:1: Premature end of file.
2025-12-11 19:18:41,683 [ERROR] LogOutputStream:75 - [STDERR_REDIRECT] 
2025-12-11 19:18:41,724 [ERROR] LogOutputStream:75 - [STDERR_REDIRECT] [Fatal Error] :1:1: Premature end of file.
2025-12-11 19:18:41,724 [ERROR] LogOutputStream:75 - [STDERR_REDIRECT] 
2025-12-11 19:18:41,765 [ERROR] LogOutputStream:75 - [STDERR_REDIRECT] [Fatal Error] :1:1: Premature end of file.
2025-12-11 19:18:41,765 [ERROR] LogOutputStream:75 - [STDERR_REDIRECT] 
2025-12-11 19:18:41,806 [ERROR] LogOutputStream:75 - [STDERR_REDIRECT] [Fatal Error] :1:1: Premature end of file.
2025-12-11 19:18:41,806 [ERROR] LogOutputStream:75 - [STDERR_REDIRECT] 
2025-12-11 19:18:41,847 [ERROR] LogOutputStream:75 - [STDERR_REDIRECT] [Fatal Error] :1:1: Premature end of file.
2025-12-11 19:18:41,847 [ERROR] LogOutputStream:75 - [STDERR_REDIRECT] 
2025-12-11 19:18:41,897 [ERROR] LogOutputStream:75 - [STDERR_REDIRECT] [Fatal Error] :1:1: Premature end of file.
2025-12-11 19:18:41,897 [ERROR] LogOutputStream:75 - [STDERR_REDIRECT] 
2025-12-11 19:18:41,938 [ERROR] LogOutputStream:75 - [STDERR_REDIRECT] [Fatal Error] :1:1: Premature end of file.
2025-12-11 19:18:41,938 [ERROR] LogOutputStream:75 - [STDERR_REDIRECT] 
2025-12-11 19:18:41,982 [ERROR] LogOutputStream:75 - [STDERR_REDIRECT] [Fatal Error] :1:1: Premature end of file.
2025-12-11 19:18:41,982 [ERROR] LogOutputStream:75 - [STDERR_REDIRECT] 
2025-12-11 19:18:42,020 [ERROR] LogOutputStream:75 - [STDERR_REDIRECT] [Fatal Error] :1:1: Premature end of file.
2025-12-11 19:18:42,020 [ERROR] LogOutputStream:75 - [STDERR_REDIRECT] 
2025-12-11 19:18:42,068 [ERROR] LogOutputStream:75 - [STDERR_REDIRECT] [Fatal Error] :1:1: Premature end of file.
2025-12-11 19:18:42,068 [ERROR] LogOutputStream:75 - [STDERR_REDIRECT] 
2025-12-11 19:18:42,109 [ERROR] LogOutputStream:75 - [STDERR_REDIRECT] [Fatal Error] :1:1: Premature end of file.
2025-12-11 19:18:42,109 [ERROR] LogOutputStream:75 - [STDERR_REDIRECT] 
2025-12-11 19:18:42,150 [ERROR] LogOutputStream:75 - [STDERR_REDIRECT] [Fatal Error] :1:1: Premature end of file.
2025-12-11 19:18:42,150 [ERROR] LogOutputStream:75 - [STDERR_REDIRECT] 
2025-12-11 19:18:42,192 [ERROR] LogOutputStream:75 - [STDERR_REDIRECT] [Fatal Error] :1:1: Premature end of file.
2025-12-11 19:18:42,192 [ERROR] LogOutputStream:75 - [STDERR_REDIRECT] 
2025-12-11 19:18:42,233 [ERROR] LogOutputStream:75 - [STDERR_REDIRECT] [Fatal Error] :1:1: Premature end of file.
2025-12-11 19:18:42,233 [ERROR] LogOutputStream:75 - [STDERR_REDIRECT] 
2025-12-11 19:18:42,276 [ERROR] LogOutputStream:75 - [STDERR_REDIRECT] [Fatal Error] :1:1: Premature end of file.
2025-12-11 19:18:42,276 [ERROR] LogOutputStream:75 - [STDERR_REDIRECT] 
2025-12-11 19:18:42,321 [ERROR] LogOutputStream:75 - [STDERR_REDIRECT] [Fatal Error] :1:1: Premature end of file.
2025-12-11 19:18:42,321 [ERROR] LogOutputStream:75 - [STDERR_REDIRECT] 
2025-12-11 19:18:42,364 [ERROR] LogOutputStream:75 - [STDERR_REDIRECT] [Fatal Error] :1:1: Premature end of file.
2025-12-11 19:18:42,364 [ERROR] LogOutputStream:75 - [STDERR_REDIRECT] 
2025-12-11 19:18:42,411 [ERROR] LogOutputStream:75 - [STDERR_REDIRECT] [Fatal Error] :1:1: Premature end of file.
2025-12-11 19:18:42,411 [ERROR] LogOutputStream:75 - [STDERR_REDIRECT] 
2025-12-11 19:18:42,452 [ERROR] LogOutputStream:75 - [STDERR_REDIRECT] [Fatal Error] :1:1: Premature end of file.
2025-12-11 19:18:42,452 [ERROR] LogOutputStream:75 - [STDERR_REDIRECT] 
2025-12-11 19:18:42,494 [ERROR] LogOutputStream:75 - [STDERR_REDIRECT] [Fatal Error] :1:1: Premature end of file.
2025-12-11 19:18:42,494 [ERROR] LogOutputStream:75 - [STDERR_REDIRECT] 
2025-12-11 19:18:42,535 [ERROR] LogOutputStream:75 - [STDERR_REDIRECT] [Fatal Error] :1:1: Premature end of file.
2025-12-11 19:18:42,535 [ERROR] LogOutputStream:75 - [STDERR_REDIRECT] 
2025-12-11 19:18:42,576 [ERROR] LogOutputStream:75 - [STDERR_REDIRECT] [Fatal Error] :1:1: Premature end of file.
2025-12-11 19:18:42,576 [ERROR] LogOutputStream:75 - [STDERR_REDIRECT] 
2025-12-11 19:18:42,625 [ERROR] LogOutputStream:75 - [STDERR_REDIRECT] [Fatal Error] :1:1: Premature end of file.
2025-12-11 19:18:42,625 [ERROR] LogOutputStream:75 - [STDERR_REDIRECT] 
2025-12-11 19:18:42,666 [ERROR] LogOutputStream:75 - [STDERR_REDIRECT] [Fatal Error] :1:1: Premature end of file.
2025-12-11 19:18:42,666 [ERROR] LogOutputStream:75 - [STDERR_REDIRECT] 
2025-12-11 19:18:42,708 [ERROR] LogOutputStream:75 - [STDERR_REDIRECT] [Fatal Error] :1:1: Premature end of file.
2025-12-11 19:18:42,708 [ERROR] LogOutputStream:75 - [STDERR_REDIRECT] 
2025-12-11 19:18:42,754 [ERROR] LogOutputStream:75 - [STDERR_REDIRECT] [Fatal Error] :1:1: Premature end of file.
2025-12-11 19:18:42,754 [ERROR] LogOutputStream:75 - [STDERR_REDIRECT] 
2025-12-11 19:18:42,797 [ERROR] LogOutputStream:75 - [STDERR_REDIRECT] [Fatal Error] :1:1: Premature end of file.
2025-12-11 19:18:42,797 [ERROR] LogOutputStream:75 - [STDERR_REDIRECT] 
2025-12-11 19:18:42,843 [ERROR] LogOutputStream:75 - [STDERR_REDIRECT] [Fatal Error] :1:1: Premature end of file.
2025-12-11 19:18:42,843 [ERROR] LogOutputStream:75 - [STDERR_REDIRECT] 
2025-12-11 19:18:42,887 [ERROR] LogOutputStream:75 - [STDERR_REDIRECT] [Fatal Error] :1:1: Premature end of file.
2025-12-11 19:18:42,887 [ERROR] LogOutputStream:75 - [STDERR_REDIRECT] 
2025-12-11 19:18:42,927 [ERROR] LogOutputStream:75 - [STDERR_REDIRECT] [Fatal Error] :1:1: Premature end of file.
2025-12-11 19:18:42,927 [ERROR] LogOutputStream:75 - [STDERR_REDIRECT] 
2025-12-11 19:18:42,968 [ERROR] LogOutputStream:75 - [STDERR_REDIRECT] [Fatal Error] :1:1: Premature end of file.
2025-12-11 19:18:42,968 [ERROR] LogOutputStream:75 - [STDERR_REDIRECT] 
2025-12-11 19:18:43,014 [ERROR] LogOutputStream:75 - [STDERR_REDIRECT] [Fatal Error] :1:1: Premature end of file.
2025-12-11 19:18:43,014 [ERROR] LogOutputStream:75 - [STDERR_REDIRECT] 
2025-12-11 19:18:43,050 [ERROR] LogOutputStream:75 - [STDERR_REDIRECT] [Fatal Error] :1:1: Premature end of file.
2025-12-11 19:18:43,050 [ERROR] LogOutputStream:75 - [STDERR_REDIRECT] 
2025-12-11 19:18:43,100 [ERROR] LogOutputStream:75 - [STDERR_REDIRECT] [Fatal Error] :1:1: Premature end of file.
2025-12-11 19:18:43,100 [ERROR] LogOutputStream:75 - [STDERR_REDIRECT] 
2025-12-11 19:18:43,138 [ERROR] LogOutputStream:75 - [STDERR_REDIRECT] [Fatal Error] :1:1: Premature end of file.
2025-12-11 19:18:43,138 [ERROR] LogOutputStream:75 - [STDERR_REDIRECT] 
2025-12-11 19:18:43,184 [ERROR] LogOutputStream:75 - [STDERR_REDIRECT] [Fatal Error] :1:1: Premature end of file.
2025-12-11 19:18:43,184 [ERROR] LogOutputStream:75 - [STDERR_REDIRECT] 
2025-12-11 19:18:43,226 [ERROR] LogOutputStream:75 - [STDERR_REDIRECT] [Fatal Error] :1:1: Premature end of file.
2025-12-11 19:18:43,226 [ERROR] LogOutputStream:75 - [STDERR_REDIRECT] 
2025-12-11 19:18:43,268 [ERROR] LogOutputStream:75 - [STDERR_REDIRECT] [Fatal Error] :1:1: Premature end of file.
2025-12-11 19:18:43,268 [ERROR] LogOutputStream:75 - [STDERR_REDIRECT] 
2025-12-11 19:18:43,309 [ERROR] LogOutputStream:75 - [STDERR_REDIRECT] [Fatal Error] :1:1: Premature end of file.
2025-12-11 19:18:43,311 [ERROR] LogOutputStream:75 - [STDERR_REDIRECT] 
2025-12-11 19:18:43,352 [ERROR] LogOutputStream:75 - [STDERR_REDIRECT] [Fatal Error] :1:1: Premature end of file.
2025-12-11 19:18:43,352 [ERROR] LogOutputStream:75 - [STDERR_REDIRECT] 
2025-12-11 19:18:43,392 [ERROR] LogOutputStream:75 - [STDERR_REDIRECT] [Fatal Error] :1:1: Premature end of file.
2025-12-11 19:18:43,392 [ERROR] LogOutputStream:75 - [STDERR_REDIRECT] 
2025-12-11 19:18:43,438 [ERROR] LogOutputStream:75 - [STDERR_REDIRECT] [Fatal Error] :1:1: Premature end of file.
2025-12-11 19:18:43,438 [ERROR] LogOutputStream:75 - [STDERR_REDIRECT] 
2025-12-11 19:18:43,480 [ERROR] LogOutputStream:75 - [STDERR_REDIRECT] [Fatal Error] :1:1: Premature end of file.
2025-12-11 19:18:43,516 [ERROR] LogOutputStream:75 - [STDERR_REDIRECT] 
2025-12-11 19:18:43,557 [ERROR] LogOutputStream:75 - [STDERR_REDIRECT] [Fatal Error] :1:1: Premature end of file.
2025-12-11 19:18:43,557 [ERROR] LogOutputStream:75 - [STDERR_REDIRECT] 
2025-12-11 19:18:43,600 [ERROR] LogOutputStream:75 - [STDERR_REDIRECT] [Fatal Error] :1:1: Premature end of file.
2025-12-11 19:18:43,600 [ERROR] LogOutputStream:75 - [STDERR_REDIRECT] 
2025-12-11 19:18:43,642 [ERROR] LogOutputStream:75 - [STDERR_REDIRECT] [Fatal Error] :1:1: Premature end of file.
2025-12-11 19:18:43,642 [ERROR] LogOutputStream:75 - [STDERR_REDIRECT] 
2025-12-11 19:18:43,687 [ERROR] LogOutputStream:75 - [STDERR_REDIRECT] [Fatal Error] :1:1: Premature end of file.
2025-12-11 19:18:43,687 [ERROR] LogOutputStream:75 - [STDERR_REDIRECT] 
2025-12-11 19:18:43,728 [ERROR] LogOutputStream:75 - [STDERR_REDIRECT] [Fatal Error] :1:1: Premature end of file.
2025-12-11 19:18:43,728 [ERROR] LogOutputStream:75 - [STDERR_REDIRECT] 
2025-12-11 19:18:43,768 [ERROR] LogOutputStream:75 - [STDERR_REDIRECT] [Fatal Error] :1:1: Premature end of file.
2025-12-11 19:18:43,768 [ERROR] LogOutputStream:75 - [STDERR_REDIRECT] 
2025-12-11 19:18:43,810 [ERROR] LogOutputStream:75 - [STDERR_REDIRECT] [Fatal Error] :1:1: Premature end of file.
2025-12-11 19:18:43,810 [ERROR] LogOutputStream:75 - [STDERR_REDIRECT] 
2025-12-11 19:18:43,851 [ERROR] LogOutputStream:75 - [STDERR_REDIRECT] [Fatal Error] :1:1: Premature end of file.
2025-12-11 19:18:43,851 [ERROR] LogOutputStream:75 - [STDERR_REDIRECT] 
2025-12-11 19:18:43,892 [ERROR] LogOutputStream:75 - [STDERR_REDIRECT] [Fatal Error] :1:1: Premature end of file.
2025-12-11 19:18:43,892 [ERROR] LogOutputStream:75 - [STDERR_REDIRECT] 
2025-12-11 19:18:43,936 [ERROR] LogOutputStream:75 - [STDERR_REDIRECT] [Fatal Error] :1:1: Premature end of file.
2025-12-11 19:18:43,936 [ERROR] LogOutputStream:75 - [STDERR_REDIRECT] 
2025-12-11 19:18:43,975 [ERROR] LogOutputStream:75 - [STDERR_REDIRECT] [Fatal Error] :1:1: Premature end of file.
2025-12-11 19:18:43,975 [ERROR] LogOutputStream:75 - [STDERR_REDIRECT] 
2025-12-11 19:18:44,017 [ERROR] LogOutputStream:75 - [STDERR_REDIRECT] [Fatal Error] :1:1: Premature end of file.
2025-12-11 19:18:44,017 [ERROR] LogOutputStream:75 - [STDERR_REDIRECT] 
2025-12-11 19:18:44,064 [ERROR] LogOutputStream:75 - [STDERR_REDIRECT] [Fatal Error] :1:1: Premature end of file.
2025-12-11 19:18:44,064 [ERROR] LogOutputStream:75 - [STDERR_REDIRECT] 
2025-12-11 19:18:44,105 [ERROR] LogOutputStream:75 - [STDERR_REDIRECT] [Fatal Error] :1:1: Premature end of file.
2025-12-11 19:18:44,105 [ERROR] LogOutputStream:75 - [STDERR_REDIRECT] 
2025-12-11 19:18:44,145 [ERROR] LogOutputStream:75 - [STDERR_REDIRECT] [Fatal Error] :1:1: Premature end of file.
2025-12-11 19:18:44,145 [ERROR] LogOutputStream:75 - [STDERR_REDIRECT] 
2025-12-11 19:18:44,187 [ERROR] LogOutputStream:75 - [STDERR_REDIRECT] [Fatal Error] :1:1: Premature end of file.
2025-12-11 19:18:44,187 [ERROR] LogOutputStream:75 - [STDERR_REDIRECT] 
2025-12-11 19:18:44,228 [ERROR] LogOutputStream:75 - [STDERR_REDIRECT] [Fatal Error] :1:1: Premature end of file.
2025-12-11 19:18:44,228 [ERROR] LogOutputStream:75 - [STDERR_REDIRECT] 
2025-12-11 19:18:44,271 [ERROR] LogOutputStream:75 - [STDERR_REDIRECT] [Fatal Error] :1:1: Premature end of file.
2025-12-11 19:18:44,271 [ERROR] LogOutputStream:75 - [STDERR_REDIRECT] 
2025-12-11 19:18:44,312 [ERROR] LogOutputStream:75 - [STDERR_REDIRECT] [Fatal Error] :1:1: Premature end of file.
2025-12-11 19:18:44,312 [ERROR] LogOutputStream:75 - [STDERR_REDIRECT] 
2025-12-11 19:18:44,359 [ERROR] LogOutputStream:75 - [STDERR_REDIRECT] [Fatal Error] :1:1: Premature end of file.
2025-12-11 19:18:44,359 [ERROR] LogOutputStream:75 - [STDERR_REDIRECT] 
2025-12-11 19:18:44,401 [ERROR] LogOutputStream:75 - [STDERR_REDIRECT] [Fatal Error] :1:1: Premature end of file.
2025-12-11 19:18:44,401 [ERROR] LogOutputStream:75 - [STDERR_REDIRECT] 
2025-12-11 19:18:44,443 [ERROR] LogOutputStream:75 - [STDERR_REDIRECT] [Fatal Error] :1:1: Premature end of file.
2025-12-11 19:18:44,443 [ERROR] LogOutputStream:75 - [STDERR_REDIRECT] 
2025-12-11 19:18:44,483 [ERROR] LogOutputStream:75 - [STDERR_REDIRECT] [Fatal Error] :1:1: Premature end of file.
2025-12-11 19:18:44,483 [ERROR] LogOutputStream:75 - [STDERR_REDIRECT] 
2025-12-11 19:18:44,524 [ERROR] LogOutputStream:75 - [STDERR_REDIRECT] [Fatal Error] :1:1: Premature end of file.
2025-12-11 19:18:44,524 [ERROR] LogOutputStream:75 - [STDERR_REDIRECT] 
2025-12-11 19:18:44,573 [ERROR] LogOutputStream:75 - [STDERR_REDIRECT] [Fatal Error] :1:1: Premature end of file.
2025-12-11 19:18:44,573 [ERROR] LogOutputStream:75 - [STDERR_REDIRECT] 
2025-12-11 19:18:44,611 [ERROR] LogOutputStream:75 - [STDERR_REDIRECT] [Fatal Error] :1:1: Premature end of file.
2025-12-11 19:18:44,611 [ERROR] LogOutputStream:75 - [STDERR_REDIRECT] 
2025-12-11 19:18:44,652 [ERROR] LogOutputStream:75 - [STDERR_REDIRECT] [Fatal Error] :1:1: Premature end of file.
2025-12-11 19:18:44,652 [ERROR] LogOutputStream:75 - [STDERR_REDIRECT] 
2025-12-11 19:18:44,694 [ERROR] LogOutputStream:75 - [STDERR_REDIRECT] [Fatal Error] :1:1: Premature end of file.
2025-12-11 19:18:44,694 [ERROR] LogOutputStream:75 - [STDERR_REDIRECT] 
2025-12-11 19:18:44,734 [ERROR] LogOutputStream:75 - [STDERR_REDIRECT] [Fatal Error] :1:1: Premature end of file.
2025-12-11 19:18:44,734 [ERROR] LogOutputStream:75 - [STDERR_REDIRECT] 
2025-12-11 19:18:44,776 [ERROR] LogOutputStream:75 - [STDERR_REDIRECT] [Fatal Error] :1:1: Premature end of file.
2025-12-11 19:18:44,776 [ERROR] LogOutputStream:75 - [STDERR_REDIRECT] 
2025-12-11 19:18:44,821 [ERROR] LogOutputStream:75 - [STDERR_REDIRECT] [Fatal Error] :1:1: Premature end of file.
2025-12-11 19:18:44,821 [ERROR] LogOutputStream:75 - [STDERR_REDIRECT] 
2025-12-11 19:18:44,867 [ERROR] LogOutputStream:75 - [STDERR_REDIRECT] [Fatal Error] :1:1: Premature end of file.
2025-12-11 19:18:44,867 [ERROR] LogOutputStream:75 - [STDERR_REDIRECT] 
2025-12-11 19:18:44,910 [ERROR] LogOutputStream:75 - [STDERR_REDIRECT] [Fatal Error] :1:1: Premature end of file.
2025-12-11 19:18:44,910 [ERROR] LogOutputStream:75 - [STDERR_REDIRECT] 
2025-12-11 19:18:44,949 [ERROR] LogOutputStream:75 - [STDERR_REDIRECT] [Fatal Error] :1:1: Premature end of file.
2025-12-11 19:18:44,949 [ERROR] LogOutputStream:75 - [STDERR_REDIRECT] 
2025-12-11 19:18:44,997 [ERROR] LogOutputStream:75 - [STDERR_REDIRECT] [Fatal Error] :1:1: Premature end of file.
2025-12-11 19:18:44,997 [ERROR] LogOutputStream:75 - [STDERR_REDIRECT] 
2025-12-11 19:18:45,037 [ERROR] LogOutputStream:75 - [STDERR_REDIRECT] [Fatal Error] :1:1: Premature end of file.
2025-12-11 19:18:45,037 [ERROR] LogOutputStream:75 - [STDERR_REDIRECT] 
2025-12-11 19:18:45,078 [ERROR] LogOutputStream:75 - [STDERR_REDIRECT] [Fatal Error] :1:1: Premature end of file.
2025-12-11 19:18:45,078 [ERROR] LogOutputStream:75 - [STDERR_REDIRECT] 
2025-12-11 19:18:45,119 [ERROR] LogOutputStream:75 - [STDERR_REDIRECT] [Fatal Error] :1:1: Premature end of file.
2025-12-11 19:18:45,119 [ERROR] LogOutputStream:75 - [STDERR_REDIRECT] 
2025-12-11 19:18:45,164 [ERROR] LogOutputStream:75 - [STDERR_REDIRECT] [Fatal Error] :1:1: Premature end of file.
2025-12-11 19:18:45,164 [ERROR] LogOutputStream:75 - [STDERR_REDIRECT] 
2025-12-11 19:18:45,205 [ERROR] LogOutputStream:75 - [STDERR_REDIRECT] [Fatal Error] :1:1: Premature end of file.
2025-12-11 19:18:45,205 [ERROR] LogOutputStream:75 - [STDERR_REDIRECT] 
2025-12-11 19:18:45,251 [ERROR] LogOutputStream:75 - [STDERR_REDIRECT] [Fatal Error] :1:1: Premature end of file.
2025-12-11 19:18:45,251 [ERROR] LogOutputStream:75 - [STDERR_REDIRECT] 
2025-12-11 19:18:45,291 [ERROR] LogOutputStream:75 - [STDERR_REDIRECT] [Fatal Error] :1:1: Premature end of file.
2025-12-11 19:18:45,291 [ERROR] LogOutputStream:75 - [STDERR_REDIRECT] 
2025-12-11 19:18:45,341 [ERROR] LogOutputStream:75 - [STDERR_REDIRECT] [Fatal Error] :1:1: Premature end of file.
2025-12-11 19:18:45,341 [ERROR] LogOutputStream:75 - [STDERR_REDIRECT] 
2025-12-11 19:18:45,384 [ERROR] LogOutputStream:75 - [STDERR_REDIRECT] [Fatal Error] :1:1: Premature end of file.
2025-12-11 19:18:45,384 [ERROR] LogOutputStream:75 - [STDERR_REDIRECT] 
2025-12-11 19:18:45,423 [ERROR] LogOutputStream:75 - [STDERR_REDIRECT] [Fatal Error] :1:1: Premature end of file.
2025-12-11 19:18:45,423 [ERROR] LogOutputStream:75 - [STDERR_REDIRECT] 
2025-12-11 19:18:45,468 [ERROR] LogOutputStream:75 - [STDERR_REDIRECT] [Fatal Error] :1:1: Premature end of file.
2025-12-11 19:18:45,517 [ERROR] LogOutputStream:75 - [STDERR_REDIRECT] 
2025-12-11 19:18:45,560 [ERROR] LogOutputStream:75 - [STDERR_REDIRECT] [Fatal Error] :1:1: Premature end of file.
2025-12-11 19:18:45,560 [ERROR] LogOutputStream:75 - [STDERR_REDIRECT] 
2025-12-11 19:18:45,602 [ERROR] LogOutputStream:75 - [STDERR_REDIRECT] [Fatal Error] :1:1: Premature end of file.
2025-12-11 19:18:45,602 [ERROR] LogOutputStream:75 - [STDERR_REDIRECT] 
2025-12-11 19:18:45,644 [ERROR] LogOutputStream:75 - [STDERR_REDIRECT] [Fatal Error] :1:1: Premature end of file.
2025-12-11 19:18:45,644 [ERROR] LogOutputStream:75 - [STDERR_REDIRECT] 
2025-12-11 19:18:45,687 [ERROR] LogOutputStream:75 - [STDERR_REDIRECT] [Fatal Error] :1:1: Premature end of file.
2025-12-11 19:18:45,687 [ERROR] LogOutputStream:75 - [STDERR_REDIRECT] 
2025-12-11 19:18:45,729 [ERROR] LogOutputStream:75 - [STDERR_REDIRECT] [Fatal Error] :1:1: Premature end of file.
2025-12-11 19:18:45,729 [ERROR] LogOutputStream:75 - [STDERR_REDIRECT] 
2025-12-11 19:18:45,771 [ERROR] LogOutputStream:75 - [STDERR_REDIRECT] [Fatal Error] :1:1: Premature end of file.
2025-12-11 19:18:45,771 [ERROR] LogOutputStream:75 - [STDERR_REDIRECT] 
2025-12-11 19:18:45,811 [ERROR] LogOutputStream:75 - [STDERR_REDIRECT] [Fatal Error] :1:1: Premature end of file.
2025-12-11 19:18:45,811 [ERROR] LogOutputStream:75 - [STDERR_REDIRECT] 
2025-12-11 19:18:45,855 [ERROR] LogOutputStream:75 - [STDERR_REDIRECT] [Fatal Error] :1:1: Premature end of file.
2025-12-11 19:18:45,855 [ERROR] LogOutputStream:75 - [STDERR_REDIRECT] 
2025-12-11 19:18:45,953 [ERROR] LogOutputStream:75 - [STDERR_REDIRECT] [Fatal Error] :1:1: Premature end of file.
2025-12-11 19:18:45,953 [ERROR] LogOutputStream:75 - [STDERR_REDIRECT] 
2025-12-11 19:18:45,992 [ERROR] LogOutputStream:75 - [STDERR_REDIRECT] [Fatal Error] :1:1: Premature end of file.
2025-12-11 19:18:45,992 [ERROR] LogOutputStream:75 - [STDERR_REDIRECT] 
2025-12-11 19:18:46,033 [ERROR] LogOutputStream:75 - [STDERR_REDIRECT] [Fatal Error] :1:1: Premature end of file.
2025-12-11 19:18:46,033 [ERROR] LogOutputStream:75 - [STDERR_REDIRECT] 
2025-12-11 19:18:46,082 [ERROR] LogOutputStream:75 - [STDERR_REDIRECT] [Fatal Error] :1:1: Premature end of file.
2025-12-11 19:18:46,082 [ERROR] LogOutputStream:75 - [STDERR_REDIRECT] 
2025-12-11 19:18:46,124 [ERROR] LogOutputStream:75 - [STDERR_REDIRECT] [Fatal Error] :1:1: Premature end of file.
2025-12-11 19:18:46,124 [ERROR] LogOutputStream:75 - [STDERR_REDIRECT] 
2025-12-11 19:18:46,166 [ERROR] LogOutputStream:75 - [STDERR_REDIRECT] [Fatal Error] :1:1: Premature end of file.
2025-12-11 19:18:46,166 [ERROR] LogOutputStream:75 - [STDERR_REDIRECT] 
2025-12-11 19:18:46,208 [ERROR] LogOutputStream:75 - [STDERR_REDIRECT] [Fatal Error] :1:1: Premature end of file.
2025-12-11 19:18:46,208 [ERROR] LogOutputStream:75 - [STDERR_REDIRECT] 
2025-12-11 19:18:46,255 [ERROR] LogOutputStream:75 - [STDERR_REDIRECT] [Fatal Error] :1:1: Premature end of file.
2025-12-11 19:18:46,255 [ERROR] LogOutputStream:75 - [STDERR_REDIRECT] 
2025-12-11 19:18:46,296 [ERROR] LogOutputStream:75 - [STDERR_REDIRECT] [Fatal Error] :1:1: Premature end of file.
2025-12-11 19:18:46,296 [ERROR] LogOutputStream:75 - [STDERR_REDIRECT] 
2025-12-11 19:18:46,341 [ERROR] LogOutputStream:75 - [STDERR_REDIRECT] [Fatal Error] :1:1: Premature end of file.
2025-12-11 19:18:46,341 [ERROR] LogOutputStream:75 - [STDERR_REDIRECT] 
2025-12-11 19:18:46,383 [ERROR] LogOutputStream:75 - [STDERR_REDIRECT] [Fatal Error] :1:1: Premature end of file.
2025-12-11 19:18:46,383 [ERROR] LogOutputStream:75 - [STDERR_REDIRECT] 
2025-12-11 19:18:46,423 [ERROR] LogOutputStream:75 - [STDERR_REDIRECT] [Fatal Error] :1:1: Premature end of file.
2025-12-11 19:18:46,423 [ERROR] LogOutputStream:75 - [STDERR_REDIRECT] 
2025-12-11 19:18:46,467 [ERROR] LogOutputStream:75 - [STDERR_REDIRECT] [Fatal Error] :1:1: Premature end of file.
2025-12-11 19:18:46,467 [ERROR] LogOutputStream:75 - [STDERR_REDIRECT] 
2025-12-11 19:18:46,511 [ERROR] LogOutputStream:75 - [STDERR_REDIRECT] [Fatal Error] :1:1: Premature end of file.
2025-12-11 19:18:46,511 [ERROR] LogOutputStream:75 - [STDERR_REDIRECT] 
2025-12-11 19:18:46,549 [ERROR] LogOutputStream:75 - [STDERR_REDIRECT] [Fatal Error] :1:1: Premature end of file.
2025-12-11 19:18:46,549 [ERROR] LogOutputStream:75 - [STDERR_REDIRECT] 
2025-12-11 19:18:46,592 [ERROR] LogOutputStream:75 - [STDERR_REDIRECT] [Fatal Error] :1:1: Premature end of file.
2025-12-11 19:18:46,592 [ERROR] LogOutputStream:75 - [STDERR_REDIRECT] 
2025-12-11 19:18:46,638 [ERROR] LogOutputStream:75 - [STDERR_REDIRECT] [Fatal Error] :1:1: Premature end of file.
2025-12-11 19:18:46,640 [ERROR] LogOutputStream:75 - [STDERR_REDIRECT] 
2025-12-11 19:18:46,679 [ERROR] LogOutputStream:75 - [STDERR_REDIRECT] [Fatal Error] :1:1: Premature end of file.
2025-12-11 19:18:46,679 [ERROR] LogOutputStream:75 - [STDERR_REDIRECT] 
2025-12-11 19:18:46,720 [ERROR] LogOutputStream:75 - [STDERR_REDIRECT] [Fatal Error] :1:1: Premature end of file.
2025-12-11 19:18:46,720 [ERROR] LogOutputStream:75 - [STDERR_REDIRECT] 
2025-12-11 19:18:46,761 [ERROR] LogOutputStream:75 - [STDERR_REDIRECT] [Fatal Error] :1:1: Premature end of file.
2025-12-11 19:18:46,761 [ERROR] LogOutputStream:75 - [STDERR_REDIRECT] 
2025-12-11 19:18:46,802 [ERROR] LogOutputStream:75 - [STDERR_REDIRECT] [Fatal Error] :1:1: Premature end of file.
2025-12-11 19:18:46,802 [ERROR] LogOutputStream:75 - [STDERR_REDIRECT] 
2025-12-11 19:18:46,845 [ERROR] LogOutputStream:75 - [STDERR_REDIRECT] [Fatal Error] :1:1: Premature end of file.
2025-12-11 19:18:46,845 [ERROR] LogOutputStream:75 - [STDERR_REDIRECT] 
2025-12-11 19:18:46,892 [ERROR] LogOutputStream:75 - [STDERR_REDIRECT] [Fatal Error] :1:1: Premature end of file.
2025-12-11 19:18:46,892 [ERROR] LogOutputStream:75 - [STDERR_REDIRECT] 
2025-12-11 19:18:46,932 [ERROR] LogOutputStream:75 - [STDERR_REDIRECT] [Fatal Error] :1:1: Premature end of file.
2025-12-11 19:18:46,932 [ERROR] LogOutputStream:75 - [STDERR_REDIRECT] 
2025-12-11 19:18:46,974 [ERROR] LogOutputStream:75 - [STDERR_REDIRECT] [Fatal Error] :1:1: Premature end of file.
2025-12-11 19:18:46,974 [ERROR] LogOutputStream:75 - [STDERR_REDIRECT] 
2025-12-11 19:18:47,022 [ERROR] LogOutputStream:75 - [STDERR_REDIRECT] [Fatal Error] :1:1: Premature end of file.
2025-12-11 19:18:47,022 [ERROR] LogOutputStream:75 - [STDERR_REDIRECT] 
2025-12-11 19:18:47,063 [ERROR] LogOutputStream:75 - [STDERR_REDIRECT] [Fatal Error] :1:1: Premature end of file.
2025-12-11 19:18:47,063 [ERROR] LogOutputStream:75 - [STDERR_REDIRECT] 
2025-12-11 19:18:47,104 [ERROR] LogOutputStream:75 - [STDERR_REDIRECT] [Fatal Error] :1:1: Premature end of file.
2025-12-11 19:18:47,104 [ERROR] LogOutputStream:75 - [STDERR_REDIRECT] 
2025-12-11 19:18:47,150 [ERROR] LogOutputStream:75 - [STDERR_REDIRECT] [Fatal Error] :1:1: Premature end of file.
2025-12-11 19:18:47,150 [ERROR] LogOutputStream:75 - [STDERR_REDIRECT] 
2025-12-11 19:18:47,191 [ERROR] LogOutputStream:75 - [STDERR_REDIRECT] [Fatal Error] :1:1: Premature end of file.
2025-12-11 19:18:47,191 [ERROR] LogOutputStream:75 - [STDERR_REDIRECT] 
2025-12-11 19:18:47,235 [ERROR] LogOutputStream:75 - [STDERR_REDIRECT] [Fatal Error] :1:1: Premature end of file.
2025-12-11 19:18:47,235 [ERROR] LogOutputStream:75 - [STDERR_REDIRECT] 
2025-12-11 19:18:47,276 [ERROR] LogOutputStream:75 - [STDERR_REDIRECT] [Fatal Error] :1:1: Premature end of file.
2025-12-11 19:18:47,276 [ERROR] LogOutputStream:75 - [STDERR_REDIRECT] 
2025-12-11 19:18:47,317 [ERROR] LogOutputStream:75 - [STDERR_REDIRECT] [Fatal Error] :1:1: Premature end of file.
2025-12-11 19:18:47,317 [ERROR] LogOutputStream:75 - [STDERR_REDIRECT] 
2025-12-11 19:18:47,360 [ERROR] LogOutputStream:75 - [STDERR_REDIRECT] [Fatal Error] :1:1: Premature end of file.
2025-12-11 19:18:47,360 [ERROR] LogOutputStream:75 - [STDERR_REDIRECT] 
2025-12-11 19:18:47,401 [ERROR] LogOutputStream:75 - [STDERR_REDIRECT] [Fatal Error] :1:1: Premature end of file.
2025-12-11 19:18:47,401 [ERROR] LogOutputStream:75 - [STDERR_REDIRECT] 
2025-12-11 19:18:47,439 [ERROR] LogOutputStream:75 - [STDERR_REDIRECT] [Fatal Error] :1:1: Premature end of file.
2025-12-11 19:18:47,439 [ERROR] LogOutputStream:75 - [STDERR_REDIRECT] 
2025-12-11 19:18:47,488 [ERROR] LogOutputStream:75 - [STDERR_REDIRECT] [Fatal Error] :1:1: Premature end of file.
2025-12-11 19:18:47,488 [ERROR] LogOutputStream:75 - [STDERR_REDIRECT] 
2025-12-11 19:18:47,528 [ERROR] LogOutputStream:75 - [STDERR_REDIRECT] [Fatal Error] :1:1: Premature end of file.
2025-12-11 19:18:47,528 [ERROR] LogOutputStream:75 - [STDERR_REDIRECT] 
2025-12-11 19:18:47,577 [ERROR] LogOutputStream:75 - [STDERR_REDIRECT] [Fatal Error] :1:1: Premature end of file.
2025-12-11 19:18:47,577 [ERROR] LogOutputStream:75 - [STDERR_REDIRECT] 
2025-12-11 19:18:47,619 [ERROR] LogOutputStream:75 - [STDERR_REDIRECT] [Fatal Error] :1:1: Premature end of file.
2025-12-11 19:18:47,619 [ERROR] LogOutputStream:75 - [STDERR_REDIRECT] 
2025-12-11 19:18:47,660 [ERROR] LogOutputStream:75 - [STDERR_REDIRECT] [Fatal Error] :1:1: Premature end of file.
2025-12-11 19:18:47,660 [ERROR] LogOutputStream:75 - [STDERR_REDIRECT] 
2025-12-11 19:18:47,702 [ERROR] LogOutputStream:75 - [STDERR_REDIRECT] [Fatal Error] :1:1: Premature end of file.
2025-12-11 19:18:47,702 [ERROR] LogOutputStream:75 - [STDERR_REDIRECT] 
2025-12-11 19:18:47,745 [ERROR] LogOutputStream:75 - [STDERR_REDIRECT] [Fatal Error] :1:1: Premature end of file.
2025-12-11 19:18:47,745 [ERROR] LogOutputStream:75 - [STDERR_REDIRECT] 
2025-12-11 19:18:47,783 [ERROR] LogOutputStream:75 - [STDERR_REDIRECT] [Fatal Error] :1:1: Premature end of file.
2025-12-11 19:18:47,783 [ERROR] LogOutputStream:75 - [STDERR_REDIRECT] 
2025-12-11 19:18:47,832 [ERROR] LogOutputStream:75 - [STDERR_REDIRECT] [Fatal Error] :1:1: Premature end of file.
2025-12-11 19:18:47,832 [ERROR] LogOutputStream:75 - [STDERR_REDIRECT] 
2025-12-11 19:18:47,874 [ERROR] LogOutputStream:75 - [STDERR_REDIRECT] [Fatal Error] :1:1: Premature end of file.
2025-12-11 19:18:47,874 [ERROR] LogOutputStream:75 - [STDERR_REDIRECT] 
2025-12-11 19:18:47,915 [ERROR] LogOutputStream:75 - [STDERR_REDIRECT] [Fatal Error] :1:1: Premature end of file.
2025-12-11 19:18:47,915 [ERROR] LogOutputStream:75 - [STDERR_REDIRECT] 
2025-12-11 19:18:47,956 [ERROR] LogOutputStream:75 - [STDERR_REDIRECT] [Fatal Error] :1:1: Premature end of file.
2025-12-11 19:18:47,956 [ERROR] LogOutputStream:75 - [STDERR_REDIRECT] 
2025-12-11 19:18:48,000 [ERROR] LogOutputStream:75 - [STDERR_REDIRECT] [Fatal Error] :1:1: Premature end of file.
2025-12-11 19:18:48,000 [ERROR] LogOutputStream:75 - [STDERR_REDIRECT] 
2025-12-11 19:18:48,044 [ERROR] LogOutputStream:75 - [STDERR_REDIRECT] [Fatal Error] :1:1: Premature end of file.
2025-12-11 19:18:48,044 [ERROR] LogOutputStream:75 - [STDERR_REDIRECT] 
2025-12-11 19:18:48,084 [ERROR] LogOutputStream:75 - [STDERR_REDIRECT] [Fatal Error] :1:1: Premature end of file.
2025-12-11 19:18:48,084 [ERROR] LogOutputStream:75 - [STDERR_REDIRECT] 
2025-12-11 19:18:48,126 [ERROR] LogOutputStream:75 - [STDERR_REDIRECT] [Fatal Error] :1:1: Premature end of file.
2025-12-11 19:18:48,126 [ERROR] LogOutputStream:75 - [STDERR_REDIRECT] 
2025-12-11 19:18:48,167 [ERROR] LogOutputStream:75 - [STDERR_REDIRECT] [Fatal Error] :1:1: Premature end of file.
2025-12-11 19:18:48,167 [ERROR] LogOutputStream:75 - [STDERR_REDIRECT] 
2025-12-11 19:18:48,210 [ERROR] LogOutputStream:75 - [STDERR_REDIRECT] [Fatal Error] :1:1: Premature end of file.
2025-12-11 19:18:48,210 [ERROR] LogOutputStream:75 - [STDERR_REDIRECT] 
2025-12-11 19:18:48,255 [ERROR] LogOutputStream:75 - [STDERR_REDIRECT] [Fatal Error] :1:1: Premature end of file.
2025-12-11 19:18:48,255 [ERROR] LogOutputStream:75 - [STDERR_REDIRECT] 
2025-12-11 19:18:48,295 [ERROR] LogOutputStream:75 - [STDERR_REDIRECT] [Fatal Error] :1:1: Premature end of file.
2025-12-11 19:18:48,295 [ERROR] LogOutputStream:75 - [STDERR_REDIRECT] 
2025-12-11 19:18:48,340 [ERROR] LogOutputStream:75 - [STDERR_REDIRECT] [Fatal Error] :1:1: Premature end of file.
2025-12-11 19:18:48,340 [ERROR] LogOutputStream:75 - [STDERR_REDIRECT] 
2025-12-11 19:18:48,381 [ERROR] LogOutputStream:75 - [STDERR_REDIRECT] [Fatal Error] :1:1: Premature end of file.
2025-12-11 19:18:48,381 [ERROR] LogOutputStream:75 - [STDERR_REDIRECT] 
2025-12-11 19:18:48,426 [ERROR] LogOutputStream:75 - [STDERR_REDIRECT] [Fatal Error] :1:1: Premature end of file.
2025-12-11 19:18:48,426 [ERROR] LogOutputStream:75 - [STDERR_REDIRECT] 
2025-12-11 19:18:48,464 [ERROR] LogOutputStream:75 - [STDERR_REDIRECT] [Fatal Error] :1:1: Premature end of file.
2025-12-11 19:18:48,464 [ERROR] LogOutputStream:75 - [STDERR_REDIRECT] 
2025-12-11 19:18:48,509 [ERROR] LogOutputStream:75 - [STDERR_REDIRECT] [Fatal Error] :1:1: Premature end of file.
2025-12-11 19:18:48,509 [ERROR] LogOutputStream:75 - [STDERR_REDIRECT] 
2025-12-11 19:18:48,553 [ERROR] LogOutputStream:75 - [STDERR_REDIRECT] [Fatal Error] :1:1: Premature end of file.
2025-12-11 19:18:48,553 [ERROR] LogOutputStream:75 - [STDERR_REDIRECT] 
2025-12-11 19:18:48,594 [ERROR] LogOutputStream:75 - [STDERR_REDIRECT] [Fatal Error] :1:1: Premature end of file.
2025-12-11 19:18:48,594 [ERROR] LogOutputStream:75 - [STDERR_REDIRECT] 
2025-12-11 19:18:48,639 [ERROR] LogOutputStream:75 - [STDERR_REDIRECT] [Fatal Error] :1:1: Premature end of file.
2025-12-11 19:18:48,639 [ERROR] LogOutputStream:75 - [STDERR_REDIRECT] 
2025-12-11 19:18:48,677 [ERROR] LogOutputStream:75 - [STDERR_REDIRECT] [Fatal Error] :1:1: Premature end of file.
2025-12-11 19:18:48,677 [ERROR] LogOutputStream:75 - [STDERR_REDIRECT] 
2025-12-11 19:18:48,722 [ERROR] LogOutputStream:75 - [STDERR_REDIRECT] [Fatal Error] :1:1: Premature end of file.
2025-12-11 19:18:48,722 [ERROR] LogOutputStream:75 - [STDERR_REDIRECT] 
2025-12-11 19:18:48,766 [ERROR] LogOutputStream:75 - [STDERR_REDIRECT] [Fatal Error] :1:1: Premature end of file.
2025-12-11 19:18:48,766 [ERROR] LogOutputStream:75 - [STDERR_REDIRECT] 
2025-12-11 19:18:48,807 [ERROR] LogOutputStream:75 - [STDERR_REDIRECT] [Fatal Error] :1:1: Premature end of file.
2025-12-11 19:18:48,807 [ERROR] LogOutputStream:75 - [STDERR_REDIRECT] 
2025-12-11 19:18:48,847 [ERROR] LogOutputStream:75 - [STDERR_REDIRECT] [Fatal Error] :1:1: Premature end of file.
2025-12-11 19:18:48,847 [ERROR] LogOutputStream:75 - [STDERR_REDIRECT] 
2025-12-11 19:18:48,889 [ERROR] LogOutputStream:75 - [STDERR_REDIRECT] [Fatal Error] :1:1: Premature end of file.
2025-12-11 19:18:48,889 [ERROR] LogOutputStream:75 - [STDERR_REDIRECT] 
2025-12-11 19:18:48,930 [ERROR] LogOutputStream:75 - [STDERR_REDIRECT] [Fatal Error] :1:1: Premature end of file.
2025-12-11 19:18:48,930 [ERROR] LogOutputStream:75 - [STDERR_REDIRECT] 
2025-12-11 19:18:48,972 [ERROR] LogOutputStream:75 - [STDERR_REDIRECT] [Fatal Error] :1:1: Premature end of file.
2025-12-11 19:18:48,972 [ERROR] LogOutputStream:75 - [STDERR_REDIRECT] 
2025-12-11 19:18:49,021 [ERROR] LogOutputStream:75 - [STDERR_REDIRECT] [Fatal Error] :1:1: Premature end of file.
2025-12-11 19:18:49,021 [ERROR] LogOutputStream:75 - [STDERR_REDIRECT] 
2025-12-11 19:18:49,064 [ERROR] LogOutputStream:75 - [STDERR_REDIRECT] [Fatal Error] :1:1: Premature end of file.
2025-12-11 19:18:49,064 [ERROR] LogOutputStream:75 - [STDERR_REDIRECT] 
2025-12-11 19:18:49,106 [ERROR] LogOutputStream:75 - [STDERR_REDIRECT] [Fatal Error] :1:1: Premature end of file.
2025-12-11 19:18:49,106 [ERROR] LogOutputStream:75 - [STDERR_REDIRECT] 
2025-12-11 19:18:49,149 [ERROR] LogOutputStream:75 - [STDERR_REDIRECT] [Fatal Error] :1:1: Premature end of file.
2025-12-11 19:18:49,149 [ERROR] LogOutputStream:75 - [STDERR_REDIRECT] 
2025-12-11 19:18:49,192 [ERROR] LogOutputStream:75 - [STDERR_REDIRECT] [Fatal Error] :1:1: Premature end of file.
2025-12-11 19:18:49,194 [ERROR] LogOutputStream:75 - [STDERR_REDIRECT] 
2025-12-11 19:18:49,233 [ERROR] LogOutputStream:75 - [STDERR_REDIRECT] [Fatal Error] :1:1: Premature end of file.
2025-12-11 19:18:49,233 [ERROR] LogOutputStream:75 - [STDERR_REDIRECT] 
2025-12-11 19:18:49,274 [ERROR] LogOutputStream:75 - [STDERR_REDIRECT] [Fatal Error] :1:1: Premature end of file.
2025-12-11 19:18:49,274 [ERROR] LogOutputStream:75 - [STDERR_REDIRECT] 
2025-12-11 19:18:49,316 [ERROR] LogOutputStream:75 - [STDERR_REDIRECT] [Fatal Error] :1:1: Premature end of file.
2025-12-11 19:18:49,316 [ERROR] LogOutputStream:75 - [STDERR_REDIRECT] 
2025-12-11 19:18:49,360 [ERROR] LogOutputStream:75 - [STDERR_REDIRECT] [Fatal Error] :1:1: Premature end of file.
2025-12-11 19:18:49,360 [ERROR] LogOutputStream:75 - [STDERR_REDIRECT] 
2025-12-11 19:18:49,407 [ERROR] LogOutputStream:75 - [STDERR_REDIRECT] [Fatal Error] :1:1: Premature end of file.
2025-12-11 19:18:49,407 [ERROR] LogOutputStream:75 - [STDERR_REDIRECT] 
2025-12-11 19:18:49,447 [ERROR] LogOutputStream:75 - [STDERR_REDIRECT] [Fatal Error] :1:1: Premature end of file.
2025-12-11 19:18:49,447 [ERROR] LogOutputStream:75 - [STDERR_REDIRECT] 
2025-12-11 19:18:49,494 [ERROR] LogOutputStream:75 - [STDERR_REDIRECT] [Fatal Error] :1:1: Premature end of file.
2025-12-11 19:18:49,494 [ERROR] LogOutputStream:75 - [STDERR_REDIRECT] 
2025-12-11 19:18:49,532 [ERROR] LogOutputStream:75 - [STDERR_REDIRECT] [Fatal Error] :1:1: Premature end of file.
2025-12-11 19:18:49,532 [ERROR] LogOutputStream:75 - [STDERR_REDIRECT] 
2025-12-11 19:18:49,575 [ERROR] LogOutputStream:75 - [STDERR_REDIRECT] [Fatal Error] :1:1: Premature end of file.
2025-12-11 19:18:49,575 [ERROR] LogOutputStream:75 - [STDERR_REDIRECT] 
2025-12-11 19:18:49,620 [ERROR] LogOutputStream:75 - [STDERR_REDIRECT] [Fatal Error] :1:1: Premature end of file.
2025-12-11 19:18:49,620 [ERROR] LogOutputStream:75 - [STDERR_REDIRECT] 
2025-12-11 19:18:49,660 [ERROR] LogOutputStream:75 - [STDERR_REDIRECT] [Fatal Error] :1:1: Premature end of file.
2025-12-11 19:18:49,660 [ERROR] LogOutputStream:75 - [STDERR_REDIRECT] 
2025-12-11 19:18:49,703 [ERROR] LogOutputStream:75 - [STDERR_REDIRECT] [Fatal Error] :1:1: Premature end of file.
2025-12-11 19:18:49,703 [ERROR] LogOutputStream:75 - [STDERR_REDIRECT] 
2025-12-11 19:18:49,743 [ERROR] LogOutputStream:75 - [STDERR_REDIRECT] [Fatal Error] :1:1: Premature end of file.
2025-12-11 19:18:49,743 [ERROR] LogOutputStream:75 - [STDERR_REDIRECT] 
2025-12-11 19:18:49,786 [ERROR] LogOutputStream:75 - [STDERR_REDIRECT] [Fatal Error] :1:1: Premature end of file.
2025-12-11 19:18:49,786 [ERROR] LogOutputStream:75 - [STDERR_REDIRECT] 
2025-12-11 19:18:49,833 [ERROR] LogOutputStream:75 - [STDERR_REDIRECT] [Fatal Error] :1:1: Premature end of file.
2025-12-11 19:18:49,833 [ERROR] LogOutputStream:75 - [STDERR_REDIRECT] 
2025-12-11 19:18:49,874 [ERROR] LogOutputStream:75 - [STDERR_REDIRECT] [Fatal Error] :1:1: Premature end of file.
2025-12-11 19:18:49,874 [ERROR] LogOutputStream:75 - [STDERR_REDIRECT] 
2025-12-11 19:18:49,920 [ERROR] LogOutputStream:75 - [STDERR_REDIRECT] [Fatal Error] :1:1: Premature end of file.
2025-12-11 19:18:49,920 [ERROR] LogOutputStream:75 - [STDERR_REDIRECT] 
2025-12-11 19:18:49,963 [ERROR] LogOutputStream:75 - [STDERR_REDIRECT] [Fatal Error] :1:1: Premature end of file.
2025-12-11 19:18:49,963 [ERROR] LogOutputStream:75 - [STDERR_REDIRECT] 
2025-12-11 19:18:50,005 [ERROR] LogOutputStream:75 - [STDERR_REDIRECT] [Fatal Error] :1:1: Premature end of file.
2025-12-11 19:18:50,005 [ERROR] LogOutputStream:75 - [STDERR_REDIRECT] 
2025-12-11 19:18:50,048 [ERROR] LogOutputStream:75 - [STDERR_REDIRECT] [Fatal Error] :1:1: Premature end of file.
2025-12-11 19:18:50,048 [ERROR] LogOutputStream:75 - [STDERR_REDIRECT] 
2025-12-11 19:18:50,087 [ERROR] LogOutputStream:75 - [STDERR_REDIRECT] [Fatal Error] :1:1: Premature end of file.
2025-12-11 19:18:50,087 [ERROR] LogOutputStream:75 - [STDERR_REDIRECT] 
2025-12-11 19:18:50,136 [ERROR] LogOutputStream:75 - [STDERR_REDIRECT] [Fatal Error] :1:1: Premature end of file.
2025-12-11 19:18:50,136 [ERROR] LogOutputStream:75 - [STDERR_REDIRECT] 
2025-12-11 19:18:50,177 [ERROR] LogOutputStream:75 - [STDERR_REDIRECT] [Fatal Error] :1:1: Premature end of file.
2025-12-11 19:18:50,177 [ERROR] LogOutputStream:75 - [STDERR_REDIRECT] 
2025-12-11 19:18:50,218 [ERROR] LogOutputStream:75 - [STDERR_REDIRECT] [Fatal Error] :1:1: Premature end of file.
2025-12-11 19:18:50,218 [ERROR] LogOutputStream:75 - [STDERR_REDIRECT] 
2025-12-11 19:18:50,259 [ERROR] LogOutputStream:75 - [STDERR_REDIRECT] [Fatal Error] :1:1: Premature end of file.
2025-12-11 19:18:50,259 [ERROR] LogOutputStream:75 - [STDERR_REDIRECT] 
2025-12-11 19:18:50,306 [ERROR] LogOutputStream:75 - [STDERR_REDIRECT] [Fatal Error] :1:1: Premature end of file.
2025-12-11 19:18:50,306 [ERROR] LogOutputStream:75 - [STDERR_REDIRECT] 
2025-12-11 19:18:50,347 [ERROR] LogOutputStream:75 - [STDERR_REDIRECT] [Fatal Error] :1:1: Premature end of file.
2025-12-11 19:18:50,347 [ERROR] LogOutputStream:75 - [STDERR_REDIRECT] 
2025-12-11 19:18:50,406 [ERROR] LogOutputStream:75 - [STDERR_REDIRECT] [Fatal Error] :1:1: Premature end of file.
2025-12-11 19:18:50,406 [ERROR] LogOutputStream:75 - [STDERR_REDIRECT] 
2025-12-11 19:18:50,447 [ERROR] LogOutputStream:75 - [STDERR_REDIRECT] [Fatal Error] :1:1: Premature end of file.
2025-12-11 19:18:50,447 [ERROR] LogOutputStream:75 - [STDERR_REDIRECT] 
2025-12-11 19:18:50,490 [ERROR] LogOutputStream:75 - [STDERR_REDIRECT] [Fatal Error] :1:1: Premature end of file.
2025-12-11 19:18:50,490 [ERROR] LogOutputStream:75 - [STDERR_REDIRECT] 
2025-12-11 19:18:50,538 [ERROR] LogOutputStream:75 - [STDERR_REDIRECT] [Fatal Error] :1:1: Premature end of file.
2025-12-11 19:18:50,538 [ERROR] LogOutputStream:75 - [STDERR_REDIRECT] 
2025-12-11 19:18:50,578 [ERROR] LogOutputStream:75 - [STDERR_REDIRECT] [Fatal Error] :1:1: Premature end of file.
2025-12-11 19:18:50,578 [ERROR] LogOutputStream:75 - [STDERR_REDIRECT] 
2025-12-11 19:18:50,625 [ERROR] LogOutputStream:75 - [STDERR_REDIRECT] [Fatal Error] :1:1: Premature end of file.
2025-12-11 19:18:50,625 [ERROR] LogOutputStream:75 - [STDERR_REDIRECT] 
2025-12-11 19:18:50,670 [ERROR] LogOutputStream:75 - [STDERR_REDIRECT] [Fatal Error] :1:1: Premature end of file.
2025-12-11 19:18:50,670 [ERROR] LogOutputStream:75 - [STDERR_REDIRECT] 
2025-12-11 19:18:50,708 [ERROR] LogOutputStream:75 - [STDERR_REDIRECT] [Fatal Error] :1:1: Premature end of file.
2025-12-11 19:18:50,708 [ERROR] LogOutputStream:75 - [STDERR_REDIRECT] 
2025-12-11 19:18:50,748 [ERROR] LogOutputStream:75 - [STDERR_REDIRECT] [Fatal Error] :1:1: Premature end of file.
2025-12-11 19:18:50,748 [ERROR] LogOutputStream:75 - [STDERR_REDIRECT] 
2025-12-11 19:18:50,788 [ERROR] LogOutputStream:75 - [STDERR_REDIRECT] [Fatal Error] :1:1: Premature end of file.
2025-12-11 19:18:50,788 [ERROR] LogOutputStream:75 - [STDERR_REDIRECT] 
2025-12-11 19:18:50,838 [ERROR] LogOutputStream:75 - [STDERR_REDIRECT] [Fatal Error] :1:1: Premature end of file.
2025-12-11 19:18:50,838 [ERROR] LogOutputStream:75 - [STDERR_REDIRECT] 
2025-12-11 19:18:50,879 [ERROR] LogOutputStream:75 - [STDERR_REDIRECT] [Fatal Error] :1:1: Premature end of file.
2025-12-11 19:18:50,879 [ERROR] LogOutputStream:75 - [STDERR_REDIRECT] 
2025-12-11 19:18:50,922 [ERROR] LogOutputStream:75 - [STDERR_REDIRECT] [Fatal Error] :1:1: Premature end of file.
2025-12-11 19:18:50,922 [ERROR] LogOutputStream:75 - [STDERR_REDIRECT] 
2025-12-11 19:18:50,962 [ERROR] LogOutputStream:75 - [STDERR_REDIRECT] [Fatal Error] :1:1: Premature end of file.
2025-12-11 19:18:50,962 [ERROR] LogOutputStream:75 - [STDERR_REDIRECT] 
2025-12-11 19:18:51,005 [ERROR] LogOutputStream:75 - [STDERR_REDIRECT] [Fatal Error] :1:1: Premature end of file.
2025-12-11 19:18:51,005 [ERROR] LogOutputStream:75 - [STDERR_REDIRECT] 
2025-12-11 19:18:51,048 [ERROR] LogOutputStream:75 - [STDERR_REDIRECT] [Fatal Error] :1:1: Premature end of file.
2025-12-11 19:18:51,048 [ERROR] LogOutputStream:75 - [STDERR_REDIRECT] 
2025-12-11 19:18:51,089 [ERROR] LogOutputStream:75 - [STDERR_REDIRECT] [Fatal Error] :1:1: Premature end of file.
2025-12-11 19:18:51,089 [ERROR] LogOutputStream:75 - [STDERR_REDIRECT] 
2025-12-11 19:18:51,134 [ERROR] LogOutputStream:75 - [STDERR_REDIRECT] [Fatal Error] :1:1: Premature end of file.
2025-12-11 19:18:51,134 [ERROR] LogOutputStream:75 - [STDERR_REDIRECT] 
2025-12-11 19:18:51,175 [ERROR] LogOutputStream:75 - [STDERR_REDIRECT] [Fatal Error] :1:1: Premature end of file.
2025-12-11 19:18:51,175 [ERROR] LogOutputStream:75 - [STDERR_REDIRECT] 
2025-12-11 19:18:51,219 [ERROR] LogOutputStream:75 - [STDERR_REDIRECT] [Fatal Error] :1:1: Premature end of file.
2025-12-11 19:18:51,219 [ERROR] LogOutputStream:75 - [STDERR_REDIRECT] 
2025-12-11 19:18:51,257 [ERROR] LogOutputStream:75 - [STDERR_REDIRECT] [Fatal Error] :1:1: Premature end of file.
2025-12-11 19:18:51,257 [ERROR] LogOutputStream:75 - [STDERR_REDIRECT] 
2025-12-11 19:18:51,305 [ERROR] LogOutputStream:75 - [STDERR_REDIRECT] [Fatal Error] :1:1: Premature end of file.
2025-12-11 19:18:51,305 [ERROR] LogOutputStream:75 - [STDERR_REDIRECT] 
2025-12-11 19:18:51,346 [ERROR] LogOutputStream:75 - [STDERR_REDIRECT] [Fatal Error] :1:1: Premature end of file.
2025-12-11 19:18:51,346 [ERROR] LogOutputStream:75 - [STDERR_REDIRECT] 
2025-12-11 19:18:51,387 [ERROR] LogOutputStream:75 - [STDERR_REDIRECT] [Fatal Error] :1:1: Premature end of file.
2025-12-11 19:18:51,387 [ERROR] LogOutputStream:75 - [STDERR_REDIRECT] 
2025-12-11 19:18:51,428 [ERROR] LogOutputStream:75 - [STDERR_REDIRECT] [Fatal Error] :1:1: Premature end of file.
2025-12-11 19:18:51,428 [ERROR] LogOutputStream:75 - [STDERR_REDIRECT] 
2025-12-11 19:18:51,469 [ERROR] LogOutputStream:75 - [STDERR_REDIRECT] [Fatal Error] :1:1: Premature end of file.
2025-12-11 19:18:51,469 [ERROR] LogOutputStream:75 - [STDERR_REDIRECT] 
2025-12-11 19:18:51,514 [ERROR] LogOutputStream:75 - [STDERR_REDIRECT] [Fatal Error] :1:1: Premature end of file.
2025-12-11 19:18:51,518 [ERROR] LogOutputStream:75 - [STDERR_REDIRECT] 
2025-12-11 19:18:51,558 [ERROR] LogOutputStream:75 - [STDERR_REDIRECT] [Fatal Error] :1:1: Premature end of file.
2025-12-11 19:18:51,558 [ERROR] LogOutputStream:75 - [STDERR_REDIRECT] 
2025-12-11 19:18:51,603 [ERROR] LogOutputStream:75 - [STDERR_REDIRECT] [Fatal Error] :1:1: Premature end of file.
2025-12-11 19:18:51,603 [ERROR] LogOutputStream:75 - [STDERR_REDIRECT] 
2025-12-11 19:18:51,648 [ERROR] LogOutputStream:75 - [STDERR_REDIRECT] [Fatal Error] :1:1: Premature end of file.
2025-12-11 19:18:51,648 [ERROR] LogOutputStream:75 - [STDERR_REDIRECT] 
2025-12-11 19:18:51,690 [ERROR] LogOutputStream:75 - [STDERR_REDIRECT] [Fatal Error] :1:1: Premature end of file.
2025-12-11 19:18:51,690 [ERROR] LogOutputStream:75 - [STDERR_REDIRECT] 
2025-12-11 19:18:51,733 [ERROR] LogOutputStream:75 - [STDERR_REDIRECT] [Fatal Error] :1:1: Premature end of file.
2025-12-11 19:18:51,733 [ERROR] LogOutputStream:75 - [STDERR_REDIRECT] 
2025-12-11 19:18:51,774 [ERROR] LogOutputStream:75 - [STDERR_REDIRECT] [Fatal Error] :1:1: Premature end of file.
2025-12-11 19:18:51,774 [ERROR] LogOutputStream:75 - [STDERR_REDIRECT] 
2025-12-11 19:18:51,819 [ERROR] LogOutputStream:75 - [STDERR_REDIRECT] [Fatal Error] :1:1: Premature end of file.
2025-12-11 19:18:51,819 [ERROR] LogOutputStream:75 - [STDERR_REDIRECT] 
2025-12-11 19:18:51,861 [ERROR] LogOutputStream:75 - [STDERR_REDIRECT] [Fatal Error] :1:1: Premature end of file.
2025-12-11 19:18:51,861 [ERROR] LogOutputStream:75 - [STDERR_REDIRECT] 
2025-12-11 19:18:51,900 [ERROR] LogOutputStream:75 - [STDERR_REDIRECT] [Fatal Error] :1:1: Premature end of file.
2025-12-11 19:18:51,900 [ERROR] LogOutputStream:75 - [STDERR_REDIRECT] 
2025-12-11 19:18:51,941 [ERROR] LogOutputStream:75 - [STDERR_REDIRECT] [Fatal Error] :1:1: Premature end of file.
2025-12-11 19:18:51,941 [ERROR] LogOutputStream:75 - [STDERR_REDIRECT] 
2025-12-11 19:18:51,990 [ERROR] LogOutputStream:75 - [STDERR_REDIRECT] [Fatal Error] :1:1: Premature end of file.
2025-12-11 19:18:51,990 [ERROR] LogOutputStream:75 - [STDERR_REDIRECT] 
2025-12-11 19:18:52,035 [ERROR] LogOutputStream:75 - [STDERR_REDIRECT] [Fatal Error] :1:1: Premature end of file.
2025-12-11 19:18:52,035 [ERROR] LogOutputStream:75 - [STDERR_REDIRECT] 
2025-12-11 19:18:52,077 [ERROR] LogOutputStream:75 - [STDERR_REDIRECT] [Fatal Error] :1:1: Premature end of file.
2025-12-11 19:18:52,077 [ERROR] LogOutputStream:75 - [STDERR_REDIRECT] 
2025-12-11 19:18:52,114 [ERROR] LogOutputStream:75 - [STDERR_REDIRECT] [Fatal Error] :1:1: Premature end of file.
2025-12-11 19:18:52,114 [ERROR] LogOutputStream:75 - [STDERR_REDIRECT] 
2025-12-11 19:18:52,154 [ERROR] LogOutputStream:75 - [STDERR_REDIRECT] [Fatal Error] :1:1: Premature end of file.
2025-12-11 19:18:52,154 [ERROR] LogOutputStream:75 - [STDERR_REDIRECT] 
2025-12-11 19:18:52,195 [ERROR] LogOutputStream:75 - [STDERR_REDIRECT] [Fatal Error] :1:1: Premature end of file.
2025-12-11 19:18:52,195 [ERROR] LogOutputStream:75 - [STDERR_REDIRECT] 
2025-12-11 19:18:52,244 [ERROR] LogOutputStream:75 - [STDERR_REDIRECT] [Fatal Error] :1:1: Premature end of file.
2025-12-11 19:18:52,244 [ERROR] LogOutputStream:75 - [STDERR_REDIRECT] 
2025-12-11 19:18:52,285 [ERROR] LogOutputStream:75 - [STDERR_REDIRECT] [Fatal Error] :1:1: Premature end of file.
2025-12-11 19:18:52,285 [ERROR] LogOutputStream:75 - [STDERR_REDIRECT] 
2025-12-11 19:18:52,326 [ERROR] LogOutputStream:75 - [STDERR_REDIRECT] [Fatal Error] :1:1: Premature end of file.
2025-12-11 19:18:52,326 [ERROR] LogOutputStream:75 - [STDERR_REDIRECT] 
2025-12-11 19:18:52,368 [ERROR] LogOutputStream:75 - [STDERR_REDIRECT] [Fatal Error] :1:1: Premature end of file.
2025-12-11 19:18:52,368 [ERROR] LogOutputStream:75 - [STDERR_REDIRECT] 
2025-12-11 19:18:52,413 [ERROR] LogOutputStream:75 - [STDERR_REDIRECT] [Fatal Error] :1:1: Premature end of file.
2025-12-11 19:18:52,413 [ERROR] LogOutputStream:75 - [STDERR_REDIRECT] 
2025-12-11 19:18:52,458 [ERROR] LogOutputStream:75 - [STDERR_REDIRECT] [Fatal Error] :1:1: Premature end of file.
2025-12-11 19:18:52,458 [ERROR] LogOutputStream:75 - [STDERR_REDIRECT] 
2025-12-11 19:18:52,500 [ERROR] LogOutputStream:75 - [STDERR_REDIRECT] [Fatal Error] :1:1: Premature end of file.
2025-12-11 19:18:52,500 [ERROR] LogOutputStream:75 - [STDERR_REDIRECT] 
2025-12-11 19:18:52,541 [ERROR] LogOutputStream:75 - [STDERR_REDIRECT] [Fatal Error] :1:1: Premature end of file.
2025-12-11 19:18:52,541 [ERROR] LogOutputStream:75 - [STDERR_REDIRECT] 
2025-12-11 19:18:52,589 [ERROR] LogOutputStream:75 - [STDERR_REDIRECT] [Fatal Error] :1:1: Premature end of file.
2025-12-11 19:18:52,589 [ERROR] LogOutputStream:75 - [STDERR_REDIRECT] 
2025-12-11 19:18:52,630 [ERROR] LogOutputStream:75 - [STDERR_REDIRECT] [Fatal Error] :1:1: Premature end of file.
2025-12-11 19:18:52,630 [ERROR] LogOutputStream:75 - [STDERR_REDIRECT] 
2025-12-11 19:18:52,671 [ERROR] LogOutputStream:75 - [STDERR_REDIRECT] [Fatal Error] :1:1: Premature end of file.
2025-12-11 19:18:52,671 [ERROR] LogOutputStream:75 - [STDERR_REDIRECT] 
2025-12-11 19:18:52,712 [ERROR] LogOutputStream:75 - [STDERR_REDIRECT] [Fatal Error] :1:1: Premature end of file.
2025-12-11 19:18:52,712 [ERROR] LogOutputStream:75 - [STDERR_REDIRECT] 
2025-12-11 19:18:52,758 [ERROR] LogOutputStream:75 - [STDERR_REDIRECT] [Fatal Error] :1:1: Premature end of file.
2025-12-11 19:18:52,758 [ERROR] LogOutputStream:75 - [STDERR_REDIRECT] 
2025-12-11 19:18:52,793 [ERROR] LogOutputStream:75 - [STDERR_REDIRECT] [Fatal Error] :1:1: Premature end of file.
2025-12-11 19:18:52,801 [ERROR] LogOutputStream:75 - [STDERR_REDIRECT] 
2025-12-11 19:18:52,845 [ERROR] LogOutputStream:75 - [STDERR_REDIRECT] [Fatal Error] :1:1: Premature end of file.
2025-12-11 19:18:52,845 [ERROR] LogOutputStream:75 - [STDERR_REDIRECT] 
2025-12-11 19:18:52,884 [ERROR] LogOutputStream:75 - [STDERR_REDIRECT] [Fatal Error] :1:1: Premature end of file.
2025-12-11 19:18:52,884 [ERROR] LogOutputStream:75 - [STDERR_REDIRECT] 
2025-12-11 19:18:52,925 [ERROR] LogOutputStream:75 - [STDERR_REDIRECT] [Fatal Error] :1:1: Premature end of file.
2025-12-11 19:18:52,925 [ERROR] LogOutputStream:75 - [STDERR_REDIRECT] 
2025-12-11 19:18:52,969 [ERROR] LogOutputStream:75 - [STDERR_REDIRECT] [Fatal Error] :1:1: Premature end of file.
2025-12-11 19:18:52,969 [ERROR] LogOutputStream:75 - [STDERR_REDIRECT] 
2025-12-11 19:18:53,015 [ERROR] LogOutputStream:75 - [STDERR_REDIRECT] [Fatal Error] :1:1: Premature end of file.
2025-12-11 19:18:53,015 [ERROR] LogOutputStream:75 - [STDERR_REDIRECT] 
2025-12-11 19:18:53,057 [ERROR] LogOutputStream:75 - [STDERR_REDIRECT] [Fatal Error] :1:1: Premature end of file.
2025-12-11 19:18:53,057 [ERROR] LogOutputStream:75 - [STDERR_REDIRECT] 
2025-12-11 19:18:53,098 [ERROR] LogOutputStream:75 - [STDERR_REDIRECT] [Fatal Error] :1:1: Premature end of file.
2025-12-11 19:18:53,098 [ERROR] LogOutputStream:75 - [STDERR_REDIRECT] 
2025-12-11 19:18:53,139 [ERROR] LogOutputStream:75 - [STDERR_REDIRECT] [Fatal Error] :1:1: Premature end of file.
2025-12-11 19:18:53,139 [ERROR] LogOutputStream:75 - [STDERR_REDIRECT] 
2025-12-11 19:18:53,181 [ERROR] LogOutputStream:75 - [STDERR_REDIRECT] [Fatal Error] :1:1: Premature end of file.
2025-12-11 19:18:53,181 [ERROR] LogOutputStream:75 - [STDERR_REDIRECT] 
2025-12-11 19:18:53,220 [ERROR] LogOutputStream:75 - [STDERR_REDIRECT] [Fatal Error] :1:1: Premature end of file.
2025-12-11 19:18:53,220 [ERROR] LogOutputStream:75 - [STDERR_REDIRECT] 
2025-12-11 19:18:53,266 [ERROR] LogOutputStream:75 - [STDERR_REDIRECT] [Fatal Error] :1:1: Premature end of file.
2025-12-11 19:18:53,266 [ERROR] LogOutputStream:75 - [STDERR_REDIRECT] 
2025-12-11 19:18:53,302 [ERROR] LogOutputStream:75 - [STDERR_REDIRECT] [Fatal Error] :1:1: Premature end of file.
2025-12-11 19:18:53,302 [ERROR] LogOutputStream:75 - [STDERR_REDIRECT] 
2025-12-11 19:18:53,351 [ERROR] LogOutputStream:75 - [STDERR_REDIRECT] [Fatal Error] :1:1: Premature end of file.
2025-12-11 19:18:53,351 [ERROR] LogOutputStream:75 - [STDERR_REDIRECT] 
2025-12-11 19:18:53,396 [ERROR] LogOutputStream:75 - [STDERR_REDIRECT] [Fatal Error] :1:1: Premature end of file.
2025-12-11 19:18:53,396 [ERROR] LogOutputStream:75 - [STDERR_REDIRECT] 
2025-12-11 19:18:53,436 [ERROR] LogOutputStream:75 - [STDERR_REDIRECT] [Fatal Error] :1:1: Premature end of file.
2025-12-11 19:18:53,441 [ERROR] LogOutputStream:75 - [STDERR_REDIRECT] 
2025-12-11 19:18:53,482 [ERROR] LogOutputStream:75 - [STDERR_REDIRECT] [Fatal Error] :1:1: Premature end of file.
2025-12-11 19:18:53,539 [ERROR] LogOutputStream:75 - [STDERR_REDIRECT] 
2025-12-11 19:18:53,582 [ERROR] LogOutputStream:75 - [STDERR_REDIRECT] [Fatal Error] :1:1: Premature end of file.
2025-12-11 19:18:53,582 [ERROR] LogOutputStream:75 - [STDERR_REDIRECT] 
2025-12-11 19:18:53,622 [ERROR] LogOutputStream:75 - [STDERR_REDIRECT] [Fatal Error] :1:1: Premature end of file.
2025-12-11 19:18:53,622 [ERROR] LogOutputStream:75 - [STDERR_REDIRECT] 
2025-12-11 19:18:53,671 [ERROR] LogOutputStream:75 - [STDERR_REDIRECT] [Fatal Error] :1:1: Premature end of file.
2025-12-11 19:18:53,671 [ERROR] LogOutputStream:75 - [STDERR_REDIRECT] 
2025-12-11 19:18:53,712 [ERROR] LogOutputStream:75 - [STDERR_REDIRECT] [Fatal Error] :1:1: Premature end of file.
2025-12-11 19:18:53,712 [ERROR] LogOutputStream:75 - [STDERR_REDIRECT] 
2025-12-11 19:18:53,754 [ERROR] LogOutputStream:75 - [STDERR_REDIRECT] [Fatal Error] :1:1: Premature end of file.
2025-12-11 19:18:53,754 [ERROR] LogOutputStream:75 - [STDERR_REDIRECT] 
2025-12-11 19:18:53,794 [ERROR] LogOutputStream:75 - [STDERR_REDIRECT] [Fatal Error] :1:1: Premature end of file.
2025-12-11 19:18:53,794 [ERROR] LogOutputStream:75 - [STDERR_REDIRECT] 
2025-12-11 19:18:53,843 [ERROR] LogOutputStream:75 - [STDERR_REDIRECT] [Fatal Error] :1:1: Premature end of file.
2025-12-11 19:18:53,843 [ERROR] LogOutputStream:75 - [STDERR_REDIRECT] 
2025-12-11 19:18:53,883 [ERROR] LogOutputStream:75 - [STDERR_REDIRECT] [Fatal Error] :1:1: Premature end of file.
2025-12-11 19:18:53,883 [ERROR] LogOutputStream:75 - [STDERR_REDIRECT] 
2025-12-11 19:18:53,925 [ERROR] LogOutputStream:75 - [STDERR_REDIRECT] [Fatal Error] :1:1: Premature end of file.
2025-12-11 19:18:53,925 [ERROR] LogOutputStream:75 - [STDERR_REDIRECT] 
2025-12-11 19:18:53,965 [ERROR] LogOutputStream:75 - [STDERR_REDIRECT] [Fatal Error] :1:1: Premature end of file.
2025-12-11 19:18:53,965 [ERROR] LogOutputStream:75 - [STDERR_REDIRECT] 
2025-12-11 19:18:54,014 [ERROR] LogOutputStream:75 - [STDERR_REDIRECT] [Fatal Error] :1:1: Premature end of file.
2025-12-11 19:18:54,014 [ERROR] LogOutputStream:75 - [STDERR_REDIRECT] 
2025-12-11 19:18:54,055 [ERROR] LogOutputStream:75 - [STDERR_REDIRECT] [Fatal Error] :1:1: Premature end of file.
2025-12-11 19:18:54,055 [ERROR] LogOutputStream:75 - [STDERR_REDIRECT] 
2025-12-11 19:18:54,097 [ERROR] LogOutputStream:75 - [STDERR_REDIRECT] [Fatal Error] :1:1: Premature end of file.
2025-12-11 19:18:54,097 [ERROR] LogOutputStream:75 - [STDERR_REDIRECT] 
2025-12-11 19:18:54,138 [ERROR] LogOutputStream:75 - [STDERR_REDIRECT] [Fatal Error] :1:1: Premature end of file.
2025-12-11 19:18:54,138 [ERROR] LogOutputStream:75 - [STDERR_REDIRECT] 
2025-12-11 19:18:54,188 [ERROR] LogOutputStream:75 - [STDERR_REDIRECT] [Fatal Error] :1:1: Premature end of file.
2025-12-11 19:18:54,188 [ERROR] LogOutputStream:75 - [STDERR_REDIRECT] 
2025-12-11 19:18:54,228 [ERROR] LogOutputStream:75 - [STDERR_REDIRECT] [Fatal Error] :1:1: Premature end of file.
2025-12-11 19:18:54,228 [ERROR] LogOutputStream:75 - [STDERR_REDIRECT] 
2025-12-11 19:18:54,272 [ERROR] LogOutputStream:75 - [STDERR_REDIRECT] [Fatal Error] :1:1: Premature end of file.
2025-12-11 19:18:54,272 [ERROR] LogOutputStream:75 - [STDERR_REDIRECT] 
2025-12-11 19:18:54,315 [ERROR] LogOutputStream:75 - [STDERR_REDIRECT] [Fatal Error] :1:1: Premature end of file.
2025-12-11 19:18:54,315 [ERROR] LogOutputStream:75 - [STDERR_REDIRECT] 
2025-12-11 19:18:54,358 [ERROR] LogOutputStream:75 - [STDERR_REDIRECT] [Fatal Error] :1:1: Premature end of file.
2025-12-11 19:18:54,358 [ERROR] LogOutputStream:75 - [STDERR_REDIRECT] 
2025-12-11 19:18:54,401 [ERROR] LogOutputStream:75 - [STDERR_REDIRECT] [Fatal Error] :1:1: Premature end of file.
2025-12-11 19:18:54,401 [ERROR] LogOutputStream:75 - [STDERR_REDIRECT] 
2025-12-11 19:18:54,445 [ERROR] LogOutputStream:75 - [STDERR_REDIRECT] [Fatal Error] :1:1: Premature end of file.
2025-12-11 19:18:54,445 [ERROR] LogOutputStream:75 - [STDERR_REDIRECT] 
2025-12-11 19:18:54,487 [ERROR] LogOutputStream:75 - [STDERR_REDIRECT] [Fatal Error] :1:1: Premature end of file.
2025-12-11 19:18:54,487 [ERROR] LogOutputStream:75 - [STDERR_REDIRECT] 
2025-12-11 19:18:54,528 [ERROR] LogOutputStream:75 - [STDERR_REDIRECT] [Fatal Error] :1:1: Premature end of file.
2025-12-11 19:18:54,528 [ERROR] LogOutputStream:75 - [STDERR_REDIRECT] 
2025-12-11 19:18:54,568 [ERROR] LogOutputStream:75 - [STDERR_REDIRECT] [Fatal Error] :1:1: Premature end of file.
2025-12-11 19:18:54,568 [ERROR] LogOutputStream:75 - [STDERR_REDIRECT] 
2025-12-11 19:18:54,609 [ERROR] LogOutputStream:75 - [STDERR_REDIRECT] [Fatal Error] :1:1: Premature end of file.
2025-12-11 19:18:54,609 [ERROR] LogOutputStream:75 - [STDERR_REDIRECT] 
2025-12-11 19:18:54,658 [ERROR] LogOutputStream:75 - [STDERR_REDIRECT] [Fatal Error] :1:1: Premature end of file.
2025-12-11 19:18:54,658 [ERROR] LogOutputStream:75 - [STDERR_REDIRECT] 
2025-12-11 19:18:54,699 [ERROR] LogOutputStream:75 - [STDERR_REDIRECT] [Fatal Error] :1:1: Premature end of file.
2025-12-11 19:18:54,699 [ERROR] LogOutputStream:75 - [STDERR_REDIRECT] 
2025-12-11 19:18:54,740 [ERROR] LogOutputStream:75 - [STDERR_REDIRECT] [Fatal Error] :1:1: Premature end of file.
2025-12-11 19:18:54,740 [ERROR] LogOutputStream:75 - [STDERR_REDIRECT] 
2025-12-11 19:18:54,785 [ERROR] LogOutputStream:75 - [STDERR_REDIRECT] [Fatal Error] :1:1: Premature end of file.
2025-12-11 19:18:54,785 [ERROR] LogOutputStream:75 - [STDERR_REDIRECT] 
2025-12-11 19:18:54,824 [ERROR] LogOutputStream:75 - [STDERR_REDIRECT] [Fatal Error] :1:1: Premature end of file.
2025-12-11 19:18:54,824 [ERROR] LogOutputStream:75 - [STDERR_REDIRECT] 
2025-12-11 19:18:54,871 [ERROR] LogOutputStream:75 - [STDERR_REDIRECT] [Fatal Error] :1:1: Premature end of file.
2025-12-11 19:18:54,871 [ERROR] LogOutputStream:75 - [STDERR_REDIRECT] 
2025-12-11 19:18:54,912 [ERROR] LogOutputStream:75 - [STDERR_REDIRECT] [Fatal Error] :1:1: Premature end of file.
2025-12-11 19:18:54,912 [ERROR] LogOutputStream:75 - [STDERR_REDIRECT] 
2025-12-11 19:18:54,953 [ERROR] LogOutputStream:75 - [STDERR_REDIRECT] [Fatal Error] :1:1: Premature end of file.
2025-12-11 19:18:54,953 [ERROR] LogOutputStream:75 - [STDERR_REDIRECT] 
2025-12-11 19:18:54,993 [ERROR] LogOutputStream:75 - [STDERR_REDIRECT] [Fatal Error] :1:1: Premature end of file.
2025-12-11 19:18:54,993 [ERROR] LogOutputStream:75 - [STDERR_REDIRECT] 
2025-12-11 19:18:55,036 [ERROR] LogOutputStream:75 - [STDERR_REDIRECT] [Fatal Error] :1:1: Premature end of file.
2025-12-11 19:18:55,036 [ERROR] LogOutputStream:75 - [STDERR_REDIRECT] 
2025-12-11 19:18:55,083 [ERROR] LogOutputStream:75 - [STDERR_REDIRECT] [Fatal Error] :1:1: Premature end of file.
2025-12-11 19:18:55,083 [ERROR] LogOutputStream:75 - [STDERR_REDIRECT] 
2025-12-11 19:18:55,126 [ERROR] LogOutputStream:75 - [STDERR_REDIRECT] [Fatal Error] :1:1: Premature end of file.
2025-12-11 19:18:55,126 [ERROR] LogOutputStream:75 - [STDERR_REDIRECT] 
2025-12-11 19:18:55,165 [ERROR] LogOutputStream:75 - [STDERR_REDIRECT] [Fatal Error] :1:1: Premature end of file.
2025-12-11 19:18:55,165 [ERROR] LogOutputStream:75 - [STDERR_REDIRECT] 
2025-12-11 19:18:55,214 [ERROR] LogOutputStream:75 - [STDERR_REDIRECT] [Fatal Error] :1:1: Premature end of file.
2025-12-11 19:18:55,214 [ERROR] LogOutputStream:75 - [STDERR_REDIRECT] 
2025-12-11 19:18:55,254 [ERROR] LogOutputStream:75 - [STDERR_REDIRECT] [Fatal Error] :1:1: Premature end of file.
2025-12-11 19:18:55,254 [ERROR] LogOutputStream:75 - [STDERR_REDIRECT] 
2025-12-11 19:18:55,296 [ERROR] LogOutputStream:75 - [STDERR_REDIRECT] [Fatal Error] :1:1: Premature end of file.
2025-12-11 19:18:55,296 [ERROR] LogOutputStream:75 - [STDERR_REDIRECT] 
2025-12-11 19:18:55,338 [ERROR] LogOutputStream:75 - [STDERR_REDIRECT] [Fatal Error] :1:1: Premature end of file.
2025-12-11 19:18:55,338 [ERROR] LogOutputStream:75 - [STDERR_REDIRECT] 
2025-12-11 19:18:55,381 [ERROR] LogOutputStream:75 - [STDERR_REDIRECT] [Fatal Error] :1:1: Premature end of file.
2025-12-11 19:18:55,381 [ERROR] LogOutputStream:75 - [STDERR_REDIRECT] 
2025-12-11 19:18:55,427 [ERROR] LogOutputStream:75 - [STDERR_REDIRECT] [Fatal Error] :1:1: Premature end of file.
2025-12-11 19:18:55,427 [ERROR] LogOutputStream:75 - [STDERR_REDIRECT] 
2025-12-11 19:18:55,466 [ERROR] LogOutputStream:75 - [STDERR_REDIRECT] [Fatal Error] :1:1: Premature end of file.
2025-12-11 19:18:55,466 [ERROR] LogOutputStream:75 - [STDERR_REDIRECT] 
2025-12-11 19:18:55,516 [ERROR] LogOutputStream:75 - [STDERR_REDIRECT] [Fatal Error] :1:1: Premature end of file.
2025-12-11 19:18:55,516 [ERROR] LogOutputStream:75 - [STDERR_REDIRECT] 
2025-12-11 19:18:55,555 [ERROR] LogOutputStream:75 - [STDERR_REDIRECT] [Fatal Error] :1:1: Premature end of file.
2025-12-11 19:18:55,555 [ERROR] LogOutputStream:75 - [STDERR_REDIRECT] 
2025-12-11 19:18:55,600 [ERROR] LogOutputStream:75 - [STDERR_REDIRECT] [Fatal Error] :1:1: Premature end of file.
2025-12-11 19:18:55,600 [ERROR] LogOutputStream:75 - [STDERR_REDIRECT] 
2025-12-11 19:18:55,645 [ERROR] LogOutputStream:75 - [STDERR_REDIRECT] [Fatal Error] :1:1: Premature end of file.
2025-12-11 19:18:55,645 [ERROR] LogOutputStream:75 - [STDERR_REDIRECT] 
2025-12-11 19:18:55,694 [ERROR] LogOutputStream:75 - [STDERR_REDIRECT] [Fatal Error] :1:1: Premature end of file.
2025-12-11 19:18:55,694 [ERROR] LogOutputStream:75 - [STDERR_REDIRECT] 
2025-12-11 19:18:55,739 [ERROR] LogOutputStream:75 - [STDERR_REDIRECT] [Fatal Error] :1:1: Premature end of file.
2025-12-11 19:18:55,739 [ERROR] LogOutputStream:75 - [STDERR_REDIRECT] 
2025-12-11 19:18:55,784 [ERROR] LogOutputStream:75 - [STDERR_REDIRECT] [Fatal Error] :1:1: Premature end of file.
2025-12-11 19:18:55,786 [ERROR] LogOutputStream:75 - [STDERR_REDIRECT] 
2025-12-11 19:18:55,829 [ERROR] LogOutputStream:75 - [STDERR_REDIRECT] [Fatal Error] :1:1: Premature end of file.
2025-12-11 19:18:55,829 [ERROR] LogOutputStream:75 - [STDERR_REDIRECT] 
2025-12-11 19:18:55,874 [ERROR] LogOutputStream:75 - [STDERR_REDIRECT] [Fatal Error] :1:1: Premature end of file.
2025-12-11 19:18:55,874 [ERROR] LogOutputStream:75 - [STDERR_REDIRECT] 
2025-12-11 19:18:55,915 [ERROR] LogOutputStream:75 - [STDERR_REDIRECT] [Fatal Error] :1:1: Premature end of file.
2025-12-11 19:18:55,915 [ERROR] LogOutputStream:75 - [STDERR_REDIRECT] 
2025-12-11 19:18:55,958 [ERROR] LogOutputStream:75 - [STDERR_REDIRECT] [Fatal Error] :1:1: Premature end of file.
2025-12-11 19:18:55,958 [ERROR] LogOutputStream:75 - [STDERR_REDIRECT] 
2025-12-11 19:18:56,004 [ERROR] LogOutputStream:75 - [STDERR_REDIRECT] [Fatal Error] :1:1: Premature end of file.
2025-12-11 19:18:56,004 [ERROR] LogOutputStream:75 - [STDERR_REDIRECT] 
2025-12-11 19:18:56,045 [ERROR] LogOutputStream:75 - [STDERR_REDIRECT] [Fatal Error] :1:1: Premature end of file.
2025-12-11 19:18:56,045 [ERROR] LogOutputStream:75 - [STDERR_REDIRECT] 
2025-12-11 19:18:56,090 [ERROR] LogOutputStream:75 - [STDERR_REDIRECT] [Fatal Error] :1:1: Premature end of file.
2025-12-11 19:18:56,090 [ERROR] LogOutputStream:75 - [STDERR_REDIRECT] 
2025-12-11 19:18:56,129 [ERROR] LogOutputStream:75 - [STDERR_REDIRECT] [Fatal Error] :1:1: Premature end of file.
2025-12-11 19:18:56,129 [ERROR] LogOutputStream:75 - [STDERR_REDIRECT] 
2025-12-11 19:18:56,170 [ERROR] LogOutputStream:75 - [STDERR_REDIRECT] [Fatal Error] :1:1: Premature end of file.
2025-12-11 19:18:56,170 [ERROR] LogOutputStream:75 - [STDERR_REDIRECT] 
2025-12-11 19:18:56,211 [ERROR] LogOutputStream:75 - [STDERR_REDIRECT] [Fatal Error] :1:1: Premature end of file.
2025-12-11 19:18:56,211 [ERROR] LogOutputStream:75 - [STDERR_REDIRECT] 
2025-12-11 19:18:56,260 [ERROR] LogOutputStream:75 - [STDERR_REDIRECT] [Fatal Error] :1:1: Premature end of file.
2025-12-11 19:18:56,260 [ERROR] LogOutputStream:75 - [STDERR_REDIRECT] 
2025-12-11 19:18:56,301 [ERROR] LogOutputStream:75 - [STDERR_REDIRECT] [Fatal Error] :1:1: Premature end of file.
2025-12-11 19:18:56,301 [ERROR] LogOutputStream:75 - [STDERR_REDIRECT] 
2025-12-11 19:18:56,349 [ERROR] LogOutputStream:75 - [STDERR_REDIRECT] [Fatal Error] :1:1: Premature end of file.
2025-12-11 19:18:56,349 [ERROR] LogOutputStream:75 - [STDERR_REDIRECT] 
2025-12-11 19:18:56,391 [ERROR] LogOutputStream:75 - [STDERR_REDIRECT] [Fatal Error] :1:1: Premature end of file.
2025-12-11 19:18:56,391 [ERROR] LogOutputStream:75 - [STDERR_REDIRECT] 
2025-12-11 19:18:56,440 [ERROR] LogOutputStream:75 - [STDERR_REDIRECT] [Fatal Error] :1:1: Premature end of file.
2025-12-11 19:18:56,440 [ERROR] LogOutputStream:75 - [STDERR_REDIRECT] 
2025-12-11 19:18:56,480 [ERROR] LogOutputStream:75 - [STDERR_REDIRECT] [Fatal Error] :1:1: Premature end of file.
2025-12-11 19:18:56,480 [ERROR] LogOutputStream:75 - [STDERR_REDIRECT] 
2025-12-11 19:18:56,523 [ERROR] LogOutputStream:75 - [STDERR_REDIRECT] [Fatal Error] :1:1: Premature end of file.
2025-12-11 19:18:56,523 [ERROR] LogOutputStream:75 - [STDERR_REDIRECT] 
2025-12-11 19:18:56,571 [ERROR] LogOutputStream:75 - [STDERR_REDIRECT] [Fatal Error] :1:1: Premature end of file.
2025-12-11 19:18:56,571 [ERROR] LogOutputStream:75 - [STDERR_REDIRECT] 
2025-12-11 19:18:56,611 [ERROR] LogOutputStream:75 - [STDERR_REDIRECT] [Fatal Error] :1:1: Premature end of file.
2025-12-11 19:18:56,611 [ERROR] LogOutputStream:75 - [STDERR_REDIRECT] 
2025-12-11 19:18:56,660 [ERROR] LogOutputStream:75 - [STDERR_REDIRECT] [Fatal Error] :1:1: Premature end of file.
2025-12-11 19:18:56,660 [ERROR] LogOutputStream:75 - [STDERR_REDIRECT] 
2025-12-11 19:18:56,727 [ERROR] LogOutputStream:75 - [STDERR_REDIRECT] [Fatal Error] :1:1: Premature end of file.
2025-12-11 19:18:56,727 [ERROR] LogOutputStream:75 - [STDERR_REDIRECT] 
2025-12-11 19:18:56,767 [ERROR] LogOutputStream:75 - [STDERR_REDIRECT] [Fatal Error] :1:1: Premature end of file.
2025-12-11 19:18:56,767 [ERROR] LogOutputStream:75 - [STDERR_REDIRECT] 
2025-12-11 19:18:56,808 [ERROR] LogOutputStream:75 - [STDERR_REDIRECT] [Fatal Error] :1:1: Premature end of file.
2025-12-11 19:18:56,808 [ERROR] LogOutputStream:75 - [STDERR_REDIRECT] 
2025-12-11 19:18:56,857 [ERROR] LogOutputStream:75 - [STDERR_REDIRECT] [Fatal Error] :1:1: Premature end of file.
2025-12-11 19:18:56,857 [ERROR] LogOutputStream:75 - [STDERR_REDIRECT] 
2025-12-11 19:18:56,898 [ERROR] LogOutputStream:75 - [STDERR_REDIRECT] [Fatal Error] :1:1: Premature end of file.
2025-12-11 19:18:56,898 [ERROR] LogOutputStream:75 - [STDERR_REDIRECT] 
2025-12-11 19:18:56,940 [ERROR] LogOutputStream:75 - [STDERR_REDIRECT] [Fatal Error] :1:1: Premature end of file.
2025-12-11 19:18:56,940 [ERROR] LogOutputStream:75 - [STDERR_REDIRECT] 
2025-12-11 19:18:56,981 [ERROR] LogOutputStream:75 - [STDERR_REDIRECT] [Fatal Error] :1:1: Premature end of file.
2025-12-11 19:18:56,981 [ERROR] LogOutputStream:75 - [STDERR_REDIRECT] 
2025-12-11 19:18:57,029 [ERROR] LogOutputStream:75 - [STDERR_REDIRECT] [Fatal Error] :1:1: Premature end of file.
2025-12-11 19:18:57,029 [ERROR] LogOutputStream:75 - [STDERR_REDIRECT] 
2025-12-11 19:18:57,070 [ERROR] LogOutputStream:75 - [STDERR_REDIRECT] [Fatal Error] :1:1: Premature end of file.
2025-12-11 19:18:57,070 [ERROR] LogOutputStream:75 - [STDERR_REDIRECT] 
2025-12-11 19:18:57,118 [ERROR] LogOutputStream:75 - [STDERR_REDIRECT] [Fatal Error] :1:1: Premature end of file.
2025-12-11 19:18:57,118 [ERROR] LogOutputStream:75 - [STDERR_REDIRECT] 
2025-12-11 19:18:57,159 [ERROR] LogOutputStream:75 - [STDERR_REDIRECT] [Fatal Error] :1:1: Premature end of file.
2025-12-11 19:18:57,159 [ERROR] LogOutputStream:75 - [STDERR_REDIRECT] 
2025-12-11 19:18:57,217 [ERROR] LogOutputStream:75 - [STDERR_REDIRECT] [Fatal Error] :1:1: Premature end of file.
2025-12-11 19:18:57,217 [ERROR] LogOutputStream:75 - [STDERR_REDIRECT] 
2025-12-11 19:18:57,262 [ERROR] LogOutputStream:75 - [STDERR_REDIRECT] [Fatal Error] :1:1: Premature end of file.
2025-12-11 19:18:57,262 [ERROR] LogOutputStream:75 - [STDERR_REDIRECT] 
2025-12-11 19:18:57,302 [ERROR] LogOutputStream:75 - [STDERR_REDIRECT] [Fatal Error] :1:1: Premature end of file.
2025-12-11 19:18:57,302 [ERROR] LogOutputStream:75 - [STDERR_REDIRECT] 
2025-12-11 19:18:57,347 [ERROR] LogOutputStream:75 - [STDERR_REDIRECT] [Fatal Error] :1:1: Premature end of file.
2025-12-11 19:18:57,347 [ERROR] LogOutputStream:75 - [STDERR_REDIRECT] 
2025-12-11 19:18:57,388 [ERROR] LogOutputStream:75 - [STDERR_REDIRECT] [Fatal Error] :1:1: Premature end of file.
2025-12-11 19:18:57,388 [ERROR] LogOutputStream:75 - [STDERR_REDIRECT] 
2025-12-11 19:18:57,429 [ERROR] LogOutputStream:75 - [STDERR_REDIRECT] [Fatal Error] :1:1: Premature end of file.
2025-12-11 19:18:57,429 [ERROR] LogOutputStream:75 - [STDERR_REDIRECT] 
2025-12-11 19:18:57,473 [ERROR] LogOutputStream:75 - [STDERR_REDIRECT] [Fatal Error] :1:1: Premature end of file.
2025-12-11 19:18:57,473 [ERROR] LogOutputStream:75 - [STDERR_REDIRECT] 
2025-12-11 19:18:57,518 [ERROR] LogOutputStream:75 - [STDERR_REDIRECT] [Fatal Error] :1:1: Premature end of file.
2025-12-11 19:18:57,548 [ERROR] LogOutputStream:75 - [STDERR_REDIRECT] 
2025-12-11 19:18:57,591 [ERROR] LogOutputStream:75 - [STDERR_REDIRECT] [Fatal Error] :1:1: Premature end of file.
2025-12-11 19:18:57,591 [ERROR] LogOutputStream:75 - [STDERR_REDIRECT] 
2025-12-11 19:18:57,632 [ERROR] LogOutputStream:75 - [STDERR_REDIRECT] [Fatal Error] :1:1: Premature end of file.
2025-12-11 19:18:57,632 [ERROR] LogOutputStream:75 - [STDERR_REDIRECT] 
2025-12-11 19:18:57,675 [ERROR] LogOutputStream:75 - [STDERR_REDIRECT] [Fatal Error] :1:1: Premature end of file.
2025-12-11 19:18:57,675 [ERROR] LogOutputStream:75 - [STDERR_REDIRECT] 
2025-12-11 19:18:57,715 [ERROR] LogOutputStream:75 - [STDERR_REDIRECT] [Fatal Error] :1:1: Premature end of file.
2025-12-11 19:18:57,715 [ERROR] LogOutputStream:75 - [STDERR_REDIRECT] 
2025-12-11 19:18:57,756 [ERROR] LogOutputStream:75 - [STDERR_REDIRECT] [Fatal Error] :1:1: Premature end of file.
2025-12-11 19:18:57,756 [ERROR] LogOutputStream:75 - [STDERR_REDIRECT] 
2025-12-11 19:18:57,802 [ERROR] LogOutputStream:75 - [STDERR_REDIRECT] [Fatal Error] :1:1: Premature end of file.
2025-12-11 19:18:57,802 [ERROR] LogOutputStream:75 - [STDERR_REDIRECT] 
2025-12-11 19:18:57,842 [ERROR] LogOutputStream:75 - [STDERR_REDIRECT] [Fatal Error] :1:1: Premature end of file.
2025-12-11 19:18:57,842 [ERROR] LogOutputStream:75 - [STDERR_REDIRECT] 
2025-12-11 19:18:57,883 [ERROR] LogOutputStream:75 - [STDERR_REDIRECT] [Fatal Error] :1:1: Premature end of file.
2025-12-11 19:18:57,887 [ERROR] LogOutputStream:75 - [STDERR_REDIRECT] 
2025-12-11 19:18:57,929 [ERROR] LogOutputStream:75 - [STDERR_REDIRECT] [Fatal Error] :1:1: Premature end of file.
2025-12-11 19:18:57,929 [ERROR] LogOutputStream:75 - [STDERR_REDIRECT] 
2025-12-11 19:18:57,970 [ERROR] LogOutputStream:75 - [STDERR_REDIRECT] [Fatal Error] :1:1: Premature end of file.
2025-12-11 19:18:57,970 [ERROR] LogOutputStream:75 - [STDERR_REDIRECT] 
2025-12-11 19:18:58,133 [ERROR] LogOutputStream:75 - [STDERR_REDIRECT] [Fatal Error] :1:1: Premature end of file.
2025-12-11 19:18:58,133 [ERROR] LogOutputStream:75 - [STDERR_REDIRECT] 
2025-12-11 19:18:58,176 [ERROR] LogOutputStream:75 - [STDERR_REDIRECT] [Fatal Error] :1:1: Premature end of file.
2025-12-11 19:18:58,176 [ERROR] LogOutputStream:75 - [STDERR_REDIRECT] 
2025-12-11 19:18:58,217 [ERROR] LogOutputStream:75 - [STDERR_REDIRECT] [Fatal Error] :1:1: Premature end of file.
2025-12-11 19:18:58,217 [ERROR] LogOutputStream:75 - [STDERR_REDIRECT] 
2025-12-11 19:18:58,257 [ERROR] LogOutputStream:75 - [STDERR_REDIRECT] [Fatal Error] :1:1: Premature end of file.
2025-12-11 19:18:58,257 [ERROR] LogOutputStream:75 - [STDERR_REDIRECT] 
2025-12-11 19:18:58,307 [ERROR] LogOutputStream:75 - [STDERR_REDIRECT] [Fatal Error] :1:1: Premature end of file.
2025-12-11 19:18:58,307 [ERROR] LogOutputStream:75 - [STDERR_REDIRECT] 
2025-12-11 19:18:58,348 [ERROR] LogOutputStream:75 - [STDERR_REDIRECT] [Fatal Error] :1:1: Premature end of file.
2025-12-11 19:18:58,348 [ERROR] LogOutputStream:75 - [STDERR_REDIRECT] 
2025-12-11 19:18:58,389 [ERROR] LogOutputStream:75 - [STDERR_REDIRECT] [Fatal Error] :1:1: Premature end of file.
2025-12-11 19:18:58,389 [ERROR] LogOutputStream:75 - [STDERR_REDIRECT] 
2025-12-11 19:18:58,431 [ERROR] LogOutputStream:75 - [STDERR_REDIRECT] [Fatal Error] :1:1: Premature end of file.
2025-12-11 19:18:58,431 [ERROR] LogOutputStream:75 - [STDERR_REDIRECT] 
2025-12-11 19:18:58,476 [ERROR] LogOutputStream:75 - [STDERR_REDIRECT] [Fatal Error] :1:1: Premature end of file.
2025-12-11 19:18:58,476 [ERROR] LogOutputStream:75 - [STDERR_REDIRECT] 
2025-12-11 19:18:58,516 [ERROR] LogOutputStream:75 - [STDERR_REDIRECT] [Fatal Error] :1:1: Premature end of file.
2025-12-11 19:18:58,516 [ERROR] LogOutputStream:75 - [STDERR_REDIRECT] 
2025-12-11 19:18:58,562 [ERROR] LogOutputStream:75 - [STDERR_REDIRECT] [Fatal Error] :1:1: Premature end of file.
2025-12-11 19:18:58,562 [ERROR] LogOutputStream:75 - [STDERR_REDIRECT] 
2025-12-11 19:18:58,603 [ERROR] LogOutputStream:75 - [STDERR_REDIRECT] [Fatal Error] :1:1: Premature end of file.
2025-12-11 19:18:58,603 [ERROR] LogOutputStream:75 - [STDERR_REDIRECT] 
2025-12-11 19:18:58,644 [ERROR] LogOutputStream:75 - [STDERR_REDIRECT] [Fatal Error] :1:1: Premature end of file.
2025-12-11 19:18:58,644 [ERROR] LogOutputStream:75 - [STDERR_REDIRECT] 
2025-12-11 19:18:58,685 [ERROR] LogOutputStream:75 - [STDERR_REDIRECT] [Fatal Error] :1:1: Premature end of file.
2025-12-11 19:18:58,685 [ERROR] LogOutputStream:75 - [STDERR_REDIRECT] 
2025-12-11 19:18:58,732 [ERROR] LogOutputStream:75 - [STDERR_REDIRECT] [Fatal Error] :1:1: Premature end of file.
2025-12-11 19:18:58,732 [ERROR] LogOutputStream:75 - [STDERR_REDIRECT] 
2025-12-11 19:18:58,774 [ERROR] LogOutputStream:75 - [STDERR_REDIRECT] [Fatal Error] :1:1: Premature end of file.
2025-12-11 19:18:58,774 [ERROR] LogOutputStream:75 - [STDERR_REDIRECT] 
2025-12-11 19:18:58,814 [ERROR] LogOutputStream:75 - [STDERR_REDIRECT] [Fatal Error] :1:1: Premature end of file.
2025-12-11 19:18:58,814 [ERROR] LogOutputStream:75 - [STDERR_REDIRECT] 
2025-12-11 19:18:58,858 [ERROR] LogOutputStream:75 - [STDERR_REDIRECT] [Fatal Error] :1:1: Premature end of file.
2025-12-11 19:18:58,858 [ERROR] LogOutputStream:75 - [STDERR_REDIRECT] 
2025-12-11 19:18:58,905 [ERROR] LogOutputStream:75 - [STDERR_REDIRECT] [Fatal Error] :1:1: Premature end of file.
2025-12-11 19:18:58,905 [ERROR] LogOutputStream:75 - [STDERR_REDIRECT] 
2025-12-11 19:18:58,946 [ERROR] LogOutputStream:75 - [STDERR_REDIRECT] [Fatal Error] :1:1: Premature end of file.
2025-12-11 19:18:58,946 [ERROR] LogOutputStream:75 - [STDERR_REDIRECT] 
2025-12-11 19:18:58,994 [ERROR] LogOutputStream:75 - [STDERR_REDIRECT] [Fatal Error] :1:1: Premature end of file.
2025-12-11 19:18:58,994 [ERROR] LogOutputStream:75 - [STDERR_REDIRECT] 
2025-12-11 19:18:59,037 [ERROR] LogOutputStream:75 - [STDERR_REDIRECT] [Fatal Error] :1:1: Premature end of file.
2025-12-11 19:18:59,037 [ERROR] LogOutputStream:75 - [STDERR_REDIRECT] 
2025-12-11 19:18:59,077 [ERROR] LogOutputStream:75 - [STDERR_REDIRECT] [Fatal Error] :1:1: Premature end of file.
2025-12-11 19:18:59,077 [ERROR] LogOutputStream:75 - [STDERR_REDIRECT] 
2025-12-11 19:18:59,129 [ERROR] LogOutputStream:75 - [STDERR_REDIRECT] [Fatal Error] :1:1: Premature end of file.
2025-12-11 19:18:59,129 [ERROR] LogOutputStream:75 - [STDERR_REDIRECT] 
2025-12-11 19:18:59,167 [ERROR] LogOutputStream:75 - [STDERR_REDIRECT] [Fatal Error] :1:1: Premature end of file.
2025-12-11 19:18:59,167 [ERROR] LogOutputStream:75 - [STDERR_REDIRECT] 
2025-12-11 19:18:59,208 [ERROR] LogOutputStream:75 - [STDERR_REDIRECT] [Fatal Error] :1:1: Premature end of file.
2025-12-11 19:18:59,208 [ERROR] LogOutputStream:75 - [STDERR_REDIRECT] 
2025-12-11 19:18:59,256 [ERROR] LogOutputStream:75 - [STDERR_REDIRECT] [Fatal Error] :1:1: Premature end of file.
2025-12-11 19:18:59,256 [ERROR] LogOutputStream:75 - [STDERR_REDIRECT] 
2025-12-11 19:18:59,298 [ERROR] LogOutputStream:75 - [STDERR_REDIRECT] [Fatal Error] :1:1: Premature end of file.
2025-12-11 19:18:59,298 [ERROR] LogOutputStream:75 - [STDERR_REDIRECT] 
2025-12-11 19:18:59,343 [ERROR] LogOutputStream:75 - [STDERR_REDIRECT] [Fatal Error] :1:1: Premature end of file.
2025-12-11 19:18:59,343 [ERROR] LogOutputStream:75 - [STDERR_REDIRECT] 
2025-12-11 19:18:59,381 [ERROR] LogOutputStream:75 - [STDERR_REDIRECT] [Fatal Error] :1:1: Premature end of file.
2025-12-11 19:18:59,381 [ERROR] LogOutputStream:75 - [STDERR_REDIRECT] 
2025-12-11 19:18:59,421 [ERROR] LogOutputStream:75 - [STDERR_REDIRECT] [Fatal Error] :1:1: Premature end of file.
2025-12-11 19:18:59,421 [ERROR] LogOutputStream:75 - [STDERR_REDIRECT] 
2025-12-11 19:18:59,470 [ERROR] LogOutputStream:75 - [STDERR_REDIRECT] [Fatal Error] :1:1: Premature end of file.
2025-12-11 19:18:59,470 [ERROR] LogOutputStream:75 - [STDERR_REDIRECT] 
2025-12-11 19:18:59,511 [ERROR] LogOutputStream:75 - [STDERR_REDIRECT] [Fatal Error] :1:1: Premature end of file.
2025-12-11 19:18:59,511 [ERROR] LogOutputStream:75 - [STDERR_REDIRECT] 
2025-12-11 19:18:59,552 [ERROR] LogOutputStream:75 - [STDERR_REDIRECT] [Fatal Error] :1:1: Premature end of file.
2025-12-11 19:18:59,559 [ERROR] LogOutputStream:75 - [STDERR_REDIRECT] 
2025-12-11 19:18:59,600 [ERROR] LogOutputStream:75 - [STDERR_REDIRECT] [Fatal Error] :1:1: Premature end of file.
2025-12-11 19:18:59,600 [ERROR] LogOutputStream:75 - [STDERR_REDIRECT] 
2025-12-11 19:18:59,642 [ERROR] LogOutputStream:75 - [STDERR_REDIRECT] [Fatal Error] :1:1: Premature end of file.
2025-12-11 19:18:59,642 [ERROR] LogOutputStream:75 - [STDERR_REDIRECT] 
2025-12-11 19:18:59,683 [ERROR] LogOutputStream:75 - [STDERR_REDIRECT] [Fatal Error] :1:1: Premature end of file.
2025-12-11 19:18:59,683 [ERROR] LogOutputStream:75 - [STDERR_REDIRECT] 
2025-12-11 19:18:59,729 [ERROR] LogOutputStream:75 - [STDERR_REDIRECT] [Fatal Error] :1:1: Premature end of file.
2025-12-11 19:18:59,729 [ERROR] LogOutputStream:75 - [STDERR_REDIRECT] 
2025-12-11 19:18:59,768 [ERROR] LogOutputStream:75 - [STDERR_REDIRECT] [Fatal Error] :1:1: Premature end of file.
2025-12-11 19:18:59,768 [ERROR] LogOutputStream:75 - [STDERR_REDIRECT] 
2025-12-11 19:18:59,812 [ERROR] LogOutputStream:75 - [STDERR_REDIRECT] [Fatal Error] :1:1: Premature end of file.
2025-12-11 19:18:59,812 [ERROR] LogOutputStream:75 - [STDERR_REDIRECT] 
2025-12-11 19:18:59,853 [ERROR] LogOutputStream:75 - [STDERR_REDIRECT] [Fatal Error] :1:1: Premature end of file.
2025-12-11 19:18:59,853 [ERROR] LogOutputStream:75 - [STDERR_REDIRECT] 
2025-12-11 19:18:59,896 [ERROR] LogOutputStream:75 - [STDERR_REDIRECT] [Fatal Error] :1:1: Premature end of file.
2025-12-11 19:18:59,896 [ERROR] LogOutputStream:75 - [STDERR_REDIRECT] 
2025-12-11 19:18:59,938 [ERROR] LogOutputStream:75 - [STDERR_REDIRECT] [Fatal Error] :1:1: Premature end of file.
2025-12-11 19:18:59,938 [ERROR] LogOutputStream:75 - [STDERR_REDIRECT] 
2025-12-11 19:18:59,984 [ERROR] LogOutputStream:75 - [STDERR_REDIRECT] [Fatal Error] :1:1: Premature end of file.
2025-12-11 19:18:59,984 [ERROR] LogOutputStream:75 - [STDERR_REDIRECT] 
2025-12-11 19:19:00,025 [ERROR] LogOutputStream:75 - [STDERR_REDIRECT] [Fatal Error] :1:1: Premature end of file.
2025-12-11 19:19:00,025 [ERROR] LogOutputStream:75 - [STDERR_REDIRECT] 
2025-12-11 19:19:00,066 [ERROR] LogOutputStream:75 - [STDERR_REDIRECT] [Fatal Error] :1:1: Premature end of file.
2025-12-11 19:19:00,066 [ERROR] LogOutputStream:75 - [STDERR_REDIRECT] 
2025-12-11 19:19:00,112 [ERROR] LogOutputStream:75 - [STDERR_REDIRECT] [Fatal Error] :1:1: Premature end of file.
2025-12-11 19:19:00,112 [ERROR] LogOutputStream:75 - [STDERR_REDIRECT] 
2025-12-11 19:19:00,154 [ERROR] LogOutputStream:75 - [STDERR_REDIRECT] [Fatal Error] :1:1: Premature end of file.
2025-12-11 19:19:00,154 [ERROR] LogOutputStream:75 - [STDERR_REDIRECT] 
2025-12-11 19:19:00,195 [ERROR] LogOutputStream:75 - [STDERR_REDIRECT] [Fatal Error] :1:1: Premature end of file.
2025-12-11 19:19:00,195 [ERROR] LogOutputStream:75 - [STDERR_REDIRECT] 
2025-12-11 19:19:00,239 [ERROR] LogOutputStream:75 - [STDERR_REDIRECT] [Fatal Error] :1:1: Premature end of file.
2025-12-11 19:19:00,239 [ERROR] LogOutputStream:75 - [STDERR_REDIRECT] 
2025-12-11 19:19:00,281 [ERROR] LogOutputStream:75 - [STDERR_REDIRECT] [Fatal Error] :1:1: Premature end of file.
2025-12-11 19:19:00,281 [ERROR] LogOutputStream:75 - [STDERR_REDIRECT] 
2025-12-11 19:19:00,322 [ERROR] LogOutputStream:75 - [STDERR_REDIRECT] [Fatal Error] :1:1: Premature end of file.
2025-12-11 19:19:00,322 [ERROR] LogOutputStream:75 - [STDERR_REDIRECT] 
2025-12-11 19:19:00,362 [ERROR] LogOutputStream:75 - [STDERR_REDIRECT] [Fatal Error] :1:1: Premature end of file.
2025-12-11 19:19:00,362 [ERROR] LogOutputStream:75 - [STDERR_REDIRECT] 
2025-12-11 19:19:00,406 [ERROR] LogOutputStream:75 - [STDERR_REDIRECT] [Fatal Error] :1:1: Premature end of file.
2025-12-11 19:19:00,406 [ERROR] LogOutputStream:75 - [STDERR_REDIRECT] 
2025-12-11 19:19:00,449 [ERROR] LogOutputStream:75 - [STDERR_REDIRECT] [Fatal Error] :1:1: Premature end of file.
2025-12-11 19:19:00,449 [ERROR] LogOutputStream:75 - [STDERR_REDIRECT] 
2025-12-11 19:19:00,491 [ERROR] LogOutputStream:75 - [STDERR_REDIRECT] [Fatal Error] :1:1: Premature end of file.
2025-12-11 19:19:00,491 [ERROR] LogOutputStream:75 - [STDERR_REDIRECT] 
2025-12-11 19:19:00,532 [ERROR] LogOutputStream:75 - [STDERR_REDIRECT] [Fatal Error] :1:1: Premature end of file.
2025-12-11 19:19:00,532 [ERROR] LogOutputStream:75 - [STDERR_REDIRECT] 
2025-12-11 19:19:00,576 [ERROR] LogOutputStream:75 - [STDERR_REDIRECT] [Fatal Error] :1:1: Premature end of file.
2025-12-11 19:19:00,576 [ERROR] LogOutputStream:75 - [STDERR_REDIRECT] 
2025-12-11 19:19:00,614 [ERROR] LogOutputStream:75 - [STDERR_REDIRECT] [Fatal Error] :1:1: Premature end of file.
2025-12-11 19:19:00,614 [ERROR] LogOutputStream:75 - [STDERR_REDIRECT] 
2025-12-11 19:19:00,668 [ERROR] LogOutputStream:75 - [STDERR_REDIRECT] [Fatal Error] :1:1: Premature end of file.
2025-12-11 19:19:00,668 [ERROR] LogOutputStream:75 - [STDERR_REDIRECT] 
2025-12-11 19:19:00,705 [ERROR] LogOutputStream:75 - [STDERR_REDIRECT] [Fatal Error] :1:1: Premature end of file.
2025-12-11 19:19:00,705 [ERROR] LogOutputStream:75 - [STDERR_REDIRECT] 
2025-12-11 19:19:00,750 [ERROR] LogOutputStream:75 - [STDERR_REDIRECT] [Fatal Error] :1:1: Premature end of file.
2025-12-11 19:19:00,750 [ERROR] LogOutputStream:75 - [STDERR_REDIRECT] 
2025-12-11 19:19:00,795 [ERROR] LogOutputStream:75 - [STDERR_REDIRECT] [Fatal Error] :1:1: Premature end of file.
2025-12-11 19:19:00,795 [ERROR] LogOutputStream:75 - [STDERR_REDIRECT] 
2025-12-11 19:19:00,836 [ERROR] LogOutputStream:75 - [STDERR_REDIRECT] [Fatal Error] :1:1: Premature end of file.
2025-12-11 19:19:00,836 [ERROR] LogOutputStream:75 - [STDERR_REDIRECT] 
2025-12-11 19:19:00,877 [ERROR] LogOutputStream:75 - [STDERR_REDIRECT] [Fatal Error] :1:1: Premature end of file.
2025-12-11 19:19:00,877 [ERROR] LogOutputStream:75 - [STDERR_REDIRECT] 
2025-12-11 19:19:00,918 [ERROR] LogOutputStream:75 - [STDERR_REDIRECT] [Fatal Error] :1:1: Premature end of file.
2025-12-11 19:19:00,918 [ERROR] LogOutputStream:75 - [STDERR_REDIRECT] 
2025-12-11 19:19:00,962 [ERROR] LogOutputStream:75 - [STDERR_REDIRECT] [Fatal Error] :1:1: Premature end of file.
2025-12-11 19:19:00,962 [ERROR] LogOutputStream:75 - [STDERR_REDIRECT] 
2025-12-11 19:19:01,008 [ERROR] LogOutputStream:75 - [STDERR_REDIRECT] [Fatal Error] :1:1: Premature end of file.
2025-12-11 19:19:01,008 [ERROR] LogOutputStream:75 - [STDERR_REDIRECT] 
2025-12-11 19:19:01,049 [ERROR] LogOutputStream:75 - [STDERR_REDIRECT] [Fatal Error] :1:1: Premature end of file.
2025-12-11 19:19:01,049 [ERROR] LogOutputStream:75 - [STDERR_REDIRECT] 
2025-12-11 19:19:01,090 [ERROR] LogOutputStream:75 - [STDERR_REDIRECT] [Fatal Error] :1:1: Premature end of file.
2025-12-11 19:19:01,090 [ERROR] LogOutputStream:75 - [STDERR_REDIRECT] 
2025-12-11 19:19:01,135 [ERROR] LogOutputStream:75 - [STDERR_REDIRECT] [Fatal Error] :1:1: Premature end of file.
2025-12-11 19:19:01,137 [ERROR] LogOutputStream:75 - [STDERR_REDIRECT] 
2025-12-11 19:19:01,174 [ERROR] LogOutputStream:75 - [STDERR_REDIRECT] [Fatal Error] :1:1: Premature end of file.
2025-12-11 19:19:01,174 [ERROR] LogOutputStream:75 - [STDERR_REDIRECT] 
2025-12-11 19:19:01,217 [ERROR] LogOutputStream:75 - [STDERR_REDIRECT] [Fatal Error] :1:1: Premature end of file.
2025-12-11 19:19:01,217 [ERROR] LogOutputStream:75 - [STDERR_REDIRECT] 
2025-12-11 19:19:01,259 [ERROR] LogOutputStream:75 - [STDERR_REDIRECT] [Fatal Error] :1:1: Premature end of file.
2025-12-11 19:19:01,259 [ERROR] LogOutputStream:75 - [STDERR_REDIRECT] 
2025-12-11 19:19:01,301 [ERROR] LogOutputStream:75 - [STDERR_REDIRECT] [Fatal Error] :1:1: Premature end of file.
2025-12-11 19:19:01,301 [ERROR] LogOutputStream:75 - [STDERR_REDIRECT] 
2025-12-11 19:19:01,346 [ERROR] LogOutputStream:75 - [STDERR_REDIRECT] [Fatal Error] :1:1: Premature end of file.
2025-12-11 19:19:01,346 [ERROR] LogOutputStream:75 - [STDERR_REDIRECT] 
2025-12-11 19:19:01,387 [ERROR] LogOutputStream:75 - [STDERR_REDIRECT] [Fatal Error] :1:1: Premature end of file.
2025-12-11 19:19:01,387 [ERROR] LogOutputStream:75 - [STDERR_REDIRECT] 
2025-12-11 19:19:01,431 [ERROR] LogOutputStream:75 - [STDERR_REDIRECT] [Fatal Error] :1:1: Premature end of file.
2025-12-11 19:19:01,431 [ERROR] LogOutputStream:75 - [STDERR_REDIRECT] 
2025-12-11 19:19:01,471 [ERROR] LogOutputStream:75 - [STDERR_REDIRECT] [Fatal Error] :1:1: Premature end of file.
2025-12-11 19:19:01,471 [ERROR] LogOutputStream:75 - [STDERR_REDIRECT] 
2025-12-11 19:19:01,518 [ERROR] LogOutputStream:75 - [STDERR_REDIRECT] [Fatal Error] :1:1: Premature end of file.
2025-12-11 19:19:01,559 [ERROR] LogOutputStream:75 - [STDERR_REDIRECT] 
2025-12-11 19:19:01,597 [ERROR] LogOutputStream:75 - [STDERR_REDIRECT] [Fatal Error] :1:1: Premature end of file.
2025-12-11 19:19:01,597 [ERROR] LogOutputStream:75 - [STDERR_REDIRECT] 
2025-12-11 19:19:01,647 [ERROR] LogOutputStream:75 - [STDERR_REDIRECT] [Fatal Error] :1:1: Premature end of file.
2025-12-11 19:19:01,647 [ERROR] LogOutputStream:75 - [STDERR_REDIRECT] 
2025-12-11 19:19:01,688 [ERROR] LogOutputStream:75 - [STDERR_REDIRECT] [Fatal Error] :1:1: Premature end of file.
2025-12-11 19:19:01,688 [ERROR] LogOutputStream:75 - [STDERR_REDIRECT] 
2025-12-11 19:19:01,732 [ERROR] LogOutputStream:75 - [STDERR_REDIRECT] [Fatal Error] :1:1: Premature end of file.
2025-12-11 19:19:01,732 [ERROR] LogOutputStream:75 - [STDERR_REDIRECT] 
2025-12-11 19:19:01,771 [ERROR] LogOutputStream:75 - [STDERR_REDIRECT] [Fatal Error] :1:1: Premature end of file.
2025-12-11 19:19:01,771 [ERROR] LogOutputStream:75 - [STDERR_REDIRECT] 
2025-12-11 19:19:01,819 [ERROR] LogOutputStream:75 - [STDERR_REDIRECT] [Fatal Error] :1:1: Premature end of file.
2025-12-11 19:19:01,819 [ERROR] LogOutputStream:75 - [STDERR_REDIRECT] 
2025-12-11 19:19:01,861 [ERROR] LogOutputStream:75 - [STDERR_REDIRECT] [Fatal Error] :1:1: Premature end of file.
2025-12-11 19:19:01,861 [ERROR] LogOutputStream:75 - [STDERR_REDIRECT] 
2025-12-11 19:19:01,902 [ERROR] LogOutputStream:75 - [STDERR_REDIRECT] [Fatal Error] :1:1: Premature end of file.
2025-12-11 19:19:01,902 [ERROR] LogOutputStream:75 - [STDERR_REDIRECT] 
2025-12-11 19:19:01,943 [ERROR] LogOutputStream:75 - [STDERR_REDIRECT] [Fatal Error] :1:1: Premature end of file.
2025-12-11 19:19:01,943 [ERROR] LogOutputStream:75 - [STDERR_REDIRECT] 
2025-12-11 19:19:01,989 [ERROR] LogOutputStream:75 - [STDERR_REDIRECT] [Fatal Error] :1:1: Premature end of file.
2025-12-11 19:19:01,989 [ERROR] LogOutputStream:75 - [STDERR_REDIRECT] 
2025-12-11 19:19:02,024 [ERROR] LogOutputStream:75 - [STDERR_REDIRECT] [Fatal Error] :1:1: Premature end of file.
2025-12-11 19:19:02,024 [ERROR] LogOutputStream:75 - [STDERR_REDIRECT] 
2025-12-11 19:19:02,073 [ERROR] LogOutputStream:75 - [STDERR_REDIRECT] [Fatal Error] :1:1: Premature end of file.
2025-12-11 19:19:02,073 [ERROR] LogOutputStream:75 - [STDERR_REDIRECT] 
2025-12-11 19:19:02,115 [ERROR] LogOutputStream:75 - [STDERR_REDIRECT] [Fatal Error] :1:1: Premature end of file.
2025-12-11 19:19:02,115 [ERROR] LogOutputStream:75 - [STDERR_REDIRECT] 
2025-12-11 19:19:02,156 [ERROR] LogOutputStream:75 - [STDERR_REDIRECT] [Fatal Error] :1:1: Premature end of file.
2025-12-11 19:19:02,156 [ERROR] LogOutputStream:75 - [STDERR_REDIRECT] 
2025-12-11 19:19:02,196 [ERROR] LogOutputStream:75 - [STDERR_REDIRECT] [Fatal Error] :1:1: Premature end of file.
2025-12-11 19:19:02,196 [ERROR] LogOutputStream:75 - [STDERR_REDIRECT] 
2025-12-11 19:19:02,237 [ERROR] LogOutputStream:75 - [STDERR_REDIRECT] [Fatal Error] :1:1: Premature end of file.
2025-12-11 19:19:02,237 [ERROR] LogOutputStream:75 - [STDERR_REDIRECT] 
2025-12-11 19:19:02,286 [ERROR] LogOutputStream:75 - [STDERR_REDIRECT] [Fatal Error] :1:1: Premature end of file.
2025-12-11 19:19:02,286 [ERROR] LogOutputStream:75 - [STDERR_REDIRECT] 
2025-12-11 19:19:02,327 [ERROR] LogOutputStream:75 - [STDERR_REDIRECT] [Fatal Error] :1:1: Premature end of file.
2025-12-11 19:19:02,327 [ERROR] LogOutputStream:75 - [STDERR_REDIRECT] 
2025-12-11 19:19:02,368 [ERROR] LogOutputStream:75 - [STDERR_REDIRECT] [Fatal Error] :1:1: Premature end of file.
2025-12-11 19:19:02,368 [ERROR] LogOutputStream:75 - [STDERR_REDIRECT] 
2025-12-11 19:19:02,411 [ERROR] LogOutputStream:75 - [STDERR_REDIRECT] [Fatal Error] :1:1: Premature end of file.
2025-12-11 19:19:02,411 [ERROR] LogOutputStream:75 - [STDERR_REDIRECT] 
2025-12-11 19:19:02,453 [ERROR] LogOutputStream:75 - [STDERR_REDIRECT] [Fatal Error] :1:1: Premature end of file.
2025-12-11 19:19:02,457 [ERROR] LogOutputStream:75 - [STDERR_REDIRECT] 
2025-12-11 19:19:02,499 [ERROR] LogOutputStream:75 - [STDERR_REDIRECT] [Fatal Error] :1:1: Premature end of file.
2025-12-11 19:19:02,499 [ERROR] LogOutputStream:75 - [STDERR_REDIRECT] 
2025-12-11 19:19:02,548 [ERROR] LogOutputStream:75 - [STDERR_REDIRECT] [Fatal Error] :1:1: Premature end of file.
2025-12-11 19:19:02,548 [ERROR] LogOutputStream:75 - [STDERR_REDIRECT] 
2025-12-11 19:19:02,589 [ERROR] LogOutputStream:75 - [STDERR_REDIRECT] [Fatal Error] :1:1: Premature end of file.
2025-12-11 19:19:02,589 [ERROR] LogOutputStream:75 - [STDERR_REDIRECT] 
2025-12-11 19:19:02,633 [ERROR] LogOutputStream:75 - [STDERR_REDIRECT] [Fatal Error] :1:1: Premature end of file.
2025-12-11 19:19:02,633 [ERROR] LogOutputStream:75 - [STDERR_REDIRECT] 
2025-12-11 19:19:02,675 [ERROR] LogOutputStream:75 - [STDERR_REDIRECT] [Fatal Error] :1:1: Premature end of file.
2025-12-11 19:19:02,675 [ERROR] LogOutputStream:75 - [STDERR_REDIRECT] 
2025-12-11 19:19:02,721 [ERROR] LogOutputStream:75 - [STDERR_REDIRECT] [Fatal Error] :1:1: Premature end of file.
2025-12-11 19:19:02,721 [ERROR] LogOutputStream:75 - [STDERR_REDIRECT] 
2025-12-11 19:19:02,765 [ERROR] LogOutputStream:75 - [STDERR_REDIRECT] [Fatal Error] :1:1: Premature end of file.
2025-12-11 19:19:02,765 [ERROR] LogOutputStream:75 - [STDERR_REDIRECT] 
2025-12-11 19:19:02,800 [ERROR] LogOutputStream:75 - [STDERR_REDIRECT] [Fatal Error] :1:1: Premature end of file.
2025-12-11 19:19:02,800 [ERROR] LogOutputStream:75 - [STDERR_REDIRECT] 
2025-12-11 19:19:02,849 [ERROR] LogOutputStream:75 - [STDERR_REDIRECT] [Fatal Error] :1:1: Premature end of file.
2025-12-11 19:19:02,849 [ERROR] LogOutputStream:75 - [STDERR_REDIRECT] 
2025-12-11 19:19:02,890 [ERROR] LogOutputStream:75 - [STDERR_REDIRECT] [Fatal Error] :1:1: Premature end of file.
2025-12-11 19:19:02,890 [ERROR] LogOutputStream:75 - [STDERR_REDIRECT] 
2025-12-11 19:19:02,934 [ERROR] LogOutputStream:75 - [STDERR_REDIRECT] [Fatal Error] :1:1: Premature end of file.
2025-12-11 19:19:02,934 [ERROR] LogOutputStream:75 - [STDERR_REDIRECT] 
2025-12-11 19:19:02,981 [ERROR] LogOutputStream:75 - [STDERR_REDIRECT] [Fatal Error] :1:1: Premature end of file.
2025-12-11 19:19:02,981 [ERROR] LogOutputStream:75 - [STDERR_REDIRECT] 
2025-12-11 19:19:03,024 [ERROR] LogOutputStream:75 - [STDERR_REDIRECT] [Fatal Error] :1:1: Premature end of file.
2025-12-11 19:19:03,024 [ERROR] LogOutputStream:75 - [STDERR_REDIRECT] 
2025-12-11 19:19:03,062 [ERROR] LogOutputStream:75 - [STDERR_REDIRECT] [Fatal Error] :1:1: Premature end of file.
2025-12-11 19:19:03,062 [ERROR] LogOutputStream:75 - [STDERR_REDIRECT] 
2025-12-11 19:19:03,106 [ERROR] LogOutputStream:75 - [STDERR_REDIRECT] [Fatal Error] :1:1: Premature end of file.
2025-12-11 19:19:03,106 [ERROR] LogOutputStream:75 - [STDERR_REDIRECT] 
2025-12-11 19:19:03,144 [ERROR] LogOutputStream:75 - [STDERR_REDIRECT] [Fatal Error] :1:1: Premature end of file.
2025-12-11 19:19:03,144 [ERROR] LogOutputStream:75 - [STDERR_REDIRECT] 
2025-12-11 19:19:03,185 [ERROR] LogOutputStream:75 - [STDERR_REDIRECT] [Fatal Error] :1:1: Premature end of file.
2025-12-11 19:19:03,185 [ERROR] LogOutputStream:75 - [STDERR_REDIRECT] 
2025-12-11 19:19:03,234 [ERROR] LogOutputStream:75 - [STDERR_REDIRECT] [Fatal Error] :1:1: Premature end of file.
2025-12-11 19:19:03,234 [ERROR] LogOutputStream:75 - [STDERR_REDIRECT] 
2025-12-11 19:19:03,279 [ERROR] LogOutputStream:75 - [STDERR_REDIRECT] [Fatal Error] :1:1: Premature end of file.
2025-12-11 19:19:03,279 [ERROR] LogOutputStream:75 - [STDERR_REDIRECT] 
2025-12-11 19:19:03,320 [ERROR] LogOutputStream:75 - [STDERR_REDIRECT] [Fatal Error] :1:1: Premature end of file.
2025-12-11 19:19:03,320 [ERROR] LogOutputStream:75 - [STDERR_REDIRECT] 
2025-12-11 19:19:03,364 [ERROR] LogOutputStream:75 - [STDERR_REDIRECT] [Fatal Error] :1:1: Premature end of file.
2025-12-11 19:19:03,364 [ERROR] LogOutputStream:75 - [STDERR_REDIRECT] 
2025-12-11 19:19:03,406 [ERROR] LogOutputStream:75 - [STDERR_REDIRECT] [Fatal Error] :1:1: Premature end of file.
2025-12-11 19:19:03,406 [ERROR] LogOutputStream:75 - [STDERR_REDIRECT] 
2025-12-11 19:19:03,447 [ERROR] LogOutputStream:75 - [STDERR_REDIRECT] [Fatal Error] :1:1: Premature end of file.
2025-12-11 19:19:03,447 [ERROR] LogOutputStream:75 - [STDERR_REDIRECT] 
2025-12-11 19:19:03,496 [ERROR] LogOutputStream:75 - [STDERR_REDIRECT] [Fatal Error] :1:1: Premature end of file.
2025-12-11 19:19:03,496 [ERROR] LogOutputStream:75 - [STDERR_REDIRECT] 
2025-12-11 19:19:03,539 [ERROR] LogOutputStream:75 - [STDERR_REDIRECT] [Fatal Error] :1:1: Premature end of file.
2025-12-11 19:19:03,566 [ERROR] LogOutputStream:75 - [STDERR_REDIRECT] 
2025-12-11 19:19:03,612 [ERROR] LogOutputStream:75 - [STDERR_REDIRECT] [Fatal Error] :1:1: Premature end of file.
2025-12-11 19:19:03,612 [ERROR] LogOutputStream:75 - [STDERR_REDIRECT] 
2025-12-11 19:19:03,654 [ERROR] LogOutputStream:75 - [STDERR_REDIRECT] [Fatal Error] :1:1: Premature end of file.
2025-12-11 19:19:03,654 [ERROR] LogOutputStream:75 - [STDERR_REDIRECT] 
2025-12-11 19:19:03,701 [ERROR] LogOutputStream:75 - [STDERR_REDIRECT] [Fatal Error] :1:1: Premature end of file.
2025-12-11 19:19:03,701 [ERROR] LogOutputStream:75 - [STDERR_REDIRECT] 
2025-12-11 19:19:03,742 [ERROR] LogOutputStream:75 - [STDERR_REDIRECT] [Fatal Error] :1:1: Premature end of file.
2025-12-11 19:19:03,742 [ERROR] LogOutputStream:75 - [STDERR_REDIRECT] 
2025-12-11 19:19:03,784 [ERROR] LogOutputStream:75 - [STDERR_REDIRECT] [Fatal Error] :1:1: Premature end of file.
2025-12-11 19:19:03,784 [ERROR] LogOutputStream:75 - [STDERR_REDIRECT] 
2025-12-11 19:19:03,825 [ERROR] LogOutputStream:75 - [STDERR_REDIRECT] [Fatal Error] :1:1: Premature end of file.
2025-12-11 19:19:03,825 [ERROR] LogOutputStream:75 - [STDERR_REDIRECT] 
2025-12-11 19:19:03,866 [ERROR] LogOutputStream:75 - [STDERR_REDIRECT] [Fatal Error] :1:1: Premature end of file.
2025-12-11 19:19:03,866 [ERROR] LogOutputStream:75 - [STDERR_REDIRECT] 
2025-12-11 19:19:03,907 [ERROR] LogOutputStream:75 - [STDERR_REDIRECT] [Fatal Error] :1:1: Premature end of file.
2025-12-11 19:19:03,907 [ERROR] LogOutputStream:75 - [STDERR_REDIRECT] 
2025-12-11 19:19:03,947 [ERROR] LogOutputStream:75 - [STDERR_REDIRECT] [Fatal Error] :1:1: Premature end of file.
2025-12-11 19:19:03,947 [ERROR] LogOutputStream:75 - [STDERR_REDIRECT] 
2025-12-11 19:19:03,987 [ERROR] LogOutputStream:75 - [STDERR_REDIRECT] [Fatal Error] :1:1: Premature end of file.
2025-12-11 19:19:03,987 [ERROR] LogOutputStream:75 - [STDERR_REDIRECT] 
2025-12-11 19:19:04,036 [ERROR] LogOutputStream:75 - [STDERR_REDIRECT] [Fatal Error] :1:1: Premature end of file.
2025-12-11 19:19:04,036 [ERROR] LogOutputStream:75 - [STDERR_REDIRECT] 
2025-12-11 19:19:04,079 [ERROR] LogOutputStream:75 - [STDERR_REDIRECT] [Fatal Error] :1:1: Premature end of file.
2025-12-11 19:19:04,081 [ERROR] LogOutputStream:75 - [STDERR_REDIRECT] 
2025-12-11 19:19:04,118 [ERROR] LogOutputStream:75 - [STDERR_REDIRECT] [Fatal Error] :1:1: Premature end of file.
2025-12-11 19:19:04,118 [ERROR] LogOutputStream:75 - [STDERR_REDIRECT] 
2025-12-11 19:19:04,161 [ERROR] LogOutputStream:75 - [STDERR_REDIRECT] [Fatal Error] :1:1: Premature end of file.
2025-12-11 19:19:04,161 [ERROR] LogOutputStream:75 - [STDERR_REDIRECT] 
2025-12-11 19:19:04,204 [ERROR] LogOutputStream:75 - [STDERR_REDIRECT] [Fatal Error] :1:1: Premature end of file.
2025-12-11 19:19:04,204 [ERROR] LogOutputStream:75 - [STDERR_REDIRECT] 
2025-12-11 19:19:04,247 [ERROR] LogOutputStream:75 - [STDERR_REDIRECT] [Fatal Error] :1:1: Premature end of file.
2025-12-11 19:19:04,247 [ERROR] LogOutputStream:75 - [STDERR_REDIRECT] 
2025-12-11 19:19:04,289 [ERROR] LogOutputStream:75 - [STDERR_REDIRECT] [Fatal Error] :1:1: Premature end of file.
2025-12-11 19:19:04,289 [ERROR] LogOutputStream:75 - [STDERR_REDIRECT] 
2025-12-11 19:19:04,332 [ERROR] LogOutputStream:75 - [STDERR_REDIRECT] [Fatal Error] :1:1: Premature end of file.
2025-12-11 19:19:04,332 [ERROR] LogOutputStream:75 - [STDERR_REDIRECT] 
2025-12-11 19:19:04,381 [ERROR] LogOutputStream:75 - [STDERR_REDIRECT] [Fatal Error] :1:1: Premature end of file.
2025-12-11 19:19:04,381 [ERROR] LogOutputStream:75 - [STDERR_REDIRECT] 
2025-12-11 19:19:04,421 [ERROR] LogOutputStream:75 - [STDERR_REDIRECT] [Fatal Error] :1:1: Premature end of file.
2025-12-11 19:19:04,421 [ERROR] LogOutputStream:75 - [STDERR_REDIRECT] 
2025-12-11 19:19:04,469 [ERROR] LogOutputStream:75 - [STDERR_REDIRECT] [Fatal Error] :1:1: Premature end of file.
2025-12-11 19:19:04,469 [ERROR] LogOutputStream:75 - [STDERR_REDIRECT] 
2025-12-11 19:19:04,510 [ERROR] LogOutputStream:75 - [STDERR_REDIRECT] [Fatal Error] :1:1: Premature end of file.
2025-12-11 19:19:04,510 [ERROR] LogOutputStream:75 - [STDERR_REDIRECT] 
2025-12-11 19:19:04,551 [ERROR] LogOutputStream:75 - [STDERR_REDIRECT] [Fatal Error] :1:1: Premature end of file.
2025-12-11 19:19:04,551 [ERROR] LogOutputStream:75 - [STDERR_REDIRECT] 
2025-12-11 19:19:04,592 [ERROR] LogOutputStream:75 - [STDERR_REDIRECT] [Fatal Error] :1:1: Premature end of file.
2025-12-11 19:19:04,592 [ERROR] LogOutputStream:75 - [STDERR_REDIRECT] 
2025-12-11 19:19:04,636 [ERROR] LogOutputStream:75 - [STDERR_REDIRECT] [Fatal Error] :1:1: Premature end of file.
2025-12-11 19:19:04,636 [ERROR] LogOutputStream:75 - [STDERR_REDIRECT] 
2025-12-11 19:19:04,676 [ERROR] LogOutputStream:75 - [STDERR_REDIRECT] [Fatal Error] :1:1: Premature end of file.
2025-12-11 19:19:04,676 [ERROR] LogOutputStream:75 - [STDERR_REDIRECT] 
2025-12-11 19:19:04,723 [ERROR] LogOutputStream:75 - [STDERR_REDIRECT] [Fatal Error] :1:1: Premature end of file.
2025-12-11 19:19:04,723 [ERROR] LogOutputStream:75 - [STDERR_REDIRECT] 
2025-12-11 19:19:04,764 [ERROR] LogOutputStream:75 - [STDERR_REDIRECT] [Fatal Error] :1:1: Premature end of file.
2025-12-11 19:19:04,764 [ERROR] LogOutputStream:75 - [STDERR_REDIRECT] 
2025-12-11 19:19:04,804 [ERROR] LogOutputStream:75 - [STDERR_REDIRECT] [Fatal Error] :1:1: Premature end of file.
2025-12-11 19:19:04,804 [ERROR] LogOutputStream:75 - [STDERR_REDIRECT] 
2025-12-11 19:19:04,848 [ERROR] LogOutputStream:75 - [STDERR_REDIRECT] [Fatal Error] :1:1: Premature end of file.
2025-12-11 19:19:04,848 [ERROR] LogOutputStream:75 - [STDERR_REDIRECT] 
2025-12-11 19:19:04,889 [ERROR] LogOutputStream:75 - [STDERR_REDIRECT] [Fatal Error] :1:1: Premature end of file.
2025-12-11 19:19:04,889 [ERROR] LogOutputStream:75 - [STDERR_REDIRECT] 
2025-12-11 19:19:04,932 [ERROR] LogOutputStream:75 - [STDERR_REDIRECT] [Fatal Error] :1:1: Premature end of file.
2025-12-11 19:19:04,932 [ERROR] LogOutputStream:75 - [STDERR_REDIRECT] 
2025-12-11 19:19:04,977 [ERROR] LogOutputStream:75 - [STDERR_REDIRECT] [Fatal Error] :1:1: Premature end of file.
2025-12-11 19:19:04,977 [ERROR] LogOutputStream:75 - [STDERR_REDIRECT] 
2025-12-11 19:19:05,017 [ERROR] LogOutputStream:75 - [STDERR_REDIRECT] [Fatal Error] :1:1: Premature end of file.
2025-12-11 19:19:05,017 [ERROR] LogOutputStream:75 - [STDERR_REDIRECT] 
2025-12-11 19:19:05,060 [ERROR] LogOutputStream:75 - [STDERR_REDIRECT] [Fatal Error] :1:1: Premature end of file.
2025-12-11 19:19:05,060 [ERROR] LogOutputStream:75 - [STDERR_REDIRECT] 
2025-12-11 19:19:05,098 [ERROR] LogOutputStream:75 - [STDERR_REDIRECT] [Fatal Error] :1:1: Premature end of file.
2025-12-11 19:19:05,098 [ERROR] LogOutputStream:75 - [STDERR_REDIRECT] 
2025-12-11 19:19:05,148 [ERROR] LogOutputStream:75 - [STDERR_REDIRECT] [Fatal Error] :1:1: Premature end of file.
2025-12-11 19:19:05,148 [ERROR] LogOutputStream:75 - [STDERR_REDIRECT] 
2025-12-11 19:19:05,211 [ERROR] LogOutputStream:75 - [STDERR_REDIRECT] [Fatal Error] :1:1: Premature end of file.
2025-12-11 19:19:05,211 [ERROR] LogOutputStream:75 - [STDERR_REDIRECT] 
2025-12-11 19:19:05,252 [ERROR] LogOutputStream:75 - [STDERR_REDIRECT] [Fatal Error] :1:1: Premature end of file.
2025-12-11 19:19:05,252 [ERROR] LogOutputStream:75 - [STDERR_REDIRECT] 
2025-12-11 19:19:05,293 [ERROR] LogOutputStream:75 - [STDERR_REDIRECT] [Fatal Error] :1:1: Premature end of file.
2025-12-11 19:19:05,293 [ERROR] LogOutputStream:75 - [STDERR_REDIRECT] 
2025-12-11 19:19:05,342 [ERROR] LogOutputStream:75 - [STDERR_REDIRECT] [Fatal Error] :1:1: Premature end of file.
2025-12-11 19:19:05,342 [ERROR] LogOutputStream:75 - [STDERR_REDIRECT] 
2025-12-11 19:19:05,383 [ERROR] LogOutputStream:75 - [STDERR_REDIRECT] [Fatal Error] :1:1: Premature end of file.
2025-12-11 19:19:05,383 [ERROR] LogOutputStream:75 - [STDERR_REDIRECT] 
2025-12-11 19:19:05,424 [ERROR] LogOutputStream:75 - [STDERR_REDIRECT] [Fatal Error] :1:1: Premature end of file.
2025-12-11 19:19:05,424 [ERROR] LogOutputStream:75 - [STDERR_REDIRECT] 
2025-12-11 19:19:05,465 [ERROR] LogOutputStream:75 - [STDERR_REDIRECT] [Fatal Error] :1:1: Premature end of file.
2025-12-11 19:19:05,465 [ERROR] LogOutputStream:75 - [STDERR_REDIRECT] 
2025-12-11 19:19:05,514 [ERROR] LogOutputStream:75 - [STDERR_REDIRECT] [Fatal Error] :1:1: Premature end of file.
2025-12-11 19:19:05,578 [ERROR] LogOutputStream:75 - [STDERR_REDIRECT] 
2025-12-11 19:19:05,621 [ERROR] LogOutputStream:75 - [STDERR_REDIRECT] [Fatal Error] :1:1: Premature end of file.
2025-12-11 19:19:05,621 [ERROR] LogOutputStream:75 - [STDERR_REDIRECT] 
2025-12-11 19:19:05,663 [ERROR] LogOutputStream:75 - [STDERR_REDIRECT] [Fatal Error] :1:1: Premature end of file.
2025-12-11 19:19:05,663 [ERROR] LogOutputStream:75 - [STDERR_REDIRECT] 
2025-12-11 19:19:05,703 [ERROR] LogOutputStream:75 - [STDERR_REDIRECT] [Fatal Error] :1:1: Premature end of file.
2025-12-11 19:19:05,703 [ERROR] LogOutputStream:75 - [STDERR_REDIRECT] 
2025-12-11 19:19:05,744 [ERROR] LogOutputStream:75 - [STDERR_REDIRECT] [Fatal Error] :1:1: Premature end of file.
2025-12-11 19:19:05,744 [ERROR] LogOutputStream:75 - [STDERR_REDIRECT] 
2025-12-11 19:19:05,791 [ERROR] LogOutputStream:75 - [STDERR_REDIRECT] [Fatal Error] :1:1: Premature end of file.
2025-12-11 19:19:05,791 [ERROR] LogOutputStream:75 - [STDERR_REDIRECT] 
2025-12-11 19:19:05,832 [ERROR] LogOutputStream:75 - [STDERR_REDIRECT] [Fatal Error] :1:1: Premature end of file.
2025-12-11 19:19:05,832 [ERROR] LogOutputStream:75 - [STDERR_REDIRECT] 
2025-12-11 19:19:05,876 [ERROR] LogOutputStream:75 - [STDERR_REDIRECT] [Fatal Error] :1:1: Premature end of file.
2025-12-11 19:19:05,876 [ERROR] LogOutputStream:75 - [STDERR_REDIRECT] 
2025-12-11 19:19:05,922 [ERROR] LogOutputStream:75 - [STDERR_REDIRECT] [Fatal Error] :1:1: Premature end of file.
2025-12-11 19:19:05,922 [ERROR] LogOutputStream:75 - [STDERR_REDIRECT] 
2025-12-11 19:19:05,962 [ERROR] LogOutputStream:75 - [STDERR_REDIRECT] [Fatal Error] :1:1: Premature end of file.
2025-12-11 19:19:05,962 [ERROR] LogOutputStream:75 - [STDERR_REDIRECT] 
2025-12-11 19:19:06,004 [ERROR] LogOutputStream:75 - [STDERR_REDIRECT] [Fatal Error] :1:1: Premature end of file.
2025-12-11 19:19:06,004 [ERROR] LogOutputStream:75 - [STDERR_REDIRECT] 
2025-12-11 19:19:06,052 [ERROR] LogOutputStream:75 - [STDERR_REDIRECT] [Fatal Error] :1:1: Premature end of file.
2025-12-11 19:19:06,052 [ERROR] LogOutputStream:75 - [STDERR_REDIRECT] 
2025-12-11 19:19:06,094 [ERROR] LogOutputStream:75 - [STDERR_REDIRECT] [Fatal Error] :1:1: Premature end of file.
2025-12-11 19:19:06,094 [ERROR] LogOutputStream:75 - [STDERR_REDIRECT] 
2025-12-11 19:19:06,137 [ERROR] LogOutputStream:75 - [STDERR_REDIRECT] [Fatal Error] :1:1: Premature end of file.
2025-12-11 19:19:06,137 [ERROR] LogOutputStream:75 - [STDERR_REDIRECT] 
2025-12-11 19:19:06,182 [ERROR] LogOutputStream:75 - [STDERR_REDIRECT] [Fatal Error] :1:1: Premature end of file.
2025-12-11 19:19:06,182 [ERROR] LogOutputStream:75 - [STDERR_REDIRECT] 
2025-12-11 19:19:06,230 [ERROR] LogOutputStream:75 - [STDERR_REDIRECT] [Fatal Error] :1:1: Premature end of file.
2025-12-11 19:19:06,230 [ERROR] LogOutputStream:75 - [STDERR_REDIRECT] 
2025-12-11 19:19:06,272 [ERROR] LogOutputStream:75 - [STDERR_REDIRECT] [Fatal Error] :1:1: Premature end of file.
2025-12-11 19:19:06,272 [ERROR] LogOutputStream:75 - [STDERR_REDIRECT] 
2025-12-11 19:19:06,314 [ERROR] LogOutputStream:75 - [STDERR_REDIRECT] [Fatal Error] :1:1: Premature end of file.
2025-12-11 19:19:06,314 [ERROR] LogOutputStream:75 - [STDERR_REDIRECT] 
2025-12-11 19:19:06,359 [ERROR] LogOutputStream:75 - [STDERR_REDIRECT] [Fatal Error] :1:1: Premature end of file.
2025-12-11 19:19:06,359 [ERROR] LogOutputStream:75 - [STDERR_REDIRECT] 
2025-12-11 19:19:06,400 [ERROR] LogOutputStream:75 - [STDERR_REDIRECT] [Fatal Error] :1:1: Premature end of file.
2025-12-11 19:19:06,400 [ERROR] LogOutputStream:75 - [STDERR_REDIRECT] 
2025-12-11 19:19:06,440 [ERROR] LogOutputStream:75 - [STDERR_REDIRECT] [Fatal Error] :1:1: Premature end of file.
2025-12-11 19:19:06,440 [ERROR] LogOutputStream:75 - [STDERR_REDIRECT] 
2025-12-11 19:19:06,489 [ERROR] LogOutputStream:75 - [STDERR_REDIRECT] [Fatal Error] :1:1: Premature end of file.
2025-12-11 19:19:06,489 [ERROR] LogOutputStream:75 - [STDERR_REDIRECT] 
2025-12-11 19:19:06,538 [ERROR] LogOutputStream:75 - [STDERR_REDIRECT] [Fatal Error] :1:1: Premature end of file.
2025-12-11 19:19:06,538 [ERROR] LogOutputStream:75 - [STDERR_REDIRECT] 
2025-12-11 19:19:06,582 [ERROR] LogOutputStream:75 - [STDERR_REDIRECT] [Fatal Error] :1:1: Premature end of file.
2025-12-11 19:19:06,582 [ERROR] LogOutputStream:75 - [STDERR_REDIRECT] 
2025-12-11 19:19:06,620 [ERROR] LogOutputStream:75 - [STDERR_REDIRECT] [Fatal Error] :1:1: Premature end of file.
2025-12-11 19:19:06,620 [ERROR] LogOutputStream:75 - [STDERR_REDIRECT] 
2025-12-11 19:19:06,668 [ERROR] LogOutputStream:75 - [STDERR_REDIRECT] [Fatal Error] :1:1: Premature end of file.
2025-12-11 19:19:06,668 [ERROR] LogOutputStream:75 - [STDERR_REDIRECT] 
2025-12-11 19:19:06,709 [ERROR] LogOutputStream:75 - [STDERR_REDIRECT] [Fatal Error] :1:1: Premature end of file.
2025-12-11 19:19:06,709 [ERROR] LogOutputStream:75 - [STDERR_REDIRECT] 
2025-12-11 19:19:06,750 [ERROR] LogOutputStream:75 - [STDERR_REDIRECT] [Fatal Error] :1:1: Premature end of file.
2025-12-11 19:19:06,750 [ERROR] LogOutputStream:75 - [STDERR_REDIRECT] 
2025-12-11 19:19:06,799 [ERROR] LogOutputStream:75 - [STDERR_REDIRECT] [Fatal Error] :1:1: Premature end of file.
2025-12-11 19:19:06,799 [ERROR] LogOutputStream:75 - [STDERR_REDIRECT] 
2025-12-11 19:19:06,844 [ERROR] LogOutputStream:75 - [STDERR_REDIRECT] [Fatal Error] :1:1: Premature end of file.
2025-12-11 19:19:06,844 [ERROR] LogOutputStream:75 - [STDERR_REDIRECT] 
2025-12-11 19:19:06,884 [ERROR] LogOutputStream:75 - [STDERR_REDIRECT] [Fatal Error] :1:1: Premature end of file.
2025-12-11 19:19:06,884 [ERROR] LogOutputStream:75 - [STDERR_REDIRECT] 
2025-12-11 19:19:06,929 [ERROR] LogOutputStream:75 - [STDERR_REDIRECT] [Fatal Error] :1:1: Premature end of file.
2025-12-11 19:19:06,929 [ERROR] LogOutputStream:75 - [STDERR_REDIRECT] 
2025-12-11 19:19:06,970 [ERROR] LogOutputStream:75 - [STDERR_REDIRECT] [Fatal Error] :1:1: Premature end of file.
2025-12-11 19:19:06,970 [ERROR] LogOutputStream:75 - [STDERR_REDIRECT] 
2025-12-11 19:19:07,013 [ERROR] LogOutputStream:75 - [STDERR_REDIRECT] [Fatal Error] :1:1: Premature end of file.
2025-12-11 19:19:07,013 [ERROR] LogOutputStream:75 - [STDERR_REDIRECT] 
2025-12-11 19:19:07,058 [ERROR] LogOutputStream:75 - [STDERR_REDIRECT] [Fatal Error] :1:1: Premature end of file.
2025-12-11 19:19:07,058 [ERROR] LogOutputStream:75 - [STDERR_REDIRECT] 
2025-12-11 19:19:07,103 [ERROR] LogOutputStream:75 - [STDERR_REDIRECT] [Fatal Error] :1:1: Premature end of file.
2025-12-11 19:19:07,103 [ERROR] LogOutputStream:75 - [STDERR_REDIRECT] 
2025-12-11 19:19:07,146 [ERROR] LogOutputStream:75 - [STDERR_REDIRECT] [Fatal Error] :1:1: Premature end of file.
2025-12-11 19:19:07,146 [ERROR] LogOutputStream:75 - [STDERR_REDIRECT] 
2025-12-11 19:19:07,190 [ERROR] LogOutputStream:75 - [STDERR_REDIRECT] [Fatal Error] :1:1: Premature end of file.
2025-12-11 19:19:07,190 [ERROR] LogOutputStream:75 - [STDERR_REDIRECT] 
2025-12-11 19:19:07,231 [ERROR] LogOutputStream:75 - [STDERR_REDIRECT] [Fatal Error] :1:1: Premature end of file.
2025-12-11 19:19:07,231 [ERROR] LogOutputStream:75 - [STDERR_REDIRECT] 
2025-12-11 19:19:07,275 [ERROR] LogOutputStream:75 - [STDERR_REDIRECT] [Fatal Error] :1:1: Premature end of file.
2025-12-11 19:19:07,280 [ERROR] LogOutputStream:75 - [STDERR_REDIRECT] 
2025-12-11 19:19:07,323 [ERROR] LogOutputStream:75 - [STDERR_REDIRECT] [Fatal Error] :1:1: Premature end of file.
2025-12-11 19:19:07,323 [ERROR] LogOutputStream:75 - [STDERR_REDIRECT] 
2025-12-11 19:19:07,365 [ERROR] LogOutputStream:75 - [STDERR_REDIRECT] [Fatal Error] :1:1: Premature end of file.
2025-12-11 19:19:07,365 [ERROR] LogOutputStream:75 - [STDERR_REDIRECT] 
2025-12-11 19:19:07,404 [ERROR] LogOutputStream:75 - [STDERR_REDIRECT] [Fatal Error] :1:1: Premature end of file.
2025-12-11 19:19:07,404 [ERROR] LogOutputStream:75 - [STDERR_REDIRECT] 
2025-12-11 19:19:07,450 [ERROR] LogOutputStream:75 - [STDERR_REDIRECT] [Fatal Error] :1:1: Premature end of file.
2025-12-11 19:19:07,450 [ERROR] LogOutputStream:75 - [STDERR_REDIRECT] 
2025-12-11 19:19:07,494 [ERROR] LogOutputStream:75 - [STDERR_REDIRECT] [Fatal Error] :1:1: Premature end of file.
2025-12-11 19:19:07,494 [ERROR] LogOutputStream:75 - [STDERR_REDIRECT] 
2025-12-11 19:19:07,531 [ERROR] LogOutputStream:75 - [STDERR_REDIRECT] [Fatal Error] :1:1: Premature end of file.
2025-12-11 19:19:07,546 [ERROR] LogOutputStream:75 - [STDERR_REDIRECT] 
2025-12-11 19:19:07,587 [ERROR] LogOutputStream:75 - [STDERR_REDIRECT] [Fatal Error] :1:1: Premature end of file.
2025-12-11 19:19:07,587 [ERROR] LogOutputStream:75 - [STDERR_REDIRECT] 
2025-12-11 19:19:07,629 [ERROR] LogOutputStream:75 - [STDERR_REDIRECT] [Fatal Error] :1:1: Premature end of file.
2025-12-11 19:19:07,629 [ERROR] LogOutputStream:75 - [STDERR_REDIRECT] 
2025-12-11 19:19:07,668 [ERROR] LogOutputStream:75 - [STDERR_REDIRECT] [Fatal Error] :1:1: Premature end of file.
2025-12-11 19:19:07,668 [ERROR] LogOutputStream:75 - [STDERR_REDIRECT] 
2025-12-11 19:19:07,713 [ERROR] LogOutputStream:75 - [STDERR_REDIRECT] [Fatal Error] :1:1: Premature end of file.
2025-12-11 19:19:07,713 [ERROR] LogOutputStream:75 - [STDERR_REDIRECT] 
2025-12-11 19:19:07,759 [ERROR] LogOutputStream:75 - [STDERR_REDIRECT] [Fatal Error] :1:1: Premature end of file.
2025-12-11 19:19:07,759 [ERROR] LogOutputStream:75 - [STDERR_REDIRECT] 
2025-12-11 19:19:07,802 [ERROR] LogOutputStream:75 - [STDERR_REDIRECT] [Fatal Error] :1:1: Premature end of file.
2025-12-11 19:19:07,802 [ERROR] LogOutputStream:75 - [STDERR_REDIRECT] 
2025-12-11 19:19:07,841 [ERROR] LogOutputStream:75 - [STDERR_REDIRECT] [Fatal Error] :1:1: Premature end of file.
2025-12-11 19:19:07,841 [ERROR] LogOutputStream:75 - [STDERR_REDIRECT] 
2025-12-11 19:19:07,886 [ERROR] LogOutputStream:75 - [STDERR_REDIRECT] [Fatal Error] :1:1: Premature end of file.
2025-12-11 19:19:07,886 [ERROR] LogOutputStream:75 - [STDERR_REDIRECT] 
2025-12-11 19:19:07,933 [ERROR] LogOutputStream:75 - [STDERR_REDIRECT] [Fatal Error] :1:1: Premature end of file.
2025-12-11 19:19:07,933 [ERROR] LogOutputStream:75 - [STDERR_REDIRECT] 
2025-12-11 19:19:07,974 [ERROR] LogOutputStream:75 - [STDERR_REDIRECT] [Fatal Error] :1:1: Premature end of file.
2025-12-11 19:19:07,974 [ERROR] LogOutputStream:75 - [STDERR_REDIRECT] 
2025-12-11 19:19:08,013 [ERROR] LogOutputStream:75 - [STDERR_REDIRECT] [Fatal Error] :1:1: Premature end of file.
2025-12-11 19:19:08,013 [ERROR] LogOutputStream:75 - [STDERR_REDIRECT] 
2025-12-11 19:19:08,062 [ERROR] LogOutputStream:75 - [STDERR_REDIRECT] [Fatal Error] :1:1: Premature end of file.
2025-12-11 19:19:08,062 [ERROR] LogOutputStream:75 - [STDERR_REDIRECT] 
2025-12-11 19:19:08,106 [ERROR] LogOutputStream:75 - [STDERR_REDIRECT] [Fatal Error] :1:1: Premature end of file.
2025-12-11 19:19:08,106 [ERROR] LogOutputStream:75 - [STDERR_REDIRECT] 
2025-12-11 19:19:08,141 [ERROR] LogOutputStream:75 - [STDERR_REDIRECT] [Fatal Error] :1:1: Premature end of file.
2025-12-11 19:19:08,141 [ERROR] LogOutputStream:75 - [STDERR_REDIRECT] 
2025-12-11 19:19:08,190 [ERROR] LogOutputStream:75 - [STDERR_REDIRECT] [Fatal Error] :1:1: Premature end of file.
2025-12-11 19:19:08,190 [ERROR] LogOutputStream:75 - [STDERR_REDIRECT] 
2025-12-11 19:19:08,235 [ERROR] LogOutputStream:75 - [STDERR_REDIRECT] [Fatal Error] :1:1: Premature end of file.
2025-12-11 19:19:08,235 [ERROR] LogOutputStream:75 - [STDERR_REDIRECT] 
2025-12-11 19:19:08,281 [ERROR] LogOutputStream:75 - [STDERR_REDIRECT] [Fatal Error] :1:1: Premature end of file.
2025-12-11 19:19:08,281 [ERROR] LogOutputStream:75 - [STDERR_REDIRECT] 
2025-12-11 19:19:08,321 [ERROR] LogOutputStream:75 - [STDERR_REDIRECT] [Fatal Error] :1:1: Premature end of file.
2025-12-11 19:19:08,321 [ERROR] LogOutputStream:75 - [STDERR_REDIRECT] 
2025-12-11 19:19:08,361 [ERROR] LogOutputStream:75 - [STDERR_REDIRECT] [Fatal Error] :1:1: Premature end of file.
2025-12-11 19:19:08,361 [ERROR] LogOutputStream:75 - [STDERR_REDIRECT] 
2025-12-11 19:19:08,413 [ERROR] LogOutputStream:75 - [STDERR_REDIRECT] [Fatal Error] :1:1: Premature end of file.
2025-12-11 19:19:08,413 [ERROR] LogOutputStream:75 - [STDERR_REDIRECT] 
2025-12-11 19:19:08,453 [ERROR] LogOutputStream:75 - [STDERR_REDIRECT] [Fatal Error] :1:1: Premature end of file.
2025-12-11 19:19:08,453 [ERROR] LogOutputStream:75 - [STDERR_REDIRECT] 
2025-12-11 19:19:08,498 [ERROR] LogOutputStream:75 - [STDERR_REDIRECT] [Fatal Error] :1:1: Premature end of file.
2025-12-11 19:19:08,498 [ERROR] LogOutputStream:75 - [STDERR_REDIRECT] 
2025-12-11 19:19:08,543 [ERROR] LogOutputStream:75 - [STDERR_REDIRECT] [Fatal Error] :1:1: Premature end of file.
2025-12-11 19:19:08,543 [ERROR] LogOutputStream:75 - [STDERR_REDIRECT] 
2025-12-11 19:19:08,581 [ERROR] LogOutputStream:75 - [STDERR_REDIRECT] [Fatal Error] :1:1: Premature end of file.
2025-12-11 19:19:08,581 [ERROR] LogOutputStream:75 - [STDERR_REDIRECT] 
2025-12-11 19:19:08,622 [ERROR] LogOutputStream:75 - [STDERR_REDIRECT] [Fatal Error] :1:1: Premature end of file.
2025-12-11 19:19:08,622 [ERROR] LogOutputStream:75 - [STDERR_REDIRECT] 
2025-12-11 19:19:08,661 [ERROR] LogOutputStream:75 - [STDERR_REDIRECT] [Fatal Error] :1:1: Premature end of file.
2025-12-11 19:19:08,661 [ERROR] LogOutputStream:75 - [STDERR_REDIRECT] 
2025-12-11 19:19:08,709 [ERROR] LogOutputStream:75 - [STDERR_REDIRECT] [Fatal Error] :1:1: Premature end of file.
2025-12-11 19:19:08,711 [ERROR] LogOutputStream:75 - [STDERR_REDIRECT] 
2025-12-11 19:19:08,752 [ERROR] LogOutputStream:75 - [STDERR_REDIRECT] [Fatal Error] :1:1: Premature end of file.
2025-12-11 19:19:08,752 [ERROR] LogOutputStream:75 - [STDERR_REDIRECT] 
2025-12-11 19:19:08,793 [ERROR] LogOutputStream:75 - [STDERR_REDIRECT] [Fatal Error] :1:1: Premature end of file.
2025-12-11 19:19:08,793 [ERROR] LogOutputStream:75 - [STDERR_REDIRECT] 
2025-12-11 19:19:08,834 [ERROR] LogOutputStream:75 - [STDERR_REDIRECT] [Fatal Error] :1:1: Premature end of file.
2025-12-11 19:19:08,834 [ERROR] LogOutputStream:75 - [STDERR_REDIRECT] 
2025-12-11 19:19:08,878 [ERROR] LogOutputStream:75 - [STDERR_REDIRECT] [Fatal Error] :1:1: Premature end of file.
2025-12-11 19:19:08,878 [ERROR] LogOutputStream:75 - [STDERR_REDIRECT] 
2025-12-11 19:19:08,920 [ERROR] LogOutputStream:75 - [STDERR_REDIRECT] [Fatal Error] :1:1: Premature end of file.
2025-12-11 19:19:08,920 [ERROR] LogOutputStream:75 - [STDERR_REDIRECT] 
2025-12-11 19:19:08,965 [ERROR] LogOutputStream:75 - [STDERR_REDIRECT] [Fatal Error] :1:1: Premature end of file.
2025-12-11 19:19:08,965 [ERROR] LogOutputStream:75 - [STDERR_REDIRECT] 
2025-12-11 19:19:09,007 [ERROR] LogOutputStream:75 - [STDERR_REDIRECT] [Fatal Error] :1:1: Premature end of file.
2025-12-11 19:19:09,007 [ERROR] LogOutputStream:75 - [STDERR_REDIRECT] 
2025-12-11 19:19:09,047 [ERROR] LogOutputStream:75 - [STDERR_REDIRECT] [Fatal Error] :1:1: Premature end of file.
2025-12-11 19:19:09,047 [ERROR] LogOutputStream:75 - [STDERR_REDIRECT] 
2025-12-11 19:19:09,087 [ERROR] LogOutputStream:75 - [STDERR_REDIRECT] [Fatal Error] :1:1: Premature end of file.
2025-12-11 19:19:09,087 [ERROR] LogOutputStream:75 - [STDERR_REDIRECT] 
2025-12-11 19:19:09,136 [ERROR] LogOutputStream:75 - [STDERR_REDIRECT] [Fatal Error] :1:1: Premature end of file.
2025-12-11 19:19:09,136 [ERROR] LogOutputStream:75 - [STDERR_REDIRECT] 
2025-12-11 19:19:09,177 [ERROR] LogOutputStream:75 - [STDERR_REDIRECT] [Fatal Error] :1:1: Premature end of file.
2025-12-11 19:19:09,177 [ERROR] LogOutputStream:75 - [STDERR_REDIRECT] 
2025-12-11 19:19:09,218 [ERROR] LogOutputStream:75 - [STDERR_REDIRECT] [Fatal Error] :1:1: Premature end of file.
2025-12-11 19:19:09,218 [ERROR] LogOutputStream:75 - [STDERR_REDIRECT] 
2025-12-11 19:19:09,259 [ERROR] LogOutputStream:75 - [STDERR_REDIRECT] [Fatal Error] :1:1: Premature end of file.
2025-12-11 19:19:09,259 [ERROR] LogOutputStream:75 - [STDERR_REDIRECT] 
2025-12-11 19:19:09,300 [ERROR] LogOutputStream:75 - [STDERR_REDIRECT] [Fatal Error] :1:1: Premature end of file.
2025-12-11 19:19:09,300 [ERROR] LogOutputStream:75 - [STDERR_REDIRECT] 
2025-12-11 19:19:09,349 [ERROR] LogOutputStream:75 - [STDERR_REDIRECT] [Fatal Error] :1:1: Premature end of file.
2025-12-11 19:19:09,349 [ERROR] LogOutputStream:75 - [STDERR_REDIRECT] 
2025-12-11 19:19:09,390 [ERROR] LogOutputStream:75 - [STDERR_REDIRECT] [Fatal Error] :1:1: Premature end of file.
2025-12-11 19:19:09,390 [ERROR] LogOutputStream:75 - [STDERR_REDIRECT] 
2025-12-11 19:19:09,431 [ERROR] LogOutputStream:75 - [STDERR_REDIRECT] [Fatal Error] :1:1: Premature end of file.
2025-12-11 19:19:09,431 [ERROR] LogOutputStream:75 - [STDERR_REDIRECT] 
2025-12-11 19:19:09,480 [ERROR] LogOutputStream:75 - [STDERR_REDIRECT] [Fatal Error] :1:1: Premature end of file.
2025-12-11 19:19:09,480 [ERROR] LogOutputStream:75 - [STDERR_REDIRECT] 
2025-12-11 19:19:09,521 [ERROR] LogOutputStream:75 - [STDERR_REDIRECT] [Fatal Error] :1:1: Premature end of file.
2025-12-11 19:19:09,521 [ERROR] LogOutputStream:75 - [STDERR_REDIRECT] 
2025-12-11 19:19:09,562 [ERROR] LogOutputStream:75 - [STDERR_REDIRECT] [Fatal Error] :1:1: Premature end of file.
2025-12-11 19:19:09,562 [ERROR] LogOutputStream:75 - [STDERR_REDIRECT] 
2025-12-11 19:19:09,604 [ERROR] LogOutputStream:75 - [STDERR_REDIRECT] [Fatal Error] :1:1: Premature end of file.
2025-12-11 19:19:09,604 [ERROR] LogOutputStream:75 - [STDERR_REDIRECT] 
2025-12-11 19:19:09,647 [ERROR] LogOutputStream:75 - [STDERR_REDIRECT] [Fatal Error] :1:1: Premature end of file.
2025-12-11 19:19:09,647 [ERROR] LogOutputStream:75 - [STDERR_REDIRECT] 
2025-12-11 19:19:09,691 [ERROR] LogOutputStream:75 - [STDERR_REDIRECT] [Fatal Error] :1:1: Premature end of file.
2025-12-11 19:19:09,691 [ERROR] LogOutputStream:75 - [STDERR_REDIRECT] 
2025-12-11 19:19:09,733 [ERROR] LogOutputStream:75 - [STDERR_REDIRECT] [Fatal Error] :1:1: Premature end of file.
2025-12-11 19:19:09,733 [ERROR] LogOutputStream:75 - [STDERR_REDIRECT] 
2025-12-11 19:19:09,776 [ERROR] LogOutputStream:75 - [STDERR_REDIRECT] [Fatal Error] :1:1: Premature end of file.
2025-12-11 19:19:09,778 [ERROR] LogOutputStream:75 - [STDERR_REDIRECT] 
2025-12-11 19:19:09,817 [ERROR] LogOutputStream:75 - [STDERR_REDIRECT] [Fatal Error] :1:1: Premature end of file.
2025-12-11 19:19:09,817 [ERROR] LogOutputStream:75 - [STDERR_REDIRECT] 
2025-12-11 19:19:09,859 [ERROR] LogOutputStream:75 - [STDERR_REDIRECT] [Fatal Error] :1:1: Premature end of file.
2025-12-11 19:19:09,859 [ERROR] LogOutputStream:75 - [STDERR_REDIRECT] 
2025-12-11 19:19:09,906 [ERROR] LogOutputStream:75 - [STDERR_REDIRECT] [Fatal Error] :1:1: Premature end of file.
2025-12-11 19:19:09,906 [ERROR] LogOutputStream:75 - [STDERR_REDIRECT] 
2025-12-11 19:19:09,947 [ERROR] LogOutputStream:75 - [STDERR_REDIRECT] [Fatal Error] :1:1: Premature end of file.
2025-12-11 19:19:09,947 [ERROR] LogOutputStream:75 - [STDERR_REDIRECT] 
2025-12-11 19:19:09,988 [ERROR] LogOutputStream:75 - [STDERR_REDIRECT] [Fatal Error] :1:1: Premature end of file.
2025-12-11 19:19:09,988 [ERROR] LogOutputStream:75 - [STDERR_REDIRECT] 
2025-12-11 19:19:10,037 [ERROR] LogOutputStream:75 - [STDERR_REDIRECT] [Fatal Error] :1:1: Premature end of file.
2025-12-11 19:19:10,037 [ERROR] LogOutputStream:75 - [STDERR_REDIRECT] 
2025-12-11 19:19:10,078 [ERROR] LogOutputStream:75 - [STDERR_REDIRECT] [Fatal Error] :1:1: Premature end of file.
2025-12-11 19:19:10,078 [ERROR] LogOutputStream:75 - [STDERR_REDIRECT] 
2025-12-11 19:19:10,123 [ERROR] LogOutputStream:75 - [STDERR_REDIRECT] [Fatal Error] :1:1: Premature end of file.
2025-12-11 19:19:10,123 [ERROR] LogOutputStream:75 - [STDERR_REDIRECT] 
2025-12-11 19:19:10,167 [ERROR] LogOutputStream:75 - [STDERR_REDIRECT] [Fatal Error] :1:1: Premature end of file.
2025-12-11 19:19:10,167 [ERROR] LogOutputStream:75 - [STDERR_REDIRECT] 
2025-12-11 19:19:10,210 [ERROR] LogOutputStream:75 - [STDERR_REDIRECT] [Fatal Error] :1:1: Premature end of file.
2025-12-11 19:19:10,210 [ERROR] LogOutputStream:75 - [STDERR_REDIRECT] 
2025-12-11 19:19:10,251 [ERROR] LogOutputStream:75 - [STDERR_REDIRECT] [Fatal Error] :1:1: Premature end of file.
2025-12-11 19:19:10,251 [ERROR] LogOutputStream:75 - [STDERR_REDIRECT] 
2025-12-11 19:19:10,298 [ERROR] LogOutputStream:75 - [STDERR_REDIRECT] [Fatal Error] :1:1: Premature end of file.
2025-12-11 19:19:10,298 [ERROR] LogOutputStream:75 - [STDERR_REDIRECT] 
2025-12-11 19:19:10,341 [ERROR] LogOutputStream:75 - [STDERR_REDIRECT] [Fatal Error] :1:1: Premature end of file.
2025-12-11 19:19:10,341 [ERROR] LogOutputStream:75 - [STDERR_REDIRECT] 
2025-12-11 19:19:10,384 [ERROR] LogOutputStream:75 - [STDERR_REDIRECT] [Fatal Error] :1:1: Premature end of file.
2025-12-11 19:19:10,384 [ERROR] LogOutputStream:75 - [STDERR_REDIRECT] 
2025-12-11 19:19:10,424 [ERROR] LogOutputStream:75 - [STDERR_REDIRECT] [Fatal Error] :1:1: Premature end of file.
2025-12-11 19:19:10,424 [ERROR] LogOutputStream:75 - [STDERR_REDIRECT] 
2025-12-11 19:19:10,481 [ERROR] LogOutputStream:75 - [STDERR_REDIRECT] [Fatal Error] :1:1: Premature end of file.
2025-12-11 19:19:10,481 [ERROR] LogOutputStream:75 - [STDERR_REDIRECT] 
2025-12-11 19:19:10,520 [ERROR] LogOutputStream:75 - [STDERR_REDIRECT] [Fatal Error] :1:1: Premature end of file.
2025-12-11 19:19:10,520 [ERROR] LogOutputStream:75 - [STDERR_REDIRECT] 
2025-12-11 19:19:10,566 [ERROR] LogOutputStream:75 - [STDERR_REDIRECT] [Fatal Error] :1:1: Premature end of file.
2025-12-11 19:19:10,566 [ERROR] LogOutputStream:75 - [STDERR_REDIRECT] 
2025-12-11 19:19:10,612 [ERROR] LogOutputStream:75 - [STDERR_REDIRECT] [Fatal Error] :1:1: Premature end of file.
2025-12-11 19:19:10,612 [ERROR] LogOutputStream:75 - [STDERR_REDIRECT] 
2025-12-11 19:19:10,656 [ERROR] LogOutputStream:75 - [STDERR_REDIRECT] [Fatal Error] :1:1: Premature end of file.
2025-12-11 19:19:10,656 [ERROR] LogOutputStream:75 - [STDERR_REDIRECT] 
2025-12-11 19:19:10,696 [ERROR] LogOutputStream:75 - [STDERR_REDIRECT] [Fatal Error] :1:1: Premature end of file.
2025-12-11 19:19:10,696 [ERROR] LogOutputStream:75 - [STDERR_REDIRECT] 
2025-12-11 19:19:10,734 [ERROR] LogOutputStream:75 - [STDERR_REDIRECT] [Fatal Error] :1:1: Premature end of file.
2025-12-11 19:19:10,734 [ERROR] LogOutputStream:75 - [STDERR_REDIRECT] 
2025-12-11 19:19:10,782 [ERROR] LogOutputStream:75 - [STDERR_REDIRECT] [Fatal Error] :1:1: Premature end of file.
2025-12-11 19:19:10,782 [ERROR] LogOutputStream:75 - [STDERR_REDIRECT] 
2025-12-11 19:19:10,823 [ERROR] LogOutputStream:75 - [STDERR_REDIRECT] [Fatal Error] :1:1: Premature end of file.
2025-12-11 19:19:10,823 [ERROR] LogOutputStream:75 - [STDERR_REDIRECT] 
2025-12-11 19:19:10,864 [ERROR] LogOutputStream:75 - [STDERR_REDIRECT] [Fatal Error] :1:1: Premature end of file.
2025-12-11 19:19:10,864 [ERROR] LogOutputStream:75 - [STDERR_REDIRECT] 
2025-12-11 19:19:10,908 [ERROR] LogOutputStream:75 - [STDERR_REDIRECT] [Fatal Error] :1:1: Premature end of file.
2025-12-11 19:19:10,908 [ERROR] LogOutputStream:75 - [STDERR_REDIRECT] 
2025-12-11 19:19:10,953 [ERROR] LogOutputStream:75 - [STDERR_REDIRECT] [Fatal Error] :1:1: Premature end of file.
2025-12-11 19:19:10,953 [ERROR] LogOutputStream:75 - [STDERR_REDIRECT] 
2025-12-11 19:19:10,995 [ERROR] LogOutputStream:75 - [STDERR_REDIRECT] [Fatal Error] :1:1: Premature end of file.
2025-12-11 19:19:10,995 [ERROR] LogOutputStream:75 - [STDERR_REDIRECT] 
2025-12-11 19:19:11,039 [ERROR] LogOutputStream:75 - [STDERR_REDIRECT] [Fatal Error] :1:1: Premature end of file.
2025-12-11 19:19:11,039 [ERROR] LogOutputStream:75 - [STDERR_REDIRECT] 
2025-12-11 19:19:11,085 [ERROR] LogOutputStream:75 - [STDERR_REDIRECT] [Fatal Error] :1:1: Premature end of file.
2025-12-11 19:19:11,085 [ERROR] LogOutputStream:75 - [STDERR_REDIRECT] 
2025-12-11 19:19:11,126 [ERROR] LogOutputStream:75 - [STDERR_REDIRECT] [Fatal Error] :1:1: Premature end of file.
2025-12-11 19:19:11,126 [ERROR] LogOutputStream:75 - [STDERR_REDIRECT] 
2025-12-11 19:19:11,171 [ERROR] LogOutputStream:75 - [STDERR_REDIRECT] [Fatal Error] :1:1: Premature end of file.
2025-12-11 19:19:11,171 [ERROR] LogOutputStream:75 - [STDERR_REDIRECT] 
2025-12-11 19:19:11,214 [ERROR] LogOutputStream:75 - [STDERR_REDIRECT] [Fatal Error] :1:1: Premature end of file.
2025-12-11 19:19:11,214 [ERROR] LogOutputStream:75 - [STDERR_REDIRECT] 
2025-12-11 19:19:11,255 [ERROR] LogOutputStream:75 - [STDERR_REDIRECT] [Fatal Error] :1:1: Premature end of file.
2025-12-11 19:19:11,255 [ERROR] LogOutputStream:75 - [STDERR_REDIRECT] 
2025-12-11 19:19:11,296 [ERROR] LogOutputStream:75 - [STDERR_REDIRECT] [Fatal Error] :1:1: Premature end of file.
2025-12-11 19:19:11,296 [ERROR] LogOutputStream:75 - [STDERR_REDIRECT] 
2025-12-11 19:19:11,340 [ERROR] LogOutputStream:75 - [STDERR_REDIRECT] [Fatal Error] :1:1: Premature end of file.
2025-12-11 19:19:11,340 [ERROR] LogOutputStream:75 - [STDERR_REDIRECT] 
2025-12-11 19:19:11,381 [ERROR] LogOutputStream:75 - [STDERR_REDIRECT] [Fatal Error] :1:1: Premature end of file.
2025-12-11 19:19:11,381 [ERROR] LogOutputStream:75 - [STDERR_REDIRECT] 
2025-12-11 19:19:11,427 [ERROR] LogOutputStream:75 - [STDERR_REDIRECT] [Fatal Error] :1:1: Premature end of file.
2025-12-11 19:19:11,427 [ERROR] LogOutputStream:75 - [STDERR_REDIRECT] 
2025-12-11 19:19:11,466 [ERROR] LogOutputStream:75 - [STDERR_REDIRECT] [Fatal Error] :1:1: Premature end of file.
2025-12-11 19:19:11,466 [ERROR] LogOutputStream:75 - [STDERR_REDIRECT] 
2025-12-11 19:19:11,507 [ERROR] LogOutputStream:75 - [STDERR_REDIRECT] [Fatal Error] :1:1: Premature end of file.
2025-12-11 19:19:11,507 [ERROR] LogOutputStream:75 - [STDERR_REDIRECT] 
2025-12-11 19:19:11,548 [ERROR] LogOutputStream:75 - [STDERR_REDIRECT] [Fatal Error] :1:1: Premature end of file.
2025-12-11 19:19:11,548 [ERROR] LogOutputStream:75 - [STDERR_REDIRECT] 
2025-12-11 19:19:11,592 [ERROR] LogOutputStream:75 - [STDERR_REDIRECT] [Fatal Error] :1:1: Premature end of file.
2025-12-11 19:19:11,592 [ERROR] LogOutputStream:75 - [STDERR_REDIRECT] 
2025-12-11 19:19:11,634 [ERROR] LogOutputStream:75 - [STDERR_REDIRECT] [Fatal Error] :1:1: Premature end of file.
2025-12-11 19:19:11,634 [ERROR] LogOutputStream:75 - [STDERR_REDIRECT] 
2025-12-11 19:19:11,677 [ERROR] LogOutputStream:75 - [STDERR_REDIRECT] [Fatal Error] :1:1: Premature end of file.
2025-12-11 19:19:11,677 [ERROR] LogOutputStream:75 - [STDERR_REDIRECT] 
2025-12-11 19:19:11,721 [ERROR] LogOutputStream:75 - [STDERR_REDIRECT] [Fatal Error] :1:1: Premature end of file.
2025-12-11 19:19:11,721 [ERROR] LogOutputStream:75 - [STDERR_REDIRECT] 
2025-12-11 19:19:11,762 [ERROR] LogOutputStream:75 - [STDERR_REDIRECT] [Fatal Error] :1:1: Premature end of file.
2025-12-11 19:19:11,762 [ERROR] LogOutputStream:75 - [STDERR_REDIRECT] 
2025-12-11 19:19:11,806 [ERROR] LogOutputStream:75 - [STDERR_REDIRECT] [Fatal Error] :1:1: Premature end of file.
2025-12-11 19:19:11,806 [ERROR] LogOutputStream:75 - [STDERR_REDIRECT] 
2025-12-11 19:19:11,844 [ERROR] LogOutputStream:75 - [STDERR_REDIRECT] [Fatal Error] :1:1: Premature end of file.
2025-12-11 19:19:11,844 [ERROR] LogOutputStream:75 - [STDERR_REDIRECT] 
2025-12-11 19:19:11,893 [ERROR] LogOutputStream:75 - [STDERR_REDIRECT] [Fatal Error] :1:1: Premature end of file.
2025-12-11 19:19:11,893 [ERROR] LogOutputStream:75 - [STDERR_REDIRECT] 
2025-12-11 19:19:11,935 [ERROR] LogOutputStream:75 - [STDERR_REDIRECT] [Fatal Error] :1:1: Premature end of file.
2025-12-11 19:19:11,935 [ERROR] LogOutputStream:75 - [STDERR_REDIRECT] 
2025-12-11 19:19:11,976 [ERROR] LogOutputStream:75 - [STDERR_REDIRECT] [Fatal Error] :1:1: Premature end of file.
2025-12-11 19:19:11,976 [ERROR] LogOutputStream:75 - [STDERR_REDIRECT] 
2025-12-11 19:19:12,019 [ERROR] LogOutputStream:75 - [STDERR_REDIRECT] [Fatal Error] :1:1: Premature end of file.
2025-12-11 19:19:12,019 [ERROR] LogOutputStream:75 - [STDERR_REDIRECT] 
2025-12-11 19:19:12,057 [ERROR] LogOutputStream:75 - [STDERR_REDIRECT] [Fatal Error] :1:1: Premature end of file.
2025-12-11 19:19:12,057 [ERROR] LogOutputStream:75 - [STDERR_REDIRECT] 
2025-12-11 19:19:12,098 [ERROR] LogOutputStream:75 - [STDERR_REDIRECT] [Fatal Error] :1:1: Premature end of file.
2025-12-11 19:19:12,098 [ERROR] LogOutputStream:75 - [STDERR_REDIRECT] 
2025-12-11 19:19:12,147 [ERROR] LogOutputStream:75 - [STDERR_REDIRECT] [Fatal Error] :1:1: Premature end of file.
2025-12-11 19:19:12,147 [ERROR] LogOutputStream:75 - [STDERR_REDIRECT] 
2025-12-11 19:19:12,192 [ERROR] LogOutputStream:75 - [STDERR_REDIRECT] [Fatal Error] :1:1: Premature end of file.
2025-12-11 19:19:12,192 [ERROR] LogOutputStream:75 - [STDERR_REDIRECT] 
2025-12-11 19:19:12,236 [ERROR] LogOutputStream:75 - [STDERR_REDIRECT] [Fatal Error] :1:1: Premature end of file.
2025-12-11 19:19:12,236 [ERROR] LogOutputStream:75 - [STDERR_REDIRECT] 
2025-12-11 19:19:12,280 [ERROR] LogOutputStream:75 - [STDERR_REDIRECT] [Fatal Error] :1:1: Premature end of file.
2025-12-11 19:19:12,280 [ERROR] LogOutputStream:75 - [STDERR_REDIRECT] 
2025-12-11 19:19:12,320 [ERROR] LogOutputStream:75 - [STDERR_REDIRECT] [Fatal Error] :1:1: Premature end of file.
2025-12-11 19:19:12,320 [ERROR] LogOutputStream:75 - [STDERR_REDIRECT] 
2025-12-11 19:19:12,366 [ERROR] LogOutputStream:75 - [STDERR_REDIRECT] [Fatal Error] :1:1: Premature end of file.
2025-12-11 19:19:12,366 [ERROR] LogOutputStream:75 - [STDERR_REDIRECT] 
2025-12-11 19:19:12,412 [ERROR] LogOutputStream:75 - [STDERR_REDIRECT] [Fatal Error] :1:1: Premature end of file.
2025-12-11 19:19:12,412 [ERROR] LogOutputStream:75 - [STDERR_REDIRECT] 
2025-12-11 19:19:12,457 [ERROR] LogOutputStream:75 - [STDERR_REDIRECT] [Fatal Error] :1:1: Premature end of file.
2025-12-11 19:19:12,457 [ERROR] LogOutputStream:75 - [STDERR_REDIRECT] 
2025-12-11 19:19:12,493 [ERROR] LogOutputStream:75 - [STDERR_REDIRECT] [Fatal Error] :1:1: Premature end of file.
2025-12-11 19:19:12,493 [ERROR] LogOutputStream:75 - [STDERR_REDIRECT] 
2025-12-11 19:19:12,545 [ERROR] LogOutputStream:75 - [STDERR_REDIRECT] [Fatal Error] :1:1: Premature end of file.
2025-12-11 19:19:12,545 [ERROR] LogOutputStream:75 - [STDERR_REDIRECT] 
2025-12-11 19:19:12,586 [ERROR] LogOutputStream:75 - [STDERR_REDIRECT] [Fatal Error] :1:1: Premature end of file.
2025-12-11 19:19:12,590 [ERROR] LogOutputStream:75 - [STDERR_REDIRECT] 
2025-12-11 19:19:12,631 [ERROR] LogOutputStream:75 - [STDERR_REDIRECT] [Fatal Error] :1:1: Premature end of file.
2025-12-11 19:19:12,631 [ERROR] LogOutputStream:75 - [STDERR_REDIRECT] 
2025-12-11 19:19:12,671 [ERROR] LogOutputStream:75 - [STDERR_REDIRECT] [Fatal Error] :1:1: Premature end of file.
2025-12-11 19:19:12,671 [ERROR] LogOutputStream:75 - [STDERR_REDIRECT] 
2025-12-11 19:19:12,712 [ERROR] LogOutputStream:75 - [STDERR_REDIRECT] [Fatal Error] :1:1: Premature end of file.
2025-12-11 19:19:12,712 [ERROR] LogOutputStream:75 - [STDERR_REDIRECT] 
2025-12-11 19:19:12,759 [ERROR] LogOutputStream:75 - [STDERR_REDIRECT] [Fatal Error] :1:1: Premature end of file.
2025-12-11 19:19:12,759 [ERROR] LogOutputStream:75 - [STDERR_REDIRECT] 
2025-12-11 19:19:12,802 [ERROR] LogOutputStream:75 - [STDERR_REDIRECT] [Fatal Error] :1:1: Premature end of file.
2025-12-11 19:19:12,802 [ERROR] LogOutputStream:75 - [STDERR_REDIRECT] 
2025-12-11 19:19:12,846 [ERROR] LogOutputStream:75 - [STDERR_REDIRECT] [Fatal Error] :1:1: Premature end of file.
2025-12-11 19:19:12,846 [ERROR] LogOutputStream:75 - [STDERR_REDIRECT] 
2025-12-11 19:19:12,884 [ERROR] LogOutputStream:75 - [STDERR_REDIRECT] [Fatal Error] :1:1: Premature end of file.
2025-12-11 19:19:12,884 [ERROR] LogOutputStream:75 - [STDERR_REDIRECT] 
2025-12-11 19:19:12,925 [ERROR] LogOutputStream:75 - [STDERR_REDIRECT] [Fatal Error] :1:1: Premature end of file.
2025-12-11 19:19:12,925 [ERROR] LogOutputStream:75 - [STDERR_REDIRECT] 
2025-12-11 19:19:12,967 [ERROR] LogOutputStream:75 - [STDERR_REDIRECT] [Fatal Error] :1:1: Premature end of file.
2025-12-11 19:19:12,970 [ERROR] LogOutputStream:75 - [STDERR_REDIRECT] 
2025-12-11 19:19:13,011 [ERROR] LogOutputStream:75 - [STDERR_REDIRECT] [Fatal Error] :1:1: Premature end of file.
2025-12-11 19:19:13,011 [ERROR] LogOutputStream:75 - [STDERR_REDIRECT] 
2025-12-11 19:19:13,051 [ERROR] LogOutputStream:75 - [STDERR_REDIRECT] [Fatal Error] :1:1: Premature end of file.
2025-12-11 19:19:13,051 [ERROR] LogOutputStream:75 - [STDERR_REDIRECT] 
2025-12-11 19:19:13,095 [ERROR] LogOutputStream:75 - [STDERR_REDIRECT] [Fatal Error] :1:1: Premature end of file.
2025-12-11 19:19:13,095 [ERROR] LogOutputStream:75 - [STDERR_REDIRECT] 
2025-12-11 19:19:13,138 [ERROR] LogOutputStream:75 - [STDERR_REDIRECT] [Fatal Error] :1:1: Premature end of file.
2025-12-11 19:19:13,138 [ERROR] LogOutputStream:75 - [STDERR_REDIRECT] 
2025-12-11 19:19:13,179 [ERROR] LogOutputStream:75 - [STDERR_REDIRECT] [Fatal Error] :1:1: Premature end of file.
2025-12-11 19:19:13,179 [ERROR] LogOutputStream:75 - [STDERR_REDIRECT] 
2025-12-11 19:19:13,221 [ERROR] LogOutputStream:75 - [STDERR_REDIRECT] [Fatal Error] :1:1: Premature end of file.
2025-12-11 19:19:13,221 [ERROR] LogOutputStream:75 - [STDERR_REDIRECT] 
2025-12-11 19:19:13,264 [ERROR] LogOutputStream:75 - [STDERR_REDIRECT] [Fatal Error] :1:1: Premature end of file.
2025-12-11 19:19:13,264 [ERROR] LogOutputStream:75 - [STDERR_REDIRECT] 
2025-12-11 19:19:13,306 [ERROR] LogOutputStream:75 - [STDERR_REDIRECT] [Fatal Error] :1:1: Premature end of file.
2025-12-11 19:19:13,306 [ERROR] LogOutputStream:75 - [STDERR_REDIRECT] 
2025-12-11 19:19:13,346 [ERROR] LogOutputStream:75 - [STDERR_REDIRECT] [Fatal Error] :1:1: Premature end of file.
2025-12-11 19:19:13,346 [ERROR] LogOutputStream:75 - [STDERR_REDIRECT] 
2025-12-11 19:19:13,395 [ERROR] LogOutputStream:75 - [STDERR_REDIRECT] [Fatal Error] :1:1: Premature end of file.
2025-12-11 19:19:13,396 [ERROR] LogOutputStream:75 - [STDERR_REDIRECT] 
2025-12-11 19:19:13,478 [ERROR] LogOutputStream:75 - [STDERR_REDIRECT] [Fatal Error] :1:1: Premature end of file.
2025-12-11 19:19:13,478 [ERROR] LogOutputStream:75 - [STDERR_REDIRECT] 
2025-12-11 19:19:13,519 [ERROR] LogOutputStream:75 - [STDERR_REDIRECT] [Fatal Error] :1:1: Premature end of file.
2025-12-11 19:19:13,519 [ERROR] LogOutputStream:75 - [STDERR_REDIRECT] 
2025-12-11 19:19:13,566 [ERROR] LogOutputStream:75 - [STDERR_REDIRECT] [Fatal Error] :1:1: Premature end of file.
2025-12-11 19:19:13,617 [ERROR] LogOutputStream:75 - [STDERR_REDIRECT] 
2025-12-11 19:19:13,658 [ERROR] LogOutputStream:75 - [STDERR_REDIRECT] [Fatal Error] :1:1: Premature end of file.
2025-12-11 19:19:13,658 [ERROR] LogOutputStream:75 - [STDERR_REDIRECT] 
2025-12-11 19:19:13,704 [ERROR] LogOutputStream:75 - [STDERR_REDIRECT] [Fatal Error] :1:1: Premature end of file.
2025-12-11 19:19:13,704 [ERROR] LogOutputStream:75 - [STDERR_REDIRECT] 
2025-12-11 19:19:13,747 [ERROR] LogOutputStream:75 - [STDERR_REDIRECT] [Fatal Error] :1:1: Premature end of file.
2025-12-11 19:19:13,747 [ERROR] LogOutputStream:75 - [STDERR_REDIRECT] 
2025-12-11 19:19:13,786 [ERROR] LogOutputStream:75 - [STDERR_REDIRECT] [Fatal Error] :1:1: Premature end of file.
2025-12-11 19:19:13,786 [ERROR] LogOutputStream:75 - [STDERR_REDIRECT] 
2025-12-11 19:19:13,830 [ERROR] LogOutputStream:75 - [STDERR_REDIRECT] [Fatal Error] :1:1: Premature end of file.
2025-12-11 19:19:13,830 [ERROR] LogOutputStream:75 - [STDERR_REDIRECT] 
2025-12-11 19:19:13,875 [ERROR] LogOutputStream:75 - [STDERR_REDIRECT] [Fatal Error] :1:1: Premature end of file.
2025-12-11 19:19:13,875 [ERROR] LogOutputStream:75 - [STDERR_REDIRECT] 
2025-12-11 19:19:13,914 [ERROR] LogOutputStream:75 - [STDERR_REDIRECT] [Fatal Error] :1:1: Premature end of file.
2025-12-11 19:19:13,914 [ERROR] LogOutputStream:75 - [STDERR_REDIRECT] 
2025-12-11 19:19:13,955 [ERROR] LogOutputStream:75 - [STDERR_REDIRECT] [Fatal Error] :1:1: Premature end of file.
2025-12-11 19:19:13,955 [ERROR] LogOutputStream:75 - [STDERR_REDIRECT] 
2025-12-11 19:19:13,998 [ERROR] LogOutputStream:75 - [STDERR_REDIRECT] [Fatal Error] :1:1: Premature end of file.
2025-12-11 19:19:13,998 [ERROR] LogOutputStream:75 - [STDERR_REDIRECT] 
2025-12-11 19:19:14,036 [ERROR] LogOutputStream:75 - [STDERR_REDIRECT] [Fatal Error] :1:1: Premature end of file.
2025-12-11 19:19:14,036 [ERROR] LogOutputStream:75 - [STDERR_REDIRECT] 
2025-12-11 19:19:14,085 [ERROR] LogOutputStream:75 - [STDERR_REDIRECT] [Fatal Error] :1:1: Premature end of file.
2025-12-11 19:19:14,085 [ERROR] LogOutputStream:75 - [STDERR_REDIRECT] 
2025-12-11 19:19:14,126 [ERROR] LogOutputStream:75 - [STDERR_REDIRECT] [Fatal Error] :1:1: Premature end of file.
2025-12-11 19:19:14,126 [ERROR] LogOutputStream:75 - [STDERR_REDIRECT] 
2025-12-11 19:19:14,167 [ERROR] LogOutputStream:75 - [STDERR_REDIRECT] [Fatal Error] :1:1: Premature end of file.
2025-12-11 19:19:14,167 [ERROR] LogOutputStream:75 - [STDERR_REDIRECT] 
2025-12-11 19:19:14,210 [ERROR] LogOutputStream:75 - [STDERR_REDIRECT] [Fatal Error] :1:1: Premature end of file.
2025-12-11 19:19:14,210 [ERROR] LogOutputStream:75 - [STDERR_REDIRECT] 
2025-12-11 19:19:14,256 [ERROR] LogOutputStream:75 - [STDERR_REDIRECT] [Fatal Error] :1:1: Premature end of file.
2025-12-11 19:19:14,256 [ERROR] LogOutputStream:75 - [STDERR_REDIRECT] 
2025-12-11 19:19:14,298 [ERROR] LogOutputStream:75 - [STDERR_REDIRECT] [Fatal Error] :1:1: Premature end of file.
2025-12-11 19:19:14,298 [ERROR] LogOutputStream:75 - [STDERR_REDIRECT] 
2025-12-11 19:19:14,340 [ERROR] LogOutputStream:75 - [STDERR_REDIRECT] [Fatal Error] :1:1: Premature end of file.
2025-12-11 19:19:14,340 [ERROR] LogOutputStream:75 - [STDERR_REDIRECT] 
2025-12-11 19:19:14,382 [ERROR] LogOutputStream:75 - [STDERR_REDIRECT] [Fatal Error] :1:1: Premature end of file.
2025-12-11 19:19:14,382 [ERROR] LogOutputStream:75 - [STDERR_REDIRECT] 
2025-12-11 19:19:14,421 [ERROR] LogOutputStream:75 - [STDERR_REDIRECT] [Fatal Error] :1:1: Premature end of file.
2025-12-11 19:19:14,421 [ERROR] LogOutputStream:75 - [STDERR_REDIRECT] 
2025-12-11 19:19:14,462 [ERROR] LogOutputStream:75 - [STDERR_REDIRECT] [Fatal Error] :1:1: Premature end of file.
2025-12-11 19:19:14,462 [ERROR] LogOutputStream:75 - [STDERR_REDIRECT] 
2025-12-11 19:19:14,511 [ERROR] LogOutputStream:75 - [STDERR_REDIRECT] [Fatal Error] :1:1: Premature end of file.
2025-12-11 19:19:14,511 [ERROR] LogOutputStream:75 - [STDERR_REDIRECT] 
2025-12-11 19:19:14,554 [ERROR] LogOutputStream:75 - [STDERR_REDIRECT] [Fatal Error] :1:1: Premature end of file.
2025-12-11 19:19:14,554 [ERROR] LogOutputStream:75 - [STDERR_REDIRECT] 
2025-12-11 19:19:14,593 [ERROR] LogOutputStream:75 - [STDERR_REDIRECT] [Fatal Error] :1:1: Premature end of file.
2025-12-11 19:19:14,593 [ERROR] LogOutputStream:75 - [STDERR_REDIRECT] 
2025-12-11 19:19:14,635 [ERROR] LogOutputStream:75 - [STDERR_REDIRECT] [Fatal Error] :1:1: Premature end of file.
2025-12-11 19:19:14,635 [ERROR] LogOutputStream:75 - [STDERR_REDIRECT] 
2025-12-11 19:19:14,682 [ERROR] LogOutputStream:75 - [STDERR_REDIRECT] [Fatal Error] :1:1: Premature end of file.
2025-12-11 19:19:14,683 [ERROR] LogOutputStream:75 - [STDERR_REDIRECT] 
2025-12-11 19:19:14,725 [ERROR] LogOutputStream:75 - [STDERR_REDIRECT] [Fatal Error] :1:1: Premature end of file.
2025-12-11 19:19:14,725 [ERROR] LogOutputStream:75 - [STDERR_REDIRECT] 
2025-12-11 19:19:14,764 [ERROR] LogOutputStream:75 - [STDERR_REDIRECT] [Fatal Error] :1:1: Premature end of file.
2025-12-11 19:19:14,764 [ERROR] LogOutputStream:75 - [STDERR_REDIRECT] 
2025-12-11 19:19:14,809 [ERROR] LogOutputStream:75 - [STDERR_REDIRECT] [Fatal Error] :1:1: Premature end of file.
2025-12-11 19:19:14,809 [ERROR] LogOutputStream:75 - [STDERR_REDIRECT] 
2025-12-11 19:19:14,848 [ERROR] LogOutputStream:75 - [STDERR_REDIRECT] [Fatal Error] :1:1: Premature end of file.
2025-12-11 19:19:14,848 [ERROR] LogOutputStream:75 - [STDERR_REDIRECT] 
2025-12-11 19:19:14,895 [ERROR] LogOutputStream:75 - [STDERR_REDIRECT] [Fatal Error] :1:1: Premature end of file.
2025-12-11 19:19:14,895 [ERROR] LogOutputStream:75 - [STDERR_REDIRECT] 
2025-12-11 19:19:14,936 [ERROR] LogOutputStream:75 - [STDERR_REDIRECT] [Fatal Error] :1:1: Premature end of file.
2025-12-11 19:19:14,936 [ERROR] LogOutputStream:75 - [STDERR_REDIRECT] 
2025-12-11 19:19:14,982 [ERROR] LogOutputStream:75 - [STDERR_REDIRECT] [Fatal Error] :1:1: Premature end of file.
2025-12-11 19:19:14,982 [ERROR] LogOutputStream:75 - [STDERR_REDIRECT] 
2025-12-11 19:19:15,024 [ERROR] LogOutputStream:75 - [STDERR_REDIRECT] [Fatal Error] :1:1: Premature end of file.
2025-12-11 19:19:15,024 [ERROR] LogOutputStream:75 - [STDERR_REDIRECT] 
2025-12-11 19:19:15,068 [ERROR] LogOutputStream:75 - [STDERR_REDIRECT] [Fatal Error] :1:1: Premature end of file.
2025-12-11 19:19:15,068 [ERROR] LogOutputStream:75 - [STDERR_REDIRECT] 
2025-12-11 19:19:15,112 [ERROR] LogOutputStream:75 - [STDERR_REDIRECT] [Fatal Error] :1:1: Premature end of file.
2025-12-11 19:19:15,112 [ERROR] LogOutputStream:75 - [STDERR_REDIRECT] 
2025-12-11 19:19:15,151 [ERROR] LogOutputStream:75 - [STDERR_REDIRECT] [Fatal Error] :1:1: Premature end of file.
2025-12-11 19:19:15,151 [ERROR] LogOutputStream:75 - [STDERR_REDIRECT] 
2025-12-11 19:19:15,193 [ERROR] LogOutputStream:75 - [STDERR_REDIRECT] [Fatal Error] :1:1: Premature end of file.
2025-12-11 19:19:15,193 [ERROR] LogOutputStream:75 - [STDERR_REDIRECT] 
2025-12-11 19:19:15,236 [ERROR] LogOutputStream:75 - [STDERR_REDIRECT] [Fatal Error] :1:1: Premature end of file.
2025-12-11 19:19:15,236 [ERROR] LogOutputStream:75 - [STDERR_REDIRECT] 
2025-12-11 19:19:15,281 [ERROR] LogOutputStream:75 - [STDERR_REDIRECT] [Fatal Error] :1:1: Premature end of file.
2025-12-11 19:19:15,281 [ERROR] LogOutputStream:75 - [STDERR_REDIRECT] 
2025-12-11 19:19:15,322 [ERROR] LogOutputStream:75 - [STDERR_REDIRECT] [Fatal Error] :1:1: Premature end of file.
2025-12-11 19:19:15,322 [ERROR] LogOutputStream:75 - [STDERR_REDIRECT] 
2025-12-11 19:19:15,361 [ERROR] LogOutputStream:75 - [STDERR_REDIRECT] [Fatal Error] :1:1: Premature end of file.
2025-12-11 19:19:15,361 [ERROR] LogOutputStream:75 - [STDERR_REDIRECT] 
2025-12-11 19:19:15,402 [ERROR] LogOutputStream:75 - [STDERR_REDIRECT] [Fatal Error] :1:1: Premature end of file.
2025-12-11 19:19:15,402 [ERROR] LogOutputStream:75 - [STDERR_REDIRECT] 
2025-12-11 19:19:15,451 [ERROR] LogOutputStream:75 - [STDERR_REDIRECT] [Fatal Error] :1:1: Premature end of file.
2025-12-11 19:19:15,451 [ERROR] LogOutputStream:75 - [STDERR_REDIRECT] 
2025-12-11 19:19:15,492 [ERROR] LogOutputStream:75 - [STDERR_REDIRECT] [Fatal Error] :1:1: Premature end of file.
2025-12-11 19:19:15,492 [ERROR] LogOutputStream:75 - [STDERR_REDIRECT] 
2025-12-11 19:19:15,536 [ERROR] LogOutputStream:75 - [STDERR_REDIRECT] [Fatal Error] :1:1: Premature end of file.
2025-12-11 19:19:15,536 [ERROR] LogOutputStream:75 - [STDERR_REDIRECT] 
2025-12-11 19:19:15,583 [ERROR] LogOutputStream:75 - [STDERR_REDIRECT] [Fatal Error] :1:1: Premature end of file.
2025-12-11 19:19:15,583 [ERROR] LogOutputStream:75 - [STDERR_REDIRECT] 
2025-12-11 19:19:15,624 [ERROR] LogOutputStream:75 - [STDERR_REDIRECT] [Fatal Error] :1:1: Premature end of file.
2025-12-11 19:19:15,624 [ERROR] LogOutputStream:75 - [STDERR_REDIRECT] 
2025-12-11 19:19:15,667 [ERROR] LogOutputStream:75 - [STDERR_REDIRECT] [Fatal Error] :1:1: Premature end of file.
2025-12-11 19:19:15,667 [ERROR] LogOutputStream:75 - [STDERR_REDIRECT] 
2025-12-11 19:19:15,707 [ERROR] LogOutputStream:75 - [STDERR_REDIRECT] [Fatal Error] :1:1: Premature end of file.
2025-12-11 19:19:15,707 [ERROR] LogOutputStream:75 - [STDERR_REDIRECT] 
2025-12-11 19:19:15,748 [ERROR] LogOutputStream:75 - [STDERR_REDIRECT] [Fatal Error] :1:1: Premature end of file.
2025-12-11 19:19:15,748 [ERROR] LogOutputStream:75 - [STDERR_REDIRECT] 
2025-12-11 19:19:15,793 [ERROR] LogOutputStream:75 - [STDERR_REDIRECT] [Fatal Error] :1:1: Premature end of file.
2025-12-11 19:19:15,795 [ERROR] LogOutputStream:75 - [STDERR_REDIRECT] 
2025-12-11 19:19:15,837 [ERROR] LogOutputStream:75 - [STDERR_REDIRECT] [Fatal Error] :1:1: Premature end of file.
2025-12-11 19:19:15,837 [ERROR] LogOutputStream:75 - [STDERR_REDIRECT] 
2025-12-11 19:19:15,878 [ERROR] LogOutputStream:75 - [STDERR_REDIRECT] [Fatal Error] :1:1: Premature end of file.
2025-12-11 19:19:15,878 [ERROR] LogOutputStream:75 - [STDERR_REDIRECT] 
2025-12-11 19:19:15,919 [ERROR] LogOutputStream:75 - [STDERR_REDIRECT] [Fatal Error] :1:1: Premature end of file.
2025-12-11 19:19:15,919 [ERROR] LogOutputStream:75 - [STDERR_REDIRECT] 
2025-12-11 19:19:15,966 [ERROR] LogOutputStream:75 - [STDERR_REDIRECT] [Fatal Error] :1:1: Premature end of file.
2025-12-11 19:19:15,967 [ERROR] LogOutputStream:75 - [STDERR_REDIRECT] 
2025-12-11 19:19:16,002 [ERROR] LogOutputStream:75 - [STDERR_REDIRECT] [Fatal Error] :1:1: Premature end of file.
2025-12-11 19:19:16,002 [ERROR] LogOutputStream:75 - [STDERR_REDIRECT] 
2025-12-11 19:19:16,048 [ERROR] LogOutputStream:75 - [STDERR_REDIRECT] [Fatal Error] :1:1: Premature end of file.
2025-12-11 19:19:16,048 [ERROR] LogOutputStream:75 - [STDERR_REDIRECT] 
2025-12-11 19:19:16,092 [ERROR] LogOutputStream:75 - [STDERR_REDIRECT] [Fatal Error] :1:1: Premature end of file.
2025-12-11 19:19:16,092 [ERROR] LogOutputStream:75 - [STDERR_REDIRECT] 
2025-12-11 19:19:16,135 [ERROR] LogOutputStream:75 - [STDERR_REDIRECT] [Fatal Error] :1:1: Premature end of file.
2025-12-11 19:19:16,135 [ERROR] LogOutputStream:75 - [STDERR_REDIRECT] 
2025-12-11 19:19:16,175 [ERROR] LogOutputStream:75 - [STDERR_REDIRECT] [Fatal Error] :1:1: Premature end of file.
2025-12-11 19:19:16,175 [ERROR] LogOutputStream:75 - [STDERR_REDIRECT] 
2025-12-11 19:19:16,217 [ERROR] LogOutputStream:75 - [STDERR_REDIRECT] [Fatal Error] :1:1: Premature end of file.
2025-12-11 19:19:16,217 [ERROR] LogOutputStream:75 - [STDERR_REDIRECT] 
2025-12-11 19:19:16,259 [ERROR] LogOutputStream:75 - [STDERR_REDIRECT] [Fatal Error] :1:1: Premature end of file.
2025-12-11 19:19:16,259 [ERROR] LogOutputStream:75 - [STDERR_REDIRECT] 
2025-12-11 19:19:16,306 [ERROR] LogOutputStream:75 - [STDERR_REDIRECT] [Fatal Error] :1:1: Premature end of file.
2025-12-11 19:19:16,306 [ERROR] LogOutputStream:75 - [STDERR_REDIRECT] 
2025-12-11 19:19:16,347 [ERROR] LogOutputStream:75 - [STDERR_REDIRECT] [Fatal Error] :1:1: Premature end of file.
2025-12-11 19:19:16,347 [ERROR] LogOutputStream:75 - [STDERR_REDIRECT] 
2025-12-11 19:19:16,389 [ERROR] LogOutputStream:75 - [STDERR_REDIRECT] [Fatal Error] :1:1: Premature end of file.
2025-12-11 19:19:16,389 [ERROR] LogOutputStream:75 - [STDERR_REDIRECT] 
2025-12-11 19:19:16,428 [ERROR] LogOutputStream:75 - [STDERR_REDIRECT] [Fatal Error] :1:1: Premature end of file.
2025-12-11 19:19:16,428 [ERROR] LogOutputStream:75 - [STDERR_REDIRECT] 
2025-12-11 19:19:16,469 [ERROR] LogOutputStream:75 - [STDERR_REDIRECT] [Fatal Error] :1:1: Premature end of file.
2025-12-11 19:19:16,469 [ERROR] LogOutputStream:75 - [STDERR_REDIRECT] 
2025-12-11 19:19:16,514 [ERROR] LogOutputStream:75 - [STDERR_REDIRECT] [Fatal Error] :1:1: Premature end of file.
2025-12-11 19:19:16,514 [ERROR] LogOutputStream:75 - [STDERR_REDIRECT] 
2025-12-11 19:19:16,559 [ERROR] LogOutputStream:75 - [STDERR_REDIRECT] [Fatal Error] :1:1: Premature end of file.
2025-12-11 19:19:16,559 [ERROR] LogOutputStream:75 - [STDERR_REDIRECT] 
2025-12-11 19:19:16,599 [ERROR] LogOutputStream:75 - [STDERR_REDIRECT] [Fatal Error] :1:1: Premature end of file.
2025-12-11 19:19:16,599 [ERROR] LogOutputStream:75 - [STDERR_REDIRECT] 
2025-12-11 19:19:16,643 [ERROR] LogOutputStream:75 - [STDERR_REDIRECT] [Fatal Error] :1:1: Premature end of file.
2025-12-11 19:19:16,643 [ERROR] LogOutputStream:75 - [STDERR_REDIRECT] 
2025-12-11 19:19:16,682 [ERROR] LogOutputStream:75 - [STDERR_REDIRECT] [Fatal Error] :1:1: Premature end of file.
2025-12-11 19:19:16,682 [ERROR] LogOutputStream:75 - [STDERR_REDIRECT] 
2025-12-11 19:19:16,725 [ERROR] LogOutputStream:75 - [STDERR_REDIRECT] [Fatal Error] :1:1: Premature end of file.
2025-12-11 19:19:16,725 [ERROR] LogOutputStream:75 - [STDERR_REDIRECT] 
2025-12-11 19:19:16,770 [ERROR] LogOutputStream:75 - [STDERR_REDIRECT] [Fatal Error] :1:1: Premature end of file.
2025-12-11 19:19:16,770 [ERROR] LogOutputStream:75 - [STDERR_REDIRECT] 
2025-12-11 19:19:16,813 [ERROR] LogOutputStream:75 - [STDERR_REDIRECT] [Fatal Error] :1:1: Premature end of file.
2025-12-11 19:19:16,813 [ERROR] LogOutputStream:75 - [STDERR_REDIRECT] 
2025-12-11 19:19:16,856 [ERROR] LogOutputStream:75 - [STDERR_REDIRECT] [Fatal Error] :1:1: Premature end of file.
2025-12-11 19:19:16,856 [ERROR] LogOutputStream:75 - [STDERR_REDIRECT] 
2025-12-11 19:19:16,898 [ERROR] LogOutputStream:75 - [STDERR_REDIRECT] [Fatal Error] :1:1: Premature end of file.
2025-12-11 19:19:16,898 [ERROR] LogOutputStream:75 - [STDERR_REDIRECT] 
2025-12-11 19:19:16,940 [ERROR] LogOutputStream:75 - [STDERR_REDIRECT] [Fatal Error] :1:1: Premature end of file.
2025-12-11 19:19:16,940 [ERROR] LogOutputStream:75 - [STDERR_REDIRECT] 
2025-12-11 19:19:16,979 [ERROR] LogOutputStream:75 - [STDERR_REDIRECT] [Fatal Error] :1:1: Premature end of file.
2025-12-11 19:19:16,979 [ERROR] LogOutputStream:75 - [STDERR_REDIRECT] 
2025-12-11 19:19:17,020 [ERROR] LogOutputStream:75 - [STDERR_REDIRECT] [Fatal Error] :1:1: Premature end of file.
2025-12-11 19:19:17,020 [ERROR] LogOutputStream:75 - [STDERR_REDIRECT] 
2025-12-11 19:19:17,067 [ERROR] LogOutputStream:75 - [STDERR_REDIRECT] [Fatal Error] :1:1: Premature end of file.
2025-12-11 19:19:17,067 [ERROR] LogOutputStream:75 - [STDERR_REDIRECT] 
2025-12-11 19:19:17,107 [ERROR] LogOutputStream:75 - [STDERR_REDIRECT] [Fatal Error] :1:1: Premature end of file.
2025-12-11 19:19:17,107 [ERROR] LogOutputStream:75 - [STDERR_REDIRECT] 
2025-12-11 19:19:17,149 [ERROR] LogOutputStream:75 - [STDERR_REDIRECT] [Fatal Error] :1:1: Premature end of file.
2025-12-11 19:19:17,149 [ERROR] LogOutputStream:75 - [STDERR_REDIRECT] 
2025-12-11 19:19:17,190 [ERROR] LogOutputStream:75 - [STDERR_REDIRECT] [Fatal Error] :1:1: Premature end of file.
2025-12-11 19:19:17,190 [ERROR] LogOutputStream:75 - [STDERR_REDIRECT] 
2025-12-11 19:19:17,236 [ERROR] LogOutputStream:75 - [STDERR_REDIRECT] [Fatal Error] :1:1: Premature end of file.
2025-12-11 19:19:17,236 [ERROR] LogOutputStream:75 - [STDERR_REDIRECT] 
2025-12-11 19:19:17,280 [ERROR] LogOutputStream:75 - [STDERR_REDIRECT] [Fatal Error] :1:1: Premature end of file.
2025-12-11 19:19:17,280 [ERROR] LogOutputStream:75 - [STDERR_REDIRECT] 
2025-12-11 19:19:17,321 [ERROR] LogOutputStream:75 - [STDERR_REDIRECT] [Fatal Error] :1:1: Premature end of file.
2025-12-11 19:19:17,321 [ERROR] LogOutputStream:75 - [STDERR_REDIRECT] 
2025-12-11 19:19:17,361 [ERROR] LogOutputStream:75 - [STDERR_REDIRECT] [Fatal Error] :1:1: Premature end of file.
2025-12-11 19:19:17,361 [ERROR] LogOutputStream:75 - [STDERR_REDIRECT] 
2025-12-11 19:19:17,404 [ERROR] LogOutputStream:75 - [STDERR_REDIRECT] [Fatal Error] :1:1: Premature end of file.
2025-12-11 19:19:17,404 [ERROR] LogOutputStream:75 - [STDERR_REDIRECT] 
2025-12-11 19:19:17,449 [ERROR] LogOutputStream:75 - [STDERR_REDIRECT] [Fatal Error] :1:1: Premature end of file.
2025-12-11 19:19:17,449 [ERROR] LogOutputStream:75 - [STDERR_REDIRECT] 
2025-12-11 19:19:17,489 [ERROR] LogOutputStream:75 - [STDERR_REDIRECT] [Fatal Error] :1:1: Premature end of file.
2025-12-11 19:19:17,489 [ERROR] LogOutputStream:75 - [STDERR_REDIRECT] 
2025-12-11 19:19:17,531 [ERROR] LogOutputStream:75 - [STDERR_REDIRECT] [Fatal Error] :1:1: Premature end of file.
2025-12-11 19:19:17,531 [ERROR] LogOutputStream:75 - [STDERR_REDIRECT] 
2025-12-11 19:19:17,573 [ERROR] LogOutputStream:75 - [STDERR_REDIRECT] [Fatal Error] :1:1: Premature end of file.
2025-12-11 19:19:17,573 [ERROR] LogOutputStream:75 - [STDERR_REDIRECT] 
2025-12-11 19:19:17,616 [ERROR] LogOutputStream:75 - [STDERR_REDIRECT] [Fatal Error] :1:1: Premature end of file.
2025-12-11 19:19:17,616 [ERROR] LogOutputStream:75 - [STDERR_REDIRECT] 
2025-12-11 19:19:17,660 [ERROR] LogOutputStream:75 - [STDERR_REDIRECT] [Fatal Error] :1:1: Premature end of file.
2025-12-11 19:19:17,660 [ERROR] LogOutputStream:75 - [STDERR_REDIRECT] 
2025-12-11 19:19:17,701 [ERROR] LogOutputStream:75 - [STDERR_REDIRECT] [Fatal Error] :1:1: Premature end of file.
2025-12-11 19:19:17,701 [ERROR] LogOutputStream:75 - [STDERR_REDIRECT] 
2025-12-11 19:19:17,744 [ERROR] LogOutputStream:75 - [STDERR_REDIRECT] [Fatal Error] :1:1: Premature end of file.
2025-12-11 19:19:17,744 [ERROR] LogOutputStream:75 - [STDERR_REDIRECT] 
2025-12-11 19:19:17,782 [ERROR] LogOutputStream:75 - [STDERR_REDIRECT] [Fatal Error] :1:1: Premature end of file.
2025-12-11 19:19:17,782 [ERROR] LogOutputStream:75 - [STDERR_REDIRECT] 
2025-12-11 19:19:17,824 [ERROR] LogOutputStream:75 - [STDERR_REDIRECT] [Fatal Error] :1:1: Premature end of file.
2025-12-11 19:19:17,824 [ERROR] LogOutputStream:75 - [STDERR_REDIRECT] 
2025-12-11 19:19:17,868 [ERROR] LogOutputStream:75 - [STDERR_REDIRECT] [Fatal Error] :1:1: Premature end of file.
2025-12-11 19:19:17,868 [ERROR] LogOutputStream:75 - [STDERR_REDIRECT] 
2025-12-11 19:19:17,912 [ERROR] LogOutputStream:75 - [STDERR_REDIRECT] [Fatal Error] :1:1: Premature end of file.
2025-12-11 19:19:17,912 [ERROR] LogOutputStream:75 - [STDERR_REDIRECT] 
2025-12-11 19:19:17,962 [ERROR] LogOutputStream:75 - [STDERR_REDIRECT] [Fatal Error] :1:1: Premature end of file.
2025-12-11 19:19:17,962 [ERROR] LogOutputStream:75 - [STDERR_REDIRECT] 
2025-12-11 19:19:18,003 [ERROR] LogOutputStream:75 - [STDERR_REDIRECT] [Fatal Error] :1:1: Premature end of file.
2025-12-11 19:19:18,003 [ERROR] LogOutputStream:75 - [STDERR_REDIRECT] 
2025-12-11 19:19:18,045 [ERROR] LogOutputStream:75 - [STDERR_REDIRECT] [Fatal Error] :1:1: Premature end of file.
2025-12-11 19:19:18,045 [ERROR] LogOutputStream:75 - [STDERR_REDIRECT] 
2025-12-11 19:19:18,085 [ERROR] LogOutputStream:75 - [STDERR_REDIRECT] [Fatal Error] :1:1: Premature end of file.
2025-12-11 19:19:18,085 [ERROR] LogOutputStream:75 - [STDERR_REDIRECT] 
2025-12-11 19:19:18,126 [ERROR] LogOutputStream:75 - [STDERR_REDIRECT] [Fatal Error] :1:1: Premature end of file.
2025-12-11 19:19:18,126 [ERROR] LogOutputStream:75 - [STDERR_REDIRECT] 
2025-12-11 19:19:18,172 [ERROR] LogOutputStream:75 - [STDERR_REDIRECT] [Fatal Error] :1:1: Premature end of file.
2025-12-11 19:19:18,172 [ERROR] LogOutputStream:75 - [STDERR_REDIRECT] 
2025-12-11 19:19:18,207 [ERROR] LogOutputStream:75 - [STDERR_REDIRECT] [Fatal Error] :1:1: Premature end of file.
2025-12-11 19:19:18,207 [ERROR] LogOutputStream:75 - [STDERR_REDIRECT] 
2025-12-11 19:19:18,256 [ERROR] LogOutputStream:75 - [STDERR_REDIRECT] [Fatal Error] :1:1: Premature end of file.
2025-12-11 19:19:18,256 [ERROR] LogOutputStream:75 - [STDERR_REDIRECT] 
2025-12-11 19:19:18,297 [ERROR] LogOutputStream:75 - [STDERR_REDIRECT] [Fatal Error] :1:1: Premature end of file.
2025-12-11 19:19:18,297 [ERROR] LogOutputStream:75 - [STDERR_REDIRECT] 
2025-12-11 19:19:18,339 [ERROR] LogOutputStream:75 - [STDERR_REDIRECT] [Fatal Error] :1:1: Premature end of file.
2025-12-11 19:19:18,339 [ERROR] LogOutputStream:75 - [STDERR_REDIRECT] 
2025-12-11 19:19:18,380 [ERROR] LogOutputStream:75 - [STDERR_REDIRECT] [Fatal Error] :1:1: Premature end of file.
2025-12-11 19:19:18,380 [ERROR] LogOutputStream:75 - [STDERR_REDIRECT] 
2025-12-11 19:19:18,420 [ERROR] LogOutputStream:75 - [STDERR_REDIRECT] [Fatal Error] :1:1: Premature end of file.
2025-12-11 19:19:18,420 [ERROR] LogOutputStream:75 - [STDERR_REDIRECT] 
2025-12-11 19:19:18,461 [ERROR] LogOutputStream:75 - [STDERR_REDIRECT] [Fatal Error] :1:1: Premature end of file.
2025-12-11 19:19:18,461 [ERROR] LogOutputStream:75 - [STDERR_REDIRECT] 
2025-12-11 19:19:18,511 [ERROR] LogOutputStream:75 - [STDERR_REDIRECT] [Fatal Error] :1:1: Premature end of file.
2025-12-11 19:19:18,511 [ERROR] LogOutputStream:75 - [STDERR_REDIRECT] 
2025-12-11 19:19:18,551 [ERROR] LogOutputStream:75 - [STDERR_REDIRECT] [Fatal Error] :1:1: Premature end of file.
2025-12-11 19:19:18,551 [ERROR] LogOutputStream:75 - [STDERR_REDIRECT] 
2025-12-11 19:19:18,593 [ERROR] LogOutputStream:75 - [STDERR_REDIRECT] [Fatal Error] :1:1: Premature end of file.
2025-12-11 19:19:18,593 [ERROR] LogOutputStream:75 - [STDERR_REDIRECT] 
2025-12-11 19:19:18,634 [ERROR] LogOutputStream:75 - [STDERR_REDIRECT] [Fatal Error] :1:1: Premature end of file.
2025-12-11 19:19:18,634 [ERROR] LogOutputStream:75 - [STDERR_REDIRECT] 
2025-12-11 19:19:18,677 [ERROR] LogOutputStream:75 - [STDERR_REDIRECT] [Fatal Error] :1:1: Premature end of file.
2025-12-11 19:19:18,677 [ERROR] LogOutputStream:75 - [STDERR_REDIRECT] 
2025-12-11 19:19:18,723 [ERROR] LogOutputStream:75 - [STDERR_REDIRECT] [Fatal Error] :1:1: Premature end of file.
2025-12-11 19:19:18,723 [ERROR] LogOutputStream:75 - [STDERR_REDIRECT] 
2025-12-11 19:19:18,763 [ERROR] LogOutputStream:75 - [STDERR_REDIRECT] [Fatal Error] :1:1: Premature end of file.
2025-12-11 19:19:18,763 [ERROR] LogOutputStream:75 - [STDERR_REDIRECT] 
2025-12-11 19:19:18,804 [ERROR] LogOutputStream:75 - [STDERR_REDIRECT] [Fatal Error] :1:1: Premature end of file.
2025-12-11 19:19:18,804 [ERROR] LogOutputStream:75 - [STDERR_REDIRECT] 
2025-12-11 19:19:18,845 [ERROR] LogOutputStream:75 - [STDERR_REDIRECT] [Fatal Error] :1:1: Premature end of file.
2025-12-11 19:19:18,845 [ERROR] LogOutputStream:75 - [STDERR_REDIRECT] 
2025-12-11 19:19:18,892 [ERROR] LogOutputStream:75 - [STDERR_REDIRECT] [Fatal Error] :1:1: Premature end of file.
2025-12-11 19:19:18,892 [ERROR] LogOutputStream:75 - [STDERR_REDIRECT] 
2025-12-11 19:19:18,927 [ERROR] LogOutputStream:75 - [STDERR_REDIRECT] [Fatal Error] :1:1: Premature end of file.
2025-12-11 19:19:18,927 [ERROR] LogOutputStream:75 - [STDERR_REDIRECT] 
2025-12-11 19:19:18,977 [ERROR] LogOutputStream:75 - [STDERR_REDIRECT] [Fatal Error] :1:1: Premature end of file.
2025-12-11 19:19:18,977 [ERROR] LogOutputStream:75 - [STDERR_REDIRECT] 
2025-12-11 19:19:19,015 [ERROR] LogOutputStream:75 - [STDERR_REDIRECT] [Fatal Error] :1:1: Premature end of file.
2025-12-11 19:19:19,019 [ERROR] LogOutputStream:75 - [STDERR_REDIRECT] 
2025-12-11 19:19:19,060 [ERROR] LogOutputStream:75 - [STDERR_REDIRECT] [Fatal Error] :1:1: Premature end of file.
2025-12-11 19:19:19,060 [ERROR] LogOutputStream:75 - [STDERR_REDIRECT] 
2025-12-11 19:19:19,101 [ERROR] LogOutputStream:75 - [STDERR_REDIRECT] [Fatal Error] :1:1: Premature end of file.
2025-12-11 19:19:19,101 [ERROR] LogOutputStream:75 - [STDERR_REDIRECT] 
2025-12-11 19:19:19,141 [ERROR] LogOutputStream:75 - [STDERR_REDIRECT] [Fatal Error] :1:1: Premature end of file.
2025-12-11 19:19:19,141 [ERROR] LogOutputStream:75 - [STDERR_REDIRECT] 
2025-12-11 19:19:19,187 [ERROR] LogOutputStream:75 - [STDERR_REDIRECT] [Fatal Error] :1:1: Premature end of file.
2025-12-11 19:19:19,187 [ERROR] LogOutputStream:75 - [STDERR_REDIRECT] 
2025-12-11 19:19:19,232 [ERROR] LogOutputStream:75 - [STDERR_REDIRECT] [Fatal Error] :1:1: Premature end of file.
2025-12-11 19:19:19,232 [ERROR] LogOutputStream:75 - [STDERR_REDIRECT] 
2025-12-11 19:19:19,273 [ERROR] LogOutputStream:75 - [STDERR_REDIRECT] [Fatal Error] :1:1: Premature end of file.
2025-12-11 19:19:19,273 [ERROR] LogOutputStream:75 - [STDERR_REDIRECT] 
2025-12-11 19:19:19,314 [ERROR] LogOutputStream:75 - [STDERR_REDIRECT] [Fatal Error] :1:1: Premature end of file.
2025-12-11 19:19:19,314 [ERROR] LogOutputStream:75 - [STDERR_REDIRECT] 
2025-12-11 19:19:19,431 [ERROR] LogOutputStream:75 - [STDERR_REDIRECT] [Fatal Error] :1:1: Premature end of file.
2025-12-11 19:19:19,431 [ERROR] LogOutputStream:75 - [STDERR_REDIRECT] 
2025-12-11 19:19:19,471 [ERROR] LogOutputStream:75 - [STDERR_REDIRECT] [Fatal Error] :1:1: Premature end of file.
2025-12-11 19:19:19,471 [ERROR] LogOutputStream:75 - [STDERR_REDIRECT] 
2025-12-11 19:19:19,515 [ERROR] LogOutputStream:75 - [STDERR_REDIRECT] [Fatal Error] :1:1: Premature end of file.
2025-12-11 19:19:19,515 [ERROR] LogOutputStream:75 - [STDERR_REDIRECT] 
2025-12-11 19:19:19,558 [ERROR] LogOutputStream:75 - [STDERR_REDIRECT] [Fatal Error] :1:1: Premature end of file.
2025-12-11 19:19:19,616 [ERROR] LogOutputStream:75 - [STDERR_REDIRECT] 
2025-12-11 19:19:19,662 [ERROR] LogOutputStream:75 - [STDERR_REDIRECT] [Fatal Error] :1:1: Premature end of file.
2025-12-11 19:19:19,662 [ERROR] LogOutputStream:75 - [STDERR_REDIRECT] 
2025-12-11 19:19:19,702 [ERROR] LogOutputStream:75 - [STDERR_REDIRECT] [Fatal Error] :1:1: Premature end of file.
2025-12-11 19:19:19,702 [ERROR] LogOutputStream:75 - [STDERR_REDIRECT] 
2025-12-11 19:19:19,743 [ERROR] LogOutputStream:75 - [STDERR_REDIRECT] [Fatal Error] :1:1: Premature end of file.
2025-12-11 19:19:19,743 [ERROR] LogOutputStream:75 - [STDERR_REDIRECT] 
2025-12-11 19:19:19,787 [ERROR] LogOutputStream:75 - [STDERR_REDIRECT] [Fatal Error] :1:1: Premature end of file.
2025-12-11 19:19:19,787 [ERROR] LogOutputStream:75 - [STDERR_REDIRECT] 
2025-12-11 19:19:19,833 [ERROR] LogOutputStream:75 - [STDERR_REDIRECT] [Fatal Error] :1:1: Premature end of file.
2025-12-11 19:19:19,833 [ERROR] LogOutputStream:75 - [STDERR_REDIRECT] 
2025-12-11 19:19:19,876 [ERROR] LogOutputStream:75 - [STDERR_REDIRECT] [Fatal Error] :1:1: Premature end of file.
2025-12-11 19:19:19,876 [ERROR] LogOutputStream:75 - [STDERR_REDIRECT] 
2025-12-11 19:19:19,918 [ERROR] LogOutputStream:75 - [STDERR_REDIRECT] [Fatal Error] :1:1: Premature end of file.
2025-12-11 19:19:19,918 [ERROR] LogOutputStream:75 - [STDERR_REDIRECT] 
2025-12-11 19:19:19,957 [ERROR] LogOutputStream:75 - [STDERR_REDIRECT] [Fatal Error] :1:1: Premature end of file.
2025-12-11 19:19:19,957 [ERROR] LogOutputStream:75 - [STDERR_REDIRECT] 
2025-12-11 19:19:19,998 [ERROR] LogOutputStream:75 - [STDERR_REDIRECT] [Fatal Error] :1:1: Premature end of file.
2025-12-11 19:19:19,998 [ERROR] LogOutputStream:75 - [STDERR_REDIRECT] 
2025-12-11 19:19:20,045 [ERROR] LogOutputStream:75 - [STDERR_REDIRECT] [Fatal Error] :1:1: Premature end of file.
2025-12-11 19:19:20,045 [ERROR] LogOutputStream:75 - [STDERR_REDIRECT] 
2025-12-11 19:19:20,085 [ERROR] LogOutputStream:75 - [STDERR_REDIRECT] [Fatal Error] :1:1: Premature end of file.
2025-12-11 19:19:20,085 [ERROR] LogOutputStream:75 - [STDERR_REDIRECT] 
2025-12-11 19:19:20,126 [ERROR] LogOutputStream:75 - [STDERR_REDIRECT] [Fatal Error] :1:1: Premature end of file.
2025-12-11 19:19:20,126 [ERROR] LogOutputStream:75 - [STDERR_REDIRECT] 
2025-12-11 19:19:20,167 [ERROR] LogOutputStream:75 - [STDERR_REDIRECT] [Fatal Error] :1:1: Premature end of file.
2025-12-11 19:19:20,167 [ERROR] LogOutputStream:75 - [STDERR_REDIRECT] 
2025-12-11 19:19:20,211 [ERROR] LogOutputStream:75 - [STDERR_REDIRECT] [Fatal Error] :1:1: Premature end of file.
2025-12-11 19:19:20,211 [ERROR] LogOutputStream:75 - [STDERR_REDIRECT] 
2025-12-11 19:19:20,258 [ERROR] LogOutputStream:75 - [STDERR_REDIRECT] [Fatal Error] :1:1: Premature end of file.
2025-12-11 19:19:20,258 [ERROR] LogOutputStream:75 - [STDERR_REDIRECT] 
2025-12-11 19:19:20,299 [ERROR] LogOutputStream:75 - [STDERR_REDIRECT] [Fatal Error] :1:1: Premature end of file.
2025-12-11 19:19:20,299 [ERROR] LogOutputStream:75 - [STDERR_REDIRECT] 
2025-12-11 19:19:20,339 [ERROR] LogOutputStream:75 - [STDERR_REDIRECT] [Fatal Error] :1:1: Premature end of file.
2025-12-11 19:19:20,339 [ERROR] LogOutputStream:75 - [STDERR_REDIRECT] 
2025-12-11 19:19:20,380 [ERROR] LogOutputStream:75 - [STDERR_REDIRECT] [Fatal Error] :1:1: Premature end of file.
2025-12-11 19:19:20,380 [ERROR] LogOutputStream:75 - [STDERR_REDIRECT] 
2025-12-11 19:19:20,424 [ERROR] LogOutputStream:75 - [STDERR_REDIRECT] [Fatal Error] :1:1: Premature end of file.
2025-12-11 19:19:20,424 [ERROR] LogOutputStream:75 - [STDERR_REDIRECT] 
2025-12-11 19:19:20,461 [ERROR] LogOutputStream:75 - [STDERR_REDIRECT] [Fatal Error] :1:1: Premature end of file.
2025-12-11 19:19:20,461 [ERROR] LogOutputStream:75 - [STDERR_REDIRECT] 
2025-12-11 19:19:20,508 [ERROR] LogOutputStream:75 - [STDERR_REDIRECT] [Fatal Error] :1:1: Premature end of file.
2025-12-11 19:19:20,508 [ERROR] LogOutputStream:75 - [STDERR_REDIRECT] 
2025-12-11 19:19:20,544 [ERROR] LogOutputStream:75 - [STDERR_REDIRECT] [Fatal Error] :1:1: Premature end of file.
2025-12-11 19:19:20,544 [ERROR] LogOutputStream:75 - [STDERR_REDIRECT] 
2025-12-11 19:19:20,590 [ERROR] LogOutputStream:75 - [STDERR_REDIRECT] [Fatal Error] :1:1: Premature end of file.
2025-12-11 19:19:20,593 [ERROR] LogOutputStream:75 - [STDERR_REDIRECT] 
2025-12-11 19:19:20,634 [ERROR] LogOutputStream:75 - [STDERR_REDIRECT] [Fatal Error] :1:1: Premature end of file.
2025-12-11 19:19:20,634 [ERROR] LogOutputStream:75 - [STDERR_REDIRECT] 
2025-12-11 19:19:20,675 [ERROR] LogOutputStream:75 - [STDERR_REDIRECT] [Fatal Error] :1:1: Premature end of file.
2025-12-11 19:19:20,675 [ERROR] LogOutputStream:75 - [STDERR_REDIRECT] 
2025-12-11 19:19:20,717 [ERROR] LogOutputStream:75 - [STDERR_REDIRECT] [Fatal Error] :1:1: Premature end of file.
2025-12-11 19:19:20,717 [ERROR] LogOutputStream:75 - [STDERR_REDIRECT] 
2025-12-11 19:19:20,758 [ERROR] LogOutputStream:75 - [STDERR_REDIRECT] [Fatal Error] :1:1: Premature end of file.
2025-12-11 19:19:20,758 [ERROR] LogOutputStream:75 - [STDERR_REDIRECT] 
2025-12-11 19:19:20,799 [ERROR] LogOutputStream:75 - [STDERR_REDIRECT] [Fatal Error] :1:1: Premature end of file.
2025-12-11 19:19:20,799 [ERROR] LogOutputStream:75 - [STDERR_REDIRECT] 
2025-12-11 19:19:20,840 [ERROR] LogOutputStream:75 - [STDERR_REDIRECT] [Fatal Error] :1:1: Premature end of file.
2025-12-11 19:19:20,840 [ERROR] LogOutputStream:75 - [STDERR_REDIRECT] 
2025-12-11 19:19:20,883 [ERROR] LogOutputStream:75 - [STDERR_REDIRECT] [Fatal Error] :1:1: Premature end of file.
2025-12-11 19:19:20,883 [ERROR] LogOutputStream:75 - [STDERR_REDIRECT] 
2025-12-11 19:19:20,922 [ERROR] LogOutputStream:75 - [STDERR_REDIRECT] [Fatal Error] :1:1: Premature end of file.
2025-12-11 19:19:20,922 [ERROR] LogOutputStream:75 - [STDERR_REDIRECT] 
2025-12-11 19:19:20,971 [ERROR] LogOutputStream:75 - [STDERR_REDIRECT] [Fatal Error] :1:1: Premature end of file.
2025-12-11 19:19:20,971 [ERROR] LogOutputStream:75 - [STDERR_REDIRECT] 
2025-12-11 19:19:21,012 [ERROR] LogOutputStream:75 - [STDERR_REDIRECT] [Fatal Error] :1:1: Premature end of file.
2025-12-11 19:19:21,012 [ERROR] LogOutputStream:75 - [STDERR_REDIRECT] 
2025-12-11 19:19:21,053 [ERROR] LogOutputStream:75 - [STDERR_REDIRECT] [Fatal Error] :1:1: Premature end of file.
2025-12-11 19:19:21,053 [ERROR] LogOutputStream:75 - [STDERR_REDIRECT] 
2025-12-11 19:19:21,094 [ERROR] LogOutputStream:75 - [STDERR_REDIRECT] [Fatal Error] :1:1: Premature end of file.
2025-12-11 19:19:21,094 [ERROR] LogOutputStream:75 - [STDERR_REDIRECT] 
2025-12-11 19:19:21,136 [ERROR] LogOutputStream:75 - [STDERR_REDIRECT] [Fatal Error] :1:1: Premature end of file.
2025-12-11 19:19:21,136 [ERROR] LogOutputStream:75 - [STDERR_REDIRECT] 
2025-12-11 19:19:21,174 [ERROR] LogOutputStream:75 - [STDERR_REDIRECT] [Fatal Error] :1:1: Premature end of file.
2025-12-11 19:19:21,174 [ERROR] LogOutputStream:75 - [STDERR_REDIRECT] 
2025-12-11 19:19:21,215 [ERROR] LogOutputStream:75 - [STDERR_REDIRECT] [Fatal Error] :1:1: Premature end of file.
2025-12-11 19:19:21,215 [ERROR] LogOutputStream:75 - [STDERR_REDIRECT] 
2025-12-11 19:19:21,260 [ERROR] LogOutputStream:75 - [STDERR_REDIRECT] [Fatal Error] :1:1: Premature end of file.
2025-12-11 19:19:21,260 [ERROR] LogOutputStream:75 - [STDERR_REDIRECT] 
2025-12-11 19:19:21,300 [ERROR] LogOutputStream:75 - [STDERR_REDIRECT] [Fatal Error] :1:1: Premature end of file.
2025-12-11 19:19:21,300 [ERROR] LogOutputStream:75 - [STDERR_REDIRECT] 
2025-12-11 19:19:21,345 [ERROR] LogOutputStream:75 - [STDERR_REDIRECT] [Fatal Error] :1:1: Premature end of file.
2025-12-11 19:19:21,345 [ERROR] LogOutputStream:75 - [STDERR_REDIRECT] 
2025-12-11 19:19:21,386 [ERROR] LogOutputStream:75 - [STDERR_REDIRECT] [Fatal Error] :1:1: Premature end of file.
2025-12-11 19:19:21,386 [ERROR] LogOutputStream:75 - [STDERR_REDIRECT] 
2025-12-11 19:19:21,428 [ERROR] LogOutputStream:75 - [STDERR_REDIRECT] [Fatal Error] :1:1: Premature end of file.
2025-12-11 19:19:21,428 [ERROR] LogOutputStream:75 - [STDERR_REDIRECT] 
2025-12-11 19:19:21,472 [ERROR] LogOutputStream:75 - [STDERR_REDIRECT] [Fatal Error] :1:1: Premature end of file.
2025-12-11 19:19:21,472 [ERROR] LogOutputStream:75 - [STDERR_REDIRECT] 
2025-12-11 19:19:21,513 [ERROR] LogOutputStream:75 - [STDERR_REDIRECT] [Fatal Error] :1:1: Premature end of file.
2025-12-11 19:19:21,513 [ERROR] LogOutputStream:75 - [STDERR_REDIRECT] 
2025-12-11 19:19:21,555 [ERROR] LogOutputStream:75 - [STDERR_REDIRECT] [Fatal Error] :1:1: Premature end of file.
2025-12-11 19:19:21,555 [ERROR] LogOutputStream:75 - [STDERR_REDIRECT] 
2025-12-11 19:19:21,666 [ERROR] LogOutputStream:75 - [STDERR_REDIRECT] [Fatal Error] :1:1: Premature end of file.
2025-12-11 19:19:21,666 [ERROR] LogOutputStream:75 - [STDERR_REDIRECT] 
2025-12-11 19:19:21,707 [ERROR] LogOutputStream:75 - [STDERR_REDIRECT] [Fatal Error] :1:1: Premature end of file.
2025-12-11 19:19:21,707 [ERROR] LogOutputStream:75 - [STDERR_REDIRECT] 
2025-12-11 19:19:21,749 [ERROR] LogOutputStream:75 - [STDERR_REDIRECT] [Fatal Error] :1:1: Premature end of file.
2025-12-11 19:19:21,749 [ERROR] LogOutputStream:75 - [STDERR_REDIRECT] 
2025-12-11 19:19:21,791 [ERROR] LogOutputStream:75 - [STDERR_REDIRECT] [Fatal Error] :1:1: Premature end of file.
2025-12-11 19:19:21,791 [ERROR] LogOutputStream:75 - [STDERR_REDIRECT] 
2025-12-11 19:19:21,833 [ERROR] LogOutputStream:75 - [STDERR_REDIRECT] [Fatal Error] :1:1: Premature end of file.
2025-12-11 19:19:21,833 [ERROR] LogOutputStream:75 - [STDERR_REDIRECT] 
2025-12-11 19:19:21,877 [ERROR] LogOutputStream:75 - [STDERR_REDIRECT] [Fatal Error] :1:1: Premature end of file.
2025-12-11 19:19:21,877 [ERROR] LogOutputStream:75 - [STDERR_REDIRECT] 
2025-12-11 19:19:21,912 [ERROR] LogOutputStream:75 - [STDERR_REDIRECT] [Fatal Error] :1:1: Premature end of file.
2025-12-11 19:19:21,912 [ERROR] LogOutputStream:75 - [STDERR_REDIRECT] 
2025-12-11 19:19:21,961 [ERROR] LogOutputStream:75 - [STDERR_REDIRECT] [Fatal Error] :1:1: Premature end of file.
2025-12-11 19:19:21,961 [ERROR] LogOutputStream:75 - [STDERR_REDIRECT] 
2025-12-11 19:19:22,003 [ERROR] LogOutputStream:75 - [STDERR_REDIRECT] [Fatal Error] :1:1: Premature end of file.
2025-12-11 19:19:22,003 [ERROR] LogOutputStream:75 - [STDERR_REDIRECT] 
2025-12-11 19:19:22,043 [ERROR] LogOutputStream:75 - [STDERR_REDIRECT] [Fatal Error] :1:1: Premature end of file.
2025-12-11 19:19:22,043 [ERROR] LogOutputStream:75 - [STDERR_REDIRECT] 
2025-12-11 19:19:22,084 [ERROR] LogOutputStream:75 - [STDERR_REDIRECT] [Fatal Error] :1:1: Premature end of file.
2025-12-11 19:19:22,084 [ERROR] LogOutputStream:75 - [STDERR_REDIRECT] 
2025-12-11 19:19:22,125 [ERROR] LogOutputStream:75 - [STDERR_REDIRECT] [Fatal Error] :1:1: Premature end of file.
2025-12-11 19:19:22,125 [ERROR] LogOutputStream:75 - [STDERR_REDIRECT] 
2025-12-11 19:19:22,168 [ERROR] LogOutputStream:75 - [STDERR_REDIRECT] [Fatal Error] :1:1: Premature end of file.
2025-12-11 19:19:22,168 [ERROR] LogOutputStream:75 - [STDERR_REDIRECT] 
2025-12-11 19:19:22,209 [ERROR] LogOutputStream:75 - [STDERR_REDIRECT] [Fatal Error] :1:1: Premature end of file.
2025-12-11 19:19:22,209 [ERROR] LogOutputStream:75 - [STDERR_REDIRECT] 
2025-12-11 19:19:22,256 [ERROR] LogOutputStream:75 - [STDERR_REDIRECT] [Fatal Error] :1:1: Premature end of file.
2025-12-11 19:19:22,256 [ERROR] LogOutputStream:75 - [STDERR_REDIRECT] 
2025-12-11 19:19:22,295 [ERROR] LogOutputStream:75 - [STDERR_REDIRECT] [Fatal Error] :1:1: Premature end of file.
2025-12-11 19:19:22,295 [ERROR] LogOutputStream:75 - [STDERR_REDIRECT] 
2025-12-11 19:19:22,338 [ERROR] LogOutputStream:75 - [STDERR_REDIRECT] [Fatal Error] :1:1: Premature end of file.
2025-12-11 19:19:22,338 [ERROR] LogOutputStream:75 - [STDERR_REDIRECT] 
2025-12-11 19:19:22,377 [ERROR] LogOutputStream:75 - [STDERR_REDIRECT] [Fatal Error] :1:1: Premature end of file.
2025-12-11 19:19:22,377 [ERROR] LogOutputStream:75 - [STDERR_REDIRECT] 
2025-12-11 19:19:22,426 [ERROR] LogOutputStream:75 - [STDERR_REDIRECT] [Fatal Error] :1:1: Premature end of file.
2025-12-11 19:19:22,427 [ERROR] LogOutputStream:75 - [STDERR_REDIRECT] 
2025-12-11 19:19:22,469 [ERROR] LogOutputStream:75 - [STDERR_REDIRECT] [Fatal Error] :1:1: Premature end of file.
2025-12-11 19:19:22,469 [ERROR] LogOutputStream:75 - [STDERR_REDIRECT] 
2025-12-11 19:19:22,506 [ERROR] LogOutputStream:75 - [STDERR_REDIRECT] [Fatal Error] :1:1: Premature end of file.
2025-12-11 19:19:22,506 [ERROR] LogOutputStream:75 - [STDERR_REDIRECT] 
2025-12-11 19:19:22,555 [ERROR] LogOutputStream:75 - [STDERR_REDIRECT] [Fatal Error] :1:1: Premature end of file.
2025-12-11 19:19:22,555 [ERROR] LogOutputStream:75 - [STDERR_REDIRECT] 
2025-12-11 19:19:22,597 [ERROR] LogOutputStream:75 - [STDERR_REDIRECT] [Fatal Error] :1:1: Premature end of file.
2025-12-11 19:19:22,597 [ERROR] LogOutputStream:75 - [STDERR_REDIRECT] 
2025-12-11 19:19:22,645 [ERROR] LogOutputStream:75 - [STDERR_REDIRECT] [Fatal Error] :1:1: Premature end of file.
2025-12-11 19:19:22,645 [ERROR] LogOutputStream:75 - [STDERR_REDIRECT] 
2025-12-11 19:19:22,688 [ERROR] LogOutputStream:75 - [STDERR_REDIRECT] [Fatal Error] :1:1: Premature end of file.
2025-12-11 19:19:22,688 [ERROR] LogOutputStream:75 - [STDERR_REDIRECT] 
2025-12-11 19:19:22,730 [ERROR] LogOutputStream:75 - [STDERR_REDIRECT] [Fatal Error] :1:1: Premature end of file.
2025-12-11 19:19:22,730 [ERROR] LogOutputStream:75 - [STDERR_REDIRECT] 
2025-12-11 19:19:22,772 [ERROR] LogOutputStream:75 - [STDERR_REDIRECT] [Fatal Error] :1:1: Premature end of file.
2025-12-11 19:19:22,772 [ERROR] LogOutputStream:75 - [STDERR_REDIRECT] 
2025-12-11 19:19:22,813 [ERROR] LogOutputStream:75 - [STDERR_REDIRECT] [Fatal Error] :1:1: Premature end of file.
2025-12-11 19:19:22,813 [ERROR] LogOutputStream:75 - [STDERR_REDIRECT] 
2025-12-11 19:19:22,854 [ERROR] LogOutputStream:75 - [STDERR_REDIRECT] [Fatal Error] :1:1: Premature end of file.
2025-12-11 19:19:22,854 [ERROR] LogOutputStream:75 - [STDERR_REDIRECT] 
2025-12-11 19:19:22,895 [ERROR] LogOutputStream:75 - [STDERR_REDIRECT] [Fatal Error] :1:1: Premature end of file.
2025-12-11 19:19:22,895 [ERROR] LogOutputStream:75 - [STDERR_REDIRECT] 
2025-12-11 19:19:22,936 [ERROR] LogOutputStream:75 - [STDERR_REDIRECT] [Fatal Error] :1:1: Premature end of file.
2025-12-11 19:19:22,936 [ERROR] LogOutputStream:75 - [STDERR_REDIRECT] 
2025-12-11 19:19:22,977 [ERROR] LogOutputStream:75 - [STDERR_REDIRECT] [Fatal Error] :1:1: Premature end of file.
2025-12-11 19:19:22,977 [ERROR] LogOutputStream:75 - [STDERR_REDIRECT] 
2025-12-11 19:19:23,018 [ERROR] LogOutputStream:75 - [STDERR_REDIRECT] [Fatal Error] :1:1: Premature end of file.
2025-12-11 19:19:23,018 [ERROR] LogOutputStream:75 - [STDERR_REDIRECT] 
2025-12-11 19:19:23,059 [ERROR] LogOutputStream:75 - [STDERR_REDIRECT] [Fatal Error] :1:1: Premature end of file.
2025-12-11 19:19:23,059 [ERROR] LogOutputStream:75 - [STDERR_REDIRECT] 
2025-12-11 19:19:23,100 [ERROR] LogOutputStream:75 - [STDERR_REDIRECT] [Fatal Error] :1:1: Premature end of file.
2025-12-11 19:19:23,100 [ERROR] LogOutputStream:75 - [STDERR_REDIRECT] 
2025-12-11 19:19:23,142 [ERROR] LogOutputStream:75 - [STDERR_REDIRECT] [Fatal Error] :1:1: Premature end of file.
2025-12-11 19:19:23,142 [ERROR] LogOutputStream:75 - [STDERR_REDIRECT] 
2025-12-11 19:19:23,183 [ERROR] LogOutputStream:75 - [STDERR_REDIRECT] [Fatal Error] :1:1: Premature end of file.
2025-12-11 19:19:23,183 [ERROR] LogOutputStream:75 - [STDERR_REDIRECT] 
2025-12-11 19:19:23,231 [ERROR] LogOutputStream:75 - [STDERR_REDIRECT] [Fatal Error] :1:1: Premature end of file.
2025-12-11 19:19:23,231 [ERROR] LogOutputStream:75 - [STDERR_REDIRECT] 
2025-12-11 19:19:23,275 [ERROR] LogOutputStream:75 - [STDERR_REDIRECT] [Fatal Error] :1:1: Premature end of file.
2025-12-11 19:19:23,275 [ERROR] LogOutputStream:75 - [STDERR_REDIRECT] 
2025-12-11 19:19:23,313 [ERROR] LogOutputStream:75 - [STDERR_REDIRECT] [Fatal Error] :1:1: Premature end of file.
2025-12-11 19:19:23,313 [ERROR] LogOutputStream:75 - [STDERR_REDIRECT] 
2025-12-11 19:19:23,360 [ERROR] LogOutputStream:75 - [STDERR_REDIRECT] [Fatal Error] :1:1: Premature end of file.
2025-12-11 19:19:23,360 [ERROR] LogOutputStream:75 - [STDERR_REDIRECT] 
2025-12-11 19:19:23,402 [ERROR] LogOutputStream:75 - [STDERR_REDIRECT] [Fatal Error] :1:1: Premature end of file.
2025-12-11 19:19:23,402 [ERROR] LogOutputStream:75 - [STDERR_REDIRECT] 
2025-12-11 19:19:23,445 [ERROR] LogOutputStream:75 - [STDERR_REDIRECT] [Fatal Error] :1:1: Premature end of file.
2025-12-11 19:19:23,445 [ERROR] LogOutputStream:75 - [STDERR_REDIRECT] 
2025-12-11 19:19:23,491 [ERROR] LogOutputStream:75 - [STDERR_REDIRECT] [Fatal Error] :1:1: Premature end of file.
2025-12-11 19:19:23,491 [ERROR] LogOutputStream:75 - [STDERR_REDIRECT] 
2025-12-11 19:19:23,532 [ERROR] LogOutputStream:75 - [STDERR_REDIRECT] [Fatal Error] :1:1: Premature end of file.
2025-12-11 19:19:23,532 [ERROR] LogOutputStream:75 - [STDERR_REDIRECT] 
2025-12-11 19:19:23,576 [ERROR] LogOutputStream:75 - [STDERR_REDIRECT] [Fatal Error] :1:1: Premature end of file.
2025-12-11 19:19:23,617 [ERROR] LogOutputStream:75 - [STDERR_REDIRECT] 
2025-12-11 19:19:23,666 [ERROR] LogOutputStream:75 - [STDERR_REDIRECT] [Fatal Error] :1:1: Premature end of file.
2025-12-11 19:19:23,666 [ERROR] LogOutputStream:75 - [STDERR_REDIRECT] 
2025-12-11 19:19:23,707 [ERROR] LogOutputStream:75 - [STDERR_REDIRECT] [Fatal Error] :1:1: Premature end of file.
2025-12-11 19:19:23,707 [ERROR] LogOutputStream:75 - [STDERR_REDIRECT] 
2025-12-11 19:19:23,753 [ERROR] LogOutputStream:75 - [STDERR_REDIRECT] [Fatal Error] :1:1: Premature end of file.
2025-12-11 19:19:23,753 [ERROR] LogOutputStream:75 - [STDERR_REDIRECT] 
2025-12-11 19:19:23,789 [ERROR] LogOutputStream:75 - [STDERR_REDIRECT] [Fatal Error] :1:1: Premature end of file.
2025-12-11 19:19:23,789 [ERROR] LogOutputStream:75 - [STDERR_REDIRECT] 
2025-12-11 19:19:23,838 [ERROR] LogOutputStream:75 - [STDERR_REDIRECT] [Fatal Error] :1:1: Premature end of file.
2025-12-11 19:19:23,838 [ERROR] LogOutputStream:75 - [STDERR_REDIRECT] 
2025-12-11 19:19:23,880 [ERROR] LogOutputStream:75 - [STDERR_REDIRECT] [Fatal Error] :1:1: Premature end of file.
2025-12-11 19:19:23,880 [ERROR] LogOutputStream:75 - [STDERR_REDIRECT] 
2025-12-11 19:19:23,922 [ERROR] LogOutputStream:75 - [STDERR_REDIRECT] [Fatal Error] :1:1: Premature end of file.
2025-12-11 19:19:23,922 [ERROR] LogOutputStream:75 - [STDERR_REDIRECT] 
2025-12-11 19:19:23,961 [ERROR] LogOutputStream:75 - [STDERR_REDIRECT] [Fatal Error] :1:1: Premature end of file.
2025-12-11 19:19:23,961 [ERROR] LogOutputStream:75 - [STDERR_REDIRECT] 
2025-12-11 19:19:24,010 [ERROR] LogOutputStream:75 - [STDERR_REDIRECT] [Fatal Error] :1:1: Premature end of file.
2025-12-11 19:19:24,010 [ERROR] LogOutputStream:75 - [STDERR_REDIRECT] 
2025-12-11 19:19:24,053 [ERROR] LogOutputStream:75 - [STDERR_REDIRECT] [Fatal Error] :1:1: Premature end of file.
2025-12-11 19:19:24,053 [ERROR] LogOutputStream:75 - [STDERR_REDIRECT] 
2025-12-11 19:19:24,093 [ERROR] LogOutputStream:75 - [STDERR_REDIRECT] [Fatal Error] :1:1: Premature end of file.
2025-12-11 19:19:24,093 [ERROR] LogOutputStream:75 - [STDERR_REDIRECT] 
2025-12-11 19:19:24,141 [ERROR] LogOutputStream:75 - [STDERR_REDIRECT] [Fatal Error] :1:1: Premature end of file.
2025-12-11 19:19:24,141 [ERROR] LogOutputStream:75 - [STDERR_REDIRECT] 
2025-12-11 19:19:24,182 [ERROR] LogOutputStream:75 - [STDERR_REDIRECT] [Fatal Error] :1:1: Premature end of file.
2025-12-11 19:19:24,182 [ERROR] LogOutputStream:75 - [STDERR_REDIRECT] 
2025-12-11 19:19:24,223 [ERROR] LogOutputStream:75 - [STDERR_REDIRECT] [Fatal Error] :1:1: Premature end of file.
2025-12-11 19:19:24,223 [ERROR] LogOutputStream:75 - [STDERR_REDIRECT] 
2025-12-11 19:19:24,264 [ERROR] LogOutputStream:75 - [STDERR_REDIRECT] [Fatal Error] :1:1: Premature end of file.
2025-12-11 19:19:24,264 [ERROR] LogOutputStream:75 - [STDERR_REDIRECT] 
2025-12-11 19:19:24,311 [ERROR] LogOutputStream:75 - [STDERR_REDIRECT] [Fatal Error] :1:1: Premature end of file.
2025-12-11 19:19:24,311 [ERROR] LogOutputStream:75 - [STDERR_REDIRECT] 
2025-12-11 19:19:24,352 [ERROR] LogOutputStream:75 - [STDERR_REDIRECT] [Fatal Error] :1:1: Premature end of file.
2025-12-11 19:19:24,352 [ERROR] LogOutputStream:75 - [STDERR_REDIRECT] 
2025-12-11 19:19:24,401 [ERROR] LogOutputStream:75 - [STDERR_REDIRECT] [Fatal Error] :1:1: Premature end of file.
2025-12-11 19:19:24,401 [ERROR] LogOutputStream:75 - [STDERR_REDIRECT] 
2025-12-11 19:19:24,442 [ERROR] LogOutputStream:75 - [STDERR_REDIRECT] [Fatal Error] :1:1: Premature end of file.
2025-12-11 19:19:24,442 [ERROR] LogOutputStream:75 - [STDERR_REDIRECT] 
2025-12-11 19:19:24,480 [ERROR] LogOutputStream:75 - [STDERR_REDIRECT] [Fatal Error] :1:1: Premature end of file.
2025-12-11 19:19:24,480 [ERROR] LogOutputStream:75 - [STDERR_REDIRECT] 
2025-12-11 19:19:24,529 [ERROR] LogOutputStream:75 - [STDERR_REDIRECT] [Fatal Error] :1:1: Premature end of file.
2025-12-11 19:19:24,529 [ERROR] LogOutputStream:75 - [STDERR_REDIRECT] 
2025-12-11 19:19:24,569 [ERROR] LogOutputStream:75 - [STDERR_REDIRECT] [Fatal Error] :1:1: Premature end of file.
2025-12-11 19:19:24,569 [ERROR] LogOutputStream:75 - [STDERR_REDIRECT] 
2025-12-11 19:19:24,611 [ERROR] LogOutputStream:75 - [STDERR_REDIRECT] [Fatal Error] :1:1: Premature end of file.
2025-12-11 19:19:24,611 [ERROR] LogOutputStream:75 - [STDERR_REDIRECT] 
2025-12-11 19:19:24,655 [ERROR] LogOutputStream:75 - [STDERR_REDIRECT] [Fatal Error] :1:1: Premature end of file.
2025-12-11 19:19:24,655 [ERROR] LogOutputStream:75 - [STDERR_REDIRECT] 
2025-12-11 19:19:24,693 [ERROR] LogOutputStream:75 - [STDERR_REDIRECT] [Fatal Error] :1:1: Premature end of file.
2025-12-11 19:19:24,693 [ERROR] LogOutputStream:75 - [STDERR_REDIRECT] 
2025-12-11 19:19:24,737 [ERROR] LogOutputStream:75 - [STDERR_REDIRECT] [Fatal Error] :1:1: Premature end of file.
2025-12-11 19:19:24,737 [ERROR] LogOutputStream:75 - [STDERR_REDIRECT] 
2025-12-11 19:19:24,776 [ERROR] LogOutputStream:75 - [STDERR_REDIRECT] [Fatal Error] :1:1: Premature end of file.
2025-12-11 19:19:24,776 [ERROR] LogOutputStream:75 - [STDERR_REDIRECT] 
2025-12-11 19:19:24,824 [ERROR] LogOutputStream:75 - [STDERR_REDIRECT] [Fatal Error] :1:1: Premature end of file.
2025-12-11 19:19:24,824 [ERROR] LogOutputStream:75 - [STDERR_REDIRECT] 
2025-12-11 19:19:24,867 [ERROR] LogOutputStream:75 - [STDERR_REDIRECT] [Fatal Error] :1:1: Premature end of file.
2025-12-11 19:19:24,867 [ERROR] LogOutputStream:75 - [STDERR_REDIRECT] 
2025-12-11 19:19:24,907 [ERROR] LogOutputStream:75 - [STDERR_REDIRECT] [Fatal Error] :1:1: Premature end of file.
2025-12-11 19:19:24,907 [ERROR] LogOutputStream:75 - [STDERR_REDIRECT] 
2025-12-11 19:19:24,949 [ERROR] LogOutputStream:75 - [STDERR_REDIRECT] [Fatal Error] :1:1: Premature end of file.
2025-12-11 19:19:24,949 [ERROR] LogOutputStream:75 - [STDERR_REDIRECT] 
2025-12-11 19:19:24,992 [ERROR] LogOutputStream:75 - [STDERR_REDIRECT] [Fatal Error] :1:1: Premature end of file.
2025-12-11 19:19:24,992 [ERROR] LogOutputStream:75 - [STDERR_REDIRECT] 
2025-12-11 19:19:25,030 [ERROR] LogOutputStream:75 - [STDERR_REDIRECT] [Fatal Error] :1:1: Premature end of file.
2025-12-11 19:19:25,030 [ERROR] LogOutputStream:75 - [STDERR_REDIRECT] 
2025-12-11 19:19:25,080 [ERROR] LogOutputStream:75 - [STDERR_REDIRECT] [Fatal Error] :1:1: Premature end of file.
2025-12-11 19:19:25,080 [ERROR] LogOutputStream:75 - [STDERR_REDIRECT] 
2025-12-11 19:19:25,121 [ERROR] LogOutputStream:75 - [STDERR_REDIRECT] [Fatal Error] :1:1: Premature end of file.
2025-12-11 19:19:25,121 [ERROR] LogOutputStream:75 - [STDERR_REDIRECT] 
2025-12-11 19:19:25,163 [ERROR] LogOutputStream:75 - [STDERR_REDIRECT] [Fatal Error] :1:1: Premature end of file.
2025-12-11 19:19:25,163 [ERROR] LogOutputStream:75 - [STDERR_REDIRECT] 
2025-12-11 19:19:25,203 [ERROR] LogOutputStream:75 - [STDERR_REDIRECT] [Fatal Error] :1:1: Premature end of file.
2025-12-11 19:19:25,203 [ERROR] LogOutputStream:75 - [STDERR_REDIRECT] 
2025-12-11 19:19:25,244 [ERROR] LogOutputStream:75 - [STDERR_REDIRECT] [Fatal Error] :1:1: Premature end of file.
2025-12-11 19:19:25,244 [ERROR] LogOutputStream:75 - [STDERR_REDIRECT] 
2025-12-11 19:19:25,289 [ERROR] LogOutputStream:75 - [STDERR_REDIRECT] [Fatal Error] :1:1: Premature end of file.
2025-12-11 19:19:25,289 [ERROR] LogOutputStream:75 - [STDERR_REDIRECT] 
2025-12-11 19:19:25,332 [ERROR] LogOutputStream:75 - [STDERR_REDIRECT] [Fatal Error] :1:1: Premature end of file.
2025-12-11 19:19:25,333 [ERROR] LogOutputStream:75 - [STDERR_REDIRECT] 
2025-12-11 19:19:25,373 [ERROR] LogOutputStream:75 - [STDERR_REDIRECT] [Fatal Error] :1:1: Premature end of file.
2025-12-11 19:19:25,373 [ERROR] LogOutputStream:75 - [STDERR_REDIRECT] 
2025-12-11 19:19:25,419 [ERROR] LogOutputStream:75 - [STDERR_REDIRECT] [Fatal Error] :1:1: Premature end of file.
2025-12-11 19:19:25,419 [ERROR] LogOutputStream:75 - [STDERR_REDIRECT] 
2025-12-11 19:19:25,463 [ERROR] LogOutputStream:75 - [STDERR_REDIRECT] [Fatal Error] :1:1: Premature end of file.
2025-12-11 19:19:25,463 [ERROR] LogOutputStream:75 - [STDERR_REDIRECT] 
2025-12-11 19:19:25,505 [ERROR] LogOutputStream:75 - [STDERR_REDIRECT] [Fatal Error] :1:1: Premature end of file.
2025-12-11 19:19:25,505 [ERROR] LogOutputStream:75 - [STDERR_REDIRECT] 
2025-12-11 19:19:25,546 [ERROR] LogOutputStream:75 - [STDERR_REDIRECT] [Fatal Error] :1:1: Premature end of file.
2025-12-11 19:19:25,546 [ERROR] LogOutputStream:75 - [STDERR_REDIRECT] 
2025-12-11 19:19:25,592 [ERROR] LogOutputStream:75 - [STDERR_REDIRECT] [Fatal Error] :1:1: Premature end of file.
2025-12-11 19:19:25,635 [ERROR] LogOutputStream:75 - [STDERR_REDIRECT] 
2025-12-11 19:19:25,678 [ERROR] LogOutputStream:75 - [STDERR_REDIRECT] [Fatal Error] :1:1: Premature end of file.
2025-12-11 19:19:25,678 [ERROR] LogOutputStream:75 - [STDERR_REDIRECT] 
2025-12-11 19:19:25,719 [ERROR] LogOutputStream:75 - [STDERR_REDIRECT] [Fatal Error] :1:1: Premature end of file.
2025-12-11 19:19:25,719 [ERROR] LogOutputStream:75 - [STDERR_REDIRECT] 
2025-12-11 19:19:25,761 [ERROR] LogOutputStream:75 - [STDERR_REDIRECT] [Fatal Error] :1:1: Premature end of file.
2025-12-11 19:19:25,761 [ERROR] LogOutputStream:75 - [STDERR_REDIRECT] 
2025-12-11 19:19:25,802 [ERROR] LogOutputStream:75 - [STDERR_REDIRECT] [Fatal Error] :1:1: Premature end of file.
2025-12-11 19:19:25,802 [ERROR] LogOutputStream:75 - [STDERR_REDIRECT] 
2025-12-11 19:19:25,851 [ERROR] LogOutputStream:75 - [STDERR_REDIRECT] [Fatal Error] :1:1: Premature end of file.
2025-12-11 19:19:25,851 [ERROR] LogOutputStream:75 - [STDERR_REDIRECT] 
2025-12-11 19:19:25,886 [ERROR] LogOutputStream:75 - [STDERR_REDIRECT] [Fatal Error] :1:1: Premature end of file.
2025-12-11 19:19:25,886 [ERROR] LogOutputStream:75 - [STDERR_REDIRECT] 
2025-12-11 19:19:25,933 [ERROR] LogOutputStream:75 - [STDERR_REDIRECT] [Fatal Error] :1:1: Premature end of file.
2025-12-11 19:19:25,933 [ERROR] LogOutputStream:75 - [STDERR_REDIRECT] 
2025-12-11 19:19:25,975 [ERROR] LogOutputStream:75 - [STDERR_REDIRECT] [Fatal Error] :1:1: Premature end of file.
2025-12-11 19:19:25,975 [ERROR] LogOutputStream:75 - [STDERR_REDIRECT] 
2025-12-11 19:19:26,015 [ERROR] LogOutputStream:75 - [STDERR_REDIRECT] [Fatal Error] :1:1: Premature end of file.
2025-12-11 19:19:26,015 [ERROR] LogOutputStream:75 - [STDERR_REDIRECT] 
2025-12-11 19:19:26,062 [ERROR] LogOutputStream:75 - [STDERR_REDIRECT] [Fatal Error] :1:1: Premature end of file.
2025-12-11 19:19:26,062 [ERROR] LogOutputStream:75 - [STDERR_REDIRECT] 
2025-12-11 19:19:26,102 [ERROR] LogOutputStream:75 - [STDERR_REDIRECT] [Fatal Error] :1:1: Premature end of file.
2025-12-11 19:19:26,102 [ERROR] LogOutputStream:75 - [STDERR_REDIRECT] 
2025-12-11 19:19:26,143 [ERROR] LogOutputStream:75 - [STDERR_REDIRECT] [Fatal Error] :1:1: Premature end of file.
2025-12-11 19:19:26,143 [ERROR] LogOutputStream:75 - [STDERR_REDIRECT] 
2025-12-11 19:19:26,189 [ERROR] LogOutputStream:75 - [STDERR_REDIRECT] [Fatal Error] :1:1: Premature end of file.
2025-12-11 19:19:26,189 [ERROR] LogOutputStream:75 - [STDERR_REDIRECT] 
2025-12-11 19:19:26,230 [ERROR] LogOutputStream:75 - [STDERR_REDIRECT] [Fatal Error] :1:1: Premature end of file.
2025-12-11 19:19:26,230 [ERROR] LogOutputStream:75 - [STDERR_REDIRECT] 
2025-12-11 19:19:26,273 [ERROR] LogOutputStream:75 - [STDERR_REDIRECT] [Fatal Error] :1:1: Premature end of file.
2025-12-11 19:19:26,273 [ERROR] LogOutputStream:75 - [STDERR_REDIRECT] 
2025-12-11 19:19:26,316 [ERROR] LogOutputStream:75 - [STDERR_REDIRECT] [Fatal Error] :1:1: Premature end of file.
2025-12-11 19:19:26,316 [ERROR] LogOutputStream:75 - [STDERR_REDIRECT] 
2025-12-11 19:19:26,355 [ERROR] LogOutputStream:75 - [STDERR_REDIRECT] [Fatal Error] :1:1: Premature end of file.
2025-12-11 19:19:26,355 [ERROR] LogOutputStream:75 - [STDERR_REDIRECT] 
2025-12-11 19:19:26,396 [ERROR] LogOutputStream:75 - [STDERR_REDIRECT] [Fatal Error] :1:1: Premature end of file.
2025-12-11 19:19:26,396 [ERROR] LogOutputStream:75 - [STDERR_REDIRECT] 
2025-12-11 19:19:26,436 [ERROR] LogOutputStream:75 - [STDERR_REDIRECT] [Fatal Error] :1:1: Premature end of file.
2025-12-11 19:19:26,436 [ERROR] LogOutputStream:75 - [STDERR_REDIRECT] 
2025-12-11 19:19:26,486 [ERROR] LogOutputStream:75 - [STDERR_REDIRECT] [Fatal Error] :1:1: Premature end of file.
2025-12-11 19:19:26,486 [ERROR] LogOutputStream:75 - [STDERR_REDIRECT] 
2025-12-11 19:19:26,527 [ERROR] LogOutputStream:75 - [STDERR_REDIRECT] [Fatal Error] :1:1: Premature end of file.
2025-12-11 19:19:26,527 [ERROR] LogOutputStream:75 - [STDERR_REDIRECT] 
2025-12-11 19:19:26,568 [ERROR] LogOutputStream:75 - [STDERR_REDIRECT] [Fatal Error] :1:1: Premature end of file.
2025-12-11 19:19:26,568 [ERROR] LogOutputStream:75 - [STDERR_REDIRECT] 
2025-12-11 19:19:26,609 [ERROR] LogOutputStream:75 - [STDERR_REDIRECT] [Fatal Error] :1:1: Premature end of file.
2025-12-11 19:19:26,609 [ERROR] LogOutputStream:75 - [STDERR_REDIRECT] 
2025-12-11 19:19:26,650 [ERROR] LogOutputStream:75 - [STDERR_REDIRECT] [Fatal Error] :1:1: Premature end of file.
2025-12-11 19:19:26,650 [ERROR] LogOutputStream:75 - [STDERR_REDIRECT] 
2025-12-11 19:19:26,699 [ERROR] LogOutputStream:75 - [STDERR_REDIRECT] [Fatal Error] :1:1: Premature end of file.
2025-12-11 19:19:26,699 [ERROR] LogOutputStream:75 - [STDERR_REDIRECT] 
2025-12-11 19:19:26,744 [ERROR] LogOutputStream:75 - [STDERR_REDIRECT] [Fatal Error] :1:1: Premature end of file.
2025-12-11 19:19:26,744 [ERROR] LogOutputStream:75 - [STDERR_REDIRECT] 
2025-12-11 19:19:26,786 [ERROR] LogOutputStream:75 - [STDERR_REDIRECT] [Fatal Error] :1:1: Premature end of file.
2025-12-11 19:19:26,786 [ERROR] LogOutputStream:75 - [STDERR_REDIRECT] 
2025-12-11 19:19:26,827 [ERROR] LogOutputStream:75 - [STDERR_REDIRECT] [Fatal Error] :1:1: Premature end of file.
2025-12-11 19:19:26,827 [ERROR] LogOutputStream:75 - [STDERR_REDIRECT] 
2025-12-11 19:19:26,871 [ERROR] LogOutputStream:75 - [STDERR_REDIRECT] [Fatal Error] :1:1: Premature end of file.
2025-12-11 19:19:26,871 [ERROR] LogOutputStream:75 - [STDERR_REDIRECT] 
2025-12-11 19:19:26,916 [ERROR] LogOutputStream:75 - [STDERR_REDIRECT] [Fatal Error] :1:1: Premature end of file.
2025-12-11 19:19:26,916 [ERROR] LogOutputStream:75 - [STDERR_REDIRECT] 
2025-12-11 19:19:26,958 [ERROR] LogOutputStream:75 - [STDERR_REDIRECT] [Fatal Error] :1:1: Premature end of file.
2025-12-11 19:19:26,958 [ERROR] LogOutputStream:75 - [STDERR_REDIRECT] 
2025-12-11 19:19:27,001 [ERROR] LogOutputStream:75 - [STDERR_REDIRECT] [Fatal Error] :1:1: Premature end of file.
2025-12-11 19:19:27,001 [ERROR] LogOutputStream:75 - [STDERR_REDIRECT] 
2025-12-11 19:19:27,040 [ERROR] LogOutputStream:75 - [STDERR_REDIRECT] [Fatal Error] :1:1: Premature end of file.
2025-12-11 19:19:27,040 [ERROR] LogOutputStream:75 - [STDERR_REDIRECT] 
2025-12-11 19:19:27,081 [ERROR] LogOutputStream:75 - [STDERR_REDIRECT] [Fatal Error] :1:1: Premature end of file.
2025-12-11 19:19:27,081 [ERROR] LogOutputStream:75 - [STDERR_REDIRECT] 
2025-12-11 19:19:27,125 [ERROR] LogOutputStream:75 - [STDERR_REDIRECT] [Fatal Error] :1:1: Premature end of file.
2025-12-11 19:19:27,130 [ERROR] LogOutputStream:75 - [STDERR_REDIRECT] 
2025-12-11 19:19:27,171 [ERROR] LogOutputStream:75 - [STDERR_REDIRECT] [Fatal Error] :1:1: Premature end of file.
2025-12-11 19:19:27,171 [ERROR] LogOutputStream:75 - [STDERR_REDIRECT] 
2025-12-11 19:19:27,212 [ERROR] LogOutputStream:75 - [STDERR_REDIRECT] [Fatal Error] :1:1: Premature end of file.
2025-12-11 19:19:27,212 [ERROR] LogOutputStream:75 - [STDERR_REDIRECT] 
2025-12-11 19:19:27,257 [ERROR] LogOutputStream:75 - [STDERR_REDIRECT] [Fatal Error] :1:1: Premature end of file.
2025-12-11 19:19:27,257 [ERROR] LogOutputStream:75 - [STDERR_REDIRECT] 
2025-12-11 19:19:27,301 [ERROR] LogOutputStream:75 - [STDERR_REDIRECT] [Fatal Error] :1:1: Premature end of file.
2025-12-11 19:19:27,301 [ERROR] LogOutputStream:75 - [STDERR_REDIRECT] 
2025-12-11 19:19:27,341 [ERROR] LogOutputStream:75 - [STDERR_REDIRECT] [Fatal Error] :1:1: Premature end of file.
2025-12-11 19:19:27,341 [ERROR] LogOutputStream:75 - [STDERR_REDIRECT] 
2025-12-11 19:19:27,383 [ERROR] LogOutputStream:75 - [STDERR_REDIRECT] [Fatal Error] :1:1: Premature end of file.
2025-12-11 19:19:27,383 [ERROR] LogOutputStream:75 - [STDERR_REDIRECT] 
2025-12-11 19:19:27,432 [ERROR] LogOutputStream:75 - [STDERR_REDIRECT] [Fatal Error] :1:1: Premature end of file.
2025-12-11 19:19:27,432 [ERROR] LogOutputStream:75 - [STDERR_REDIRECT] 
2025-12-11 19:19:27,474 [ERROR] LogOutputStream:75 - [STDERR_REDIRECT] [Fatal Error] :1:1: Premature end of file.
2025-12-11 19:19:27,474 [ERROR] LogOutputStream:75 - [STDERR_REDIRECT] 
2025-12-11 19:19:27,514 [ERROR] LogOutputStream:75 - [STDERR_REDIRECT] [Fatal Error] :1:1: Premature end of file.
2025-12-11 19:19:27,514 [ERROR] LogOutputStream:75 - [STDERR_REDIRECT] 
2025-12-11 19:19:27,559 [ERROR] LogOutputStream:75 - [STDERR_REDIRECT] [Fatal Error] :1:1: Premature end of file.
2025-12-11 19:19:27,559 [ERROR] LogOutputStream:75 - [STDERR_REDIRECT] 
2025-12-11 19:19:27,602 [ERROR] LogOutputStream:75 - [STDERR_REDIRECT] [Fatal Error] :1:1: Premature end of file.
2025-12-11 19:19:27,602 [ERROR] LogOutputStream:75 - [STDERR_REDIRECT] 
2025-12-11 19:19:27,643 [ERROR] LogOutputStream:75 - [STDERR_REDIRECT] [Fatal Error] :1:1: Premature end of file.
2025-12-11 19:19:27,643 [ERROR] LogOutputStream:75 - [STDERR_REDIRECT] 
2025-12-11 19:19:27,684 [ERROR] LogOutputStream:75 - [STDERR_REDIRECT] [Fatal Error] :1:1: Premature end of file.
2025-12-11 19:19:27,684 [ERROR] LogOutputStream:75 - [STDERR_REDIRECT] 
2025-12-11 19:19:27,725 [ERROR] LogOutputStream:75 - [STDERR_REDIRECT] [Fatal Error] :1:1: Premature end of file.
2025-12-11 19:19:27,725 [ERROR] LogOutputStream:75 - [STDERR_REDIRECT] 
2025-12-11 19:19:27,771 [ERROR] LogOutputStream:75 - [STDERR_REDIRECT] [Fatal Error] :1:1: Premature end of file.
2025-12-11 19:19:27,771 [ERROR] LogOutputStream:75 - [STDERR_REDIRECT] 
2025-12-11 19:19:27,814 [ERROR] LogOutputStream:75 - [STDERR_REDIRECT] [Fatal Error] :1:1: Premature end of file.
2025-12-11 19:19:27,814 [ERROR] LogOutputStream:75 - [STDERR_REDIRECT] 
2025-12-11 19:19:27,859 [ERROR] LogOutputStream:75 - [STDERR_REDIRECT] [Fatal Error] :1:1: Premature end of file.
2025-12-11 19:19:27,859 [ERROR] LogOutputStream:75 - [STDERR_REDIRECT] 
2025-12-11 19:19:27,905 [ERROR] LogOutputStream:75 - [STDERR_REDIRECT] [Fatal Error] :1:1: Premature end of file.
2025-12-11 19:19:27,905 [ERROR] LogOutputStream:75 - [STDERR_REDIRECT] 
2025-12-11 19:19:27,946 [ERROR] LogOutputStream:75 - [STDERR_REDIRECT] [Fatal Error] :1:1: Premature end of file.
2025-12-11 19:19:27,946 [ERROR] LogOutputStream:75 - [STDERR_REDIRECT] 
2025-12-11 19:19:27,991 [ERROR] LogOutputStream:75 - [STDERR_REDIRECT] [Fatal Error] :1:1: Premature end of file.
2025-12-11 19:19:27,991 [ERROR] LogOutputStream:75 - [STDERR_REDIRECT] 
2025-12-11 19:19:28,036 [ERROR] LogOutputStream:75 - [STDERR_REDIRECT] [Fatal Error] :1:1: Premature end of file.
2025-12-11 19:19:28,036 [ERROR] LogOutputStream:75 - [STDERR_REDIRECT] 
2025-12-11 19:19:28,078 [ERROR] LogOutputStream:75 - [STDERR_REDIRECT] [Fatal Error] :1:1: Premature end of file.
2025-12-11 19:19:28,078 [ERROR] LogOutputStream:75 - [STDERR_REDIRECT] 
2025-12-11 19:19:28,121 [ERROR] LogOutputStream:75 - [STDERR_REDIRECT] [Fatal Error] :1:1: Premature end of file.
2025-12-11 19:19:28,121 [ERROR] LogOutputStream:75 - [STDERR_REDIRECT] 
2025-12-11 19:19:28,167 [ERROR] LogOutputStream:75 - [STDERR_REDIRECT] [Fatal Error] :1:1: Premature end of file.
2025-12-11 19:19:28,167 [ERROR] LogOutputStream:75 - [STDERR_REDIRECT] 
2025-12-11 19:19:28,207 [ERROR] LogOutputStream:75 - [STDERR_REDIRECT] [Fatal Error] :1:1: Premature end of file.
2025-12-11 19:19:28,207 [ERROR] LogOutputStream:75 - [STDERR_REDIRECT] 
2025-12-11 19:19:28,252 [ERROR] LogOutputStream:75 - [STDERR_REDIRECT] [Fatal Error] :1:1: Premature end of file.
2025-12-11 19:19:28,252 [ERROR] LogOutputStream:75 - [STDERR_REDIRECT] 
2025-12-11 19:19:28,297 [ERROR] LogOutputStream:75 - [STDERR_REDIRECT] [Fatal Error] :1:1: Premature end of file.
2025-12-11 19:19:28,297 [ERROR] LogOutputStream:75 - [STDERR_REDIRECT] 
2025-12-11 19:19:28,338 [ERROR] LogOutputStream:75 - [STDERR_REDIRECT] [Fatal Error] :1:1: Premature end of file.
2025-12-11 19:19:28,338 [ERROR] LogOutputStream:75 - [STDERR_REDIRECT] 
2025-12-11 19:19:28,378 [ERROR] LogOutputStream:75 - [STDERR_REDIRECT] [Fatal Error] :1:1: Premature end of file.
2025-12-11 19:19:28,378 [ERROR] LogOutputStream:75 - [STDERR_REDIRECT] 
2025-12-11 19:19:28,425 [ERROR] LogOutputStream:75 - [STDERR_REDIRECT] [Fatal Error] :1:1: Premature end of file.
2025-12-11 19:19:28,425 [ERROR] LogOutputStream:75 - [STDERR_REDIRECT] 
2025-12-11 19:19:28,615 [ERROR] LogOutputStream:75 - [STDERR_REDIRECT] [Fatal Error] :1:1: Premature end of file.
2025-12-11 19:19:28,615 [ERROR] LogOutputStream:75 - [STDERR_REDIRECT] 
2025-12-11 19:19:28,658 [ERROR] LogOutputStream:75 - [STDERR_REDIRECT] [Fatal Error] :1:1: Premature end of file.
2025-12-11 19:19:28,658 [ERROR] LogOutputStream:75 - [STDERR_REDIRECT] 
2025-12-11 19:19:28,701 [ERROR] LogOutputStream:75 - [STDERR_REDIRECT] [Fatal Error] :1:1: Premature end of file.
2025-12-11 19:19:28,701 [ERROR] LogOutputStream:75 - [STDERR_REDIRECT] 
2025-12-11 19:19:28,740 [ERROR] LogOutputStream:75 - [STDERR_REDIRECT] [Fatal Error] :1:1: Premature end of file.
2025-12-11 19:19:28,740 [ERROR] LogOutputStream:75 - [STDERR_REDIRECT] 
2025-12-11 19:19:28,781 [ERROR] LogOutputStream:75 - [STDERR_REDIRECT] [Fatal Error] :1:1: Premature end of file.
2025-12-11 19:19:28,781 [ERROR] LogOutputStream:75 - [STDERR_REDIRECT] 
2025-12-11 19:19:28,822 [ERROR] LogOutputStream:75 - [STDERR_REDIRECT] [Fatal Error] :1:1: Premature end of file.
2025-12-11 19:19:28,822 [ERROR] LogOutputStream:75 - [STDERR_REDIRECT] 
2025-12-11 19:19:28,864 [ERROR] LogOutputStream:75 - [STDERR_REDIRECT] [Fatal Error] :1:1: Premature end of file.
2025-12-11 19:19:28,864 [ERROR] LogOutputStream:75 - [STDERR_REDIRECT] 
2025-12-11 19:19:28,910 [ERROR] LogOutputStream:75 - [STDERR_REDIRECT] [Fatal Error] :1:1: Premature end of file.
2025-12-11 19:19:28,910 [ERROR] LogOutputStream:75 - [STDERR_REDIRECT] 
2025-12-11 19:19:28,951 [ERROR] LogOutputStream:75 - [STDERR_REDIRECT] [Fatal Error] :1:1: Premature end of file.
2025-12-11 19:19:28,951 [ERROR] LogOutputStream:75 - [STDERR_REDIRECT] 
2025-12-11 19:19:28,995 [ERROR] LogOutputStream:75 - [STDERR_REDIRECT] [Fatal Error] :1:1: Premature end of file.
2025-12-11 19:19:28,995 [ERROR] LogOutputStream:75 - [STDERR_REDIRECT] 
2025-12-11 19:19:29,036 [ERROR] LogOutputStream:75 - [STDERR_REDIRECT] [Fatal Error] :1:1: Premature end of file.
2025-12-11 19:19:29,036 [ERROR] LogOutputStream:75 - [STDERR_REDIRECT] 
2025-12-11 19:19:29,076 [ERROR] LogOutputStream:75 - [STDERR_REDIRECT] [Fatal Error] :1:1: Premature end of file.
2025-12-11 19:19:29,076 [ERROR] LogOutputStream:75 - [STDERR_REDIRECT] 
2025-12-11 19:19:29,117 [ERROR] LogOutputStream:75 - [STDERR_REDIRECT] [Fatal Error] :1:1: Premature end of file.
2025-12-11 19:19:29,117 [ERROR] LogOutputStream:75 - [STDERR_REDIRECT] 
2025-12-11 19:19:29,160 [ERROR] LogOutputStream:75 - [STDERR_REDIRECT] [Fatal Error] :1:1: Premature end of file.
2025-12-11 19:19:29,160 [ERROR] LogOutputStream:75 - [STDERR_REDIRECT] 
2025-12-11 19:19:29,207 [ERROR] LogOutputStream:75 - [STDERR_REDIRECT] [Fatal Error] :1:1: Premature end of file.
2025-12-11 19:19:29,207 [ERROR] LogOutputStream:75 - [STDERR_REDIRECT] 
2025-12-11 19:19:29,249 [ERROR] LogOutputStream:75 - [STDERR_REDIRECT] [Fatal Error] :1:1: Premature end of file.
2025-12-11 19:19:29,249 [ERROR] LogOutputStream:75 - [STDERR_REDIRECT] 
2025-12-11 19:19:29,290 [ERROR] LogOutputStream:75 - [STDERR_REDIRECT] [Fatal Error] :1:1: Premature end of file.
2025-12-11 19:19:29,290 [ERROR] LogOutputStream:75 - [STDERR_REDIRECT] 
2025-12-11 19:19:29,331 [ERROR] LogOutputStream:75 - [STDERR_REDIRECT] [Fatal Error] :1:1: Premature end of file.
2025-12-11 19:19:29,331 [ERROR] LogOutputStream:75 - [STDERR_REDIRECT] 
2025-12-11 19:19:29,372 [ERROR] LogOutputStream:75 - [STDERR_REDIRECT] [Fatal Error] :1:1: Premature end of file.
2025-12-11 19:19:29,372 [ERROR] LogOutputStream:75 - [STDERR_REDIRECT] 
2025-12-11 19:19:29,414 [ERROR] LogOutputStream:75 - [STDERR_REDIRECT] [Fatal Error] :1:1: Premature end of file.
2025-12-11 19:19:29,414 [ERROR] LogOutputStream:75 - [STDERR_REDIRECT] 
2025-12-11 19:19:29,462 [ERROR] LogOutputStream:75 - [STDERR_REDIRECT] [Fatal Error] :1:1: Premature end of file.
2025-12-11 19:19:29,462 [ERROR] LogOutputStream:75 - [STDERR_REDIRECT] 
2025-12-11 19:19:29,503 [ERROR] LogOutputStream:75 - [STDERR_REDIRECT] [Fatal Error] :1:1: Premature end of file.
2025-12-11 19:19:29,503 [ERROR] LogOutputStream:75 - [STDERR_REDIRECT] 
2025-12-11 19:19:29,550 [ERROR] LogOutputStream:75 - [STDERR_REDIRECT] [Fatal Error] :1:1: Premature end of file.
2025-12-11 19:19:29,550 [ERROR] LogOutputStream:75 - [STDERR_REDIRECT] 
2025-12-11 19:19:29,590 [ERROR] LogOutputStream:75 - [STDERR_REDIRECT] [Fatal Error] :1:1: Premature end of file.
2025-12-11 19:19:29,613 [ERROR] LogOutputStream:75 - [STDERR_REDIRECT] 
2025-12-11 19:19:29,655 [ERROR] LogOutputStream:75 - [STDERR_REDIRECT] [Fatal Error] :1:1: Premature end of file.
2025-12-11 19:19:29,655 [ERROR] LogOutputStream:75 - [STDERR_REDIRECT] 
2025-12-11 19:19:29,696 [ERROR] LogOutputStream:75 - [STDERR_REDIRECT] [Fatal Error] :1:1: Premature end of file.
2025-12-11 19:19:29,696 [ERROR] LogOutputStream:75 - [STDERR_REDIRECT] 
2025-12-11 19:19:29,737 [ERROR] LogOutputStream:75 - [STDERR_REDIRECT] [Fatal Error] :1:1: Premature end of file.
2025-12-11 19:19:29,737 [ERROR] LogOutputStream:75 - [STDERR_REDIRECT] 
2025-12-11 19:19:29,782 [ERROR] LogOutputStream:75 - [STDERR_REDIRECT] [Fatal Error] :1:1: Premature end of file.
2025-12-11 19:19:29,782 [ERROR] LogOutputStream:75 - [STDERR_REDIRECT] 
2025-12-11 19:19:29,819 [ERROR] LogOutputStream:75 - [STDERR_REDIRECT] [Fatal Error] :1:1: Premature end of file.
2025-12-11 19:19:29,819 [ERROR] LogOutputStream:75 - [STDERR_REDIRECT] 
2025-12-11 19:19:29,868 [ERROR] LogOutputStream:75 - [STDERR_REDIRECT] [Fatal Error] :1:1: Premature end of file.
2025-12-11 19:19:29,868 [ERROR] LogOutputStream:75 - [STDERR_REDIRECT] 
2025-12-11 19:19:29,911 [ERROR] LogOutputStream:75 - [STDERR_REDIRECT] [Fatal Error] :1:1: Premature end of file.
2025-12-11 19:19:29,911 [ERROR] LogOutputStream:75 - [STDERR_REDIRECT] 
2025-12-11 19:19:29,953 [ERROR] LogOutputStream:75 - [STDERR_REDIRECT] [Fatal Error] :1:1: Premature end of file.
2025-12-11 19:19:29,953 [ERROR] LogOutputStream:75 - [STDERR_REDIRECT] 
2025-12-11 19:19:29,998 [ERROR] LogOutputStream:75 - [STDERR_REDIRECT] [Fatal Error] :1:1: Premature end of file.
2025-12-11 19:19:29,998 [ERROR] LogOutputStream:75 - [STDERR_REDIRECT] 
2025-12-11 19:19:30,040 [ERROR] LogOutputStream:75 - [STDERR_REDIRECT] [Fatal Error] :1:1: Premature end of file.
2025-12-11 19:19:30,040 [ERROR] LogOutputStream:75 - [STDERR_REDIRECT] 
2025-12-11 19:19:30,082 [ERROR] LogOutputStream:75 - [STDERR_REDIRECT] [Fatal Error] :1:1: Premature end of file.
2025-12-11 19:19:30,082 [ERROR] LogOutputStream:75 - [STDERR_REDIRECT] 
2025-12-11 19:19:30,123 [ERROR] LogOutputStream:75 - [STDERR_REDIRECT] [Fatal Error] :1:1: Premature end of file.
2025-12-11 19:19:30,123 [ERROR] LogOutputStream:75 - [STDERR_REDIRECT] 
2025-12-11 19:19:30,169 [ERROR] LogOutputStream:75 - [STDERR_REDIRECT] [Fatal Error] :1:1: Premature end of file.
2025-12-11 19:19:30,169 [ERROR] LogOutputStream:75 - [STDERR_REDIRECT] 
2025-12-11 19:19:30,211 [ERROR] LogOutputStream:75 - [STDERR_REDIRECT] [Fatal Error] :1:1: Premature end of file.
2025-12-11 19:19:30,211 [ERROR] LogOutputStream:75 - [STDERR_REDIRECT] 
2025-12-11 19:19:30,252 [ERROR] LogOutputStream:75 - [STDERR_REDIRECT] [Fatal Error] :1:1: Premature end of file.
2025-12-11 19:19:30,252 [ERROR] LogOutputStream:75 - [STDERR_REDIRECT] 
2025-12-11 19:19:30,296 [ERROR] LogOutputStream:75 - [STDERR_REDIRECT] [Fatal Error] :1:1: Premature end of file.
2025-12-11 19:19:30,296 [ERROR] LogOutputStream:75 - [STDERR_REDIRECT] 
2025-12-11 19:19:30,339 [ERROR] LogOutputStream:75 - [STDERR_REDIRECT] [Fatal Error] :1:1: Premature end of file.
2025-12-11 19:19:30,339 [ERROR] LogOutputStream:75 - [STDERR_REDIRECT] 
2025-12-11 19:19:30,378 [ERROR] LogOutputStream:75 - [STDERR_REDIRECT] [Fatal Error] :1:1: Premature end of file.
2025-12-11 19:19:30,378 [ERROR] LogOutputStream:75 - [STDERR_REDIRECT] 
2025-12-11 19:19:30,424 [ERROR] LogOutputStream:75 - [STDERR_REDIRECT] [Fatal Error] :1:1: Premature end of file.
2025-12-11 19:19:30,424 [ERROR] LogOutputStream:75 - [STDERR_REDIRECT] 
2025-12-11 19:19:30,465 [ERROR] LogOutputStream:75 - [STDERR_REDIRECT] [Fatal Error] :1:1: Premature end of file.
2025-12-11 19:19:30,465 [ERROR] LogOutputStream:75 - [STDERR_REDIRECT] 
2025-12-11 19:19:30,504 [ERROR] LogOutputStream:75 - [STDERR_REDIRECT] [Fatal Error] :1:1: Premature end of file.
2025-12-11 19:19:30,504 [ERROR] LogOutputStream:75 - [STDERR_REDIRECT] 
2025-12-11 19:19:30,548 [ERROR] LogOutputStream:75 - [STDERR_REDIRECT] [Fatal Error] :1:1: Premature end of file.
2025-12-11 19:19:30,548 [ERROR] LogOutputStream:75 - [STDERR_REDIRECT] 
2025-12-11 19:19:30,585 [ERROR] LogOutputStream:75 - [STDERR_REDIRECT] [Fatal Error] :1:1: Premature end of file.
2025-12-11 19:19:30,585 [ERROR] LogOutputStream:75 - [STDERR_REDIRECT] 
2025-12-11 19:19:30,628 [ERROR] LogOutputStream:75 - [STDERR_REDIRECT] [Fatal Error] :1:1: Premature end of file.
2025-12-11 19:19:30,628 [ERROR] LogOutputStream:75 - [STDERR_REDIRECT] 
2025-12-11 19:19:30,671 [ERROR] LogOutputStream:75 - [STDERR_REDIRECT] [Fatal Error] :1:1: Premature end of file.
2025-12-11 19:19:30,671 [ERROR] LogOutputStream:75 - [STDERR_REDIRECT] 
2025-12-11 19:19:30,717 [ERROR] LogOutputStream:75 - [STDERR_REDIRECT] [Fatal Error] :1:1: Premature end of file.
2025-12-11 19:19:30,717 [ERROR] LogOutputStream:75 - [STDERR_REDIRECT] 
2025-12-11 19:19:30,757 [ERROR] LogOutputStream:75 - [STDERR_REDIRECT] [Fatal Error] :1:1: Premature end of file.
2025-12-11 19:19:30,757 [ERROR] LogOutputStream:75 - [STDERR_REDIRECT] 
2025-12-11 19:19:30,799 [ERROR] LogOutputStream:75 - [STDERR_REDIRECT] [Fatal Error] :1:1: Premature end of file.
2025-12-11 19:19:30,799 [ERROR] LogOutputStream:75 - [STDERR_REDIRECT] 
2025-12-11 19:19:30,840 [ERROR] LogOutputStream:75 - [STDERR_REDIRECT] [Fatal Error] :1:1: Premature end of file.
2025-12-11 19:19:30,840 [ERROR] LogOutputStream:75 - [STDERR_REDIRECT] 
2025-12-11 19:19:30,881 [ERROR] LogOutputStream:75 - [STDERR_REDIRECT] [Fatal Error] :1:1: Premature end of file.
2025-12-11 19:19:30,881 [ERROR] LogOutputStream:75 - [STDERR_REDIRECT] 
2025-12-11 19:19:30,926 [ERROR] LogOutputStream:75 - [STDERR_REDIRECT] [Fatal Error] :1:1: Premature end of file.
2025-12-11 19:19:30,926 [ERROR] LogOutputStream:75 - [STDERR_REDIRECT] 
2025-12-11 19:19:30,971 [ERROR] LogOutputStream:75 - [STDERR_REDIRECT] [Fatal Error] :1:1: Premature end of file.
2025-12-11 19:19:30,971 [ERROR] LogOutputStream:75 - [STDERR_REDIRECT] 
2025-12-11 19:19:31,012 [ERROR] LogOutputStream:75 - [STDERR_REDIRECT] [Fatal Error] :1:1: Premature end of file.
2025-12-11 19:19:31,012 [ERROR] LogOutputStream:75 - [STDERR_REDIRECT] 
2025-12-11 19:19:31,054 [ERROR] LogOutputStream:75 - [STDERR_REDIRECT] [Fatal Error] :1:1: Premature end of file.
2025-12-11 19:19:31,054 [ERROR] LogOutputStream:75 - [STDERR_REDIRECT] 
2025-12-11 19:19:31,097 [ERROR] LogOutputStream:75 - [STDERR_REDIRECT] [Fatal Error] :1:1: Premature end of file.
2025-12-11 19:19:31,097 [ERROR] LogOutputStream:75 - [STDERR_REDIRECT] 
2025-12-11 19:19:31,137 [ERROR] LogOutputStream:75 - [STDERR_REDIRECT] [Fatal Error] :1:1: Premature end of file.
2025-12-11 19:19:31,137 [ERROR] LogOutputStream:75 - [STDERR_REDIRECT] 
2025-12-11 19:19:31,181 [ERROR] LogOutputStream:75 - [STDERR_REDIRECT] [Fatal Error] :1:1: Premature end of file.
2025-12-11 19:19:31,181 [ERROR] LogOutputStream:75 - [STDERR_REDIRECT] 
2025-12-11 19:19:31,264 [ERROR] LogOutputStream:75 - [STDERR_REDIRECT] [Fatal Error] :1:1: Premature end of file.
2025-12-11 19:19:31,268 [ERROR] LogOutputStream:75 - [STDERR_REDIRECT] 
2025-12-11 19:19:31,309 [ERROR] LogOutputStream:75 - [STDERR_REDIRECT] [Fatal Error] :1:1: Premature end of file.
2025-12-11 19:19:31,309 [ERROR] LogOutputStream:75 - [STDERR_REDIRECT] 
2025-12-11 19:19:31,350 [ERROR] LogOutputStream:75 - [STDERR_REDIRECT] [Fatal Error] :1:1: Premature end of file.
2025-12-11 19:19:31,350 [ERROR] LogOutputStream:75 - [STDERR_REDIRECT] 
2025-12-11 19:19:31,391 [ERROR] LogOutputStream:75 - [STDERR_REDIRECT] [Fatal Error] :1:1: Premature end of file.
2025-12-11 19:19:31,391 [ERROR] LogOutputStream:75 - [STDERR_REDIRECT] 
2025-12-11 19:19:31,439 [ERROR] LogOutputStream:75 - [STDERR_REDIRECT] [Fatal Error] :1:1: Premature end of file.
2025-12-11 19:19:31,439 [ERROR] LogOutputStream:75 - [STDERR_REDIRECT] 
2025-12-11 19:19:31,480 [ERROR] LogOutputStream:75 - [STDERR_REDIRECT] [Fatal Error] :1:1: Premature end of file.
2025-12-11 19:19:31,480 [ERROR] LogOutputStream:75 - [STDERR_REDIRECT] 
2025-12-11 19:19:31,529 [ERROR] LogOutputStream:75 - [STDERR_REDIRECT] [Fatal Error] :1:1: Premature end of file.
2025-12-11 19:19:31,529 [ERROR] LogOutputStream:75 - [STDERR_REDIRECT] 
2025-12-11 19:19:31,570 [ERROR] LogOutputStream:75 - [STDERR_REDIRECT] [Fatal Error] :1:1: Premature end of file.
2025-12-11 19:19:31,570 [ERROR] LogOutputStream:75 - [STDERR_REDIRECT] 
2025-12-11 19:19:31,616 [ERROR] LogOutputStream:75 - [STDERR_REDIRECT] [Fatal Error] :1:1: Premature end of file.
2025-12-11 19:19:31,659 [ERROR] LogOutputStream:75 - [STDERR_REDIRECT] 
2025-12-11 19:19:31,705 [ERROR] LogOutputStream:75 - [STDERR_REDIRECT] [Fatal Error] :1:1: Premature end of file.
2025-12-11 19:19:31,705 [ERROR] LogOutputStream:75 - [STDERR_REDIRECT] 
2025-12-11 19:19:31,752 [ERROR] LogOutputStream:75 - [STDERR_REDIRECT] [Fatal Error] :1:1: Premature end of file.
2025-12-11 19:19:31,752 [ERROR] LogOutputStream:75 - [STDERR_REDIRECT] 
2025-12-11 19:19:31,794 [ERROR] LogOutputStream:75 - [STDERR_REDIRECT] [Fatal Error] :1:1: Premature end of file.
2025-12-11 19:19:31,794 [ERROR] LogOutputStream:75 - [STDERR_REDIRECT] 
2025-12-11 19:19:31,845 [ERROR] LogOutputStream:75 - [STDERR_REDIRECT] [Fatal Error] :1:1: Premature end of file.
2025-12-11 19:19:31,845 [ERROR] LogOutputStream:75 - [STDERR_REDIRECT] 
2025-12-11 19:19:31,892 [ERROR] LogOutputStream:75 - [STDERR_REDIRECT] [Fatal Error] :1:1: Premature end of file.
2025-12-11 19:19:31,892 [ERROR] LogOutputStream:75 - [STDERR_REDIRECT] 
2025-12-11 19:19:31,933 [ERROR] LogOutputStream:75 - [STDERR_REDIRECT] [Fatal Error] :1:1: Premature end of file.
2025-12-11 19:19:31,933 [ERROR] LogOutputStream:75 - [STDERR_REDIRECT] 
2025-12-11 19:19:31,973 [ERROR] LogOutputStream:75 - [STDERR_REDIRECT] [Fatal Error] :1:1: Premature end of file.
2025-12-11 19:19:31,973 [ERROR] LogOutputStream:75 - [STDERR_REDIRECT] 
2025-12-11 19:19:32,015 [ERROR] LogOutputStream:75 - [STDERR_REDIRECT] [Fatal Error] :1:1: Premature end of file.
2025-12-11 19:19:32,015 [ERROR] LogOutputStream:75 - [STDERR_REDIRECT] 
2025-12-11 19:19:32,063 [ERROR] LogOutputStream:75 - [STDERR_REDIRECT] [Fatal Error] :1:1: Premature end of file.
2025-12-11 19:19:32,063 [ERROR] LogOutputStream:75 - [STDERR_REDIRECT] 
2025-12-11 19:19:32,105 [ERROR] LogOutputStream:75 - [STDERR_REDIRECT] [Fatal Error] :1:1: Premature end of file.
2025-12-11 19:19:32,105 [ERROR] LogOutputStream:75 - [STDERR_REDIRECT] 
2025-12-11 19:19:32,147 [ERROR] LogOutputStream:75 - [STDERR_REDIRECT] [Fatal Error] :1:1: Premature end of file.
2025-12-11 19:19:32,147 [ERROR] LogOutputStream:75 - [STDERR_REDIRECT] 
2025-12-11 19:19:32,189 [ERROR] LogOutputStream:75 - [STDERR_REDIRECT] [Fatal Error] :1:1: Premature end of file.
2025-12-11 19:19:32,189 [ERROR] LogOutputStream:75 - [STDERR_REDIRECT] 
2025-12-11 19:19:32,230 [ERROR] LogOutputStream:75 - [STDERR_REDIRECT] [Fatal Error] :1:1: Premature end of file.
2025-12-11 19:19:32,230 [ERROR] LogOutputStream:75 - [STDERR_REDIRECT] 
2025-12-11 19:19:32,274 [ERROR] LogOutputStream:75 - [STDERR_REDIRECT] [Fatal Error] :1:1: Premature end of file.
2025-12-11 19:19:32,274 [ERROR] LogOutputStream:75 - [STDERR_REDIRECT] 
2025-12-11 19:19:32,312 [ERROR] LogOutputStream:75 - [STDERR_REDIRECT] [Fatal Error] :1:1: Premature end of file.
2025-12-11 19:19:32,312 [ERROR] LogOutputStream:75 - [STDERR_REDIRECT] 
2025-12-11 19:19:32,359 [ERROR] LogOutputStream:75 - [STDERR_REDIRECT] [Fatal Error] :1:1: Premature end of file.
2025-12-11 19:19:32,359 [ERROR] LogOutputStream:75 - [STDERR_REDIRECT] 
2025-12-11 19:19:32,400 [ERROR] LogOutputStream:75 - [STDERR_REDIRECT] [Fatal Error] :1:1: Premature end of file.
2025-12-11 19:19:32,400 [ERROR] LogOutputStream:75 - [STDERR_REDIRECT] 
2025-12-11 19:19:32,443 [ERROR] LogOutputStream:75 - [STDERR_REDIRECT] [Fatal Error] :1:1: Premature end of file.
2025-12-11 19:19:32,443 [ERROR] LogOutputStream:75 - [STDERR_REDIRECT] 
2025-12-11 19:19:32,482 [ERROR] LogOutputStream:75 - [STDERR_REDIRECT] [Fatal Error] :1:1: Premature end of file.
2025-12-11 19:19:32,482 [ERROR] LogOutputStream:75 - [STDERR_REDIRECT] 
2025-12-11 19:19:32,529 [ERROR] LogOutputStream:75 - [STDERR_REDIRECT] [Fatal Error] :1:1: Premature end of file.
2025-12-11 19:19:32,529 [ERROR] LogOutputStream:75 - [STDERR_REDIRECT] 
2025-12-11 19:19:32,571 [ERROR] LogOutputStream:75 - [STDERR_REDIRECT] [Fatal Error] :1:1: Premature end of file.
2025-12-11 19:19:32,571 [ERROR] LogOutputStream:75 - [STDERR_REDIRECT] 
2025-12-11 19:19:32,612 [ERROR] LogOutputStream:75 - [STDERR_REDIRECT] [Fatal Error] :1:1: Premature end of file.
2025-12-11 19:19:32,612 [ERROR] LogOutputStream:75 - [STDERR_REDIRECT] 
2025-12-11 19:19:32,660 [ERROR] LogOutputStream:75 - [STDERR_REDIRECT] [Fatal Error] :1:1: Premature end of file.
2025-12-11 19:19:32,660 [ERROR] LogOutputStream:75 - [STDERR_REDIRECT] 
2025-12-11 19:19:32,702 [ERROR] LogOutputStream:75 - [STDERR_REDIRECT] [Fatal Error] :1:1: Premature end of file.
2025-12-11 19:19:32,702 [ERROR] LogOutputStream:75 - [STDERR_REDIRECT] 
2025-12-11 19:19:32,743 [ERROR] LogOutputStream:75 - [STDERR_REDIRECT] [Fatal Error] :1:1: Premature end of file.
2025-12-11 19:19:32,743 [ERROR] LogOutputStream:75 - [STDERR_REDIRECT] 
2025-12-11 19:19:32,785 [ERROR] LogOutputStream:75 - [STDERR_REDIRECT] [Fatal Error] :1:1: Premature end of file.
2025-12-11 19:19:32,785 [ERROR] LogOutputStream:75 - [STDERR_REDIRECT] 
2025-12-11 19:19:32,834 [ERROR] LogOutputStream:75 - [STDERR_REDIRECT] [Fatal Error] :1:1: Premature end of file.
2025-12-11 19:19:32,834 [ERROR] LogOutputStream:75 - [STDERR_REDIRECT] 
2025-12-11 19:19:32,876 [ERROR] LogOutputStream:75 - [STDERR_REDIRECT] [Fatal Error] :1:1: Premature end of file.
2025-12-11 19:19:32,876 [ERROR] LogOutputStream:75 - [STDERR_REDIRECT] 
2025-12-11 19:19:32,917 [ERROR] LogOutputStream:75 - [STDERR_REDIRECT] [Fatal Error] :1:1: Premature end of file.
2025-12-11 19:19:32,917 [ERROR] LogOutputStream:75 - [STDERR_REDIRECT] 
2025-12-11 19:19:32,959 [ERROR] LogOutputStream:75 - [STDERR_REDIRECT] [Fatal Error] :1:1: Premature end of file.
2025-12-11 19:19:32,959 [ERROR] LogOutputStream:75 - [STDERR_REDIRECT] 
2025-12-11 19:19:33,000 [ERROR] LogOutputStream:75 - [STDERR_REDIRECT] [Fatal Error] :1:1: Premature end of file.
2025-12-11 19:19:33,000 [ERROR] LogOutputStream:75 - [STDERR_REDIRECT] 
2025-12-11 19:19:33,040 [ERROR] LogOutputStream:75 - [STDERR_REDIRECT] [Fatal Error] :1:1: Premature end of file.
2025-12-11 19:19:33,040 [ERROR] LogOutputStream:75 - [STDERR_REDIRECT] 
2025-12-11 19:19:33,089 [ERROR] LogOutputStream:75 - [STDERR_REDIRECT] [Fatal Error] :1:1: Premature end of file.
2025-12-11 19:19:33,089 [ERROR] LogOutputStream:75 - [STDERR_REDIRECT] 
2025-12-11 19:19:33,122 [ERROR] LogOutputStream:75 - [STDERR_REDIRECT] [Fatal Error] :1:1: Premature end of file.
2025-12-11 19:19:33,130 [ERROR] LogOutputStream:75 - [STDERR_REDIRECT] 
2025-12-11 19:19:33,170 [ERROR] LogOutputStream:75 - [STDERR_REDIRECT] [Fatal Error] :1:1: Premature end of file.
2025-12-11 19:19:33,170 [ERROR] LogOutputStream:75 - [STDERR_REDIRECT] 
2025-12-11 19:19:33,210 [ERROR] LogOutputStream:75 - [STDERR_REDIRECT] [Fatal Error] :1:1: Premature end of file.
2025-12-11 19:19:33,210 [ERROR] LogOutputStream:75 - [STDERR_REDIRECT] 
2025-12-11 19:19:33,252 [ERROR] LogOutputStream:75 - [STDERR_REDIRECT] [Fatal Error] :1:1: Premature end of file.
2025-12-11 19:19:33,252 [ERROR] LogOutputStream:75 - [STDERR_REDIRECT] 
2025-12-11 19:19:33,294 [ERROR] LogOutputStream:75 - [STDERR_REDIRECT] [Fatal Error] :1:1: Premature end of file.
2025-12-11 19:19:33,294 [ERROR] LogOutputStream:75 - [STDERR_REDIRECT] 
2025-12-11 19:19:33,341 [ERROR] LogOutputStream:75 - [STDERR_REDIRECT] [Fatal Error] :1:1: Premature end of file.
2025-12-11 19:19:33,341 [ERROR] LogOutputStream:75 - [STDERR_REDIRECT] 
2025-12-11 19:19:33,384 [ERROR] LogOutputStream:75 - [STDERR_REDIRECT] [Fatal Error] :1:1: Premature end of file.
2025-12-11 19:19:33,384 [ERROR] LogOutputStream:75 - [STDERR_REDIRECT] 
2025-12-11 19:19:33,425 [ERROR] LogOutputStream:75 - [STDERR_REDIRECT] [Fatal Error] :1:1: Premature end of file.
2025-12-11 19:19:33,425 [ERROR] LogOutputStream:75 - [STDERR_REDIRECT] 
2025-12-11 19:19:33,466 [ERROR] LogOutputStream:75 - [STDERR_REDIRECT] [Fatal Error] :1:1: Premature end of file.
2025-12-11 19:19:33,466 [ERROR] LogOutputStream:75 - [STDERR_REDIRECT] 
2025-12-11 19:19:33,507 [ERROR] LogOutputStream:75 - [STDERR_REDIRECT] [Fatal Error] :1:1: Premature end of file.
2025-12-11 19:19:33,507 [ERROR] LogOutputStream:75 - [STDERR_REDIRECT] 
2025-12-11 19:19:33,548 [ERROR] LogOutputStream:75 - [STDERR_REDIRECT] [Fatal Error] :1:1: Premature end of file.
2025-12-11 19:19:33,548 [ERROR] LogOutputStream:75 - [STDERR_REDIRECT] 
2025-12-11 19:19:33,590 [ERROR] LogOutputStream:75 - [STDERR_REDIRECT] [Fatal Error] :1:1: Premature end of file.
2025-12-11 19:19:33,590 [ERROR] LogOutputStream:75 - [STDERR_REDIRECT] 
2025-12-11 19:19:33,637 [ERROR] LogOutputStream:75 - [STDERR_REDIRECT] [Fatal Error] :1:1: Premature end of file.
2025-12-11 19:19:33,662 [ERROR] LogOutputStream:75 - [STDERR_REDIRECT] 
2025-12-11 19:19:33,704 [ERROR] LogOutputStream:75 - [STDERR_REDIRECT] [Fatal Error] :1:1: Premature end of file.
2025-12-11 19:19:33,704 [ERROR] LogOutputStream:75 - [STDERR_REDIRECT] 
2025-12-11 19:19:33,752 [ERROR] LogOutputStream:75 - [STDERR_REDIRECT] [Fatal Error] :1:1: Premature end of file.
2025-12-11 19:19:33,752 [ERROR] LogOutputStream:75 - [STDERR_REDIRECT] 
2025-12-11 19:19:33,794 [ERROR] LogOutputStream:75 - [STDERR_REDIRECT] [Fatal Error] :1:1: Premature end of file.
2025-12-11 19:19:33,794 [ERROR] LogOutputStream:75 - [STDERR_REDIRECT] 
2025-12-11 19:19:33,834 [ERROR] LogOutputStream:75 - [STDERR_REDIRECT] [Fatal Error] :1:1: Premature end of file.
2025-12-11 19:19:33,834 [ERROR] LogOutputStream:75 - [STDERR_REDIRECT] 
2025-12-11 19:19:33,877 [ERROR] LogOutputStream:75 - [STDERR_REDIRECT] [Fatal Error] :1:1: Premature end of file.
2025-12-11 19:19:33,877 [ERROR] LogOutputStream:75 - [STDERR_REDIRECT] 
2025-12-11 19:19:33,922 [ERROR] LogOutputStream:75 - [STDERR_REDIRECT] [Fatal Error] :1:1: Premature end of file.
2025-12-11 19:19:33,922 [ERROR] LogOutputStream:75 - [STDERR_REDIRECT] 
2025-12-11 19:19:33,966 [ERROR] LogOutputStream:75 - [STDERR_REDIRECT] [Fatal Error] :1:1: Premature end of file.
2025-12-11 19:19:33,966 [ERROR] LogOutputStream:75 - [STDERR_REDIRECT] 
2025-12-11 19:19:34,003 [ERROR] LogOutputStream:75 - [STDERR_REDIRECT] [Fatal Error] :1:1: Premature end of file.
2025-12-11 19:19:34,003 [ERROR] LogOutputStream:75 - [STDERR_REDIRECT] 
2025-12-11 19:19:34,046 [ERROR] LogOutputStream:75 - [STDERR_REDIRECT] [Fatal Error] :1:1: Premature end of file.
2025-12-11 19:19:34,046 [ERROR] LogOutputStream:75 - [STDERR_REDIRECT] 
2025-12-11 19:19:34,089 [ERROR] LogOutputStream:75 - [STDERR_REDIRECT] [Fatal Error] :1:1: Premature end of file.
2025-12-11 19:19:34,089 [ERROR] LogOutputStream:75 - [STDERR_REDIRECT] 
2025-12-11 19:19:34,134 [ERROR] LogOutputStream:75 - [STDERR_REDIRECT] [Fatal Error] :1:1: Premature end of file.
2025-12-11 19:19:34,134 [ERROR] LogOutputStream:75 - [STDERR_REDIRECT] 
2025-12-11 19:19:34,176 [ERROR] LogOutputStream:75 - [STDERR_REDIRECT] [Fatal Error] :1:1: Premature end of file.
2025-12-11 19:19:34,176 [ERROR] LogOutputStream:75 - [STDERR_REDIRECT] 
2025-12-11 19:19:34,218 [ERROR] LogOutputStream:75 - [STDERR_REDIRECT] [Fatal Error] :1:1: Premature end of file.
2025-12-11 19:19:34,218 [ERROR] LogOutputStream:75 - [STDERR_REDIRECT] 
2025-12-11 19:19:34,261 [ERROR] LogOutputStream:75 - [STDERR_REDIRECT] [Fatal Error] :1:1: Premature end of file.
2025-12-11 19:19:34,261 [ERROR] LogOutputStream:75 - [STDERR_REDIRECT] 
2025-12-11 19:19:34,300 [ERROR] LogOutputStream:75 - [STDERR_REDIRECT] [Fatal Error] :1:1: Premature end of file.
2025-12-11 19:19:34,300 [ERROR] LogOutputStream:75 - [STDERR_REDIRECT] 
2025-12-11 19:19:34,347 [ERROR] LogOutputStream:75 - [STDERR_REDIRECT] [Fatal Error] :1:1: Premature end of file.
2025-12-11 19:19:34,347 [ERROR] LogOutputStream:75 - [STDERR_REDIRECT] 
2025-12-11 19:19:34,388 [ERROR] LogOutputStream:75 - [STDERR_REDIRECT] [Fatal Error] :1:1: Premature end of file.
2025-12-11 19:19:34,388 [ERROR] LogOutputStream:75 - [STDERR_REDIRECT] 
2025-12-11 19:19:34,428 [ERROR] LogOutputStream:75 - [STDERR_REDIRECT] [Fatal Error] :1:1: Premature end of file.
2025-12-11 19:19:34,428 [ERROR] LogOutputStream:75 - [STDERR_REDIRECT] 
2025-12-11 19:19:34,469 [ERROR] LogOutputStream:75 - [STDERR_REDIRECT] [Fatal Error] :1:1: Premature end of file.
2025-12-11 19:19:34,469 [ERROR] LogOutputStream:75 - [STDERR_REDIRECT] 
2025-12-11 19:19:34,510 [ERROR] LogOutputStream:75 - [STDERR_REDIRECT] [Fatal Error] :1:1: Premature end of file.
2025-12-11 19:19:34,510 [ERROR] LogOutputStream:75 - [STDERR_REDIRECT] 
2025-12-11 19:19:34,559 [ERROR] LogOutputStream:75 - [STDERR_REDIRECT] [Fatal Error] :1:1: Premature end of file.
2025-12-11 19:19:34,559 [ERROR] LogOutputStream:75 - [STDERR_REDIRECT] 
2025-12-11 19:19:34,603 [ERROR] LogOutputStream:75 - [STDERR_REDIRECT] [Fatal Error] :1:1: Premature end of file.
2025-12-11 19:19:34,603 [ERROR] LogOutputStream:75 - [STDERR_REDIRECT] 
2025-12-11 19:19:34,644 [ERROR] LogOutputStream:75 - [STDERR_REDIRECT] [Fatal Error] :1:1: Premature end of file.
2025-12-11 19:19:34,644 [ERROR] LogOutputStream:75 - [STDERR_REDIRECT] 
2025-12-11 19:19:34,682 [ERROR] LogOutputStream:75 - [STDERR_REDIRECT] [Fatal Error] :1:1: Premature end of file.
2025-12-11 19:19:34,682 [ERROR] LogOutputStream:75 - [STDERR_REDIRECT] 
2025-12-11 19:19:34,722 [ERROR] LogOutputStream:75 - [STDERR_REDIRECT] [Fatal Error] :1:1: Premature end of file.
2025-12-11 19:19:34,722 [ERROR] LogOutputStream:75 - [STDERR_REDIRECT] 
2025-12-11 19:19:34,772 [ERROR] LogOutputStream:75 - [STDERR_REDIRECT] [Fatal Error] :1:1: Premature end of file.
2025-12-11 19:19:34,772 [ERROR] LogOutputStream:75 - [STDERR_REDIRECT] 
2025-12-11 19:19:34,813 [ERROR] LogOutputStream:75 - [STDERR_REDIRECT] [Fatal Error] :1:1: Premature end of file.
2025-12-11 19:19:34,813 [ERROR] LogOutputStream:75 - [STDERR_REDIRECT] 
2025-12-11 19:19:34,854 [ERROR] LogOutputStream:75 - [STDERR_REDIRECT] [Fatal Error] :1:1: Premature end of file.
2025-12-11 19:19:34,854 [ERROR] LogOutputStream:75 - [STDERR_REDIRECT] 
2025-12-11 19:19:34,895 [ERROR] LogOutputStream:75 - [STDERR_REDIRECT] [Fatal Error] :1:1: Premature end of file.
2025-12-11 19:19:34,895 [ERROR] LogOutputStream:75 - [STDERR_REDIRECT] 
2025-12-11 19:19:34,935 [ERROR] LogOutputStream:75 - [STDERR_REDIRECT] [Fatal Error] :1:1: Premature end of file.
2025-12-11 19:19:34,943 [ERROR] LogOutputStream:75 - [STDERR_REDIRECT] 
2025-12-11 19:19:34,984 [ERROR] LogOutputStream:75 - [STDERR_REDIRECT] [Fatal Error] :1:1: Premature end of file.
2025-12-11 19:19:34,984 [ERROR] LogOutputStream:75 - [STDERR_REDIRECT] 
2025-12-11 19:19:35,029 [ERROR] LogOutputStream:75 - [STDERR_REDIRECT] [Fatal Error] :1:1: Premature end of file.
2025-12-11 19:19:35,029 [ERROR] LogOutputStream:75 - [STDERR_REDIRECT] 
2025-12-11 19:19:35,067 [ERROR] LogOutputStream:75 - [STDERR_REDIRECT] [Fatal Error] :1:1: Premature end of file.
2025-12-11 19:19:35,067 [ERROR] LogOutputStream:75 - [STDERR_REDIRECT] 
2025-12-11 19:19:35,108 [ERROR] LogOutputStream:75 - [STDERR_REDIRECT] [Fatal Error] :1:1: Premature end of file.
2025-12-11 19:19:35,108 [ERROR] LogOutputStream:75 - [STDERR_REDIRECT] 
2025-12-11 19:19:35,150 [ERROR] LogOutputStream:75 - [STDERR_REDIRECT] [Fatal Error] :1:1: Premature end of file.
2025-12-11 19:19:35,150 [ERROR] LogOutputStream:75 - [STDERR_REDIRECT] 
2025-12-11 19:19:35,194 [ERROR] LogOutputStream:75 - [STDERR_REDIRECT] [Fatal Error] :1:1: Premature end of file.
2025-12-11 19:19:35,194 [ERROR] LogOutputStream:75 - [STDERR_REDIRECT] 
2025-12-11 19:19:35,239 [ERROR] LogOutputStream:75 - [STDERR_REDIRECT] [Fatal Error] :1:1: Premature end of file.
2025-12-11 19:19:35,239 [ERROR] LogOutputStream:75 - [STDERR_REDIRECT] 
2025-12-11 19:19:35,280 [ERROR] LogOutputStream:75 - [STDERR_REDIRECT] [Fatal Error] :1:1: Premature end of file.
2025-12-11 19:19:35,280 [ERROR] LogOutputStream:75 - [STDERR_REDIRECT] 
2025-12-11 19:19:35,323 [ERROR] LogOutputStream:75 - [STDERR_REDIRECT] [Fatal Error] :1:1: Premature end of file.
2025-12-11 19:19:35,323 [ERROR] LogOutputStream:75 - [STDERR_REDIRECT] 
2025-12-11 19:19:35,366 [ERROR] LogOutputStream:75 - [STDERR_REDIRECT] [Fatal Error] :1:1: Premature end of file.
2025-12-11 19:19:35,366 [ERROR] LogOutputStream:75 - [STDERR_REDIRECT] 
2025-12-11 19:19:35,409 [ERROR] LogOutputStream:75 - [STDERR_REDIRECT] [Fatal Error] :1:1: Premature end of file.
2025-12-11 19:19:35,409 [ERROR] LogOutputStream:75 - [STDERR_REDIRECT] 
2025-12-11 19:19:35,447 [ERROR] LogOutputStream:75 - [STDERR_REDIRECT] [Fatal Error] :1:1: Premature end of file.
2025-12-11 19:19:35,447 [ERROR] LogOutputStream:75 - [STDERR_REDIRECT] 
2025-12-11 19:19:35,493 [ERROR] LogOutputStream:75 - [STDERR_REDIRECT] [Fatal Error] :1:1: Premature end of file.
2025-12-11 19:19:35,493 [ERROR] LogOutputStream:75 - [STDERR_REDIRECT] 
2025-12-11 19:19:35,535 [ERROR] LogOutputStream:75 - [STDERR_REDIRECT] [Fatal Error] :1:1: Premature end of file.
2025-12-11 19:19:35,535 [ERROR] LogOutputStream:75 - [STDERR_REDIRECT] 
2025-12-11 19:19:35,576 [ERROR] LogOutputStream:75 - [STDERR_REDIRECT] [Fatal Error] :1:1: Premature end of file.
2025-12-11 19:19:35,576 [ERROR] LogOutputStream:75 - [STDERR_REDIRECT] 
2025-12-11 19:19:35,619 [ERROR] LogOutputStream:75 - [STDERR_REDIRECT] [Fatal Error] :1:1: Premature end of file.
2025-12-11 19:19:35,674 [ERROR] LogOutputStream:75 - [STDERR_REDIRECT] 
2025-12-11 19:19:35,716 [ERROR] LogOutputStream:75 - [STDERR_REDIRECT] [Fatal Error] :1:1: Premature end of file.
2025-12-11 19:19:35,716 [ERROR] LogOutputStream:75 - [STDERR_REDIRECT] 
2025-12-11 19:19:35,756 [ERROR] LogOutputStream:75 - [STDERR_REDIRECT] [Fatal Error] :1:1: Premature end of file.
2025-12-11 19:19:35,756 [ERROR] LogOutputStream:75 - [STDERR_REDIRECT] 
2025-12-11 19:19:35,798 [ERROR] LogOutputStream:75 - [STDERR_REDIRECT] [Fatal Error] :1:1: Premature end of file.
2025-12-11 19:19:35,798 [ERROR] LogOutputStream:75 - [STDERR_REDIRECT] 
2025-12-11 19:19:35,839 [ERROR] LogOutputStream:75 - [STDERR_REDIRECT] [Fatal Error] :1:1: Premature end of file.
2025-12-11 19:19:35,839 [ERROR] LogOutputStream:75 - [STDERR_REDIRECT] 
2025-12-11 19:19:35,883 [ERROR] LogOutputStream:75 - [STDERR_REDIRECT] [Fatal Error] :1:1: Premature end of file.
2025-12-11 19:19:35,883 [ERROR] LogOutputStream:75 - [STDERR_REDIRECT] 
2025-12-11 19:19:35,928 [ERROR] LogOutputStream:75 - [STDERR_REDIRECT] [Fatal Error] :1:1: Premature end of file.
2025-12-11 19:19:35,928 [ERROR] LogOutputStream:75 - [STDERR_REDIRECT] 
2025-12-11 19:19:35,970 [ERROR] LogOutputStream:75 - [STDERR_REDIRECT] [Fatal Error] :1:1: Premature end of file.
2025-12-11 19:19:35,970 [ERROR] LogOutputStream:75 - [STDERR_REDIRECT] 
2025-12-11 19:19:36,011 [ERROR] LogOutputStream:75 - [STDERR_REDIRECT] [Fatal Error] :1:1: Premature end of file.
2025-12-11 19:19:36,011 [ERROR] LogOutputStream:75 - [STDERR_REDIRECT] 
2025-12-11 19:19:36,052 [ERROR] LogOutputStream:75 - [STDERR_REDIRECT] [Fatal Error] :1:1: Premature end of file.
2025-12-11 19:19:36,052 [ERROR] LogOutputStream:75 - [STDERR_REDIRECT] 
2025-12-11 19:19:36,093 [ERROR] LogOutputStream:75 - [STDERR_REDIRECT] [Fatal Error] :1:1: Premature end of file.
2025-12-11 19:19:36,093 [ERROR] LogOutputStream:75 - [STDERR_REDIRECT] 
2025-12-11 19:19:36,134 [ERROR] LogOutputStream:75 - [STDERR_REDIRECT] [Fatal Error] :1:1: Premature end of file.
2025-12-11 19:19:36,134 [ERROR] LogOutputStream:75 - [STDERR_REDIRECT] 
2025-12-11 19:19:36,182 [ERROR] LogOutputStream:75 - [STDERR_REDIRECT] [Fatal Error] :1:1: Premature end of file.
2025-12-11 19:19:36,184 [ERROR] LogOutputStream:75 - [STDERR_REDIRECT] 
2025-12-11 19:19:36,225 [ERROR] LogOutputStream:75 - [STDERR_REDIRECT] [Fatal Error] :1:1: Premature end of file.
2025-12-11 19:19:36,225 [ERROR] LogOutputStream:75 - [STDERR_REDIRECT] 
2025-12-11 19:19:36,267 [ERROR] LogOutputStream:75 - [STDERR_REDIRECT] [Fatal Error] :1:1: Premature end of file.
2025-12-11 19:19:36,267 [ERROR] LogOutputStream:75 - [STDERR_REDIRECT] 
2025-12-11 19:19:36,306 [ERROR] LogOutputStream:75 - [STDERR_REDIRECT] [Fatal Error] :1:1: Premature end of file.
2025-12-11 19:19:36,306 [ERROR] LogOutputStream:75 - [STDERR_REDIRECT] 
2025-12-11 19:19:36,353 [ERROR] LogOutputStream:75 - [STDERR_REDIRECT] [Fatal Error] :1:1: Premature end of file.
2025-12-11 19:19:36,353 [ERROR] LogOutputStream:75 - [STDERR_REDIRECT] 
2025-12-11 19:19:36,396 [ERROR] LogOutputStream:75 - [STDERR_REDIRECT] [Fatal Error] :1:1: Premature end of file.
2025-12-11 19:19:36,396 [ERROR] LogOutputStream:75 - [STDERR_REDIRECT] 
2025-12-11 19:19:36,438 [ERROR] LogOutputStream:75 - [STDERR_REDIRECT] [Fatal Error] :1:1: Premature end of file.
2025-12-11 19:19:36,438 [ERROR] LogOutputStream:75 - [STDERR_REDIRECT] 
2025-12-11 19:19:36,479 [ERROR] LogOutputStream:75 - [STDERR_REDIRECT] [Fatal Error] :1:1: Premature end of file.
2025-12-11 19:19:36,479 [ERROR] LogOutputStream:75 - [STDERR_REDIRECT] 
2025-12-11 19:19:36,523 [ERROR] LogOutputStream:75 - [STDERR_REDIRECT] [Fatal Error] :1:1: Premature end of file.
2025-12-11 19:19:36,523 [ERROR] LogOutputStream:75 - [STDERR_REDIRECT] 
2025-12-11 19:19:36,564 [ERROR] LogOutputStream:75 - [STDERR_REDIRECT] [Fatal Error] :1:1: Premature end of file.
2025-12-11 19:19:36,564 [ERROR] LogOutputStream:75 - [STDERR_REDIRECT] 
2025-12-11 19:19:36,607 [ERROR] LogOutputStream:75 - [STDERR_REDIRECT] [Fatal Error] :1:1: Premature end of file.
2025-12-11 19:19:36,607 [ERROR] LogOutputStream:75 - [STDERR_REDIRECT] 
2025-12-11 19:19:36,651 [ERROR] LogOutputStream:75 - [STDERR_REDIRECT] [Fatal Error] :1:1: Premature end of file.
2025-12-11 19:19:36,651 [ERROR] LogOutputStream:75 - [STDERR_REDIRECT] 
2025-12-11 19:19:36,692 [ERROR] LogOutputStream:75 - [STDERR_REDIRECT] [Fatal Error] :1:1: Premature end of file.
2025-12-11 19:19:36,692 [ERROR] LogOutputStream:75 - [STDERR_REDIRECT] 
2025-12-11 19:19:36,733 [ERROR] LogOutputStream:75 - [STDERR_REDIRECT] [Fatal Error] :1:1: Premature end of file.
2025-12-11 19:19:36,733 [ERROR] LogOutputStream:75 - [STDERR_REDIRECT] 
2025-12-11 19:19:36,777 [ERROR] LogOutputStream:75 - [STDERR_REDIRECT] [Fatal Error] :1:1: Premature end of file.
2025-12-11 19:19:36,777 [ERROR] LogOutputStream:75 - [STDERR_REDIRECT] 
2025-12-11 19:19:36,817 [ERROR] LogOutputStream:75 - [STDERR_REDIRECT] [Fatal Error] :1:1: Premature end of file.
2025-12-11 19:19:36,817 [ERROR] LogOutputStream:75 - [STDERR_REDIRECT] 
2025-12-11 19:19:36,861 [ERROR] LogOutputStream:75 - [STDERR_REDIRECT] [Fatal Error] :1:1: Premature end of file.
2025-12-11 19:19:36,861 [ERROR] LogOutputStream:75 - [STDERR_REDIRECT] 
2025-12-11 19:19:36,905 [ERROR] LogOutputStream:75 - [STDERR_REDIRECT] [Fatal Error] :1:1: Premature end of file.
2025-12-11 19:19:36,905 [ERROR] LogOutputStream:75 - [STDERR_REDIRECT] 
2025-12-11 19:19:36,947 [ERROR] LogOutputStream:75 - [STDERR_REDIRECT] [Fatal Error] :1:1: Premature end of file.
2025-12-11 19:19:36,947 [ERROR] LogOutputStream:75 - [STDERR_REDIRECT] 
2025-12-11 19:19:36,988 [ERROR] LogOutputStream:75 - [STDERR_REDIRECT] [Fatal Error] :1:1: Premature end of file.
2025-12-11 19:19:36,988 [ERROR] LogOutputStream:75 - [STDERR_REDIRECT] 
2025-12-11 19:19:37,033 [ERROR] LogOutputStream:75 - [STDERR_REDIRECT] [Fatal Error] :1:1: Premature end of file.
2025-12-11 19:19:37,033 [ERROR] LogOutputStream:75 - [STDERR_REDIRECT] 
2025-12-11 19:19:37,073 [ERROR] LogOutputStream:75 - [STDERR_REDIRECT] [Fatal Error] :1:1: Premature end of file.
2025-12-11 19:19:37,073 [ERROR] LogOutputStream:75 - [STDERR_REDIRECT] 
2025-12-11 19:19:37,116 [ERROR] LogOutputStream:75 - [STDERR_REDIRECT] [Fatal Error] :1:1: Premature end of file.
2025-12-11 19:19:37,116 [ERROR] LogOutputStream:75 - [STDERR_REDIRECT] 
2025-12-11 19:19:37,161 [ERROR] LogOutputStream:75 - [STDERR_REDIRECT] [Fatal Error] :1:1: Premature end of file.
2025-12-11 19:19:37,161 [ERROR] LogOutputStream:75 - [STDERR_REDIRECT] 
2025-12-11 19:19:37,202 [ERROR] LogOutputStream:75 - [STDERR_REDIRECT] [Fatal Error] :1:1: Premature end of file.
2025-12-11 19:19:37,202 [ERROR] LogOutputStream:75 - [STDERR_REDIRECT] 
2025-12-11 19:19:37,243 [ERROR] LogOutputStream:75 - [STDERR_REDIRECT] [Fatal Error] :1:1: Premature end of file.
2025-12-11 19:19:37,243 [ERROR] LogOutputStream:75 - [STDERR_REDIRECT] 
2025-12-11 19:19:37,284 [ERROR] LogOutputStream:75 - [STDERR_REDIRECT] [Fatal Error] :1:1: Premature end of file.
2025-12-11 19:19:37,284 [ERROR] LogOutputStream:75 - [STDERR_REDIRECT] 
2025-12-11 19:19:37,330 [ERROR] LogOutputStream:75 - [STDERR_REDIRECT] [Fatal Error] :1:1: Premature end of file.
2025-12-11 19:19:37,330 [ERROR] LogOutputStream:75 - [STDERR_REDIRECT] 
2025-12-11 19:19:37,368 [ERROR] LogOutputStream:75 - [STDERR_REDIRECT] [Fatal Error] :1:1: Premature end of file.
2025-12-11 19:19:37,368 [ERROR] LogOutputStream:75 - [STDERR_REDIRECT] 
2025-12-11 19:19:37,410 [ERROR] LogOutputStream:75 - [STDERR_REDIRECT] [Fatal Error] :1:1: Premature end of file.
2025-12-11 19:19:37,410 [ERROR] LogOutputStream:75 - [STDERR_REDIRECT] 
2025-12-11 19:19:37,452 [ERROR] LogOutputStream:75 - [STDERR_REDIRECT] [Fatal Error] :1:1: Premature end of file.
2025-12-11 19:19:37,456 [ERROR] LogOutputStream:75 - [STDERR_REDIRECT] 
2025-12-11 19:19:37,497 [ERROR] LogOutputStream:75 - [STDERR_REDIRECT] [Fatal Error] :1:1: Premature end of file.
2025-12-11 19:19:37,497 [ERROR] LogOutputStream:75 - [STDERR_REDIRECT] 
2025-12-11 19:19:37,538 [ERROR] LogOutputStream:75 - [STDERR_REDIRECT] [Fatal Error] :1:1: Premature end of file.
2025-12-11 19:19:37,538 [ERROR] LogOutputStream:75 - [STDERR_REDIRECT] 
2025-12-11 19:19:37,579 [ERROR] LogOutputStream:75 - [STDERR_REDIRECT] [Fatal Error] :1:1: Premature end of file.
2025-12-11 19:19:37,579 [ERROR] LogOutputStream:75 - [STDERR_REDIRECT] 
2025-12-11 19:19:37,626 [ERROR] LogOutputStream:75 - [STDERR_REDIRECT] [Fatal Error] :1:1: Premature end of file.
2025-12-11 19:19:37,677 [ERROR] LogOutputStream:75 - [STDERR_REDIRECT] 
2025-12-11 19:19:37,727 [ERROR] LogOutputStream:75 - [STDERR_REDIRECT] [Fatal Error] :1:1: Premature end of file.
2025-12-11 19:19:37,727 [ERROR] LogOutputStream:75 - [STDERR_REDIRECT] 
2025-12-11 19:19:37,771 [ERROR] LogOutputStream:75 - [STDERR_REDIRECT] [Fatal Error] :1:1: Premature end of file.
2025-12-11 19:19:37,771 [ERROR] LogOutputStream:75 - [STDERR_REDIRECT] 
2025-12-11 19:19:37,817 [ERROR] LogOutputStream:75 - [STDERR_REDIRECT] [Fatal Error] :1:1: Premature end of file.
2025-12-11 19:19:37,817 [ERROR] LogOutputStream:75 - [STDERR_REDIRECT] 
2025-12-11 19:19:37,859 [ERROR] LogOutputStream:75 - [STDERR_REDIRECT] [Fatal Error] :1:1: Premature end of file.
2025-12-11 19:19:37,859 [ERROR] LogOutputStream:75 - [STDERR_REDIRECT] 
2025-12-11 19:19:37,899 [ERROR] LogOutputStream:75 - [STDERR_REDIRECT] [Fatal Error] :1:1: Premature end of file.
2025-12-11 19:19:37,899 [ERROR] LogOutputStream:75 - [STDERR_REDIRECT] 
2025-12-11 19:19:37,940 [ERROR] LogOutputStream:75 - [STDERR_REDIRECT] [Fatal Error] :1:1: Premature end of file.
2025-12-11 19:19:37,940 [ERROR] LogOutputStream:75 - [STDERR_REDIRECT] 
2025-12-11 19:19:37,989 [ERROR] LogOutputStream:75 - [STDERR_REDIRECT] [Fatal Error] :1:1: Premature end of file.
2025-12-11 19:19:37,989 [ERROR] LogOutputStream:75 - [STDERR_REDIRECT] 
2025-12-11 19:19:38,031 [ERROR] LogOutputStream:75 - [STDERR_REDIRECT] [Fatal Error] :1:1: Premature end of file.
2025-12-11 19:19:38,031 [ERROR] LogOutputStream:75 - [STDERR_REDIRECT] 
2025-12-11 19:19:38,072 [ERROR] LogOutputStream:75 - [STDERR_REDIRECT] [Fatal Error] :1:1: Premature end of file.
2025-12-11 19:19:38,072 [ERROR] LogOutputStream:75 - [STDERR_REDIRECT] 
2025-12-11 19:19:38,112 [ERROR] LogOutputStream:75 - [STDERR_REDIRECT] [Fatal Error] :1:1: Premature end of file.
2025-12-11 19:19:38,112 [ERROR] LogOutputStream:75 - [STDERR_REDIRECT] 
2025-12-11 19:19:38,155 [ERROR] LogOutputStream:75 - [STDERR_REDIRECT] [Fatal Error] :1:1: Premature end of file.
2025-12-11 19:19:38,155 [ERROR] LogOutputStream:75 - [STDERR_REDIRECT] 
2025-12-11 19:19:38,200 [ERROR] LogOutputStream:75 - [STDERR_REDIRECT] [Fatal Error] :1:1: Premature end of file.
2025-12-11 19:19:38,200 [ERROR] LogOutputStream:75 - [STDERR_REDIRECT] 
2025-12-11 19:19:38,242 [ERROR] LogOutputStream:75 - [STDERR_REDIRECT] [Fatal Error] :1:1: Premature end of file.
2025-12-11 19:19:38,244 [ERROR] LogOutputStream:75 - [STDERR_REDIRECT] 
2025-12-11 19:19:38,286 [ERROR] LogOutputStream:75 - [STDERR_REDIRECT] [Fatal Error] :1:1: Premature end of file.
2025-12-11 19:19:38,286 [ERROR] LogOutputStream:75 - [STDERR_REDIRECT] 
2025-12-11 19:19:38,327 [ERROR] LogOutputStream:75 - [STDERR_REDIRECT] [Fatal Error] :1:1: Premature end of file.
2025-12-11 19:19:38,327 [ERROR] LogOutputStream:75 - [STDERR_REDIRECT] 
2025-12-11 19:19:38,372 [ERROR] LogOutputStream:75 - [STDERR_REDIRECT] [Fatal Error] :1:1: Premature end of file.
2025-12-11 19:19:38,372 [ERROR] LogOutputStream:75 - [STDERR_REDIRECT] 
2025-12-11 19:19:38,409 [ERROR] LogOutputStream:75 - [STDERR_REDIRECT] [Fatal Error] :1:1: Premature end of file.
2025-12-11 19:19:38,409 [ERROR] LogOutputStream:75 - [STDERR_REDIRECT] 
2025-12-11 19:19:38,450 [ERROR] LogOutputStream:75 - [STDERR_REDIRECT] [Fatal Error] :1:1: Premature end of file.
2025-12-11 19:19:38,450 [ERROR] LogOutputStream:75 - [STDERR_REDIRECT] 
2025-12-11 19:19:38,492 [ERROR] LogOutputStream:75 - [STDERR_REDIRECT] [Fatal Error] :1:1: Premature end of file.
2025-12-11 19:19:38,492 [ERROR] LogOutputStream:75 - [STDERR_REDIRECT] 
2025-12-11 19:19:38,541 [ERROR] LogOutputStream:75 - [STDERR_REDIRECT] [Fatal Error] :1:1: Premature end of file.
2025-12-11 19:19:38,541 [ERROR] LogOutputStream:75 - [STDERR_REDIRECT] 
2025-12-11 19:19:38,584 [ERROR] LogOutputStream:75 - [STDERR_REDIRECT] [Fatal Error] :1:1: Premature end of file.
2025-12-11 19:19:38,584 [ERROR] LogOutputStream:75 - [STDERR_REDIRECT] 
2025-12-11 19:19:38,623 [ERROR] LogOutputStream:75 - [STDERR_REDIRECT] [Fatal Error] :1:1: Premature end of file.
2025-12-11 19:19:38,623 [ERROR] LogOutputStream:75 - [STDERR_REDIRECT] 
2025-12-11 19:19:38,663 [ERROR] LogOutputStream:75 - [STDERR_REDIRECT] [Fatal Error] :1:1: Premature end of file.
2025-12-11 19:19:38,663 [ERROR] LogOutputStream:75 - [STDERR_REDIRECT] 
2025-12-11 19:19:38,704 [ERROR] LogOutputStream:75 - [STDERR_REDIRECT] [Fatal Error] :1:1: Premature end of file.
2025-12-11 19:19:38,704 [ERROR] LogOutputStream:75 - [STDERR_REDIRECT] 
2025-12-11 19:19:38,746 [ERROR] LogOutputStream:75 - [STDERR_REDIRECT] [Fatal Error] :1:1: Premature end of file.
2025-12-11 19:19:38,754 [ERROR] LogOutputStream:75 - [STDERR_REDIRECT] 
2025-12-11 19:19:38,795 [ERROR] LogOutputStream:75 - [STDERR_REDIRECT] [Fatal Error] :1:1: Premature end of file.
2025-12-11 19:19:38,795 [ERROR] LogOutputStream:75 - [STDERR_REDIRECT] 
2025-12-11 19:19:38,836 [ERROR] LogOutputStream:75 - [STDERR_REDIRECT] [Fatal Error] :1:1: Premature end of file.
2025-12-11 19:19:38,836 [ERROR] LogOutputStream:75 - [STDERR_REDIRECT] 
2025-12-11 19:19:38,877 [ERROR] LogOutputStream:75 - [STDERR_REDIRECT] [Fatal Error] :1:1: Premature end of file.
2025-12-11 19:19:38,877 [ERROR] LogOutputStream:75 - [STDERR_REDIRECT] 
2025-12-11 19:19:38,918 [ERROR] LogOutputStream:75 - [STDERR_REDIRECT] [Fatal Error] :1:1: Premature end of file.
2025-12-11 19:19:38,918 [ERROR] LogOutputStream:75 - [STDERR_REDIRECT] 
2025-12-11 19:19:38,959 [ERROR] LogOutputStream:75 - [STDERR_REDIRECT] [Fatal Error] :1:1: Premature end of file.
2025-12-11 19:19:38,959 [ERROR] LogOutputStream:75 - [STDERR_REDIRECT] 
2025-12-11 19:19:39,000 [ERROR] LogOutputStream:75 - [STDERR_REDIRECT] [Fatal Error] :1:1: Premature end of file.
2025-12-11 19:19:39,000 [ERROR] LogOutputStream:75 - [STDERR_REDIRECT] 
2025-12-11 19:19:39,050 [ERROR] LogOutputStream:75 - [STDERR_REDIRECT] [Fatal Error] :1:1: Premature end of file.
2025-12-11 19:19:39,050 [ERROR] LogOutputStream:75 - [STDERR_REDIRECT] 
2025-12-11 19:19:39,091 [ERROR] LogOutputStream:75 - [STDERR_REDIRECT] [Fatal Error] :1:1: Premature end of file.
2025-12-11 19:19:39,091 [ERROR] LogOutputStream:75 - [STDERR_REDIRECT] 
2025-12-11 19:19:39,133 [ERROR] LogOutputStream:75 - [STDERR_REDIRECT] [Fatal Error] :1:1: Premature end of file.
2025-12-11 19:19:39,133 [ERROR] LogOutputStream:75 - [STDERR_REDIRECT] 
2025-12-11 19:19:39,176 [ERROR] LogOutputStream:75 - [STDERR_REDIRECT] [Fatal Error] :1:1: Premature end of file.
2025-12-11 19:19:39,176 [ERROR] LogOutputStream:75 - [STDERR_REDIRECT] 
2025-12-11 19:19:39,215 [ERROR] LogOutputStream:75 - [STDERR_REDIRECT] [Fatal Error] :1:1: Premature end of file.
2025-12-11 19:19:39,215 [ERROR] LogOutputStream:75 - [STDERR_REDIRECT] 
2025-12-11 19:19:39,259 [ERROR] LogOutputStream:75 - [STDERR_REDIRECT] [Fatal Error] :1:1: Premature end of file.
2025-12-11 19:19:39,263 [ERROR] LogOutputStream:75 - [STDERR_REDIRECT] 
2025-12-11 19:19:39,304 [ERROR] LogOutputStream:75 - [STDERR_REDIRECT] [Fatal Error] :1:1: Premature end of file.
2025-12-11 19:19:39,304 [ERROR] LogOutputStream:75 - [STDERR_REDIRECT] 
2025-12-11 19:19:39,345 [ERROR] LogOutputStream:75 - [STDERR_REDIRECT] [Fatal Error] :1:1: Premature end of file.
2025-12-11 19:19:39,345 [ERROR] LogOutputStream:75 - [STDERR_REDIRECT] 
2025-12-11 19:19:39,386 [ERROR] LogOutputStream:75 - [STDERR_REDIRECT] [Fatal Error] :1:1: Premature end of file.
2025-12-11 19:19:39,386 [ERROR] LogOutputStream:75 - [STDERR_REDIRECT] 
2025-12-11 19:19:39,438 [ERROR] LogOutputStream:75 - [STDERR_REDIRECT] [Fatal Error] :1:1: Premature end of file.
2025-12-11 19:19:39,438 [ERROR] LogOutputStream:75 - [STDERR_REDIRECT] 
2025-12-11 19:19:39,477 [ERROR] LogOutputStream:75 - [STDERR_REDIRECT] [Fatal Error] :1:1: Premature end of file.
2025-12-11 19:19:39,477 [ERROR] LogOutputStream:75 - [STDERR_REDIRECT] 
2025-12-11 19:19:39,521 [ERROR] LogOutputStream:75 - [STDERR_REDIRECT] [Fatal Error] :1:1: Premature end of file.
2025-12-11 19:19:39,521 [ERROR] LogOutputStream:75 - [STDERR_REDIRECT] 
2025-12-11 19:19:39,558 [ERROR] LogOutputStream:75 - [STDERR_REDIRECT] [Fatal Error] :1:1: Premature end of file.
2025-12-11 19:19:39,558 [ERROR] LogOutputStream:75 - [STDERR_REDIRECT] 
2025-12-11 19:19:39,607 [ERROR] LogOutputStream:75 - [STDERR_REDIRECT] [Fatal Error] :1:1: Premature end of file.
2025-12-11 19:19:39,608 [ERROR] LogOutputStream:75 - [STDERR_REDIRECT] 
2025-12-11 19:19:39,651 [ERROR] LogOutputStream:75 - [STDERR_REDIRECT] [Fatal Error] :1:1: Premature end of file.
2025-12-11 19:19:39,688 [ERROR] LogOutputStream:75 - [STDERR_REDIRECT] 
2025-12-11 19:19:39,731 [ERROR] LogOutputStream:75 - [STDERR_REDIRECT] [Fatal Error] :1:1: Premature end of file.
2025-12-11 19:19:39,731 [ERROR] LogOutputStream:75 - [STDERR_REDIRECT] 
2025-12-11 19:19:39,777 [ERROR] LogOutputStream:75 - [STDERR_REDIRECT] [Fatal Error] :1:1: Premature end of file.
2025-12-11 19:19:39,777 [ERROR] LogOutputStream:75 - [STDERR_REDIRECT] 
2025-12-11 19:19:39,816 [ERROR] LogOutputStream:75 - [STDERR_REDIRECT] [Fatal Error] :1:1: Premature end of file.
2025-12-11 19:19:39,816 [ERROR] LogOutputStream:75 - [STDERR_REDIRECT] 
2025-12-11 19:19:39,859 [ERROR] LogOutputStream:75 - [STDERR_REDIRECT] [Fatal Error] :1:1: Premature end of file.
2025-12-11 19:19:39,859 [ERROR] LogOutputStream:75 - [STDERR_REDIRECT] 
2025-12-11 19:19:39,905 [ERROR] LogOutputStream:75 - [STDERR_REDIRECT] [Fatal Error] :1:1: Premature end of file.
2025-12-11 19:19:39,905 [ERROR] LogOutputStream:75 - [STDERR_REDIRECT] 
2025-12-11 19:19:39,952 [ERROR] LogOutputStream:75 - [STDERR_REDIRECT] [Fatal Error] :1:1: Premature end of file.
2025-12-11 19:19:39,952 [ERROR] LogOutputStream:75 - [STDERR_REDIRECT] 
2025-12-11 19:19:39,996 [ERROR] LogOutputStream:75 - [STDERR_REDIRECT] [Fatal Error] :1:1: Premature end of file.
2025-12-11 19:19:39,996 [ERROR] LogOutputStream:75 - [STDERR_REDIRECT] 
2025-12-11 19:19:40,037 [ERROR] LogOutputStream:75 - [STDERR_REDIRECT] [Fatal Error] :1:1: Premature end of file.
2025-12-11 19:19:40,037 [ERROR] LogOutputStream:75 - [STDERR_REDIRECT] 
2025-12-11 19:19:40,087 [ERROR] LogOutputStream:75 - [STDERR_REDIRECT] [Fatal Error] :1:1: Premature end of file.
2025-12-11 19:19:40,087 [ERROR] LogOutputStream:75 - [STDERR_REDIRECT] 
2025-12-11 19:19:40,127 [ERROR] LogOutputStream:75 - [STDERR_REDIRECT] [Fatal Error] :1:1: Premature end of file.
2025-12-11 19:19:40,127 [ERROR] LogOutputStream:75 - [STDERR_REDIRECT] 
2025-12-11 19:19:40,168 [ERROR] LogOutputStream:75 - [STDERR_REDIRECT] [Fatal Error] :1:1: Premature end of file.
2025-12-11 19:19:40,168 [ERROR] LogOutputStream:75 - [STDERR_REDIRECT] 
2025-12-11 19:19:40,209 [ERROR] LogOutputStream:75 - [STDERR_REDIRECT] [Fatal Error] :1:1: Premature end of file.
2025-12-11 19:19:40,209 [ERROR] LogOutputStream:75 - [STDERR_REDIRECT] 
2025-12-11 19:19:40,250 [ERROR] LogOutputStream:75 - [STDERR_REDIRECT] [Fatal Error] :1:1: Premature end of file.
2025-12-11 19:19:40,250 [ERROR] LogOutputStream:75 - [STDERR_REDIRECT] 
2025-12-11 19:19:40,300 [ERROR] LogOutputStream:75 - [STDERR_REDIRECT] [Fatal Error] :1:1: Premature end of file.
2025-12-11 19:19:40,300 [ERROR] LogOutputStream:75 - [STDERR_REDIRECT] 
2025-12-11 19:19:40,340 [ERROR] LogOutputStream:75 - [STDERR_REDIRECT] [Fatal Error] :1:1: Premature end of file.
2025-12-11 19:19:40,340 [ERROR] LogOutputStream:75 - [STDERR_REDIRECT] 
2025-12-11 19:19:40,386 [ERROR] LogOutputStream:75 - [STDERR_REDIRECT] [Fatal Error] :1:1: Premature end of file.
2025-12-11 19:19:40,386 [ERROR] LogOutputStream:75 - [STDERR_REDIRECT] 
2025-12-11 19:19:40,431 [ERROR] LogOutputStream:75 - [STDERR_REDIRECT] [Fatal Error] :1:1: Premature end of file.
2025-12-11 19:19:40,431 [ERROR] LogOutputStream:75 - [STDERR_REDIRECT] 
2025-12-11 19:19:40,472 [ERROR] LogOutputStream:75 - [STDERR_REDIRECT] [Fatal Error] :1:1: Premature end of file.
2025-12-11 19:19:40,472 [ERROR] LogOutputStream:75 - [STDERR_REDIRECT] 
2025-12-11 19:19:40,513 [ERROR] LogOutputStream:75 - [STDERR_REDIRECT] [Fatal Error] :1:1: Premature end of file.
2025-12-11 19:19:40,513 [ERROR] LogOutputStream:75 - [STDERR_REDIRECT] 
2025-12-11 19:19:40,560 [ERROR] LogOutputStream:75 - [STDERR_REDIRECT] [Fatal Error] :1:1: Premature end of file.
2025-12-11 19:19:40,560 [ERROR] LogOutputStream:75 - [STDERR_REDIRECT] 
2025-12-11 19:19:40,603 [ERROR] LogOutputStream:75 - [STDERR_REDIRECT] [Fatal Error] :1:1: Premature end of file.
2025-12-11 19:19:40,603 [ERROR] LogOutputStream:75 - [STDERR_REDIRECT] 
2025-12-11 19:19:40,647 [ERROR] LogOutputStream:75 - [STDERR_REDIRECT] [Fatal Error] :1:1: Premature end of file.
2025-12-11 19:19:40,647 [ERROR] LogOutputStream:75 - [STDERR_REDIRECT] 
2025-12-11 19:19:40,690 [ERROR] LogOutputStream:75 - [STDERR_REDIRECT] [Fatal Error] :1:1: Premature end of file.
2025-12-11 19:19:40,690 [ERROR] LogOutputStream:75 - [STDERR_REDIRECT] 
2025-12-11 19:19:40,726 [ERROR] LogOutputStream:75 - [STDERR_REDIRECT] [Fatal Error] :1:1: Premature end of file.
2025-12-11 19:19:40,726 [ERROR] LogOutputStream:75 - [STDERR_REDIRECT] 
2025-12-11 19:19:40,778 [ERROR] LogOutputStream:75 - [STDERR_REDIRECT] [Fatal Error] :1:1: Premature end of file.
2025-12-11 19:19:40,778 [ERROR] LogOutputStream:75 - [STDERR_REDIRECT] 
2025-12-11 19:19:40,817 [ERROR] LogOutputStream:75 - [STDERR_REDIRECT] [Fatal Error] :1:1: Premature end of file.
2025-12-11 19:19:40,817 [ERROR] LogOutputStream:75 - [STDERR_REDIRECT] 
2025-12-11 19:19:40,858 [ERROR] LogOutputStream:75 - [STDERR_REDIRECT] [Fatal Error] :1:1: Premature end of file.
2025-12-11 19:19:40,858 [ERROR] LogOutputStream:75 - [STDERR_REDIRECT] 
2025-12-11 19:19:40,900 [ERROR] LogOutputStream:75 - [STDERR_REDIRECT] [Fatal Error] :1:1: Premature end of file.
2025-12-11 19:19:40,900 [ERROR] LogOutputStream:75 - [STDERR_REDIRECT] 
2025-12-11 19:19:40,941 [ERROR] LogOutputStream:75 - [STDERR_REDIRECT] [Fatal Error] :1:1: Premature end of file.
2025-12-11 19:19:40,941 [ERROR] LogOutputStream:75 - [STDERR_REDIRECT] 
2025-12-11 19:19:40,985 [ERROR] LogOutputStream:75 - [STDERR_REDIRECT] [Fatal Error] :1:1: Premature end of file.
2025-12-11 19:19:40,985 [ERROR] LogOutputStream:75 - [STDERR_REDIRECT] 
2025-12-11 19:19:41,035 [ERROR] LogOutputStream:75 - [STDERR_REDIRECT] [Fatal Error] :1:1: Premature end of file.
2025-12-11 19:19:41,035 [ERROR] LogOutputStream:75 - [STDERR_REDIRECT] 
2025-12-11 19:19:41,080 [ERROR] LogOutputStream:75 - [STDERR_REDIRECT] [Fatal Error] :1:1: Premature end of file.
2025-12-11 19:19:41,080 [ERROR] LogOutputStream:75 - [STDERR_REDIRECT] 
2025-12-11 19:19:41,122 [ERROR] LogOutputStream:75 - [STDERR_REDIRECT] [Fatal Error] :1:1: Premature end of file.
2025-12-11 19:19:41,122 [ERROR] LogOutputStream:75 - [STDERR_REDIRECT] 
2025-12-11 19:19:41,162 [ERROR] LogOutputStream:75 - [STDERR_REDIRECT] [Fatal Error] :1:1: Premature end of file.
2025-12-11 19:19:41,162 [ERROR] LogOutputStream:75 - [STDERR_REDIRECT] 
2025-12-11 19:19:41,205 [ERROR] LogOutputStream:75 - [STDERR_REDIRECT] [Fatal Error] :1:1: Premature end of file.
2025-12-11 19:19:41,205 [ERROR] LogOutputStream:75 - [STDERR_REDIRECT] 
2025-12-11 19:19:41,245 [ERROR] LogOutputStream:75 - [STDERR_REDIRECT] [Fatal Error] :1:1: Premature end of file.
2025-12-11 19:19:41,245 [ERROR] LogOutputStream:75 - [STDERR_REDIRECT] 
2025-12-11 19:19:41,289 [ERROR] LogOutputStream:75 - [STDERR_REDIRECT] [Fatal Error] :1:1: Premature end of file.
2025-12-11 19:19:41,289 [ERROR] LogOutputStream:75 - [STDERR_REDIRECT] 
2025-12-11 19:19:41,334 [ERROR] LogOutputStream:75 - [STDERR_REDIRECT] [Fatal Error] :1:1: Premature end of file.
2025-12-11 19:19:41,334 [ERROR] LogOutputStream:75 - [STDERR_REDIRECT] 
2025-12-11 19:19:41,378 [ERROR] LogOutputStream:75 - [STDERR_REDIRECT] [Fatal Error] :1:1: Premature end of file.
2025-12-11 19:19:41,378 [ERROR] LogOutputStream:75 - [STDERR_REDIRECT] 
2025-12-11 19:19:41,417 [ERROR] LogOutputStream:75 - [STDERR_REDIRECT] [Fatal Error] :1:1: Premature end of file.
2025-12-11 19:19:41,417 [ERROR] LogOutputStream:75 - [STDERR_REDIRECT] 
2025-12-11 19:19:41,456 [ERROR] LogOutputStream:75 - [STDERR_REDIRECT] [Fatal Error] :1:1: Premature end of file.
2025-12-11 19:19:41,456 [ERROR] LogOutputStream:75 - [STDERR_REDIRECT] 
2025-12-11 19:19:41,505 [ERROR] LogOutputStream:75 - [STDERR_REDIRECT] [Fatal Error] :1:1: Premature end of file.
2025-12-11 19:19:41,505 [ERROR] LogOutputStream:75 - [STDERR_REDIRECT] 
2025-12-11 19:19:41,545 [ERROR] LogOutputStream:75 - [STDERR_REDIRECT] [Fatal Error] :1:1: Premature end of file.
2025-12-11 19:19:41,545 [ERROR] LogOutputStream:75 - [STDERR_REDIRECT] 
2025-12-11 19:19:41,586 [ERROR] LogOutputStream:75 - [STDERR_REDIRECT] [Fatal Error] :1:1: Premature end of file.
2025-12-11 19:19:41,586 [ERROR] LogOutputStream:75 - [STDERR_REDIRECT] 
2025-12-11 19:19:41,635 [ERROR] LogOutputStream:75 - [STDERR_REDIRECT] [Fatal Error] :1:1: Premature end of file.
2025-12-11 19:19:41,635 [ERROR] LogOutputStream:75 - [STDERR_REDIRECT] 
2025-12-11 19:19:41,678 [ERROR] LogOutputStream:75 - [STDERR_REDIRECT] [Fatal Error] :1:1: Premature end of file.
2025-12-11 19:19:41,678 [ERROR] LogOutputStream:75 - [STDERR_REDIRECT] 
2025-12-11 19:19:41,718 [ERROR] LogOutputStream:75 - [STDERR_REDIRECT] [Fatal Error] :1:1: Premature end of file.
2025-12-11 19:19:41,718 [ERROR] LogOutputStream:75 - [STDERR_REDIRECT] 
2025-12-11 19:19:41,765 [ERROR] LogOutputStream:75 - [STDERR_REDIRECT] [Fatal Error] :1:1: Premature end of file.
2025-12-11 19:19:41,765 [ERROR] LogOutputStream:75 - [STDERR_REDIRECT] 
2025-12-11 19:19:41,807 [ERROR] LogOutputStream:75 - [STDERR_REDIRECT] [Fatal Error] :1:1: Premature end of file.
2025-12-11 19:19:41,807 [ERROR] LogOutputStream:75 - [STDERR_REDIRECT] 
2025-12-11 19:19:41,848 [ERROR] LogOutputStream:75 - [STDERR_REDIRECT] [Fatal Error] :1:1: Premature end of file.
2025-12-11 19:19:41,848 [ERROR] LogOutputStream:75 - [STDERR_REDIRECT] 
2025-12-11 19:19:41,893 [ERROR] LogOutputStream:75 - [STDERR_REDIRECT] [Fatal Error] :1:1: Premature end of file.
2025-12-11 19:19:41,893 [ERROR] LogOutputStream:75 - [STDERR_REDIRECT] 
2025-12-11 19:19:41,931 [ERROR] LogOutputStream:75 - [STDERR_REDIRECT] [Fatal Error] :1:1: Premature end of file.
2025-12-11 19:19:41,931 [ERROR] LogOutputStream:75 - [STDERR_REDIRECT] 
2025-12-11 19:19:41,971 [ERROR] LogOutputStream:75 - [STDERR_REDIRECT] [Fatal Error] :1:1: Premature end of file.
2025-12-11 19:19:41,978 [ERROR] LogOutputStream:75 - [STDERR_REDIRECT] 
2025-12-11 19:19:42,020 [ERROR] LogOutputStream:75 - [STDERR_REDIRECT] [Fatal Error] :1:1: Premature end of file.
2025-12-11 19:19:42,020 [ERROR] LogOutputStream:75 - [STDERR_REDIRECT] 
2025-12-11 19:19:42,062 [ERROR] LogOutputStream:75 - [STDERR_REDIRECT] [Fatal Error] :1:1: Premature end of file.
2025-12-11 19:19:42,062 [ERROR] LogOutputStream:75 - [STDERR_REDIRECT] 
2025-12-11 19:19:42,103 [ERROR] LogOutputStream:75 - [STDERR_REDIRECT] [Fatal Error] :1:1: Premature end of file.
2025-12-11 19:19:42,103 [ERROR] LogOutputStream:75 - [STDERR_REDIRECT] 
2025-12-11 19:19:42,149 [ERROR] LogOutputStream:75 - [STDERR_REDIRECT] [Fatal Error] :1:1: Premature end of file.
2025-12-11 19:19:42,149 [ERROR] LogOutputStream:75 - [STDERR_REDIRECT] 
2025-12-11 19:19:42,185 [ERROR] LogOutputStream:75 - [STDERR_REDIRECT] [Fatal Error] :1:1: Premature end of file.
2025-12-11 19:19:42,185 [ERROR] LogOutputStream:75 - [STDERR_REDIRECT] 
2025-12-11 19:19:42,234 [ERROR] LogOutputStream:75 - [STDERR_REDIRECT] [Fatal Error] :1:1: Premature end of file.
2025-12-11 19:19:42,234 [ERROR] LogOutputStream:75 - [STDERR_REDIRECT] 
2025-12-11 19:19:42,267 [ERROR] LogOutputStream:75 - [STDERR_REDIRECT] [Fatal Error] :1:1: Premature end of file.
2025-12-11 19:19:42,267 [ERROR] LogOutputStream:75 - [STDERR_REDIRECT] 
2025-12-11 19:19:42,316 [ERROR] LogOutputStream:75 - [STDERR_REDIRECT] [Fatal Error] :1:1: Premature end of file.
2025-12-11 19:19:42,316 [ERROR] LogOutputStream:75 - [STDERR_REDIRECT] 
2025-12-11 19:19:42,357 [ERROR] LogOutputStream:75 - [STDERR_REDIRECT] [Fatal Error] :1:1: Premature end of file.
2025-12-11 19:19:42,357 [ERROR] LogOutputStream:75 - [STDERR_REDIRECT] 
2025-12-11 19:19:42,398 [ERROR] LogOutputStream:75 - [STDERR_REDIRECT] [Fatal Error] :1:1: Premature end of file.
2025-12-11 19:19:42,398 [ERROR] LogOutputStream:75 - [STDERR_REDIRECT] 
2025-12-11 19:19:42,439 [ERROR] LogOutputStream:75 - [STDERR_REDIRECT] [Fatal Error] :1:1: Premature end of file.
2025-12-11 19:19:42,439 [ERROR] LogOutputStream:75 - [STDERR_REDIRECT] 
2025-12-11 19:19:42,480 [ERROR] LogOutputStream:75 - [STDERR_REDIRECT] [Fatal Error] :1:1: Premature end of file.
2025-12-11 19:19:42,480 [ERROR] LogOutputStream:75 - [STDERR_REDIRECT] 
2025-12-11 19:19:42,529 [ERROR] LogOutputStream:75 - [STDERR_REDIRECT] [Fatal Error] :1:1: Premature end of file.
2025-12-11 19:19:42,529 [ERROR] LogOutputStream:75 - [STDERR_REDIRECT] 
2025-12-11 19:19:42,570 [ERROR] LogOutputStream:75 - [STDERR_REDIRECT] [Fatal Error] :1:1: Premature end of file.
2025-12-11 19:19:42,570 [ERROR] LogOutputStream:75 - [STDERR_REDIRECT] 
2025-12-11 19:19:42,611 [ERROR] LogOutputStream:75 - [STDERR_REDIRECT] [Fatal Error] :1:1: Premature end of file.
2025-12-11 19:19:42,611 [ERROR] LogOutputStream:75 - [STDERR_REDIRECT] 
2025-12-11 19:19:42,653 [ERROR] LogOutputStream:75 - [STDERR_REDIRECT] [Fatal Error] :1:1: Premature end of file.
2025-12-11 19:19:42,653 [ERROR] LogOutputStream:75 - [STDERR_REDIRECT] 
2025-12-11 19:19:42,698 [ERROR] LogOutputStream:75 - [STDERR_REDIRECT] [Fatal Error] :1:1: Premature end of file.
2025-12-11 19:19:42,698 [ERROR] LogOutputStream:75 - [STDERR_REDIRECT] 
2025-12-11 19:19:42,793 [ERROR] LogOutputStream:75 - [STDERR_REDIRECT] [Fatal Error] :1:1: Premature end of file.
2025-12-11 19:19:42,793 [ERROR] LogOutputStream:75 - [STDERR_REDIRECT] 
2025-12-11 19:19:42,833 [ERROR] LogOutputStream:75 - [STDERR_REDIRECT] [Fatal Error] :1:1: Premature end of file.
2025-12-11 19:19:42,833 [ERROR] LogOutputStream:75 - [STDERR_REDIRECT] 
2025-12-11 19:19:42,881 [ERROR] LogOutputStream:75 - [STDERR_REDIRECT] [Fatal Error] :1:1: Premature end of file.
2025-12-11 19:19:42,881 [ERROR] LogOutputStream:75 - [STDERR_REDIRECT] 
2025-12-11 19:19:42,924 [ERROR] LogOutputStream:75 - [STDERR_REDIRECT] [Fatal Error] :1:1: Premature end of file.
2025-12-11 19:19:42,924 [ERROR] LogOutputStream:75 - [STDERR_REDIRECT] 
2025-12-11 19:19:42,966 [ERROR] LogOutputStream:75 - [STDERR_REDIRECT] [Fatal Error] :1:1: Premature end of file.
2025-12-11 19:19:42,966 [ERROR] LogOutputStream:75 - [STDERR_REDIRECT] 
2025-12-11 19:19:43,006 [ERROR] LogOutputStream:75 - [STDERR_REDIRECT] [Fatal Error] :1:1: Premature end of file.
2025-12-11 19:19:43,006 [ERROR] LogOutputStream:75 - [STDERR_REDIRECT] 
2025-12-11 19:19:43,048 [ERROR] LogOutputStream:75 - [STDERR_REDIRECT] [Fatal Error] :1:1: Premature end of file.
2025-12-11 19:19:43,048 [ERROR] LogOutputStream:75 - [STDERR_REDIRECT] 
2025-12-11 19:19:43,089 [ERROR] LogOutputStream:75 - [STDERR_REDIRECT] [Fatal Error] :1:1: Premature end of file.
2025-12-11 19:19:43,089 [ERROR] LogOutputStream:75 - [STDERR_REDIRECT] 
2025-12-11 19:19:43,129 [ERROR] LogOutputStream:75 - [STDERR_REDIRECT] [Fatal Error] :1:1: Premature end of file.
2025-12-11 19:19:43,129 [ERROR] LogOutputStream:75 - [STDERR_REDIRECT] 
2025-12-11 19:19:43,171 [ERROR] LogOutputStream:75 - [STDERR_REDIRECT] [Fatal Error] :1:1: Premature end of file.
2025-12-11 19:19:43,171 [ERROR] LogOutputStream:75 - [STDERR_REDIRECT] 
2025-12-11 19:19:43,219 [ERROR] LogOutputStream:75 - [STDERR_REDIRECT] [Fatal Error] :1:1: Premature end of file.
2025-12-11 19:19:43,219 [ERROR] LogOutputStream:75 - [STDERR_REDIRECT] 
2025-12-11 19:19:43,263 [ERROR] LogOutputStream:75 - [STDERR_REDIRECT] [Fatal Error] :1:1: Premature end of file.
2025-12-11 19:19:43,263 [ERROR] LogOutputStream:75 - [STDERR_REDIRECT] 
2025-12-11 19:19:43,302 [ERROR] LogOutputStream:75 - [STDERR_REDIRECT] [Fatal Error] :1:1: Premature end of file.
2025-12-11 19:19:43,302 [ERROR] LogOutputStream:75 - [STDERR_REDIRECT] 
2025-12-11 19:19:43,343 [ERROR] LogOutputStream:75 - [STDERR_REDIRECT] [Fatal Error] :1:1: Premature end of file.
2025-12-11 19:19:43,343 [ERROR] LogOutputStream:75 - [STDERR_REDIRECT] 
2025-12-11 19:19:43,385 [ERROR] LogOutputStream:75 - [STDERR_REDIRECT] [Fatal Error] :1:1: Premature end of file.
2025-12-11 19:19:43,385 [ERROR] LogOutputStream:75 - [STDERR_REDIRECT] 
2025-12-11 19:19:43,425 [ERROR] LogOutputStream:75 - [STDERR_REDIRECT] [Fatal Error] :1:1: Premature end of file.
2025-12-11 19:19:43,425 [ERROR] LogOutputStream:75 - [STDERR_REDIRECT] 
2025-12-11 19:19:43,474 [ERROR] LogOutputStream:75 - [STDERR_REDIRECT] [Fatal Error] :1:1: Premature end of file.
2025-12-11 19:19:43,474 [ERROR] LogOutputStream:75 - [STDERR_REDIRECT] 
2025-12-11 19:19:43,515 [ERROR] LogOutputStream:75 - [STDERR_REDIRECT] [Fatal Error] :1:1: Premature end of file.
2025-12-11 19:19:43,515 [ERROR] LogOutputStream:75 - [STDERR_REDIRECT] 
2025-12-11 19:19:43,556 [ERROR] LogOutputStream:75 - [STDERR_REDIRECT] [Fatal Error] :1:1: Premature end of file.
2025-12-11 19:19:43,556 [ERROR] LogOutputStream:75 - [STDERR_REDIRECT] 
2025-12-11 19:19:43,596 [ERROR] LogOutputStream:75 - [STDERR_REDIRECT] [Fatal Error] :1:1: Premature end of file.
2025-12-11 19:19:43,596 [ERROR] LogOutputStream:75 - [STDERR_REDIRECT] 
2025-12-11 19:19:43,645 [ERROR] LogOutputStream:75 - [STDERR_REDIRECT] [Fatal Error] :1:1: Premature end of file.
2025-12-11 19:19:43,701 [ERROR] LogOutputStream:75 - [STDERR_REDIRECT] 
2025-12-11 19:19:43,746 [ERROR] LogOutputStream:75 - [STDERR_REDIRECT] [Fatal Error] :1:1: Premature end of file.
2025-12-11 19:19:43,746 [ERROR] LogOutputStream:75 - [STDERR_REDIRECT] 
2025-12-11 19:19:43,794 [ERROR] LogOutputStream:75 - [STDERR_REDIRECT] [Fatal Error] :1:1: Premature end of file.
2025-12-11 19:19:43,794 [ERROR] LogOutputStream:75 - [STDERR_REDIRECT] 
2025-12-11 19:19:43,834 [ERROR] LogOutputStream:75 - [STDERR_REDIRECT] [Fatal Error] :1:1: Premature end of file.
2025-12-11 19:19:43,834 [ERROR] LogOutputStream:75 - [STDERR_REDIRECT] 
2025-12-11 19:19:43,879 [ERROR] LogOutputStream:75 - [STDERR_REDIRECT] [Fatal Error] :1:1: Premature end of file.
2025-12-11 19:19:43,879 [ERROR] LogOutputStream:75 - [STDERR_REDIRECT] 
2025-12-11 19:19:43,919 [ERROR] LogOutputStream:75 - [STDERR_REDIRECT] [Fatal Error] :1:1: Premature end of file.
2025-12-11 19:19:43,919 [ERROR] LogOutputStream:75 - [STDERR_REDIRECT] 
2025-12-11 19:19:43,964 [ERROR] LogOutputStream:75 - [STDERR_REDIRECT] [Fatal Error] :1:1: Premature end of file.
2025-12-11 19:19:43,964 [ERROR] LogOutputStream:75 - [STDERR_REDIRECT] 
2025-12-11 19:19:44,004 [ERROR] LogOutputStream:75 - [STDERR_REDIRECT] [Fatal Error] :1:1: Premature end of file.
2025-12-11 19:19:44,004 [ERROR] LogOutputStream:75 - [STDERR_REDIRECT] 
2025-12-11 19:19:44,054 [ERROR] LogOutputStream:75 - [STDERR_REDIRECT] [Fatal Error] :1:1: Premature end of file.
2025-12-11 19:19:44,054 [ERROR] LogOutputStream:75 - [STDERR_REDIRECT] 
2025-12-11 19:19:44,095 [ERROR] LogOutputStream:75 - [STDERR_REDIRECT] [Fatal Error] :1:1: Premature end of file.
2025-12-11 19:19:44,095 [ERROR] LogOutputStream:75 - [STDERR_REDIRECT] 
2025-12-11 19:19:44,143 [ERROR] LogOutputStream:75 - [STDERR_REDIRECT] [Fatal Error] :1:1: Premature end of file.
2025-12-11 19:19:44,143 [ERROR] LogOutputStream:75 - [STDERR_REDIRECT] 
2025-12-11 19:19:44,185 [ERROR] LogOutputStream:75 - [STDERR_REDIRECT] [Fatal Error] :1:1: Premature end of file.
2025-12-11 19:19:44,185 [ERROR] LogOutputStream:75 - [STDERR_REDIRECT] 
2025-12-11 19:19:44,226 [ERROR] LogOutputStream:75 - [STDERR_REDIRECT] [Fatal Error] :1:1: Premature end of file.
2025-12-11 19:19:44,226 [ERROR] LogOutputStream:75 - [STDERR_REDIRECT] 
2025-12-11 19:19:44,269 [ERROR] LogOutputStream:75 - [STDERR_REDIRECT] [Fatal Error] :1:1: Premature end of file.
2025-12-11 19:19:44,269 [ERROR] LogOutputStream:75 - [STDERR_REDIRECT] 
2025-12-11 19:19:44,308 [ERROR] LogOutputStream:75 - [STDERR_REDIRECT] [Fatal Error] :1:1: Premature end of file.
2025-12-11 19:19:44,308 [ERROR] LogOutputStream:75 - [STDERR_REDIRECT] 
2025-12-11 19:19:44,357 [ERROR] LogOutputStream:75 - [STDERR_REDIRECT] [Fatal Error] :1:1: Premature end of file.
2025-12-11 19:19:44,357 [ERROR] LogOutputStream:75 - [STDERR_REDIRECT] 
2025-12-11 19:19:44,398 [ERROR] LogOutputStream:75 - [STDERR_REDIRECT] [Fatal Error] :1:1: Premature end of file.
2025-12-11 19:19:44,398 [ERROR] LogOutputStream:75 - [STDERR_REDIRECT] 
2025-12-11 19:19:44,439 [ERROR] LogOutputStream:75 - [STDERR_REDIRECT] [Fatal Error] :1:1: Premature end of file.
2025-12-11 19:19:44,439 [ERROR] LogOutputStream:75 - [STDERR_REDIRECT] 
2025-12-11 19:19:44,480 [ERROR] LogOutputStream:75 - [STDERR_REDIRECT] [Fatal Error] :1:1: Premature end of file.
2025-12-11 19:19:44,480 [ERROR] LogOutputStream:75 - [STDERR_REDIRECT] 
2025-12-11 19:19:44,530 [ERROR] LogOutputStream:75 - [STDERR_REDIRECT] [Fatal Error] :1:1: Premature end of file.
2025-12-11 19:19:44,530 [ERROR] LogOutputStream:75 - [STDERR_REDIRECT] 
2025-12-11 19:19:44,570 [ERROR] LogOutputStream:75 - [STDERR_REDIRECT] [Fatal Error] :1:1: Premature end of file.
2025-12-11 19:19:44,570 [ERROR] LogOutputStream:75 - [STDERR_REDIRECT] 
2025-12-11 19:19:44,611 [ERROR] LogOutputStream:75 - [STDERR_REDIRECT] [Fatal Error] :1:1: Premature end of file.
2025-12-11 19:19:44,611 [ERROR] LogOutputStream:75 - [STDERR_REDIRECT] 
2025-12-11 19:19:44,656 [ERROR] LogOutputStream:75 - [STDERR_REDIRECT] [Fatal Error] :1:1: Premature end of file.
2025-12-11 19:19:44,656 [ERROR] LogOutputStream:75 - [STDERR_REDIRECT] 
2025-12-11 19:19:44,702 [ERROR] LogOutputStream:75 - [STDERR_REDIRECT] [Fatal Error] :1:1: Premature end of file.
2025-12-11 19:19:44,702 [ERROR] LogOutputStream:75 - [STDERR_REDIRECT] 
2025-12-11 19:19:44,743 [ERROR] LogOutputStream:75 - [STDERR_REDIRECT] [Fatal Error] :1:1: Premature end of file.
2025-12-11 19:19:44,743 [ERROR] LogOutputStream:75 - [STDERR_REDIRECT] 
2025-12-11 19:19:44,786 [ERROR] LogOutputStream:75 - [STDERR_REDIRECT] [Fatal Error] :1:1: Premature end of file.
2025-12-11 19:19:44,786 [ERROR] LogOutputStream:75 - [STDERR_REDIRECT] 
2025-12-11 19:19:44,836 [ERROR] LogOutputStream:75 - [STDERR_REDIRECT] [Fatal Error] :1:1: Premature end of file.
2025-12-11 19:19:44,836 [ERROR] LogOutputStream:75 - [STDERR_REDIRECT] 
2025-12-11 19:19:44,875 [ERROR] LogOutputStream:75 - [STDERR_REDIRECT] [Fatal Error] :1:1: Premature end of file.
2025-12-11 19:19:44,875 [ERROR] LogOutputStream:75 - [STDERR_REDIRECT] 
2025-12-11 19:19:44,915 [ERROR] LogOutputStream:75 - [STDERR_REDIRECT] [Fatal Error] :1:1: Premature end of file.
2025-12-11 19:19:44,915 [ERROR] LogOutputStream:75 - [STDERR_REDIRECT] 
2025-12-11 19:19:44,964 [ERROR] LogOutputStream:75 - [STDERR_REDIRECT] [Fatal Error] :1:1: Premature end of file.
2025-12-11 19:19:44,964 [ERROR] LogOutputStream:75 - [STDERR_REDIRECT] 
2025-12-11 19:19:45,005 [ERROR] LogOutputStream:75 - [STDERR_REDIRECT] [Fatal Error] :1:1: Premature end of file.
2025-12-11 19:19:45,005 [ERROR] LogOutputStream:75 - [STDERR_REDIRECT] 
2025-12-11 19:19:45,054 [ERROR] LogOutputStream:75 - [STDERR_REDIRECT] [Fatal Error] :1:1: Premature end of file.
2025-12-11 19:19:45,054 [ERROR] LogOutputStream:75 - [STDERR_REDIRECT] 
2025-12-11 19:19:45,100 [ERROR] LogOutputStream:75 - [STDERR_REDIRECT] [Fatal Error] :1:1: Premature end of file.
2025-12-11 19:19:45,100 [ERROR] LogOutputStream:75 - [STDERR_REDIRECT] 
2025-12-11 19:19:45,144 [ERROR] LogOutputStream:75 - [STDERR_REDIRECT] [Fatal Error] :1:1: Premature end of file.
2025-12-11 19:19:45,144 [ERROR] LogOutputStream:75 - [STDERR_REDIRECT] 
2025-12-11 19:19:45,187 [ERROR] LogOutputStream:75 - [STDERR_REDIRECT] [Fatal Error] :1:1: Premature end of file.
2025-12-11 19:19:45,187 [ERROR] LogOutputStream:75 - [STDERR_REDIRECT] 
2025-12-11 19:19:45,228 [ERROR] LogOutputStream:75 - [STDERR_REDIRECT] [Fatal Error] :1:1: Premature end of file.
2025-12-11 19:19:45,228 [ERROR] LogOutputStream:75 - [STDERR_REDIRECT] 
2025-12-11 19:19:45,273 [ERROR] LogOutputStream:75 - [STDERR_REDIRECT] [Fatal Error] :1:1: Premature end of file.
2025-12-11 19:19:45,273 [ERROR] LogOutputStream:75 - [STDERR_REDIRECT] 
2025-12-11 19:19:45,315 [ERROR] LogOutputStream:75 - [STDERR_REDIRECT] [Fatal Error] :1:1: Premature end of file.
2025-12-11 19:19:45,315 [ERROR] LogOutputStream:75 - [STDERR_REDIRECT] 
2025-12-11 19:19:45,360 [ERROR] LogOutputStream:75 - [STDERR_REDIRECT] [Fatal Error] :1:1: Premature end of file.
2025-12-11 19:19:45,360 [ERROR] LogOutputStream:75 - [STDERR_REDIRECT] 
2025-12-11 19:19:45,399 [ERROR] LogOutputStream:75 - [STDERR_REDIRECT] [Fatal Error] :1:1: Premature end of file.
2025-12-11 19:19:45,399 [ERROR] LogOutputStream:75 - [STDERR_REDIRECT] 
2025-12-11 19:19:45,437 [ERROR] LogOutputStream:75 - [STDERR_REDIRECT] [Fatal Error] :1:1: Premature end of file.
2025-12-11 19:19:45,437 [ERROR] LogOutputStream:75 - [STDERR_REDIRECT] 
2025-12-11 19:19:45,486 [ERROR] LogOutputStream:75 - [STDERR_REDIRECT] [Fatal Error] :1:1: Premature end of file.
2025-12-11 19:19:45,486 [ERROR] LogOutputStream:75 - [STDERR_REDIRECT] 
2025-12-11 19:19:45,527 [ERROR] LogOutputStream:75 - [STDERR_REDIRECT] [Fatal Error] :1:1: Premature end of file.
2025-12-11 19:19:45,527 [ERROR] LogOutputStream:75 - [STDERR_REDIRECT] 
2025-12-11 19:19:45,568 [ERROR] LogOutputStream:75 - [STDERR_REDIRECT] [Fatal Error] :1:1: Premature end of file.
2025-12-11 19:19:45,568 [ERROR] LogOutputStream:75 - [STDERR_REDIRECT] 
2025-12-11 19:19:45,612 [ERROR] LogOutputStream:75 - [STDERR_REDIRECT] [Fatal Error] :1:1: Premature end of file.
2025-12-11 19:19:45,612 [ERROR] LogOutputStream:75 - [STDERR_REDIRECT] 
2025-12-11 19:19:45,656 [ERROR] LogOutputStream:75 - [STDERR_REDIRECT] [Fatal Error] :1:1: Premature end of file.
2025-12-11 19:19:45,713 [ERROR] LogOutputStream:75 - [STDERR_REDIRECT] 
2025-12-11 19:19:45,761 [ERROR] LogOutputStream:75 - [STDERR_REDIRECT] [Fatal Error] :1:1: Premature end of file.
2025-12-11 19:19:45,761 [ERROR] LogOutputStream:75 - [STDERR_REDIRECT] 
2025-12-11 19:19:45,807 [ERROR] LogOutputStream:75 - [STDERR_REDIRECT] [Fatal Error] :1:1: Premature end of file.
2025-12-11 19:19:45,807 [ERROR] LogOutputStream:75 - [STDERR_REDIRECT] 
2025-12-11 19:19:45,855 [ERROR] LogOutputStream:75 - [STDERR_REDIRECT] [Fatal Error] :1:1: Premature end of file.
2025-12-11 19:19:45,855 [ERROR] LogOutputStream:75 - [STDERR_REDIRECT] 
2025-12-11 19:19:45,897 [ERROR] LogOutputStream:75 - [STDERR_REDIRECT] [Fatal Error] :1:1: Premature end of file.
2025-12-11 19:19:45,897 [ERROR] LogOutputStream:75 - [STDERR_REDIRECT] 
2025-12-11 19:19:45,937 [ERROR] LogOutputStream:75 - [STDERR_REDIRECT] [Fatal Error] :1:1: Premature end of file.
2025-12-11 19:19:45,937 [ERROR] LogOutputStream:75 - [STDERR_REDIRECT] 
2025-12-11 19:19:45,981 [ERROR] LogOutputStream:75 - [STDERR_REDIRECT] [Fatal Error] :1:1: Premature end of file.
2025-12-11 19:19:45,981 [ERROR] LogOutputStream:75 - [STDERR_REDIRECT] 
2025-12-11 19:19:46,033 [ERROR] LogOutputStream:75 - [STDERR_REDIRECT] [Fatal Error] :1:1: Premature end of file.
2025-12-11 19:19:46,033 [ERROR] LogOutputStream:75 - [STDERR_REDIRECT] 
2025-12-11 19:19:46,074 [ERROR] LogOutputStream:75 - [STDERR_REDIRECT] [Fatal Error] :1:1: Premature end of file.
2025-12-11 19:19:46,074 [ERROR] LogOutputStream:75 - [STDERR_REDIRECT] 
2025-12-11 19:19:46,117 [ERROR] LogOutputStream:75 - [STDERR_REDIRECT] [Fatal Error] :1:1: Premature end of file.
2025-12-11 19:19:46,117 [ERROR] LogOutputStream:75 - [STDERR_REDIRECT] 
2025-12-11 19:19:46,158 [ERROR] LogOutputStream:75 - [STDERR_REDIRECT] [Fatal Error] :1:1: Premature end of file.
2025-12-11 19:19:46,158 [ERROR] LogOutputStream:75 - [STDERR_REDIRECT] 
2025-12-11 19:19:46,199 [ERROR] LogOutputStream:75 - [STDERR_REDIRECT] [Fatal Error] :1:1: Premature end of file.
2025-12-11 19:19:46,199 [ERROR] LogOutputStream:75 - [STDERR_REDIRECT] 
2025-12-11 19:19:46,239 [ERROR] LogOutputStream:75 - [STDERR_REDIRECT] [Fatal Error] :1:1: Premature end of file.
2025-12-11 19:19:46,239 [ERROR] LogOutputStream:75 - [STDERR_REDIRECT] 
2025-12-11 19:19:46,281 [ERROR] LogOutputStream:75 - [STDERR_REDIRECT] [Fatal Error] :1:1: Premature end of file.
2025-12-11 19:19:46,281 [ERROR] LogOutputStream:75 - [STDERR_REDIRECT] 
2025-12-11 19:19:46,322 [ERROR] LogOutputStream:75 - [STDERR_REDIRECT] [Fatal Error] :1:1: Premature end of file.
2025-12-11 19:19:46,322 [ERROR] LogOutputStream:75 - [STDERR_REDIRECT] 
2025-12-11 19:19:46,371 [ERROR] LogOutputStream:75 - [STDERR_REDIRECT] [Fatal Error] :1:1: Premature end of file.
2025-12-11 19:19:46,371 [ERROR] LogOutputStream:75 - [STDERR_REDIRECT] 
2025-12-11 19:19:46,412 [ERROR] LogOutputStream:75 - [STDERR_REDIRECT] [Fatal Error] :1:1: Premature end of file.
2025-12-11 19:19:46,412 [ERROR] LogOutputStream:75 - [STDERR_REDIRECT] 
2025-12-11 19:19:46,453 [ERROR] LogOutputStream:75 - [STDERR_REDIRECT] [Fatal Error] :1:1: Premature end of file.
2025-12-11 19:19:46,453 [ERROR] LogOutputStream:75 - [STDERR_REDIRECT] 
2025-12-11 19:19:46,495 [ERROR] LogOutputStream:75 - [STDERR_REDIRECT] [Fatal Error] :1:1: Premature end of file.
2025-12-11 19:19:46,495 [ERROR] LogOutputStream:75 - [STDERR_REDIRECT] 
2025-12-11 19:19:46,538 [ERROR] LogOutputStream:75 - [STDERR_REDIRECT] [Fatal Error] :1:1: Premature end of file.
2025-12-11 19:19:46,538 [ERROR] LogOutputStream:75 - [STDERR_REDIRECT] 
2025-12-11 19:19:46,584 [ERROR] LogOutputStream:75 - [STDERR_REDIRECT] [Fatal Error] :1:1: Premature end of file.
2025-12-11 19:19:46,584 [ERROR] LogOutputStream:75 - [STDERR_REDIRECT] 
2025-12-11 19:19:46,625 [ERROR] LogOutputStream:75 - [STDERR_REDIRECT] [Fatal Error] :1:1: Premature end of file.
2025-12-11 19:19:46,625 [ERROR] LogOutputStream:75 - [STDERR_REDIRECT] 
2025-12-11 19:19:46,666 [ERROR] LogOutputStream:75 - [STDERR_REDIRECT] [Fatal Error] :1:1: Premature end of file.
2025-12-11 19:19:46,666 [ERROR] LogOutputStream:75 - [STDERR_REDIRECT] 
2025-12-11 19:19:46,707 [ERROR] LogOutputStream:75 - [STDERR_REDIRECT] [Fatal Error] :1:1: Premature end of file.
2025-12-11 19:19:46,707 [ERROR] LogOutputStream:75 - [STDERR_REDIRECT] 
2025-12-11 19:19:46,747 [ERROR] LogOutputStream:75 - [STDERR_REDIRECT] [Fatal Error] :1:1: Premature end of file.
2025-12-11 19:19:46,747 [ERROR] LogOutputStream:75 - [STDERR_REDIRECT] 
2025-12-11 19:19:46,796 [ERROR] LogOutputStream:75 - [STDERR_REDIRECT] [Fatal Error] :1:1: Premature end of file.
2025-12-11 19:19:46,796 [ERROR] LogOutputStream:75 - [STDERR_REDIRECT] 
2025-12-11 19:19:46,837 [ERROR] LogOutputStream:75 - [STDERR_REDIRECT] [Fatal Error] :1:1: Premature end of file.
2025-12-11 19:19:46,837 [ERROR] LogOutputStream:75 - [STDERR_REDIRECT] 
2025-12-11 19:19:46,879 [ERROR] LogOutputStream:75 - [STDERR_REDIRECT] [Fatal Error] :1:1: Premature end of file.
2025-12-11 19:19:46,879 [ERROR] LogOutputStream:75 - [STDERR_REDIRECT] 
2025-12-11 19:19:46,919 [ERROR] LogOutputStream:75 - [STDERR_REDIRECT] [Fatal Error] :1:1: Premature end of file.
2025-12-11 19:19:46,919 [ERROR] LogOutputStream:75 - [STDERR_REDIRECT] 
2025-12-11 19:19:46,961 [ERROR] LogOutputStream:75 - [STDERR_REDIRECT] [Fatal Error] :1:1: Premature end of file.
2025-12-11 19:19:46,961 [ERROR] LogOutputStream:75 - [STDERR_REDIRECT] 
2025-12-11 19:19:47,000 [ERROR] LogOutputStream:75 - [STDERR_REDIRECT] [Fatal Error] :1:1: Premature end of file.
2025-12-11 19:19:47,000 [ERROR] LogOutputStream:75 - [STDERR_REDIRECT] 
2025-12-11 19:19:47,051 [ERROR] LogOutputStream:75 - [STDERR_REDIRECT] [Fatal Error] :1:1: Premature end of file.
2025-12-11 19:19:47,051 [ERROR] LogOutputStream:75 - [STDERR_REDIRECT] 
2025-12-11 19:19:47,091 [ERROR] LogOutputStream:75 - [STDERR_REDIRECT] [Fatal Error] :1:1: Premature end of file.
2025-12-11 19:19:47,091 [ERROR] LogOutputStream:75 - [STDERR_REDIRECT] 
2025-12-11 19:19:47,132 [ERROR] LogOutputStream:75 - [STDERR_REDIRECT] [Fatal Error] :1:1: Premature end of file.
2025-12-11 19:19:47,132 [ERROR] LogOutputStream:75 - [STDERR_REDIRECT] 
2025-12-11 19:19:47,173 [ERROR] LogOutputStream:75 - [STDERR_REDIRECT] [Fatal Error] :1:1: Premature end of file.
2025-12-11 19:19:47,173 [ERROR] LogOutputStream:75 - [STDERR_REDIRECT] 
2025-12-11 19:19:47,224 [ERROR] LogOutputStream:75 - [STDERR_REDIRECT] [Fatal Error] :1:1: Premature end of file.
2025-12-11 19:19:47,224 [ERROR] LogOutputStream:75 - [STDERR_REDIRECT] 
2025-12-11 19:19:47,264 [ERROR] LogOutputStream:75 - [STDERR_REDIRECT] [Fatal Error] :1:1: Premature end of file.
2025-12-11 19:19:47,264 [ERROR] LogOutputStream:75 - [STDERR_REDIRECT] 
2025-12-11 19:19:47,310 [ERROR] LogOutputStream:75 - [STDERR_REDIRECT] [Fatal Error] :1:1: Premature end of file.
2025-12-11 19:19:47,310 [ERROR] LogOutputStream:75 - [STDERR_REDIRECT] 
2025-12-11 19:19:47,352 [ERROR] LogOutputStream:75 - [STDERR_REDIRECT] [Fatal Error] :1:1: Premature end of file.
2025-12-11 19:19:47,352 [ERROR] LogOutputStream:75 - [STDERR_REDIRECT] 
2025-12-11 19:19:47,392 [ERROR] LogOutputStream:75 - [STDERR_REDIRECT] [Fatal Error] :1:1: Premature end of file.
2025-12-11 19:19:47,392 [ERROR] LogOutputStream:75 - [STDERR_REDIRECT] 
2025-12-11 19:19:47,433 [ERROR] LogOutputStream:75 - [STDERR_REDIRECT] [Fatal Error] :1:1: Premature end of file.
2025-12-11 19:19:47,433 [ERROR] LogOutputStream:75 - [STDERR_REDIRECT] 
2025-12-11 19:19:47,474 [ERROR] LogOutputStream:75 - [STDERR_REDIRECT] [Fatal Error] :1:1: Premature end of file.
2025-12-11 19:19:47,474 [ERROR] LogOutputStream:75 - [STDERR_REDIRECT] 
2025-12-11 19:19:47,522 [ERROR] LogOutputStream:75 - [STDERR_REDIRECT] [Fatal Error] :1:1: Premature end of file.
2025-12-11 19:19:47,522 [ERROR] LogOutputStream:75 - [STDERR_REDIRECT] 
2025-12-11 19:19:47,563 [ERROR] LogOutputStream:75 - [STDERR_REDIRECT] [Fatal Error] :1:1: Premature end of file.
2025-12-11 19:19:47,563 [ERROR] LogOutputStream:75 - [STDERR_REDIRECT] 
2025-12-11 19:19:47,605 [ERROR] LogOutputStream:75 - [STDERR_REDIRECT] [Fatal Error] :1:1: Premature end of file.
2025-12-11 19:19:47,605 [ERROR] LogOutputStream:75 - [STDERR_REDIRECT] 
2025-12-11 19:19:47,645 [ERROR] LogOutputStream:75 - [STDERR_REDIRECT] [Fatal Error] :1:1: Premature end of file.
2025-12-11 19:19:47,645 [ERROR] LogOutputStream:75 - [STDERR_REDIRECT] 
2025-12-11 19:19:47,694 [ERROR] LogOutputStream:75 - [STDERR_REDIRECT] [Fatal Error] :1:1: Premature end of file.
2025-12-11 19:19:47,713 [ERROR] LogOutputStream:75 - [STDERR_REDIRECT] 
2025-12-11 19:19:47,762 [ERROR] LogOutputStream:75 - [STDERR_REDIRECT] [Fatal Error] :1:1: Premature end of file.
2025-12-11 19:19:47,762 [ERROR] LogOutputStream:75 - [STDERR_REDIRECT] 
2025-12-11 19:19:47,804 [ERROR] LogOutputStream:75 - [STDERR_REDIRECT] [Fatal Error] :1:1: Premature end of file.
2025-12-11 19:19:47,804 [ERROR] LogOutputStream:75 - [STDERR_REDIRECT] 
2025-12-11 19:19:47,849 [ERROR] LogOutputStream:75 - [STDERR_REDIRECT] [Fatal Error] :1:1: Premature end of file.
2025-12-11 19:19:47,849 [ERROR] LogOutputStream:75 - [STDERR_REDIRECT] 
2025-12-11 19:19:47,887 [ERROR] LogOutputStream:75 - [STDERR_REDIRECT] [Fatal Error] :1:1: Premature end of file.
2025-12-11 19:19:47,887 [ERROR] LogOutputStream:75 - [STDERR_REDIRECT] 
2025-12-11 19:19:47,935 [ERROR] LogOutputStream:75 - [STDERR_REDIRECT] [Fatal Error] :1:1: Premature end of file.
2025-12-11 19:19:47,935 [ERROR] LogOutputStream:75 - [STDERR_REDIRECT] 
2025-12-11 19:19:47,976 [ERROR] LogOutputStream:75 - [STDERR_REDIRECT] [Fatal Error] :1:1: Premature end of file.
2025-12-11 19:19:47,976 [ERROR] LogOutputStream:75 - [STDERR_REDIRECT] 
2025-12-11 19:19:48,017 [ERROR] LogOutputStream:75 - [STDERR_REDIRECT] [Fatal Error] :1:1: Premature end of file.
2025-12-11 19:19:48,017 [ERROR] LogOutputStream:75 - [STDERR_REDIRECT] 
2025-12-11 19:19:48,059 [ERROR] LogOutputStream:75 - [STDERR_REDIRECT] [Fatal Error] :1:1: Premature end of file.
2025-12-11 19:19:48,059 [ERROR] LogOutputStream:75 - [STDERR_REDIRECT] 
2025-12-11 19:19:48,100 [ERROR] LogOutputStream:75 - [STDERR_REDIRECT] [Fatal Error] :1:1: Premature end of file.
2025-12-11 19:19:48,100 [ERROR] LogOutputStream:75 - [STDERR_REDIRECT] 
2025-12-11 19:19:48,147 [ERROR] LogOutputStream:75 - [STDERR_REDIRECT] [Fatal Error] :1:1: Premature end of file.
2025-12-11 19:19:48,147 [ERROR] LogOutputStream:75 - [STDERR_REDIRECT] 
2025-12-11 19:19:48,188 [ERROR] LogOutputStream:75 - [STDERR_REDIRECT] [Fatal Error] :1:1: Premature end of file.
2025-12-11 19:19:48,188 [ERROR] LogOutputStream:75 - [STDERR_REDIRECT] 
2025-12-11 19:19:48,230 [ERROR] LogOutputStream:75 - [STDERR_REDIRECT] [Fatal Error] :1:1: Premature end of file.
2025-12-11 19:19:48,230 [ERROR] LogOutputStream:75 - [STDERR_REDIRECT] 
2025-12-11 19:19:48,273 [ERROR] LogOutputStream:75 - [STDERR_REDIRECT] [Fatal Error] :1:1: Premature end of file.
2025-12-11 19:19:48,273 [ERROR] LogOutputStream:75 - [STDERR_REDIRECT] 
2025-12-11 19:19:48,311 [ERROR] LogOutputStream:75 - [STDERR_REDIRECT] [Fatal Error] :1:1: Premature end of file.
2025-12-11 19:19:48,311 [ERROR] LogOutputStream:75 - [STDERR_REDIRECT] 
2025-12-11 19:19:48,360 [ERROR] LogOutputStream:75 - [STDERR_REDIRECT] [Fatal Error] :1:1: Premature end of file.
2025-12-11 19:19:48,360 [ERROR] LogOutputStream:75 - [STDERR_REDIRECT] 
2025-12-11 19:19:48,400 [ERROR] LogOutputStream:75 - [STDERR_REDIRECT] [Fatal Error] :1:1: Premature end of file.
2025-12-11 19:19:48,400 [ERROR] LogOutputStream:75 - [STDERR_REDIRECT] 
2025-12-11 19:19:48,444 [ERROR] LogOutputStream:75 - [STDERR_REDIRECT] [Fatal Error] :1:1: Premature end of file.
2025-12-11 19:19:48,444 [ERROR] LogOutputStream:75 - [STDERR_REDIRECT] 
2025-12-11 19:19:48,482 [ERROR] LogOutputStream:75 - [STDERR_REDIRECT] [Fatal Error] :1:1: Premature end of file.
2025-12-11 19:19:48,482 [ERROR] LogOutputStream:75 - [STDERR_REDIRECT] 
2025-12-11 19:19:48,528 [ERROR] LogOutputStream:75 - [STDERR_REDIRECT] [Fatal Error] :1:1: Premature end of file.
2025-12-11 19:19:48,528 [ERROR] LogOutputStream:75 - [STDERR_REDIRECT] 
2025-12-11 19:19:48,572 [ERROR] LogOutputStream:75 - [STDERR_REDIRECT] [Fatal Error] :1:1: Premature end of file.
2025-12-11 19:19:48,572 [ERROR] LogOutputStream:75 - [STDERR_REDIRECT] 
2025-12-11 19:19:48,613 [ERROR] LogOutputStream:75 - [STDERR_REDIRECT] [Fatal Error] :1:1: Premature end of file.
2025-12-11 19:19:48,613 [ERROR] LogOutputStream:75 - [STDERR_REDIRECT] 
2025-12-11 19:19:48,653 [ERROR] LogOutputStream:75 - [STDERR_REDIRECT] [Fatal Error] :1:1: Premature end of file.
2025-12-11 19:19:48,653 [ERROR] LogOutputStream:75 - [STDERR_REDIRECT] 
2025-12-11 19:19:48,695 [ERROR] LogOutputStream:75 - [STDERR_REDIRECT] [Fatal Error] :1:1: Premature end of file.
2025-12-11 19:19:48,695 [ERROR] LogOutputStream:75 - [STDERR_REDIRECT] 
2025-12-11 19:19:48,741 [ERROR] LogOutputStream:75 - [STDERR_REDIRECT] [Fatal Error] :1:1: Premature end of file.
2025-12-11 19:19:48,741 [ERROR] LogOutputStream:75 - [STDERR_REDIRECT] 
2025-12-11 19:19:48,782 [ERROR] LogOutputStream:75 - [STDERR_REDIRECT] [Fatal Error] :1:1: Premature end of file.
2025-12-11 19:19:48,782 [ERROR] LogOutputStream:75 - [STDERR_REDIRECT] 
2025-12-11 19:19:48,824 [ERROR] LogOutputStream:75 - [STDERR_REDIRECT] [Fatal Error] :1:1: Premature end of file.
2025-12-11 19:19:48,824 [ERROR] LogOutputStream:75 - [STDERR_REDIRECT] 
2025-12-11 19:19:48,869 [ERROR] LogOutputStream:75 - [STDERR_REDIRECT] [Fatal Error] :1:1: Premature end of file.
2025-12-11 19:19:48,869 [ERROR] LogOutputStream:75 - [STDERR_REDIRECT] 
2025-12-11 19:19:48,906 [ERROR] LogOutputStream:75 - [STDERR_REDIRECT] [Fatal Error] :1:1: Premature end of file.
2025-12-11 19:19:48,906 [ERROR] LogOutputStream:75 - [STDERR_REDIRECT] 
2025-12-11 19:19:48,954 [ERROR] LogOutputStream:75 - [STDERR_REDIRECT] [Fatal Error] :1:1: Premature end of file.
2025-12-11 19:19:48,954 [ERROR] LogOutputStream:75 - [STDERR_REDIRECT] 
2025-12-11 19:19:48,994 [ERROR] LogOutputStream:75 - [STDERR_REDIRECT] [Fatal Error] :1:1: Premature end of file.
2025-12-11 19:19:48,994 [ERROR] LogOutputStream:75 - [STDERR_REDIRECT] 
2025-12-11 19:19:49,035 [ERROR] LogOutputStream:75 - [STDERR_REDIRECT] [Fatal Error] :1:1: Premature end of file.
2025-12-11 19:19:49,035 [ERROR] LogOutputStream:75 - [STDERR_REDIRECT] 
2025-12-11 19:19:49,077 [ERROR] LogOutputStream:75 - [STDERR_REDIRECT] [Fatal Error] :1:1: Premature end of file.
2025-12-11 19:19:49,077 [ERROR] LogOutputStream:75 - [STDERR_REDIRECT] 
2025-12-11 19:19:49,123 [ERROR] LogOutputStream:75 - [STDERR_REDIRECT] [Fatal Error] :1:1: Premature end of file.
2025-12-11 19:19:49,123 [ERROR] LogOutputStream:75 - [STDERR_REDIRECT] 
2025-12-11 19:19:49,159 [ERROR] LogOutputStream:75 - [STDERR_REDIRECT] [Fatal Error] :1:1: Premature end of file.
2025-12-11 19:19:49,159 [ERROR] LogOutputStream:75 - [STDERR_REDIRECT] 
2025-12-11 19:19:49,207 [ERROR] LogOutputStream:75 - [STDERR_REDIRECT] [Fatal Error] :1:1: Premature end of file.
2025-12-11 19:19:49,207 [ERROR] LogOutputStream:75 - [STDERR_REDIRECT] 
2025-12-11 19:19:49,249 [ERROR] LogOutputStream:75 - [STDERR_REDIRECT] [Fatal Error] :1:1: Premature end of file.
2025-12-11 19:19:49,249 [ERROR] LogOutputStream:75 - [STDERR_REDIRECT] 
2025-12-11 19:19:49,290 [ERROR] LogOutputStream:75 - [STDERR_REDIRECT] [Fatal Error] :1:1: Premature end of file.
2025-12-11 19:19:49,290 [ERROR] LogOutputStream:75 - [STDERR_REDIRECT] 
2025-12-11 19:19:49,330 [ERROR] LogOutputStream:75 - [STDERR_REDIRECT] [Fatal Error] :1:1: Premature end of file.
2025-12-11 19:19:49,330 [ERROR] LogOutputStream:75 - [STDERR_REDIRECT] 
2025-12-11 19:19:49,373 [ERROR] LogOutputStream:75 - [STDERR_REDIRECT] [Fatal Error] :1:1: Premature end of file.
2025-12-11 19:19:49,373 [ERROR] LogOutputStream:75 - [STDERR_REDIRECT] 
2025-12-11 19:19:49,420 [ERROR] LogOutputStream:75 - [STDERR_REDIRECT] [Fatal Error] :1:1: Premature end of file.
2025-12-11 19:19:49,421 [ERROR] LogOutputStream:75 - [STDERR_REDIRECT] 
2025-12-11 19:19:49,462 [ERROR] LogOutputStream:75 - [STDERR_REDIRECT] [Fatal Error] :1:1: Premature end of file.
2025-12-11 19:19:49,462 [ERROR] LogOutputStream:75 - [STDERR_REDIRECT] 
2025-12-11 19:19:49,766 [ERROR] LogOutputStream:75 - [STDERR_REDIRECT] [Fatal Error] :1:1: Premature end of file.
2025-12-11 19:19:49,766 [ERROR] LogOutputStream:75 - [STDERR_REDIRECT] 
2025-12-11 19:19:49,830 [ERROR] LogOutputStream:75 - [STDERR_REDIRECT] [Fatal Error] :1:1: Premature end of file.
2025-12-11 19:19:49,831 [ERROR] LogOutputStream:75 - [STDERR_REDIRECT] 
2025-12-11 19:19:49,878 [ERROR] LogOutputStream:75 - [STDERR_REDIRECT] [Fatal Error] :1:1: Premature end of file.
2025-12-11 19:19:49,881 [ERROR] LogOutputStream:75 - [STDERR_REDIRECT] 
2025-12-11 19:19:49,927 [ERROR] LogOutputStream:75 - [STDERR_REDIRECT] [Fatal Error] :1:1: Premature end of file.
2025-12-11 19:19:49,927 [ERROR] LogOutputStream:75 - [STDERR_REDIRECT] 
2025-12-11 19:19:49,969 [ERROR] LogOutputStream:75 - [STDERR_REDIRECT] [Fatal Error] :1:1: Premature end of file.
2025-12-11 19:19:49,969 [ERROR] LogOutputStream:75 - [STDERR_REDIRECT] 
2025-12-11 19:19:50,010 [ERROR] LogOutputStream:75 - [STDERR_REDIRECT] [Fatal Error] :1:1: Premature end of file.
2025-12-11 19:19:50,010 [ERROR] LogOutputStream:75 - [STDERR_REDIRECT] 
2025-12-11 19:19:50,051 [ERROR] LogOutputStream:75 - [STDERR_REDIRECT] [Fatal Error] :1:1: Premature end of file.
2025-12-11 19:19:50,051 [ERROR] LogOutputStream:75 - [STDERR_REDIRECT] 
2025-12-11 19:19:50,093 [ERROR] LogOutputStream:75 - [STDERR_REDIRECT] [Fatal Error] :1:1: Premature end of file.
2025-12-11 19:19:50,093 [ERROR] LogOutputStream:75 - [STDERR_REDIRECT] 
2025-12-11 19:19:50,134 [ERROR] LogOutputStream:75 - [STDERR_REDIRECT] [Fatal Error] :1:1: Premature end of file.
2025-12-11 19:19:50,134 [ERROR] LogOutputStream:75 - [STDERR_REDIRECT] 
2025-12-11 19:19:50,178 [ERROR] LogOutputStream:75 - [STDERR_REDIRECT] [Fatal Error] :1:1: Premature end of file.
2025-12-11 19:19:50,178 [ERROR] LogOutputStream:75 - [STDERR_REDIRECT] 
2025-12-11 19:19:50,217 [ERROR] LogOutputStream:75 - [STDERR_REDIRECT] [Fatal Error] :1:1: Premature end of file.
2025-12-11 19:19:50,217 [ERROR] LogOutputStream:75 - [STDERR_REDIRECT] 
2025-12-11 19:19:50,258 [ERROR] LogOutputStream:75 - [STDERR_REDIRECT] [Fatal Error] :1:1: Premature end of file.
2025-12-11 19:19:50,258 [ERROR] LogOutputStream:75 - [STDERR_REDIRECT] 
2025-12-11 19:19:50,300 [ERROR] LogOutputStream:75 - [STDERR_REDIRECT] [Fatal Error] :1:1: Premature end of file.
2025-12-11 19:19:50,300 [ERROR] LogOutputStream:75 - [STDERR_REDIRECT] 
2025-12-11 19:19:50,341 [ERROR] LogOutputStream:75 - [STDERR_REDIRECT] [Fatal Error] :1:1: Premature end of file.
2025-12-11 19:19:50,341 [ERROR] LogOutputStream:75 - [STDERR_REDIRECT] 
2025-12-11 19:19:50,384 [ERROR] LogOutputStream:75 - [STDERR_REDIRECT] [Fatal Error] :1:1: Premature end of file.
2025-12-11 19:19:50,384 [ERROR] LogOutputStream:75 - [STDERR_REDIRECT] 
2025-12-11 19:19:50,423 [ERROR] LogOutputStream:75 - [STDERR_REDIRECT] [Fatal Error] :1:1: Premature end of file.
2025-12-11 19:19:50,423 [ERROR] LogOutputStream:75 - [STDERR_REDIRECT] 
2025-12-11 19:19:50,472 [ERROR] LogOutputStream:75 - [STDERR_REDIRECT] [Fatal Error] :1:1: Premature end of file.
2025-12-11 19:19:50,472 [ERROR] LogOutputStream:75 - [STDERR_REDIRECT] 
2025-12-11 19:19:50,513 [ERROR] LogOutputStream:75 - [STDERR_REDIRECT] [Fatal Error] :1:1: Premature end of file.
2025-12-11 19:19:50,513 [ERROR] LogOutputStream:75 - [STDERR_REDIRECT] 
2025-12-11 19:19:50,554 [ERROR] LogOutputStream:75 - [STDERR_REDIRECT] [Fatal Error] :1:1: Premature end of file.
2025-12-11 19:19:50,554 [ERROR] LogOutputStream:75 - [STDERR_REDIRECT] 
2025-12-11 19:19:50,595 [ERROR] LogOutputStream:75 - [STDERR_REDIRECT] [Fatal Error] :1:1: Premature end of file.
2025-12-11 19:19:50,603 [ERROR] LogOutputStream:75 - [STDERR_REDIRECT] 
2025-12-11 19:19:50,644 [ERROR] LogOutputStream:75 - [STDERR_REDIRECT] [Fatal Error] :1:1: Premature end of file.
2025-12-11 19:19:50,644 [ERROR] LogOutputStream:75 - [STDERR_REDIRECT] 
2025-12-11 19:19:50,685 [ERROR] LogOutputStream:75 - [STDERR_REDIRECT] [Fatal Error] :1:1: Premature end of file.
2025-12-11 19:19:50,685 [ERROR] LogOutputStream:75 - [STDERR_REDIRECT] 
2025-12-11 19:19:50,726 [ERROR] LogOutputStream:75 - [STDERR_REDIRECT] [Fatal Error] :1:1: Premature end of file.
2025-12-11 19:19:50,726 [ERROR] LogOutputStream:75 - [STDERR_REDIRECT] 
2025-12-11 19:19:50,775 [ERROR] LogOutputStream:75 - [STDERR_REDIRECT] [Fatal Error] :1:1: Premature end of file.
2025-12-11 19:19:50,775 [ERROR] LogOutputStream:75 - [STDERR_REDIRECT] 
2025-12-11 19:19:50,817 [ERROR] LogOutputStream:75 - [STDERR_REDIRECT] [Fatal Error] :1:1: Premature end of file.
2025-12-11 19:19:50,817 [ERROR] LogOutputStream:75 - [STDERR_REDIRECT] 
2025-12-11 19:19:50,858 [ERROR] LogOutputStream:75 - [STDERR_REDIRECT] [Fatal Error] :1:1: Premature end of file.
2025-12-11 19:19:50,858 [ERROR] LogOutputStream:75 - [STDERR_REDIRECT] 
2025-12-11 19:19:50,900 [ERROR] LogOutputStream:75 - [STDERR_REDIRECT] [Fatal Error] :1:1: Premature end of file.
2025-12-11 19:19:50,900 [ERROR] LogOutputStream:75 - [STDERR_REDIRECT] 
2025-12-11 19:19:50,941 [ERROR] LogOutputStream:75 - [STDERR_REDIRECT] [Fatal Error] :1:1: Premature end of file.
2025-12-11 19:19:50,941 [ERROR] LogOutputStream:75 - [STDERR_REDIRECT] 
2025-12-11 19:19:50,984 [ERROR] LogOutputStream:75 - [STDERR_REDIRECT] [Fatal Error] :1:1: Premature end of file.
2025-12-11 19:19:50,984 [ERROR] LogOutputStream:75 - [STDERR_REDIRECT] 
2025-12-11 19:19:51,031 [ERROR] LogOutputStream:75 - [STDERR_REDIRECT] [Fatal Error] :1:1: Premature end of file.
2025-12-11 19:19:51,031 [ERROR] LogOutputStream:75 - [STDERR_REDIRECT] 
2025-12-11 19:19:51,160 [ERROR] LogOutputStream:75 - [STDERR_REDIRECT] [Fatal Error] :1:1: Premature end of file.
2025-12-11 19:19:51,160 [ERROR] LogOutputStream:75 - [STDERR_REDIRECT] 
2025-12-11 19:19:51,231 [ERROR] LogOutputStream:75 - [STDERR_REDIRECT] [Fatal Error] :1:1: Premature end of file.
2025-12-11 19:19:51,231 [ERROR] LogOutputStream:75 - [STDERR_REDIRECT] 
2025-12-11 19:19:51,281 [ERROR] LogOutputStream:75 - [STDERR_REDIRECT] [Fatal Error] :1:1: Premature end of file.
2025-12-11 19:19:51,281 [ERROR] LogOutputStream:75 - [STDERR_REDIRECT] 
2025-12-11 19:19:51,330 [ERROR] LogOutputStream:75 - [STDERR_REDIRECT] [Fatal Error] :1:1: Premature end of file.
2025-12-11 19:19:51,330 [ERROR] LogOutputStream:75 - [STDERR_REDIRECT] 
2025-12-11 19:19:51,373 [ERROR] LogOutputStream:75 - [STDERR_REDIRECT] [Fatal Error] :1:1: Premature end of file.
2025-12-11 19:19:51,373 [ERROR] LogOutputStream:75 - [STDERR_REDIRECT] 
2025-12-11 19:19:51,420 [ERROR] LogOutputStream:75 - [STDERR_REDIRECT] [Fatal Error] :1:1: Premature end of file.
2025-12-11 19:19:51,420 [ERROR] LogOutputStream:75 - [STDERR_REDIRECT] 
2025-12-11 19:19:51,469 [ERROR] LogOutputStream:75 - [STDERR_REDIRECT] [Fatal Error] :1:1: Premature end of file.
2025-12-11 19:19:51,469 [ERROR] LogOutputStream:75 - [STDERR_REDIRECT] 
2025-12-11 19:19:51,510 [ERROR] LogOutputStream:75 - [STDERR_REDIRECT] [Fatal Error] :1:1: Premature end of file.
2025-12-11 19:19:51,510 [ERROR] LogOutputStream:75 - [STDERR_REDIRECT] 
2025-12-11 19:19:51,553 [ERROR] LogOutputStream:75 - [STDERR_REDIRECT] [Fatal Error] :1:1: Premature end of file.
2025-12-11 19:19:51,553 [ERROR] LogOutputStream:75 - [STDERR_REDIRECT] 
2025-12-11 19:19:51,599 [ERROR] LogOutputStream:75 - [STDERR_REDIRECT] [Fatal Error] :1:1: Premature end of file.
2025-12-11 19:19:51,599 [ERROR] LogOutputStream:75 - [STDERR_REDIRECT] 
2025-12-11 19:19:51,639 [ERROR] LogOutputStream:75 - [STDERR_REDIRECT] [Fatal Error] :1:1: Premature end of file.
2025-12-11 19:19:51,639 [ERROR] LogOutputStream:75 - [STDERR_REDIRECT] 
2025-12-11 19:19:51,683 [ERROR] LogOutputStream:75 - [STDERR_REDIRECT] [Fatal Error] :1:1: Premature end of file.
2025-12-11 19:19:51,731 [ERROR] LogOutputStream:75 - [STDERR_REDIRECT] 
2025-12-11 19:19:51,772 [ERROR] LogOutputStream:75 - [STDERR_REDIRECT] [Fatal Error] :1:1: Premature end of file.
2025-12-11 19:19:51,772 [ERROR] LogOutputStream:75 - [STDERR_REDIRECT] 
2025-12-11 19:19:51,813 [ERROR] LogOutputStream:75 - [STDERR_REDIRECT] [Fatal Error] :1:1: Premature end of file.
2025-12-11 19:19:51,813 [ERROR] LogOutputStream:75 - [STDERR_REDIRECT] 
2025-12-11 19:19:51,855 [ERROR] LogOutputStream:75 - [STDERR_REDIRECT] [Fatal Error] :1:1: Premature end of file.
2025-12-11 19:19:51,855 [ERROR] LogOutputStream:75 - [STDERR_REDIRECT] 
2025-12-11 19:19:51,904 [ERROR] LogOutputStream:75 - [STDERR_REDIRECT] [Fatal Error] :1:1: Premature end of file.
2025-12-11 19:19:51,904 [ERROR] LogOutputStream:75 - [STDERR_REDIRECT] 
2025-12-11 19:19:51,947 [ERROR] LogOutputStream:75 - [STDERR_REDIRECT] [Fatal Error] :1:1: Premature end of file.
2025-12-11 19:19:51,947 [ERROR] LogOutputStream:75 - [STDERR_REDIRECT] 
2025-12-11 19:19:51,990 [ERROR] LogOutputStream:75 - [STDERR_REDIRECT] [Fatal Error] :1:1: Premature end of file.
2025-12-11 19:19:51,990 [ERROR] LogOutputStream:75 - [STDERR_REDIRECT] 
2025-12-11 19:19:52,030 [ERROR] LogOutputStream:75 - [STDERR_REDIRECT] [Fatal Error] :1:1: Premature end of file.
2025-12-11 19:19:52,030 [ERROR] LogOutputStream:75 - [STDERR_REDIRECT] 
2025-12-11 19:19:52,077 [ERROR] LogOutputStream:75 - [STDERR_REDIRECT] [Fatal Error] :1:1: Premature end of file.
2025-12-11 19:19:52,077 [ERROR] LogOutputStream:75 - [STDERR_REDIRECT] 
2025-12-11 19:19:52,119 [ERROR] LogOutputStream:75 - [STDERR_REDIRECT] [Fatal Error] :1:1: Premature end of file.
2025-12-11 19:19:52,119 [ERROR] LogOutputStream:75 - [STDERR_REDIRECT] 
2025-12-11 19:19:52,158 [ERROR] LogOutputStream:75 - [STDERR_REDIRECT] [Fatal Error] :1:1: Premature end of file.
2025-12-11 19:19:52,158 [ERROR] LogOutputStream:75 - [STDERR_REDIRECT] 
2025-12-11 19:19:52,207 [ERROR] LogOutputStream:75 - [STDERR_REDIRECT] [Fatal Error] :1:1: Premature end of file.
2025-12-11 19:19:52,207 [ERROR] LogOutputStream:75 - [STDERR_REDIRECT] 
2025-12-11 19:19:52,249 [ERROR] LogOutputStream:75 - [STDERR_REDIRECT] [Fatal Error] :1:1: Premature end of file.
2025-12-11 19:19:52,249 [ERROR] LogOutputStream:75 - [STDERR_REDIRECT] 
2025-12-11 19:19:52,292 [ERROR] LogOutputStream:75 - [STDERR_REDIRECT] [Fatal Error] :1:1: Premature end of file.
2025-12-11 19:19:52,292 [ERROR] LogOutputStream:75 - [STDERR_REDIRECT] 
2025-12-11 19:19:52,338 [ERROR] LogOutputStream:75 - [STDERR_REDIRECT] [Fatal Error] :1:1: Premature end of file.
2025-12-11 19:19:52,338 [ERROR] LogOutputStream:75 - [STDERR_REDIRECT] 
2025-12-11 19:19:52,379 [ERROR] LogOutputStream:75 - [STDERR_REDIRECT] [Fatal Error] :1:1: Premature end of file.
2025-12-11 19:19:52,379 [ERROR] LogOutputStream:75 - [STDERR_REDIRECT] 
2025-12-11 19:19:52,419 [ERROR] LogOutputStream:75 - [STDERR_REDIRECT] [Fatal Error] :1:1: Premature end of file.
2025-12-11 19:19:52,419 [ERROR] LogOutputStream:75 - [STDERR_REDIRECT] 
2025-12-11 19:19:52,468 [ERROR] LogOutputStream:75 - [STDERR_REDIRECT] [Fatal Error] :1:1: Premature end of file.
2025-12-11 19:19:52,468 [ERROR] LogOutputStream:75 - [STDERR_REDIRECT] 
2025-12-11 19:19:52,510 [ERROR] LogOutputStream:75 - [STDERR_REDIRECT] [Fatal Error] :1:1: Premature end of file.
2025-12-11 19:19:52,510 [ERROR] LogOutputStream:75 - [STDERR_REDIRECT] 
2025-12-11 19:19:52,551 [ERROR] LogOutputStream:75 - [STDERR_REDIRECT] [Fatal Error] :1:1: Premature end of file.
2025-12-11 19:19:52,551 [ERROR] LogOutputStream:75 - [STDERR_REDIRECT] 
2025-12-11 19:19:52,599 [ERROR] LogOutputStream:75 - [STDERR_REDIRECT] [Fatal Error] :1:1: Premature end of file.
2025-12-11 19:19:52,599 [ERROR] LogOutputStream:75 - [STDERR_REDIRECT] 
2025-12-11 19:19:52,645 [ERROR] LogOutputStream:75 - [STDERR_REDIRECT] [Fatal Error] :1:1: Premature end of file.
2025-12-11 19:19:52,645 [ERROR] LogOutputStream:75 - [STDERR_REDIRECT] 
2025-12-11 19:19:52,680 [ERROR] LogOutputStream:75 - [STDERR_REDIRECT] [Fatal Error] :1:1: Premature end of file.
2025-12-11 19:19:52,680 [ERROR] LogOutputStream:75 - [STDERR_REDIRECT] 
2025-12-11 19:19:52,730 [ERROR] LogOutputStream:75 - [STDERR_REDIRECT] [Fatal Error] :1:1: Premature end of file.
2025-12-11 19:19:52,730 [ERROR] LogOutputStream:75 - [STDERR_REDIRECT] 
2025-12-11 19:19:52,771 [ERROR] LogOutputStream:75 - [STDERR_REDIRECT] [Fatal Error] :1:1: Premature end of file.
2025-12-11 19:19:52,771 [ERROR] LogOutputStream:75 - [STDERR_REDIRECT] 
2025-12-11 19:19:52,820 [ERROR] LogOutputStream:75 - [STDERR_REDIRECT] [Fatal Error] :1:1: Premature end of file.
2025-12-11 19:19:52,820 [ERROR] LogOutputStream:75 - [STDERR_REDIRECT] 
2025-12-11 19:19:52,861 [ERROR] LogOutputStream:75 - [STDERR_REDIRECT] [Fatal Error] :1:1: Premature end of file.
2025-12-11 19:19:52,861 [ERROR] LogOutputStream:75 - [STDERR_REDIRECT] 
2025-12-11 19:19:52,903 [ERROR] LogOutputStream:75 - [STDERR_REDIRECT] [Fatal Error] :1:1: Premature end of file.
2025-12-11 19:19:52,903 [ERROR] LogOutputStream:75 - [STDERR_REDIRECT] 
2025-12-11 19:19:52,944 [ERROR] LogOutputStream:75 - [STDERR_REDIRECT] [Fatal Error] :1:1: Premature end of file.
2025-12-11 19:19:52,944 [ERROR] LogOutputStream:75 - [STDERR_REDIRECT] 
2025-12-11 19:19:52,986 [ERROR] LogOutputStream:75 - [STDERR_REDIRECT] [Fatal Error] :1:1: Premature end of file.
2025-12-11 19:19:52,986 [ERROR] LogOutputStream:75 - [STDERR_REDIRECT] 
2025-12-11 19:19:53,027 [ERROR] LogOutputStream:75 - [STDERR_REDIRECT] [Fatal Error] :1:1: Premature end of file.
2025-12-11 19:19:53,027 [ERROR] LogOutputStream:75 - [STDERR_REDIRECT] 
2025-12-11 19:19:53,068 [ERROR] LogOutputStream:75 - [STDERR_REDIRECT] [Fatal Error] :1:1: Premature end of file.
2025-12-11 19:19:53,068 [ERROR] LogOutputStream:75 - [STDERR_REDIRECT] 
2025-12-11 19:19:53,930 [ERROR] LogOutputStream:75 - [STDERR_REDIRECT] [Fatal Error] :1:1: Premature end of file.
2025-12-11 19:19:53,930 [ERROR] LogOutputStream:75 - [STDERR_REDIRECT] 
2025-12-11 19:19:54,934 [ERROR] LogOutputStream:75 - [STDERR_REDIRECT] [Fatal Error] :1:1: Premature end of file.
2025-12-11 19:19:54,934 [ERROR] LogOutputStream:75 - [STDERR_REDIRECT] 
2025-12-11 19:19:55,931 [ERROR] LogOutputStream:75 - [STDERR_REDIRECT] [Fatal Error] :1:1: Premature end of file.
2025-12-11 19:19:55,931 [ERROR] LogOutputStream:75 - [STDERR_REDIRECT] 
2025-12-11 19:19:56,933 [ERROR] LogOutputStream:75 - [STDERR_REDIRECT] [Fatal Error] :1:1: Premature end of file.
2025-12-11 19:19:56,933 [ERROR] LogOutputStream:75 - [STDERR_REDIRECT] 
2025-12-11 19:19:57,939 [ERROR] LogOutputStream:75 - [STDERR_REDIRECT] [Fatal Error] :1:1: Premature end of file.
2025-12-11 19:19:57,939 [ERROR] LogOutputStream:75 - [STDERR_REDIRECT] 
2025-12-11 19:19:58,932 [ERROR] LogOutputStream:75 - [STDERR_REDIRECT] [Fatal Error] :1:1: Premature end of file.
2025-12-11 19:19:58,932 [ERROR] LogOutputStream:75 - [STDERR_REDIRECT] 
2025-12-11 19:19:59,929 [ERROR] LogOutputStream:75 - [STDERR_REDIRECT] [Fatal Error] :1:1: Premature end of file.
2025-12-11 19:19:59,929 [ERROR] LogOutputStream:75 - [STDERR_REDIRECT] 
2025-12-11 19:20:00,931 [ERROR] LogOutputStream:75 - [STDERR_REDIRECT] [Fatal Error] :1:1: Premature end of file.
2025-12-11 19:20:00,931 [ERROR] LogOutputStream:75 - [STDERR_REDIRECT] 
2025-12-11 19:20:01,932 [ERROR] LogOutputStream:75 - [STDERR_REDIRECT] [Fatal Error] :1:1: Premature end of file.
2025-12-11 19:20:01,932 [ERROR] LogOutputStream:75 - [STDERR_REDIRECT] 
2025-12-11 19:20:02,930 [ERROR] LogOutputStream:75 - [STDERR_REDIRECT] [Fatal Error] :1:1: Premature end of file.
2025-12-11 19:20:02,930 [ERROR] LogOutputStream:75 - [STDERR_REDIRECT] 
2025-12-11 19:20:03,932 [ERROR] LogOutputStream:75 - [STDERR_REDIRECT] [Fatal Error] :1:1: Premature end of file.
2025-12-11 19:20:03,932 [ERROR] LogOutputStream:75 - [STDERR_REDIRECT] 
2025-12-11 19:20:04,941 [ERROR] LogOutputStream:75 - [STDERR_REDIRECT] [Fatal Error] :1:1: Premature end of file.
2025-12-11 19:20:04,941 [ERROR] LogOutputStream:75 - [STDERR_REDIRECT] 
2025-12-11 19:20:05,931 [ERROR] LogOutputStream:75 - [STDERR_REDIRECT] [Fatal Error] :1:1: Premature end of file.
2025-12-11 19:20:05,931 [ERROR] LogOutputStream:75 - [STDERR_REDIRECT] 
2025-12-11 19:20:06,935 [ERROR] LogOutputStream:75 - [STDERR_REDIRECT] [Fatal Error] :1:1: Premature end of file.
2025-12-11 19:20:06,935 [ERROR] LogOutputStream:75 - [STDERR_REDIRECT] 
2025-12-11 19:20:07,932 [ERROR] LogOutputStream:75 - [STDERR_REDIRECT] [Fatal Error] :1:1: Premature end of file.
2025-12-11 19:20:07,932 [ERROR] LogOutputStream:75 - [STDERR_REDIRECT] 
2025-12-11 19:20:08,930 [ERROR] LogOutputStream:75 - [STDERR_REDIRECT] [Fatal Error] :1:1: Premature end of file.
2025-12-11 19:20:08,930 [ERROR] LogOutputStream:75 - [STDERR_REDIRECT] 
2025-12-11 19:20:09,936 [ERROR] LogOutputStream:75 - [STDERR_REDIRECT] [Fatal Error] :1:1: Premature end of file.
2025-12-11 19:20:09,936 [ERROR] LogOutputStream:75 - [STDERR_REDIRECT] 
2025-12-11 19:20:10,934 [ERROR] LogOutputStream:75 - [STDERR_REDIRECT] [Fatal Error] :1:1: Premature end of file.
2025-12-11 19:20:10,934 [ERROR] LogOutputStream:75 - [STDERR_REDIRECT] 
2025-12-11 19:20:11,933 [ERROR] LogOutputStream:75 - [STDERR_REDIRECT] [Fatal Error] :1:1: Premature end of file.
2025-12-11 19:20:11,933 [ERROR] LogOutputStream:75 - [STDERR_REDIRECT] 
2025-12-11 19:20:12,943 [ERROR] LogOutputStream:75 - [STDERR_REDIRECT] [Fatal Error] :1:1: Premature end of file.
2025-12-11 19:20:12,943 [ERROR] LogOutputStream:75 - [STDERR_REDIRECT] 
2025-12-11 19:20:13,930 [ERROR] LogOutputStream:75 - [STDERR_REDIRECT] [Fatal Error] :1:1: Premature end of file.
2025-12-11 19:20:13,930 [ERROR] LogOutputStream:75 - [STDERR_REDIRECT] 
2025-12-11 19:20:14,934 [ERROR] LogOutputStream:75 - [STDERR_REDIRECT] [Fatal Error] :1:1: Premature end of file.
2025-12-11 19:20:14,934 [ERROR] LogOutputStream:75 - [STDERR_REDIRECT] 
2025-12-11 19:20:15,935 [ERROR] LogOutputStream:75 - [STDERR_REDIRECT] [Fatal Error] :1:1: Premature end of file.
2025-12-11 19:20:15,935 [ERROR] LogOutputStream:75 - [STDERR_REDIRECT] 
2025-12-11 19:20:16,933 [ERROR] LogOutputStream:75 - [STDERR_REDIRECT] [Fatal Error] :1:1: Premature end of file.
2025-12-11 19:20:16,933 [ERROR] LogOutputStream:75 - [STDERR_REDIRECT] 
2025-12-11 19:20:17,938 [ERROR] LogOutputStream:75 - [STDERR_REDIRECT] [Fatal Error] :1:1: Premature end of file.
2025-12-11 19:20:17,940 [ERROR] LogOutputStream:75 - [STDERR_REDIRECT] 
2025-12-11 19:20:18,929 [ERROR] LogOutputStream:75 - [STDERR_REDIRECT] [Fatal Error] :1:1: Premature end of file.
2025-12-11 19:20:18,929 [ERROR] LogOutputStream:75 - [STDERR_REDIRECT] 
2025-12-11 19:20:19,929 [ERROR] LogOutputStream:75 - [STDERR_REDIRECT] [Fatal Error] :1:1: Premature end of file.
2025-12-11 19:20:19,929 [ERROR] LogOutputStream:75 - [STDERR_REDIRECT] 
2025-12-11 19:20:20,937 [ERROR] LogOutputStream:75 - [STDERR_REDIRECT] [Fatal Error] :1:1: Premature end of file.
2025-12-11 19:20:20,937 [ERROR] LogOutputStream:75 - [STDERR_REDIRECT] 
2025-12-11 19:20:21,932 [ERROR] LogOutputStream:75 - [STDERR_REDIRECT] [Fatal Error] :1:1: Premature end of file.
2025-12-11 19:20:21,932 [ERROR] LogOutputStream:75 - [STDERR_REDIRECT] 
2025-12-11 19:20:22,932 [ERROR] LogOutputStream:75 - [STDERR_REDIRECT] [Fatal Error] :1:1: Premature end of file.
2025-12-11 19:20:22,932 [ERROR] LogOutputStream:75 - [STDERR_REDIRECT] 
2025-12-11 19:20:23,929 [ERROR] LogOutputStream:75 - [STDERR_REDIRECT] [Fatal Error] :1:1: Premature end of file.
2025-12-11 19:20:23,929 [ERROR] LogOutputStream:75 - [STDERR_REDIRECT] 
2025-12-11 19:20:24,929 [ERROR] LogOutputStream:75 - [STDERR_REDIRECT] [Fatal Error] :1:1: Premature end of file.
2025-12-11 19:20:24,929 [ERROR] LogOutputStream:75 - [STDERR_REDIRECT] 
2025-12-11 19:20:25,938 [ERROR] LogOutputStream:75 - [STDERR_REDIRECT] [Fatal Error] :1:1: Premature end of file.
2025-12-11 19:20:25,938 [ERROR] LogOutputStream:75 - [STDERR_REDIRECT] 
2025-12-11 19:20:26,930 [ERROR] LogOutputStream:75 - [STDERR_REDIRECT] [Fatal Error] :1:1: Premature end of file.
2025-12-11 19:20:26,930 [ERROR] LogOutputStream:75 - [STDERR_REDIRECT] 
2025-12-11 19:20:27,931 [ERROR] LogOutputStream:75 - [STDERR_REDIRECT] [Fatal Error] :1:1: Premature end of file.
2025-12-11 19:20:27,931 [ERROR] LogOutputStream:75 - [STDERR_REDIRECT] 
2025-12-11 19:20:28,930 [ERROR] LogOutputStream:75 - [STDERR_REDIRECT] [Fatal Error] :1:1: Premature end of file.
2025-12-11 19:20:28,930 [ERROR] LogOutputStream:75 - [STDERR_REDIRECT] 
2025-12-11 19:20:29,935 [ERROR] LogOutputStream:75 - [STDERR_REDIRECT] [Fatal Error] :1:1: Premature end of file.
2025-12-11 19:20:29,935 [ERROR] LogOutputStream:75 - [STDERR_REDIRECT] 
2025-12-11 19:20:30,929 [ERROR] LogOutputStream:75 - [STDERR_REDIRECT] [Fatal Error] :1:1: Premature end of file.
2025-12-11 19:20:30,929 [ERROR] LogOutputStream:75 - [STDERR_REDIRECT] 
2025-12-11 19:20:31,929 [ERROR] LogOutputStream:75 - [STDERR_REDIRECT] [Fatal Error] :1:1: Premature end of file.
2025-12-11 19:20:31,932 [ERROR] LogOutputStream:75 - [STDERR_REDIRECT] 
2025-12-11 19:20:32,934 [ERROR] LogOutputStream:75 - [STDERR_REDIRECT] [Fatal Error] :1:1: Premature end of file.
2025-12-11 19:20:32,934 [ERROR] LogOutputStream:75 - [STDERR_REDIRECT] 
2025-12-11 19:20:33,932 [ERROR] LogOutputStream:75 - [STDERR_REDIRECT] [Fatal Error] :1:1: Premature end of file.
2025-12-11 19:20:33,932 [ERROR] LogOutputStream:75 - [STDERR_REDIRECT] 
2025-12-11 19:20:34,928 [ERROR] LogOutputStream:75 - [STDERR_REDIRECT] [Fatal Error] :1:1: Premature end of file.
2025-12-11 19:20:34,928 [ERROR] LogOutputStream:75 - [STDERR_REDIRECT] 
2025-12-11 19:20:35,941 [ERROR] LogOutputStream:75 - [STDERR_REDIRECT] [Fatal Error] :1:1: Premature end of file.
2025-12-11 19:20:35,941 [ERROR] LogOutputStream:75 - [STDERR_REDIRECT] 
2025-12-11 19:20:36,938 [ERROR] LogOutputStream:75 - [STDERR_REDIRECT] [Fatal Error] :1:1: Premature end of file.
2025-12-11 19:20:36,938 [ERROR] LogOutputStream:75 - [STDERR_REDIRECT] 
2025-12-11 19:20:37,943 [ERROR] LogOutputStream:75 - [STDERR_REDIRECT] [Fatal Error] :1:1: Premature end of file.
2025-12-11 19:20:37,943 [ERROR] LogOutputStream:75 - [STDERR_REDIRECT] 
2025-12-11 19:20:38,925 [ERROR] LogOutputStream:75 - [STDERR_REDIRECT] [Fatal Error] :1:1: Premature end of file.
2025-12-11 19:20:38,925 [ERROR] LogOutputStream:75 - [STDERR_REDIRECT] 
2025-12-11 19:20:39,929 [ERROR] LogOutputStream:75 - [STDERR_REDIRECT] [Fatal Error] :1:1: Premature end of file.
2025-12-11 19:20:39,937 [ERROR] LogOutputStream:75 - [STDERR_REDIRECT] 
2025-12-11 19:20:40,933 [ERROR] LogOutputStream:75 - [STDERR_REDIRECT] [Fatal Error] :1:1: Premature end of file.
2025-12-11 19:20:40,933 [ERROR] LogOutputStream:75 - [STDERR_REDIRECT] 
2025-12-11 19:20:41,932 [ERROR] LogOutputStream:75 - [STDERR_REDIRECT] [Fatal Error] :1:1: Premature end of file.
2025-12-11 19:20:41,932 [ERROR] LogOutputStream:75 - [STDERR_REDIRECT] 
2025-12-11 19:20:42,933 [ERROR] LogOutputStream:75 - [STDERR_REDIRECT] [Fatal Error] :1:1: Premature end of file.
2025-12-11 19:20:42,941 [ERROR] LogOutputStream:75 - [STDERR_REDIRECT] 
2025-12-11 19:20:43,930 [ERROR] LogOutputStream:75 - [STDERR_REDIRECT] [Fatal Error] :1:1: Premature end of file.
2025-12-11 19:20:43,930 [ERROR] LogOutputStream:75 - [STDERR_REDIRECT] 
2025-12-11 19:20:44,931 [ERROR] LogOutputStream:75 - [STDERR_REDIRECT] [Fatal Error] :1:1: Premature end of file.
2025-12-11 19:20:44,931 [ERROR] LogOutputStream:75 - [STDERR_REDIRECT] 
2025-12-11 19:20:45,929 [ERROR] LogOutputStream:75 - [STDERR_REDIRECT] [Fatal Error] :1:1: Premature end of file.
2025-12-11 19:20:45,942 [ERROR] LogOutputStream:75 - [STDERR_REDIRECT] 
2025-12-11 19:20:46,932 [ERROR] LogOutputStream:75 - [STDERR_REDIRECT] [Fatal Error] :1:1: Premature end of file.
2025-12-11 19:20:46,932 [ERROR] LogOutputStream:75 - [STDERR_REDIRECT] 
2025-12-11 19:20:47,935 [ERROR] LogOutputStream:75 - [STDERR_REDIRECT] [Fatal Error] :1:1: Premature end of file.
2025-12-11 19:20:47,947 [ERROR] LogOutputStream:75 - [STDERR_REDIRECT] 
2025-12-11 19:20:48,933 [ERROR] LogOutputStream:75 - [STDERR_REDIRECT] [Fatal Error] :1:1: Premature end of file.
2025-12-11 19:20:48,933 [ERROR] LogOutputStream:75 - [STDERR_REDIRECT] 
2025-12-11 19:20:49,937 [ERROR] LogOutputStream:75 - [STDERR_REDIRECT] [Fatal Error] :1:1: Premature end of file.
2025-12-11 19:20:49,957 [ERROR] LogOutputStream:75 - [STDERR_REDIRECT] 
2025-12-11 19:20:50,932 [ERROR] LogOutputStream:75 - [STDERR_REDIRECT] [Fatal Error] :1:1: Premature end of file.
2025-12-11 19:20:50,932 [ERROR] LogOutputStream:75 - [STDERR_REDIRECT] 
2025-12-11 19:20:51,938 [ERROR] LogOutputStream:75 - [STDERR_REDIRECT] [Fatal Error] :1:1: Premature end of file.
2025-12-11 19:20:51,966 [ERROR] LogOutputStream:75 - [STDERR_REDIRECT] 
2025-12-11 19:20:52,932 [ERROR] LogOutputStream:75 - [STDERR_REDIRECT] [Fatal Error] :1:1: Premature end of file.
2025-12-11 19:20:52,932 [ERROR] LogOutputStream:75 - [STDERR_REDIRECT] 
2025-12-11 19:20:53,930 [ERROR] LogOutputStream:75 - [STDERR_REDIRECT] [Fatal Error] :1:1: Premature end of file.
2025-12-11 19:20:53,972 [ERROR] LogOutputStream:75 - [STDERR_REDIRECT] 
2025-12-11 19:20:54,929 [ERROR] LogOutputStream:75 - [STDERR_REDIRECT] [Fatal Error] :1:1: Premature end of file.
2025-12-11 19:20:54,929 [ERROR] LogOutputStream:75 - [STDERR_REDIRECT] 
2025-12-11 19:20:55,931 [ERROR] LogOutputStream:75 - [STDERR_REDIRECT] [Fatal Error] :1:1: Premature end of file.
2025-12-11 19:20:55,960 [ERROR] LogOutputStream:75 - [STDERR_REDIRECT] 
2025-12-11 19:20:56,940 [ERROR] LogOutputStream:75 - [STDERR_REDIRECT] [Fatal Error] :1:1: Premature end of file.
2025-12-11 19:20:56,940 [ERROR] LogOutputStream:75 - [STDERR_REDIRECT] 
2025-12-11 19:20:57,935 [ERROR] LogOutputStream:75 - [STDERR_REDIRECT] [Fatal Error] :1:1: Premature end of file.
2025-12-11 19:20:57,971 [ERROR] LogOutputStream:75 - [STDERR_REDIRECT] 
2025-12-11 19:20:58,939 [ERROR] LogOutputStream:75 - [STDERR_REDIRECT] [Fatal Error] :1:1: Premature end of file.
2025-12-11 19:20:58,939 [ERROR] LogOutputStream:75 - [STDERR_REDIRECT] 
2025-12-11 19:20:59,936 [ERROR] LogOutputStream:75 - [STDERR_REDIRECT] [Fatal Error] :1:1: Premature end of file.
2025-12-11 19:20:59,986 [ERROR] LogOutputStream:75 - [STDERR_REDIRECT] 
2025-12-11 19:21:00,928 [ERROR] LogOutputStream:75 - [STDERR_REDIRECT] [Fatal Error] :1:1: Premature end of file.
2025-12-11 19:21:00,928 [ERROR] LogOutputStream:75 - [STDERR_REDIRECT] 
2025-12-11 19:21:01,933 [ERROR] LogOutputStream:75 - [STDERR_REDIRECT] [Fatal Error] :1:1: Premature end of file.
2025-12-11 19:21:01,992 [ERROR] LogOutputStream:75 - [STDERR_REDIRECT] 
2025-12-11 19:21:02,929 [ERROR] LogOutputStream:75 - [STDERR_REDIRECT] [Fatal Error] :1:1: Premature end of file.
2025-12-11 19:21:02,929 [ERROR] LogOutputStream:75 - [STDERR_REDIRECT] 
2025-12-11 19:21:03,944 [ERROR] LogOutputStream:75 - [STDERR_REDIRECT] [Fatal Error] :1:1: Premature end of file.
2025-12-11 19:21:04,002 [ERROR] LogOutputStream:75 - [STDERR_REDIRECT] 
2025-12-11 19:21:04,935 [ERROR] LogOutputStream:75 - [STDERR_REDIRECT] [Fatal Error] :1:1: Premature end of file.
2025-12-11 19:21:04,935 [ERROR] LogOutputStream:75 - [STDERR_REDIRECT] 
2025-12-11 19:21:05,930 [ERROR] LogOutputStream:75 - [STDERR_REDIRECT] [Fatal Error] :1:1: Premature end of file.
2025-12-11 19:21:05,930 [ERROR] LogOutputStream:75 - [STDERR_REDIRECT] 
2025-12-11 19:21:06,932 [ERROR] LogOutputStream:75 - [STDERR_REDIRECT] [Fatal Error] :1:1: Premature end of file.
2025-12-11 19:21:06,932 [ERROR] LogOutputStream:75 - [STDERR_REDIRECT] 
2025-12-11 19:21:07,930 [ERROR] LogOutputStream:75 - [STDERR_REDIRECT] [Fatal Error] :1:1: Premature end of file.
2025-12-11 19:21:07,930 [ERROR] LogOutputStream:75 - [STDERR_REDIRECT] 
2025-12-11 19:21:08,937 [ERROR] LogOutputStream:75 - [STDERR_REDIRECT] [Fatal Error] :1:1: Premature end of file.
2025-12-11 19:21:08,937 [ERROR] LogOutputStream:75 - [STDERR_REDIRECT] 
2025-12-11 19:21:09,936 [ERROR] LogOutputStream:75 - [STDERR_REDIRECT] [Fatal Error] :1:1: Premature end of file.
2025-12-11 19:21:09,936 [ERROR] LogOutputStream:75 - [STDERR_REDIRECT] 
2025-12-11 19:21:10,936 [ERROR] LogOutputStream:75 - [STDERR_REDIRECT] [Fatal Error] :1:1: Premature end of file.
2025-12-11 19:21:10,936 [ERROR] LogOutputStream:75 - [STDERR_REDIRECT] 
2025-12-11 19:21:11,937 [ERROR] LogOutputStream:75 - [STDERR_REDIRECT] [Fatal Error] :1:1: Premature end of file.
2025-12-11 19:21:11,937 [ERROR] LogOutputStream:75 - [STDERR_REDIRECT] 
2025-12-11 19:21:12,934 [ERROR] LogOutputStream:75 - [STDERR_REDIRECT] [Fatal Error] :1:1: Premature end of file.
2025-12-11 19:21:12,935 [ERROR] LogOutputStream:75 - [STDERR_REDIRECT] 
2025-12-11 19:21:13,934 [ERROR] LogOutputStream:75 - [STDERR_REDIRECT] [Fatal Error] :1:1: Premature end of file.
2025-12-11 19:21:13,934 [ERROR] LogOutputStream:75 - [STDERR_REDIRECT] 
2025-12-11 19:21:14,938 [ERROR] LogOutputStream:75 - [STDERR_REDIRECT] [Fatal Error] :1:1: Premature end of file.
2025-12-11 19:21:14,938 [ERROR] LogOutputStream:75 - [STDERR_REDIRECT] 
2025-12-11 19:21:15,930 [ERROR] LogOutputStream:75 - [STDERR_REDIRECT] [Fatal Error] :1:1: Premature end of file.
2025-12-11 19:21:15,930 [ERROR] LogOutputStream:75 - [STDERR_REDIRECT] 
2025-12-11 19:21:16,936 [ERROR] LogOutputStream:75 - [STDERR_REDIRECT] [Fatal Error] :1:1: Premature end of file.
2025-12-11 19:21:16,936 [ERROR] LogOutputStream:75 - [STDERR_REDIRECT] 
2025-12-11 19:21:17,936 [ERROR] LogOutputStream:75 - [STDERR_REDIRECT] [Fatal Error] :1:1: Premature end of file.
2025-12-11 19:21:17,936 [ERROR] LogOutputStream:75 - [STDERR_REDIRECT] 
2025-12-11 19:21:18,936 [ERROR] LogOutputStream:75 - [STDERR_REDIRECT] [Fatal Error] :1:1: Premature end of file.
2025-12-11 19:21:18,936 [ERROR] LogOutputStream:75 - [STDERR_REDIRECT] 
2025-12-11 19:21:19,936 [ERROR] LogOutputStream:75 - [STDERR_REDIRECT] [Fatal Error] :1:1: Premature end of file.
2025-12-11 19:21:19,936 [ERROR] LogOutputStream:75 - [STDERR_REDIRECT] 
2025-12-11 19:21:20,936 [ERROR] LogOutputStream:75 - [STDERR_REDIRECT] [Fatal Error] :1:1: Premature end of file.
2025-12-11 19:21:20,936 [ERROR] LogOutputStream:75 - [STDERR_REDIRECT] 
2025-12-11 19:21:21,936 [ERROR] LogOutputStream:75 - [STDERR_REDIRECT] [Fatal Error] :1:1: Premature end of file.
2025-12-11 19:21:21,936 [ERROR] LogOutputStream:75 - [STDERR_REDIRECT] 
2025-12-11 19:21:22,935 [ERROR] LogOutputStream:75 - [STDERR_REDIRECT] [Fatal Error] :1:1: Premature end of file.
2025-12-11 19:21:22,935 [ERROR] LogOutputStream:75 - [STDERR_REDIRECT] 
2025-12-11 19:21:23,930 [ERROR] LogOutputStream:75 - [STDERR_REDIRECT] [Fatal Error] :1:1: Premature end of file.
2025-12-11 19:21:23,930 [ERROR] LogOutputStream:75 - [STDERR_REDIRECT] 
2025-12-11 19:21:24,930 [ERROR] LogOutputStream:75 - [STDERR_REDIRECT] [Fatal Error] :1:1: Premature end of file.
2025-12-11 19:21:24,930 [ERROR] LogOutputStream:75 - [STDERR_REDIRECT] 
2025-12-11 19:21:25,930 [ERROR] LogOutputStream:75 - [STDERR_REDIRECT] [Fatal Error] :1:1: Premature end of file.
2025-12-11 19:21:25,930 [ERROR] LogOutputStream:75 - [STDERR_REDIRECT] 
2025-12-11 19:21:26,938 [ERROR] LogOutputStream:75 - [STDERR_REDIRECT] [Fatal Error] :1:1: Premature end of file.
2025-12-11 19:21:26,938 [ERROR] LogOutputStream:75 - [STDERR_REDIRECT] 
2025-12-11 19:21:27,925 [ERROR] LogOutputStream:75 - [STDERR_REDIRECT] [Fatal Error] :1:1: Premature end of file.
2025-12-11 19:21:27,925 [ERROR] LogOutputStream:75 - [STDERR_REDIRECT] 
2025-12-11 19:21:28,920 [ERROR] LogOutputStream:75 - [STDERR_REDIRECT] [Fatal Error] :1:1: Premature end of file.
2025-12-11 19:21:28,920 [ERROR] LogOutputStream:75 - [STDERR_REDIRECT] 
2025-12-11 19:21:29,936 [ERROR] LogOutputStream:75 - [STDERR_REDIRECT] [Fatal Error] :1:1: Premature end of file.
2025-12-11 19:21:29,936 [ERROR] LogOutputStream:75 - [STDERR_REDIRECT] 
2025-12-11 19:21:30,925 [ERROR] LogOutputStream:75 - [STDERR_REDIRECT] [Fatal Error] :1:1: Premature end of file.
2025-12-11 19:21:30,925 [ERROR] LogOutputStream:75 - [STDERR_REDIRECT] 
2025-12-11 19:21:31,929 [ERROR] LogOutputStream:75 - [STDERR_REDIRECT] [Fatal Error] :1:1: Premature end of file.
2025-12-11 19:21:31,929 [ERROR] LogOutputStream:75 - [STDERR_REDIRECT] 
2025-12-11 19:21:32,935 [ERROR] LogOutputStream:75 - [STDERR_REDIRECT] [Fatal Error] :1:1: Premature end of file.
2025-12-11 19:21:32,935 [ERROR] LogOutputStream:75 - [STDERR_REDIRECT] 
2025-12-11 19:21:33,930 [ERROR] LogOutputStream:75 - [STDERR_REDIRECT] [Fatal Error] :1:1: Premature end of file.
2025-12-11 19:21:33,930 [ERROR] LogOutputStream:75 - [STDERR_REDIRECT] 
2025-12-11 19:21:34,923 [ERROR] LogOutputStream:75 - [STDERR_REDIRECT] [Fatal Error] :1:1: Premature end of file.
2025-12-11 19:21:34,923 [ERROR] LogOutputStream:75 - [STDERR_REDIRECT] 
2025-12-11 19:21:35,931 [ERROR] LogOutputStream:75 - [STDERR_REDIRECT] [Fatal Error] :1:1: Premature end of file.
2025-12-11 19:21:35,931 [ERROR] LogOutputStream:75 - [STDERR_REDIRECT] 
2025-12-11 19:21:36,929 [ERROR] LogOutputStream:75 - [STDERR_REDIRECT] [Fatal Error] :1:1: Premature end of file.
2025-12-11 19:21:36,929 [ERROR] LogOutputStream:75 - [STDERR_REDIRECT] 
2025-12-11 19:21:37,942 [ERROR] LogOutputStream:75 - [STDERR_REDIRECT] [Fatal Error] :1:1: Premature end of file.
2025-12-11 19:21:37,942 [ERROR] LogOutputStream:75 - [STDERR_REDIRECT] 
2025-12-11 19:21:38,934 [ERROR] LogOutputStream:75 - [STDERR_REDIRECT] [Fatal Error] :1:1: Premature end of file.
2025-12-11 19:21:38,934 [ERROR] LogOutputStream:75 - [STDERR_REDIRECT] 
2025-12-11 19:21:39,929 [ERROR] LogOutputStream:75 - [STDERR_REDIRECT] [Fatal Error] :1:1: Premature end of file.
2025-12-11 19:21:39,937 [ERROR] LogOutputStream:75 - [STDERR_REDIRECT] 
2025-12-11 19:21:40,928 [ERROR] LogOutputStream:75 - [STDERR_REDIRECT] [Fatal Error] :1:1: Premature end of file.
2025-12-11 19:21:40,928 [ERROR] LogOutputStream:75 - [STDERR_REDIRECT] 
2025-12-11 19:21:41,939 [ERROR] LogOutputStream:75 - [STDERR_REDIRECT] [Fatal Error] :1:1: Premature end of file.
2025-12-11 19:21:41,939 [ERROR] LogOutputStream:75 - [STDERR_REDIRECT] 
2025-12-11 19:21:42,932 [ERROR] LogOutputStream:75 - [STDERR_REDIRECT] [Fatal Error] :1:1: Premature end of file.
2025-12-11 19:21:42,932 [ERROR] LogOutputStream:75 - [STDERR_REDIRECT] 
2025-12-11 19:21:43,937 [ERROR] LogOutputStream:75 - [STDERR_REDIRECT] [Fatal Error] :1:1: Premature end of file.
2025-12-11 19:21:43,937 [ERROR] LogOutputStream:75 - [STDERR_REDIRECT] 
2025-12-11 19:21:44,929 [ERROR] LogOutputStream:75 - [STDERR_REDIRECT] [Fatal Error] :1:1: Premature end of file.
2025-12-11 19:21:44,929 [ERROR] LogOutputStream:75 - [STDERR_REDIRECT] 
2025-12-11 19:21:45,931 [ERROR] LogOutputStream:75 - [STDERR_REDIRECT] [Fatal Error] :1:1: Premature end of file.
2025-12-11 19:21:45,931 [ERROR] LogOutputStream:75 - [STDERR_REDIRECT] 
2025-12-11 19:21:46,927 [ERROR] LogOutputStream:75 - [STDERR_REDIRECT] [Fatal Error] :1:1: Premature end of file.
2025-12-11 19:21:46,930 [ERROR] LogOutputStream:75 - [STDERR_REDIRECT] 
2025-12-11 19:21:47,928 [ERROR] LogOutputStream:75 - [STDERR_REDIRECT] [Fatal Error] :1:1: Premature end of file.
2025-12-11 19:21:47,928 [ERROR] LogOutputStream:75 - [STDERR_REDIRECT] 
2025-12-11 19:21:48,931 [ERROR] LogOutputStream:75 - [STDERR_REDIRECT] [Fatal Error] :1:1: Premature end of file.
2025-12-11 19:21:48,931 [ERROR] LogOutputStream:75 - [STDERR_REDIRECT] 
2025-12-11 19:21:49,933 [ERROR] LogOutputStream:75 - [STDERR_REDIRECT] [Fatal Error] :1:1: Premature end of file.
2025-12-11 19:21:49,933 [ERROR] LogOutputStream:75 - [STDERR_REDIRECT] 
2025-12-11 19:21:50,929 [ERROR] LogOutputStream:75 - [STDERR_REDIRECT] [Fatal Error] :1:1: Premature end of file.
2025-12-11 19:21:50,929 [ERROR] LogOutputStream:75 - [STDERR_REDIRECT] 
2025-12-11 19:21:51,928 [ERROR] LogOutputStream:75 - [STDERR_REDIRECT] [Fatal Error] :1:1: Premature end of file.
2025-12-11 19:21:51,929 [ERROR] LogOutputStream:75 - [STDERR_REDIRECT] 
2025-12-11 19:21:52,932 [ERROR] LogOutputStream:75 - [STDERR_REDIRECT] [Fatal Error] :1:1: Premature end of file.
2025-12-11 19:21:52,932 [ERROR] LogOutputStream:75 - [STDERR_REDIRECT] 
2025-12-11 19:21:53,930 [ERROR] LogOutputStream:75 - [STDERR_REDIRECT] [Fatal Error] :1:1: Premature end of file.
2025-12-11 19:21:53,930 [ERROR] LogOutputStream:75 - [STDERR_REDIRECT] 
2025-12-11 19:21:54,936 [ERROR] LogOutputStream:75 - [STDERR_REDIRECT] [Fatal Error] :1:1: Premature end of file.
2025-12-11 19:21:54,936 [ERROR] LogOutputStream:75 - [STDERR_REDIRECT] 
2025-12-11 19:21:55,921 [ERROR] LogOutputStream:75 - [STDERR_REDIRECT] [Fatal Error] :1:1: Premature end of file.
2025-12-11 19:21:55,921 [ERROR] LogOutputStream:75 - [STDERR_REDIRECT] 
2025-12-11 19:21:56,937 [ERROR] LogOutputStream:75 - [STDERR_REDIRECT] [Fatal Error] :1:1: Premature end of file.
2025-12-11 19:21:56,937 [ERROR] LogOutputStream:75 - [STDERR_REDIRECT] 
2025-12-11 19:21:57,962 [ERROR] LogOutputStream:75 - [STDERR_REDIRECT] [Fatal Error] :1:1: Premature end of file.
2025-12-11 19:21:57,962 [ERROR] LogOutputStream:75 - [STDERR_REDIRECT] 
2025-12-11 19:21:58,941 [ERROR] LogOutputStream:75 - [STDERR_REDIRECT] [Fatal Error] :1:1: Premature end of file.
2025-12-11 19:21:58,941 [ERROR] LogOutputStream:75 - [STDERR_REDIRECT] 
2025-12-11 19:21:59,921 [ERROR] LogOutputStream:75 - [STDERR_REDIRECT] [Fatal Error] :1:1: Premature end of file.
2025-12-11 19:21:59,921 [ERROR] LogOutputStream:75 - [STDERR_REDIRECT] 
2025-12-11 19:22:00,933 [ERROR] LogOutputStream:75 - [STDERR_REDIRECT] [Fatal Error] :1:1: Premature end of file.
2025-12-11 19:22:00,933 [ERROR] LogOutputStream:75 - [STDERR_REDIRECT] 
2025-12-11 19:22:01,931 [ERROR] LogOutputStream:75 - [STDERR_REDIRECT] [Fatal Error] :1:1: Premature end of file.
2025-12-11 19:22:01,931 [ERROR] LogOutputStream:75 - [STDERR_REDIRECT] 
2025-12-11 19:22:02,936 [ERROR] LogOutputStream:75 - [STDERR_REDIRECT] [Fatal Error] :1:1: Premature end of file.
2025-12-11 19:22:02,936 [ERROR] LogOutputStream:75 - [STDERR_REDIRECT] 
2025-12-11 19:22:03,932 [ERROR] LogOutputStream:75 - [STDERR_REDIRECT] [Fatal Error] :1:1: Premature end of file.
2025-12-11 19:22:03,932 [ERROR] LogOutputStream:75 - [STDERR_REDIRECT] 
2025-12-11 19:22:04,964 [ERROR] LogOutputStream:75 - [STDERR_REDIRECT] [Fatal Error] :1:1: Premature end of file.
2025-12-11 19:22:04,964 [ERROR] LogOutputStream:75 - [STDERR_REDIRECT] 
2025-12-11 19:22:05,933 [ERROR] LogOutputStream:75 - [STDERR_REDIRECT] [Fatal Error] :1:1: Premature end of file.
2025-12-11 19:22:05,934 [ERROR] LogOutputStream:75 - [STDERR_REDIRECT] 
2025-12-11 19:22:06,930 [ERROR] LogOutputStream:75 - [STDERR_REDIRECT] [Fatal Error] :1:1: Premature end of file.
2025-12-11 19:22:06,930 [ERROR] LogOutputStream:75 - [STDERR_REDIRECT] 
2025-12-11 19:22:07,926 [ERROR] LogOutputStream:75 - [STDERR_REDIRECT] [Fatal Error] :1:1: Premature end of file.
2025-12-11 19:22:07,926 [ERROR] LogOutputStream:75 - [STDERR_REDIRECT] 
2025-12-11 19:22:08,940 [ERROR] LogOutputStream:75 - [STDERR_REDIRECT] [Fatal Error] :1:1: Premature end of file.
2025-12-11 19:22:08,940 [ERROR] LogOutputStream:75 - [STDERR_REDIRECT] 
2025-12-11 19:22:09,934 [ERROR] LogOutputStream:75 - [STDERR_REDIRECT] [Fatal Error] :1:1: Premature end of file.
2025-12-11 19:22:09,934 [ERROR] LogOutputStream:75 - [STDERR_REDIRECT] 
2025-12-11 19:22:10,934 [ERROR] LogOutputStream:75 - [STDERR_REDIRECT] [Fatal Error] :1:1: Premature end of file.
2025-12-11 19:22:10,934 [ERROR] LogOutputStream:75 - [STDERR_REDIRECT] 
2025-12-11 19:22:11,929 [ERROR] LogOutputStream:75 - [STDERR_REDIRECT] [Fatal Error] :1:1: Premature end of file.
2025-12-11 19:22:11,929 [ERROR] LogOutputStream:75 - [STDERR_REDIRECT] 
2025-12-11 19:22:12,931 [ERROR] LogOutputStream:75 - [STDERR_REDIRECT] [Fatal Error] :1:1: Premature end of file.
2025-12-11 19:22:12,931 [ERROR] LogOutputStream:75 - [STDERR_REDIRECT] 
2025-12-11 19:22:13,929 [ERROR] LogOutputStream:75 - [STDERR_REDIRECT] [Fatal Error] :1:1: Premature end of file.
2025-12-11 19:22:13,929 [ERROR] LogOutputStream:75 - [STDERR_REDIRECT] 
2025-12-11 19:22:14,927 [ERROR] LogOutputStream:75 - [STDERR_REDIRECT] [Fatal Error] :1:1: Premature end of file.
2025-12-11 19:22:14,927 [ERROR] LogOutputStream:75 - [STDERR_REDIRECT] 
2025-12-11 19:22:15,924 [ERROR] LogOutputStream:75 - [STDERR_REDIRECT] [Fatal Error] :1:1: Premature end of file.
2025-12-11 19:22:15,924 [ERROR] LogOutputStream:75 - [STDERR_REDIRECT] 
2025-12-11 19:22:16,936 [ERROR] LogOutputStream:75 - [STDERR_REDIRECT] [Fatal Error] :1:1: Premature end of file.
2025-12-11 19:22:16,936 [ERROR] LogOutputStream:75 - [STDERR_REDIRECT] 
2025-12-11 19:22:17,941 [ERROR] LogOutputStream:75 - [STDERR_REDIRECT] [Fatal Error] :1:1: Premature end of file.
2025-12-11 19:22:17,941 [ERROR] LogOutputStream:75 - [STDERR_REDIRECT] 
2025-12-11 19:22:18,931 [ERROR] LogOutputStream:75 - [STDERR_REDIRECT] [Fatal Error] :1:1: Premature end of file.
2025-12-11 19:22:18,931 [ERROR] LogOutputStream:75 - [STDERR_REDIRECT] 
2025-12-11 19:22:19,930 [ERROR] LogOutputStream:75 - [STDERR_REDIRECT] [Fatal Error] :1:1: Premature end of file.
2025-12-11 19:22:19,930 [ERROR] LogOutputStream:75 - [STDERR_REDIRECT] 
2025-12-11 19:22:20,924 [ERROR] LogOutputStream:75 - [STDERR_REDIRECT] [Fatal Error] :1:1: Premature end of file.
2025-12-11 19:22:20,924 [ERROR] LogOutputStream:75 - [STDERR_REDIRECT] 
2025-12-11 19:22:21,927 [ERROR] LogOutputStream:75 - [STDERR_REDIRECT] [Fatal Error] :1:1: Premature end of file.
2025-12-11 19:22:21,927 [ERROR] LogOutputStream:75 - [STDERR_REDIRECT] 
2025-12-11 19:22:22,926 [ERROR] LogOutputStream:75 - [STDERR_REDIRECT] [Fatal Error] :1:1: Premature end of file.
2025-12-11 19:22:22,926 [ERROR] LogOutputStream:75 - [STDERR_REDIRECT] 
2025-12-11 19:22:23,927 [ERROR] LogOutputStream:75 - [STDERR_REDIRECT] [Fatal Error] :1:1: Premature end of file.
2025-12-11 19:22:23,927 [ERROR] LogOutputStream:75 - [STDERR_REDIRECT] 
2025-12-11 19:22:24,933 [ERROR] LogOutputStream:75 - [STDERR_REDIRECT] [Fatal Error] :1:1: Premature end of file.
2025-12-11 19:22:24,933 [ERROR] LogOutputStream:75 - [STDERR_REDIRECT] 
2025-12-11 19:22:25,922 [ERROR] LogOutputStream:75 - [STDERR_REDIRECT] [Fatal Error] :1:1: Premature end of file.
2025-12-11 19:22:25,922 [ERROR] LogOutputStream:75 - [STDERR_REDIRECT] 
2025-12-11 19:22:26,939 [ERROR] LogOutputStream:75 - [STDERR_REDIRECT] [Fatal Error] :1:1: Premature end of file.
2025-12-11 19:22:26,939 [ERROR] LogOutputStream:75 - [STDERR_REDIRECT] 
2025-12-11 19:22:27,921 [ERROR] LogOutputStream:75 - [STDERR_REDIRECT] [Fatal Error] :1:1: Premature end of file.
2025-12-11 19:22:27,921 [ERROR] LogOutputStream:75 - [STDERR_REDIRECT] 
2025-12-11 19:22:28,929 [ERROR] LogOutputStream:75 - [STDERR_REDIRECT] [Fatal Error] :1:1: Premature end of file.
2025-12-11 19:22:28,929 [ERROR] LogOutputStream:75 - [STDERR_REDIRECT] 
2025-12-11 19:22:29,925 [ERROR] LogOutputStream:75 - [STDERR_REDIRECT] [Fatal Error] :1:1: Premature end of file.
2025-12-11 19:22:29,925 [ERROR] LogOutputStream:75 - [STDERR_REDIRECT] 
2025-12-11 19:22:30,925 [ERROR] LogOutputStream:75 - [STDERR_REDIRECT] [Fatal Error] :1:1: Premature end of file.
2025-12-11 19:22:30,925 [ERROR] LogOutputStream:75 - [STDERR_REDIRECT] 
2025-12-11 19:22:31,938 [ERROR] LogOutputStream:75 - [STDERR_REDIRECT] [Fatal Error] :1:1: Premature end of file.
2025-12-11 19:22:31,938 [ERROR] LogOutputStream:75 - [STDERR_REDIRECT] 
2025-12-11 19:22:32,944 [ERROR] LogOutputStream:75 - [STDERR_REDIRECT] [Fatal Error] :1:1: Premature end of file.
2025-12-11 19:22:32,944 [ERROR] LogOutputStream:75 - [STDERR_REDIRECT] 
2025-12-11 19:22:33,922 [ERROR] LogOutputStream:75 - [STDERR_REDIRECT] [Fatal Error] :1:1: Premature end of file.
2025-12-11 19:22:33,922 [ERROR] LogOutputStream:75 - [STDERR_REDIRECT] 
2025-12-11 19:22:34,943 [ERROR] LogOutputStream:75 - [STDERR_REDIRECT] [Fatal Error] :1:1: Premature end of file.
2025-12-11 19:22:34,943 [ERROR] LogOutputStream:75 - [STDERR_REDIRECT] 
2025-12-11 19:22:35,926 [ERROR] LogOutputStream:75 - [STDERR_REDIRECT] [Fatal Error] :1:1: Premature end of file.
2025-12-11 19:22:35,926 [ERROR] LogOutputStream:75 - [STDERR_REDIRECT] 
2025-12-11 19:22:36,922 [ERROR] LogOutputStream:75 - [STDERR_REDIRECT] [Fatal Error] :1:1: Premature end of file.
2025-12-11 19:22:36,922 [ERROR] LogOutputStream:75 - [STDERR_REDIRECT] 
2025-12-11 19:22:37,932 [ERROR] LogOutputStream:75 - [STDERR_REDIRECT] [Fatal Error] :1:1: Premature end of file.
2025-12-11 19:22:37,932 [ERROR] LogOutputStream:75 - [STDERR_REDIRECT] 
2025-12-11 19:22:38,925 [ERROR] LogOutputStream:75 - [STDERR_REDIRECT] [Fatal Error] :1:1: Premature end of file.
2025-12-11 19:22:38,925 [ERROR] LogOutputStream:75 - [STDERR_REDIRECT] 
2025-12-11 19:22:39,936 [ERROR] LogOutputStream:75 - [STDERR_REDIRECT] [Fatal Error] :1:1: Premature end of file.
2025-12-11 19:22:39,936 [ERROR] LogOutputStream:75 - [STDERR_REDIRECT] 
2025-12-11 19:22:40,929 [ERROR] LogOutputStream:75 - [STDERR_REDIRECT] [Fatal Error] :1:1: Premature end of file.
2025-12-11 19:22:40,929 [ERROR] LogOutputStream:75 - [STDERR_REDIRECT] 
2025-12-11 19:22:41,926 [ERROR] LogOutputStream:75 - [STDERR_REDIRECT] [Fatal Error] :1:1: Premature end of file.
2025-12-11 19:22:41,926 [ERROR] LogOutputStream:75 - [STDERR_REDIRECT] 
2025-12-11 19:22:42,933 [ERROR] LogOutputStream:75 - [STDERR_REDIRECT] [Fatal Error] :1:1: Premature end of file.
2025-12-11 19:22:42,933 [ERROR] LogOutputStream:75 - [STDERR_REDIRECT] 
2025-12-11 19:22:43,937 [ERROR] LogOutputStream:75 - [STDERR_REDIRECT] [Fatal Error] :1:1: Premature end of file.
2025-12-11 19:22:43,937 [ERROR] LogOutputStream:75 - [STDERR_REDIRECT] 
2025-12-11 19:22:44,932 [ERROR] LogOutputStream:75 - [STDERR_REDIRECT] [Fatal Error] :1:1: Premature end of file.
2025-12-11 19:22:44,932 [ERROR] LogOutputStream:75 - [STDERR_REDIRECT] 
2025-12-11 19:22:45,933 [ERROR] LogOutputStream:75 - [STDERR_REDIRECT] [Fatal Error] :1:1: Premature end of file.
2025-12-11 19:22:45,933 [ERROR] LogOutputStream:75 - [STDERR_REDIRECT] 
2025-12-11 19:22:46,925 [ERROR] LogOutputStream:75 - [STDERR_REDIRECT] [Fatal Error] :1:1: Premature end of file.
2025-12-11 19:22:46,925 [ERROR] LogOutputStream:75 - [STDERR_REDIRECT] 
2025-12-11 19:22:47,929 [ERROR] LogOutputStream:75 - [STDERR_REDIRECT] [Fatal Error] :1:1: Premature end of file.
2025-12-11 19:22:47,929 [ERROR] LogOutputStream:75 - [STDERR_REDIRECT] 
2025-12-11 19:22:48,932 [ERROR] LogOutputStream:75 - [STDERR_REDIRECT] [Fatal Error] :1:1: Premature end of file.
2025-12-11 19:22:48,939 [ERROR] LogOutputStream:75 - [STDERR_REDIRECT] 
2025-12-11 19:22:49,931 [ERROR] LogOutputStream:75 - [STDERR_REDIRECT] [Fatal Error] :1:1: Premature end of file.
2025-12-11 19:22:49,931 [ERROR] LogOutputStream:75 - [STDERR_REDIRECT] 
2025-12-11 19:22:50,928 [ERROR] LogOutputStream:75 - [STDERR_REDIRECT] [Fatal Error] :1:1: Premature end of file.
2025-12-11 19:22:50,928 [ERROR] LogOutputStream:75 - [STDERR_REDIRECT] 
2025-12-11 19:22:51,949 [ERROR] LogOutputStream:75 - [STDERR_REDIRECT] [Fatal Error] :1:1: Premature end of file.
2025-12-11 19:22:51,949 [ERROR] LogOutputStream:75 - [STDERR_REDIRECT] 
2025-12-11 19:22:52,937 [ERROR] LogOutputStream:75 - [STDERR_REDIRECT] [Fatal Error] :1:1: Premature end of file.
2025-12-11 19:22:52,937 [ERROR] LogOutputStream:75 - [STDERR_REDIRECT] 
2025-12-11 19:22:53,925 [ERROR] LogOutputStream:75 - [STDERR_REDIRECT] [Fatal Error] :1:1: Premature end of file.
2025-12-11 19:22:53,925 [ERROR] LogOutputStream:75 - [STDERR_REDIRECT] 
2025-12-11 19:22:54,938 [ERROR] LogOutputStream:75 - [STDERR_REDIRECT] [Fatal Error] :1:1: Premature end of file.
2025-12-11 19:22:54,939 [ERROR] LogOutputStream:75 - [STDERR_REDIRECT] 
2025-12-11 19:22:55,932 [ERROR] LogOutputStream:75 - [STDERR_REDIRECT] [Fatal Error] :1:1: Premature end of file.
2025-12-11 19:22:55,932 [ERROR] LogOutputStream:75 - [STDERR_REDIRECT] 
2025-12-11 19:22:56,936 [ERROR] LogOutputStream:75 - [STDERR_REDIRECT] [Fatal Error] :1:1: Premature end of file.
2025-12-11 19:22:56,936 [ERROR] LogOutputStream:75 - [STDERR_REDIRECT] 
2025-12-11 19:22:57,932 [ERROR] LogOutputStream:75 - [STDERR_REDIRECT] [Fatal Error] :1:1: Premature end of file.
2025-12-11 19:22:57,932 [ERROR] LogOutputStream:75 - [STDERR_REDIRECT] 
2025-12-11 19:22:58,926 [ERROR] LogOutputStream:75 - [STDERR_REDIRECT] [Fatal Error] :1:1: Premature end of file.
2025-12-11 19:22:58,926 [ERROR] LogOutputStream:75 - [STDERR_REDIRECT] 
2025-12-11 19:22:59,939 [ERROR] LogOutputStream:75 - [STDERR_REDIRECT] [Fatal Error] :1:1: Premature end of file.
2025-12-11 19:22:59,939 [ERROR] LogOutputStream:75 - [STDERR_REDIRECT] 
2025-12-11 19:23:00,945 [ERROR] LogOutputStream:75 - [STDERR_REDIRECT] [Fatal Error] :1:1: Premature end of file.
2025-12-11 19:23:00,945 [ERROR] LogOutputStream:75 - [STDERR_REDIRECT] 
2025-12-11 19:23:01,939 [ERROR] LogOutputStream:75 - [STDERR_REDIRECT] [Fatal Error] :1:1: Premature end of file.
2025-12-11 19:23:01,939 [ERROR] LogOutputStream:75 - [STDERR_REDIRECT] 
2025-12-11 19:23:02,928 [ERROR] LogOutputStream:75 - [STDERR_REDIRECT] [Fatal Error] :1:1: Premature end of file.
2025-12-11 19:23:02,928 [ERROR] LogOutputStream:75 - [STDERR_REDIRECT] 
2025-12-11 19:23:03,935 [ERROR] LogOutputStream:75 - [STDERR_REDIRECT] [Fatal Error] :1:1: Premature end of file.
2025-12-11 19:23:03,935 [ERROR] LogOutputStream:75 - [STDERR_REDIRECT] 
2025-12-11 19:23:04,939 [ERROR] LogOutputStream:75 - [STDERR_REDIRECT] [Fatal Error] :1:1: Premature end of file.
2025-12-11 19:23:04,939 [ERROR] LogOutputStream:75 - [STDERR_REDIRECT] 
2025-12-11 19:23:05,937 [ERROR] LogOutputStream:75 - [STDERR_REDIRECT] [Fatal Error] :1:1: Premature end of file.
2025-12-11 19:23:05,937 [ERROR] LogOutputStream:75 - [STDERR_REDIRECT] 
2025-12-11 19:23:06,935 [ERROR] LogOutputStream:75 - [STDERR_REDIRECT] [Fatal Error] :1:1: Premature end of file.
2025-12-11 19:23:06,935 [ERROR] LogOutputStream:75 - [STDERR_REDIRECT] 
2025-12-11 19:23:07,927 [ERROR] LogOutputStream:75 - [STDERR_REDIRECT] [Fatal Error] :1:1: Premature end of file.
2025-12-11 19:23:07,927 [ERROR] LogOutputStream:75 - [STDERR_REDIRECT] 
2025-12-11 19:23:08,926 [ERROR] LogOutputStream:75 - [STDERR_REDIRECT] [Fatal Error] :1:1: Premature end of file.
2025-12-11 19:23:08,926 [ERROR] LogOutputStream:75 - [STDERR_REDIRECT] 
2025-12-11 19:23:09,930 [ERROR] LogOutputStream:75 - [STDERR_REDIRECT] [Fatal Error] :1:1: Premature end of file.
2025-12-11 19:23:09,930 [ERROR] LogOutputStream:75 - [STDERR_REDIRECT] 
2025-12-11 19:23:10,926 [ERROR] LogOutputStream:75 - [STDERR_REDIRECT] [Fatal Error] :1:1: Premature end of file.
2025-12-11 19:23:10,926 [ERROR] LogOutputStream:75 - [STDERR_REDIRECT] 
2025-12-11 19:23:11,937 [ERROR] LogOutputStream:75 - [STDERR_REDIRECT] [Fatal Error] :1:1: Premature end of file.
2025-12-11 19:23:11,937 [ERROR] LogOutputStream:75 - [STDERR_REDIRECT] 
2025-12-11 19:23:12,925 [ERROR] LogOutputStream:75 - [STDERR_REDIRECT] [Fatal Error] :1:1: Premature end of file.
2025-12-11 19:23:12,925 [ERROR] LogOutputStream:75 - [STDERR_REDIRECT] 
2025-12-11 19:23:13,948 [ERROR] LogOutputStream:75 - [STDERR_REDIRECT] [Fatal Error] :1:1: Premature end of file.
2025-12-11 19:23:13,948 [ERROR] LogOutputStream:75 - [STDERR_REDIRECT] 
2025-12-11 19:23:14,942 [ERROR] LogOutputStream:75 - [STDERR_REDIRECT] [Fatal Error] :1:1: Premature end of file.
2025-12-11 19:23:14,943 [ERROR] LogOutputStream:75 - [STDERR_REDIRECT] 
2025-12-11 19:23:15,934 [ERROR] LogOutputStream:75 - [STDERR_REDIRECT] [Fatal Error] :1:1: Premature end of file.
2025-12-11 19:23:15,934 [ERROR] LogOutputStream:75 - [STDERR_REDIRECT] 
2025-12-11 19:23:16,934 [ERROR] LogOutputStream:75 - [STDERR_REDIRECT] [Fatal Error] :1:1: Premature end of file.
2025-12-11 19:23:16,935 [ERROR] LogOutputStream:75 - [STDERR_REDIRECT] 
2025-12-11 19:23:17,943 [ERROR] LogOutputStream:75 - [STDERR_REDIRECT] [Fatal Error] :1:1: Premature end of file.
2025-12-11 19:23:17,943 [ERROR] LogOutputStream:75 - [STDERR_REDIRECT] 
2025-12-11 19:23:18,935 [ERROR] LogOutputStream:75 - [STDERR_REDIRECT] [Fatal Error] :1:1: Premature end of file.
2025-12-11 19:23:18,935 [ERROR] LogOutputStream:75 - [STDERR_REDIRECT] 
2025-12-11 19:23:19,934 [ERROR] LogOutputStream:75 - [STDERR_REDIRECT] [Fatal Error] :1:1: Premature end of file.
2025-12-11 19:23:19,934 [ERROR] LogOutputStream:75 - [STDERR_REDIRECT] 
2025-12-11 19:23:20,927 [ERROR] LogOutputStream:75 - [STDERR_REDIRECT] [Fatal Error] :1:1: Premature end of file.
2025-12-11 19:23:20,927 [ERROR] LogOutputStream:75 - [STDERR_REDIRECT] 
2025-12-11 19:23:21,925 [ERROR] LogOutputStream:75 - [STDERR_REDIRECT] [Fatal Error] :1:1: Premature end of file.
2025-12-11 19:23:21,925 [ERROR] LogOutputStream:75 - [STDERR_REDIRECT] 
2025-12-11 19:23:22,933 [ERROR] LogOutputStream:75 - [STDERR_REDIRECT] [Fatal Error] :1:1: Premature end of file.
2025-12-11 19:23:22,934 [ERROR] LogOutputStream:75 - [STDERR_REDIRECT] 
2025-12-11 19:23:23,932 [ERROR] LogOutputStream:75 - [STDERR_REDIRECT] [Fatal Error] :1:1: Premature end of file.
2025-12-11 19:23:23,933 [ERROR] LogOutputStream:75 - [STDERR_REDIRECT] 
2025-12-11 19:23:24,943 [ERROR] LogOutputStream:75 - [STDERR_REDIRECT] [Fatal Error] :1:1: Premature end of file.
2025-12-11 19:23:24,943 [ERROR] LogOutputStream:75 - [STDERR_REDIRECT] 
2025-12-11 19:23:26,111 [ERROR] LogOutputStream:75 - [STDERR_REDIRECT] [Fatal Error] :1:1: Premature end of file.
2025-12-11 19:23:26,112 [ERROR] LogOutputStream:75 - [STDERR_REDIRECT] 
2025-12-11 19:23:26,595 [INFO] WebApp:191 - Connection restablished
2025-12-11 19:23:27,552 [ERROR] LogOutputStream:75 - [STDERR_REDIRECT] [Fatal Error] :1:1: Premature end of file.
2025-12-11 19:23:27,553 [ERROR] LogOutputStream:75 - [STDERR_REDIRECT] 
2025-12-11 19:23:28,004 [ERROR] LogOutputStream:75 - [STDERR_REDIRECT] [Fatal Error] :1:1: Premature end of file.
2025-12-11 19:23:28,004 [ERROR] LogOutputStream:75 - [STDERR_REDIRECT] 
2025-12-11 19:23:28,954 [ERROR] LogOutputStream:75 - [STDERR_REDIRECT] [Fatal Error] :1:1: Premature end of file.
2025-12-11 19:23:28,954 [ERROR] LogOutputStream:75 - [STDERR_REDIRECT] 
2025-12-11 19:23:29,215 [INFO] WebApp:194 - Connection lost
2025-12-11 19:23:29,382 [INFO] WebApp:191 - Connection restablished
2025-12-11 19:23:29,942 [ERROR] LogOutputStream:75 - [STDERR_REDIRECT] [Fatal Error] :1:1: Premature end of file.
2025-12-11 19:23:29,942 [ERROR] LogOutputStream:75 - [STDERR_REDIRECT] 
2025-12-11 19:23:30,938 [ERROR] LogOutputStream:75 - [STDERR_REDIRECT] [Fatal Error] :1:1: Premature end of file.
2025-12-11 19:23:30,940 [ERROR] LogOutputStream:75 - [STDERR_REDIRECT] 
2025-12-11 19:23:31,940 [ERROR] LogOutputStream:75 - [STDERR_REDIRECT] [Fatal Error] :1:1: Premature end of file.
2025-12-11 19:23:31,940 [ERROR] LogOutputStream:75 - [STDERR_REDIRECT] 
2025-12-11 19:23:32,951 [ERROR] LogOutputStream:75 - [STDERR_REDIRECT] [Fatal Error] :1:1: Premature end of file.
2025-12-11 19:23:32,951 [ERROR] LogOutputStream:75 - [STDERR_REDIRECT] 
2025-12-11 19:23:33,944 [ERROR] LogOutputStream:75 - [STDERR_REDIRECT] [Fatal Error] :1:1: Premature end of file.
2025-12-11 19:23:33,945 [ERROR] LogOutputStream:75 - [STDERR_REDIRECT] 
2025-12-11 19:23:34,930 [ERROR] LogOutputStream:75 - [STDERR_REDIRECT] [Fatal Error] :1:1: Premature end of file.
2025-12-11 19:23:34,931 [ERROR] LogOutputStream:75 - [STDERR_REDIRECT] 
2025-12-11 19:23:35,943 [ERROR] LogOutputStream:75 - [STDERR_REDIRECT] [Fatal Error] :1:1: Premature end of file.
2025-12-11 19:23:35,943 [ERROR] LogOutputStream:75 - [STDERR_REDIRECT] 
2025-12-11 19:23:37,026 [ERROR] LogOutputStream:75 - [STDERR_REDIRECT] [Fatal Error] :1:1: Premature end of file.
2025-12-11 19:23:37,026 [ERROR] LogOutputStream:75 - [STDERR_REDIRECT] 
2025-12-11 19:23:37,930 [ERROR] LogOutputStream:75 - [STDERR_REDIRECT] [Fatal Error] :1:1: Premature end of file.
2025-12-11 19:23:37,930 [ERROR] LogOutputStream:75 - [STDERR_REDIRECT] 
2025-12-11 19:23:38,949 [ERROR] LogOutputStream:75 - [STDERR_REDIRECT] [Fatal Error] :1:1: Premature end of file.
2025-12-11 19:23:38,949 [ERROR] LogOutputStream:75 - [STDERR_REDIRECT] 
2025-12-11 19:23:39,945 [ERROR] LogOutputStream:75 - [STDERR_REDIRECT] [Fatal Error] :1:1: Premature end of file.
2025-12-11 19:23:39,945 [ERROR] LogOutputStream:75 - [STDERR_REDIRECT] 
2025-12-11 19:23:40,934 [ERROR] LogOutputStream:75 - [STDERR_REDIRECT] [Fatal Error] :1:1: Premature end of file.
2025-12-11 19:23:40,934 [ERROR] LogOutputStream:75 - [STDERR_REDIRECT] 
2025-12-11 19:23:41,949 [ERROR] LogOutputStream:75 - [STDERR_REDIRECT] [Fatal Error] :1:1: Premature end of file.
2025-12-11 19:23:41,949 [ERROR] LogOutputStream:75 - [STDERR_REDIRECT] 
2025-12-11 19:23:42,949 [ERROR] LogOutputStream:75 - [STDERR_REDIRECT] [Fatal Error] :1:1: Premature end of file.
2025-12-11 19:23:42,949 [ERROR] LogOutputStream:75 - [STDERR_REDIRECT] 
2025-12-11 19:23:43,947 [ERROR] LogOutputStream:75 - [STDERR_REDIRECT] [Fatal Error] :1:1: Premature end of file.
2025-12-11 19:23:43,947 [ERROR] LogOutputStream:75 - [STDERR_REDIRECT] 
2025-12-11 19:23:44,943 [ERROR] LogOutputStream:75 - [STDERR_REDIRECT] [Fatal Error] :1:1: Premature end of file.
2025-12-11 19:23:44,943 [ERROR] LogOutputStream:75 - [STDERR_REDIRECT] 
2025-12-11 19:23:45,936 [ERROR] LogOutputStream:75 - [STDERR_REDIRECT] [Fatal Error] :1:1: Premature end of file.
2025-12-11 19:23:45,936 [ERROR] LogOutputStream:75 - [STDERR_REDIRECT] 
2025-12-11 19:23:46,949 [ERROR] LogOutputStream:75 - [STDERR_REDIRECT] [Fatal Error] :1:1: Premature end of file.
2025-12-11 19:23:46,950 [ERROR] LogOutputStream:75 - [STDERR_REDIRECT] 
2025-12-11 19:23:47,939 [ERROR] LogOutputStream:75 - [STDERR_REDIRECT] [Fatal Error] :1:1: Premature end of file.
2025-12-11 19:23:47,939 [ERROR] LogOutputStream:75 - [STDERR_REDIRECT] 
2025-12-11 19:23:48,931 [ERROR] LogOutputStream:75 - [STDERR_REDIRECT] [Fatal Error] :1:1: Premature end of file.
2025-12-11 19:23:48,931 [ERROR] LogOutputStream:75 - [STDERR_REDIRECT] 
2025-12-11 19:23:49,928 [ERROR] LogOutputStream:75 - [STDERR_REDIRECT] [Fatal Error] :1:1: Premature end of file.
2025-12-11 19:23:49,928 [ERROR] LogOutputStream:75 - [STDERR_REDIRECT] 
2025-12-11 19:23:50,930 [ERROR] LogOutputStream:75 - [STDERR_REDIRECT] [Fatal Error] :1:1: Premature end of file.
2025-12-11 19:23:50,930 [ERROR] LogOutputStream:75 - [STDERR_REDIRECT] 
2025-12-11 19:23:51,931 [ERROR] LogOutputStream:75 - [STDERR_REDIRECT] [Fatal Error] :1:1: Premature end of file.
2025-12-11 19:23:51,931 [ERROR] LogOutputStream:75 - [STDERR_REDIRECT] 
2025-12-11 19:23:52,940 [ERROR] LogOutputStream:75 - [STDERR_REDIRECT] [Fatal Error] :1:1: Premature end of file.
2025-12-11 19:23:52,940 [ERROR] LogOutputStream:75 - [STDERR_REDIRECT] 
2025-12-11 19:23:53,937 [ERROR] LogOutputStream:75 - [STDERR_REDIRECT] [Fatal Error] :1:1: Premature end of file.
2025-12-11 19:23:53,937 [ERROR] LogOutputStream:75 - [STDERR_REDIRECT] 
2025-12-11 19:23:54,934 [ERROR] LogOutputStream:75 - [STDERR_REDIRECT] [Fatal Error] :1:1: Premature end of file.
2025-12-11 19:23:54,934 [ERROR] LogOutputStream:75 - [STDERR_REDIRECT] 
2025-12-11 19:23:55,933 [ERROR] LogOutputStream:75 - [STDERR_REDIRECT] [Fatal Error] :1:1: Premature end of file.
2025-12-11 19:23:55,933 [ERROR] LogOutputStream:75 - [STDERR_REDIRECT] 
2025-12-11 19:23:56,927 [ERROR] LogOutputStream:75 - [STDERR_REDIRECT] [Fatal Error] :1:1: Premature end of file.
2025-12-11 19:23:56,927 [ERROR] LogOutputStream:75 - [STDERR_REDIRECT] 
2025-12-11 19:23:57,939 [ERROR] LogOutputStream:75 - [STDERR_REDIRECT] [Fatal Error] :1:1: Premature end of file.
2025-12-11 19:23:57,939 [ERROR] LogOutputStream:75 - [STDERR_REDIRECT] 
2025-12-11 19:23:58,940 [ERROR] LogOutputStream:75 - [STDERR_REDIRECT] [Fatal Error] :1:1: Premature end of file.
2025-12-11 19:23:58,940 [ERROR] LogOutputStream:75 - [STDERR_REDIRECT] 
2025-12-11 19:23:59,927 [ERROR] LogOutputStream:75 - [STDERR_REDIRECT] [Fatal Error] :1:1: Premature end of file.
2025-12-11 19:23:59,927 [ERROR] LogOutputStream:75 - [STDERR_REDIRECT] 
2025-12-11 19:24:00,937 [ERROR] LogOutputStream:75 - [STDERR_REDIRECT] [Fatal Error] :1:1: Premature end of file.
2025-12-11 19:24:00,937 [ERROR] LogOutputStream:75 - [STDERR_REDIRECT] 
2025-12-11 19:24:01,930 [ERROR] LogOutputStream:75 - [STDERR_REDIRECT] [Fatal Error] :1:1: Premature end of file.
2025-12-11 19:24:01,932 [ERROR] LogOutputStream:75 - [STDERR_REDIRECT] 
2025-12-11 19:24:02,937 [ERROR] LogOutputStream:75 - [STDERR_REDIRECT] [Fatal Error] :1:1: Premature end of file.
2025-12-11 19:24:02,937 [ERROR] LogOutputStream:75 - [STDERR_REDIRECT] 
2025-12-11 19:24:03,931 [ERROR] LogOutputStream:75 - [STDERR_REDIRECT] [Fatal Error] :1:1: Premature end of file.
2025-12-11 19:24:03,931 [ERROR] LogOutputStream:75 - [STDERR_REDIRECT] 
2025-12-11 19:24:04,926 [ERROR] LogOutputStream:75 - [STDERR_REDIRECT] [Fatal Error] :1:1: Premature end of file.
2025-12-11 19:24:04,928 [ERROR] LogOutputStream:75 - [STDERR_REDIRECT] 
2025-12-11 19:24:05,941 [ERROR] LogOutputStream:75 - [STDERR_REDIRECT] [Fatal Error] :1:1: Premature end of file.
2025-12-11 19:24:05,941 [ERROR] LogOutputStream:75 - [STDERR_REDIRECT] 
2025-12-11 19:24:07,102 [ERROR] LogOutputStream:75 - [STDERR_REDIRECT] [Fatal Error] :1:1: Premature end of file.
2025-12-11 19:24:07,102 [ERROR] LogOutputStream:75 - [STDERR_REDIRECT] 
2025-12-11 19:24:07,935 [ERROR] LogOutputStream:75 - [STDERR_REDIRECT] [Fatal Error] :1:1: Premature end of file.
2025-12-11 19:24:07,935 [ERROR] LogOutputStream:75 - [STDERR_REDIRECT] 
2025-12-11 19:24:08,934 [ERROR] LogOutputStream:75 - [STDERR_REDIRECT] [Fatal Error] :1:1: Premature end of file.
2025-12-11 19:24:08,934 [ERROR] LogOutputStream:75 - [STDERR_REDIRECT] 
2025-12-11 19:24:09,941 [ERROR] LogOutputStream:75 - [STDERR_REDIRECT] [Fatal Error] :1:1: Premature end of file.
2025-12-11 19:24:09,941 [ERROR] LogOutputStream:75 - [STDERR_REDIRECT] 
2025-12-11 19:24:10,942 [ERROR] LogOutputStream:75 - [STDERR_REDIRECT] [Fatal Error] :1:1: Premature end of file.
2025-12-11 19:24:10,943 [ERROR] LogOutputStream:75 - [STDERR_REDIRECT] 
2025-12-11 19:24:11,934 [ERROR] LogOutputStream:75 - [STDERR_REDIRECT] [Fatal Error] :1:1: Premature end of file.
2025-12-11 19:24:11,934 [ERROR] LogOutputStream:75 - [STDERR_REDIRECT] 
2025-12-11 19:24:12,933 [ERROR] LogOutputStream:75 - [STDERR_REDIRECT] [Fatal Error] :1:1: Premature end of file.
2025-12-11 19:24:12,933 [ERROR] LogOutputStream:75 - [STDERR_REDIRECT] 
2025-12-11 19:24:13,928 [ERROR] LogOutputStream:75 - [STDERR_REDIRECT] [Fatal Error] :1:1: Premature end of file.
2025-12-11 19:24:13,928 [ERROR] LogOutputStream:75 - [STDERR_REDIRECT] 
2025-12-11 19:24:14,949 [ERROR] LogOutputStream:75 - [STDERR_REDIRECT] [Fatal Error] :1:1: Premature end of file.
2025-12-11 19:24:14,949 [ERROR] LogOutputStream:75 - [STDERR_REDIRECT] 
2025-12-11 19:24:15,943 [ERROR] LogOutputStream:75 - [STDERR_REDIRECT] [Fatal Error] :1:1: Premature end of file.
2025-12-11 19:24:15,943 [ERROR] LogOutputStream:75 - [STDERR_REDIRECT] 
2025-12-11 19:24:16,938 [ERROR] LogOutputStream:75 - [STDERR_REDIRECT] [Fatal Error] :1:1: Premature end of file.
2025-12-11 19:24:16,938 [ERROR] LogOutputStream:75 - [STDERR_REDIRECT] 
2025-12-11 19:24:17,936 [ERROR] LogOutputStream:75 - [STDERR_REDIRECT] [Fatal Error] :1:1: Premature end of file.
2025-12-11 19:24:17,937 [ERROR] LogOutputStream:75 - [STDERR_REDIRECT] 
2025-12-11 19:24:18,938 [ERROR] LogOutputStream:75 - [STDERR_REDIRECT] [Fatal Error] :1:1: Premature end of file.
2025-12-11 19:24:18,938 [ERROR] LogOutputStream:75 - [STDERR_REDIRECT] 
2025-12-11 19:24:19,946 [ERROR] LogOutputStream:75 - [STDERR_REDIRECT] [Fatal Error] :1:1: Premature end of file.
2025-12-11 19:24:19,946 [ERROR] LogOutputStream:75 - [STDERR_REDIRECT] 
2025-12-11 19:24:20,939 [ERROR] LogOutputStream:75 - [STDERR_REDIRECT] [Fatal Error] :1:1: Premature end of file.
2025-12-11 19:24:20,939 [ERROR] LogOutputStream:75 - [STDERR_REDIRECT] 
2025-12-11 19:24:21,944 [ERROR] LogOutputStream:75 - [STDERR_REDIRECT] [Fatal Error] :1:1: Premature end of file.
2025-12-11 19:24:21,944 [ERROR] LogOutputStream:75 - [STDERR_REDIRECT] 
2025-12-11 19:24:22,937 [ERROR] LogOutputStream:75 - [STDERR_REDIRECT] [Fatal Error] :1:1: Premature end of file.
2025-12-11 19:24:22,938 [ERROR] LogOutputStream:75 - [STDERR_REDIRECT] 
2025-12-11 19:24:23,946 [ERROR] LogOutputStream:75 - [STDERR_REDIRECT] [Fatal Error] :1:1: Premature end of file.
2025-12-11 19:24:23,948 [ERROR] LogOutputStream:75 - [STDERR_REDIRECT] 
2025-12-11 19:24:24,949 [ERROR] LogOutputStream:75 - [STDERR_REDIRECT] [Fatal Error] :1:1: Premature end of file.
2025-12-11 19:24:24,949 [ERROR] LogOutputStream:75 - [STDERR_REDIRECT] 
2025-12-11 19:24:25,955 [ERROR] LogOutputStream:75 - [STDERR_REDIRECT] [Fatal Error] :1:1: Premature end of file.
2025-12-11 19:24:25,956 [ERROR] LogOutputStream:75 - [STDERR_REDIRECT] 
2025-12-11 19:24:26,948 [ERROR] LogOutputStream:75 - [STDERR_REDIRECT] [Fatal Error] :1:1: Premature end of file.
2025-12-11 19:24:26,948 [ERROR] LogOutputStream:75 - [STDERR_REDIRECT] 
2025-12-11 19:24:27,947 [ERROR] LogOutputStream:75 - [STDERR_REDIRECT] [Fatal Error] :1:1: Premature end of file.
2025-12-11 19:24:27,947 [ERROR] LogOutputStream:75 - [STDERR_REDIRECT] 
2025-12-11 19:24:28,937 [ERROR] LogOutputStream:75 - [STDERR_REDIRECT] [Fatal Error] :1:1: Premature end of file.
2025-12-11 19:24:28,937 [ERROR] LogOutputStream:75 - [STDERR_REDIRECT] 
2025-12-11 19:24:29,941 [ERROR] LogOutputStream:75 - [STDERR_REDIRECT] [Fatal Error] :1:1: Premature end of file.
2025-12-11 19:24:29,941 [ERROR] LogOutputStream:75 - [STDERR_REDIRECT] 
2025-12-11 19:24:30,936 [ERROR] LogOutputStream:75 - [STDERR_REDIRECT] [Fatal Error] :1:1: Premature end of file.
2025-12-11 19:24:30,938 [ERROR] LogOutputStream:75 - [STDERR_REDIRECT] 
2025-12-11 19:24:31,935 [ERROR] LogOutputStream:75 - [STDERR_REDIRECT] [Fatal Error] :1:1: Premature end of file.
2025-12-11 19:24:31,935 [ERROR] LogOutputStream:75 - [STDERR_REDIRECT] 
2025-12-11 19:24:32,941 [ERROR] LogOutputStream:75 - [STDERR_REDIRECT] [Fatal Error] :1:1: Premature end of file.
2025-12-11 19:24:32,941 [ERROR] LogOutputStream:75 - [STDERR_REDIRECT] 
2025-12-11 19:24:33,939 [ERROR] LogOutputStream:75 - [STDERR_REDIRECT] [Fatal Error] :1:1: Premature end of file.
2025-12-11 19:24:33,939 [ERROR] LogOutputStream:75 - [STDERR_REDIRECT] 
2025-12-11 19:24:34,940 [ERROR] LogOutputStream:75 - [STDERR_REDIRECT] [Fatal Error] :1:1: Premature end of file.
2025-12-11 19:24:34,941 [ERROR] LogOutputStream:75 - [STDERR_REDIRECT] 
2025-12-11 19:24:35,935 [ERROR] LogOutputStream:75 - [STDERR_REDIRECT] [Fatal Error] :1:1: Premature end of file.
2025-12-11 19:24:35,935 [ERROR] LogOutputStream:75 - [STDERR_REDIRECT] 
2025-12-11 19:24:36,938 [ERROR] LogOutputStream:75 - [STDERR_REDIRECT] [Fatal Error] :1:1: Premature end of file.
2025-12-11 19:24:36,938 [ERROR] LogOutputStream:75 - [STDERR_REDIRECT] 
2025-12-11 19:24:37,954 [ERROR] LogOutputStream:75 - [STDERR_REDIRECT] [Fatal Error] :1:1: Premature end of file.
2025-12-11 19:24:37,954 [ERROR] LogOutputStream:75 - [STDERR_REDIRECT] 
2025-12-11 19:24:38,943 [ERROR] LogOutputStream:75 - [STDERR_REDIRECT] [Fatal Error] :1:1: Premature end of file.
2025-12-11 19:24:38,943 [ERROR] LogOutputStream:75 - [STDERR_REDIRECT] 
2025-12-11 19:24:39,944 [ERROR] LogOutputStream:75 - [STDERR_REDIRECT] [Fatal Error] :1:1: Premature end of file.
2025-12-11 19:24:39,944 [ERROR] LogOutputStream:75 - [STDERR_REDIRECT] 
2025-12-11 19:24:58,070 [ERROR] LogOutputStream:75 - [STDERR_REDIRECT] [Fatal Error] :1:1: Premature end of file.
2025-12-11 19:24:58,070 [ERROR] LogOutputStream:75 - [STDERR_REDIRECT] 
2025-12-11 19:24:58,180 [ERROR] LogOutputStream:75 - [STDERR_REDIRECT] [Fatal Error] :1:1: Premature end of file.
2025-12-11 19:24:58,180 [ERROR] LogOutputStream:75 - [STDERR_REDIRECT] 
2025-12-11 19:24:58,251 [ERROR] LogOutputStream:75 - [STDERR_REDIRECT] [Fatal Error] :1:1: Premature end of file.
2025-12-11 19:24:58,251 [ERROR] LogOutputStream:75 - [STDERR_REDIRECT] 
2025-12-11 19:24:58,316 [ERROR] LogOutputStream:75 - [STDERR_REDIRECT] [Fatal Error] :1:1: Premature end of file.
2025-12-11 19:24:58,317 [ERROR] LogOutputStream:75 - [STDERR_REDIRECT] 
2025-12-11 19:24:58,412 [ERROR] LogOutputStream:75 - [STDERR_REDIRECT] [Fatal Error] :1:1: Premature end of file.
2025-12-11 19:24:58,412 [ERROR] LogOutputStream:75 - [STDERR_REDIRECT] 
2025-12-11 19:24:58,490 [ERROR] LogOutputStream:75 - [STDERR_REDIRECT] [Fatal Error] :1:1: Premature end of file.
2025-12-11 19:24:58,490 [ERROR] LogOutputStream:75 - [STDERR_REDIRECT] 
2025-12-11 19:24:58,574 [ERROR] LogOutputStream:75 - [STDERR_REDIRECT] [Fatal Error] :1:1: Premature end of file.
2025-12-11 19:24:58,574 [ERROR] LogOutputStream:75 - [STDERR_REDIRECT] 
2025-12-11 19:24:58,693 [ERROR] LogOutputStream:75 - [STDERR_REDIRECT] [Fatal Error] :1:1: Premature end of file.
2025-12-11 19:24:58,693 [ERROR] LogOutputStream:75 - [STDERR_REDIRECT] 
2025-12-11 19:24:58,795 [ERROR] LogOutputStream:75 - [STDERR_REDIRECT] [Fatal Error] :1:1: Premature end of file.
2025-12-11 19:24:58,795 [ERROR] LogOutputStream:75 - [STDERR_REDIRECT] 
2025-12-11 19:24:58,900 [ERROR] LogOutputStream:75 - [STDERR_REDIRECT] [Fatal Error] :1:1: Premature end of file.
2025-12-11 19:24:58,900 [ERROR] LogOutputStream:75 - [STDERR_REDIRECT] 
2025-12-11 19:24:58,988 [ERROR] LogOutputStream:75 - [STDERR_REDIRECT] [Fatal Error] :1:1: Premature end of file.
2025-12-11 19:24:58,988 [ERROR] LogOutputStream:75 - [STDERR_REDIRECT] 
2025-12-11 19:24:59,080 [ERROR] LogOutputStream:75 - [STDERR_REDIRECT] [Fatal Error] :1:1: Premature end of file.
2025-12-11 19:24:59,080 [ERROR] LogOutputStream:75 - [STDERR_REDIRECT] 
2025-12-11 19:24:59,235 [ERROR] LogOutputStream:75 - [STDERR_REDIRECT] [Fatal Error] :1:1: Premature end of file.
2025-12-11 19:24:59,235 [ERROR] LogOutputStream:75 - [STDERR_REDIRECT] 
2025-12-11 19:24:59,304 [ERROR] LogOutputStream:75 - [STDERR_REDIRECT] [Fatal Error] :1:1: Premature end of file.
2025-12-11 19:24:59,304 [ERROR] LogOutputStream:75 - [STDERR_REDIRECT] 
2025-12-11 19:24:59,369 [ERROR] LogOutputStream:75 - [STDERR_REDIRECT] [Fatal Error] :1:1: Premature end of file.
2025-12-11 19:24:59,373 [ERROR] LogOutputStream:75 - [STDERR_REDIRECT] 
2025-12-11 19:24:59,436 [ERROR] LogOutputStream:75 - [STDERR_REDIRECT] [Fatal Error] :1:1: Premature end of file.
2025-12-11 19:24:59,436 [ERROR] LogOutputStream:75 - [STDERR_REDIRECT] 
2025-12-11 19:24:59,491 [ERROR] LogOutputStream:75 - [STDERR_REDIRECT] [Fatal Error] :1:1: Premature end of file.
2025-12-11 19:24:59,491 [ERROR] LogOutputStream:75 - [STDERR_REDIRECT] 
2025-12-11 19:24:59,564 [ERROR] LogOutputStream:75 - [STDERR_REDIRECT] [Fatal Error] :1:1: Premature end of file.
2025-12-11 19:24:59,564 [ERROR] LogOutputStream:75 - [STDERR_REDIRECT] 
2025-12-11 19:24:59,707 [ERROR] LogOutputStream:75 - [STDERR_REDIRECT] [Fatal Error] :1:1: Premature end of file.
2025-12-11 19:24:59,707 [ERROR] LogOutputStream:75 - [STDERR_REDIRECT] 
2025-12-11 19:24:59,954 [ERROR] LogOutputStream:75 - [STDERR_REDIRECT] [Fatal Error] :1:1: Premature end of file.
2025-12-11 19:24:59,954 [ERROR] LogOutputStream:75 - [STDERR_REDIRECT] 
2025-12-11 19:25:00,962 [ERROR] LogOutputStream:75 - [STDERR_REDIRECT] [Fatal Error] :1:1: Premature end of file.
2025-12-11 19:25:00,962 [ERROR] LogOutputStream:75 - [STDERR_REDIRECT] 
2025-12-11 19:25:01,958 [ERROR] LogOutputStream:75 - [STDERR_REDIRECT] [Fatal Error] :1:1: Premature end of file.
2025-12-11 19:25:01,958 [ERROR] LogOutputStream:75 - [STDERR_REDIRECT] 
2025-12-11 19:25:02,948 [ERROR] LogOutputStream:75 - [STDERR_REDIRECT] [Fatal Error] :1:1: Premature end of file.
2025-12-11 19:25:02,948 [ERROR] LogOutputStream:75 - [STDERR_REDIRECT] 
2025-12-11 19:25:03,937 [ERROR] LogOutputStream:75 - [STDERR_REDIRECT] [Fatal Error] :1:1: Premature end of file.
2025-12-11 19:25:03,937 [ERROR] LogOutputStream:75 - [STDERR_REDIRECT] 
2025-12-11 19:25:04,933 [ERROR] LogOutputStream:75 - [STDERR_REDIRECT] [Fatal Error] :1:1: Premature end of file.
2025-12-11 19:25:04,933 [ERROR] LogOutputStream:75 - [STDERR_REDIRECT] 
2025-12-11 19:25:05,940 [ERROR] LogOutputStream:75 - [STDERR_REDIRECT] [Fatal Error] :1:1: Premature end of file.
2025-12-11 19:25:05,940 [ERROR] LogOutputStream:75 - [STDERR_REDIRECT] 
2025-12-11 19:25:06,943 [ERROR] LogOutputStream:75 - [STDERR_REDIRECT] [Fatal Error] :1:1: Premature end of file.
2025-12-11 19:25:06,943 [ERROR] LogOutputStream:75 - [STDERR_REDIRECT] 
2025-12-11 19:25:07,936 [ERROR] LogOutputStream:75 - [STDERR_REDIRECT] [Fatal Error] :1:1: Premature end of file.
2025-12-11 19:25:07,936 [ERROR] LogOutputStream:75 - [STDERR_REDIRECT] 
2025-12-11 19:25:08,950 [ERROR] LogOutputStream:75 - [STDERR_REDIRECT] [Fatal Error] :1:1: Premature end of file.
2025-12-11 19:25:08,950 [ERROR] LogOutputStream:75 - [STDERR_REDIRECT] 
2025-12-11 19:25:09,948 [ERROR] LogOutputStream:75 - [STDERR_REDIRECT] [Fatal Error] :1:1: Premature end of file.
2025-12-11 19:25:09,948 [ERROR] LogOutputStream:75 - [STDERR_REDIRECT] 
2025-12-11 19:25:12,094 [ERROR] LogOutputStream:75 - [STDERR_REDIRECT] [Fatal Error] :1:1: Premature end of file.
2025-12-11 19:25:12,094 [ERROR] LogOutputStream:75 - [STDERR_REDIRECT] 
2025-12-11 19:25:12,151 [ERROR] LogOutputStream:75 - [STDERR_REDIRECT] [Fatal Error] :1:1: Premature end of file.
2025-12-11 19:25:12,151 [ERROR] LogOutputStream:75 - [STDERR_REDIRECT] 
2025-12-11 19:25:12,960 [ERROR] LogOutputStream:75 - [STDERR_REDIRECT] [Fatal Error] :1:1: Premature end of file.
2025-12-11 19:25:12,960 [ERROR] LogOutputStream:75 - [STDERR_REDIRECT] 
2025-12-11 19:25:13,952 [ERROR] LogOutputStream:75 - [STDERR_REDIRECT] [Fatal Error] :1:1: Premature end of file.
2025-12-11 19:25:13,952 [ERROR] LogOutputStream:75 - [STDERR_REDIRECT] 
2025-12-11 19:25:14,935 [ERROR] LogOutputStream:75 - [STDERR_REDIRECT] [Fatal Error] :1:1: Premature end of file.
2025-12-11 19:25:14,935 [ERROR] LogOutputStream:75 - [STDERR_REDIRECT] 
2025-12-11 19:25:15,949 [ERROR] LogOutputStream:75 - [STDERR_REDIRECT] [Fatal Error] :1:1: Premature end of file.
2025-12-11 19:25:15,949 [ERROR] LogOutputStream:75 - [STDERR_REDIRECT] 
2025-12-11 19:25:16,948 [ERROR] LogOutputStream:75 - [STDERR_REDIRECT] [Fatal Error] :1:1: Premature end of file.
2025-12-11 19:25:16,948 [ERROR] LogOutputStream:75 - [STDERR_REDIRECT] 
2025-12-11 19:25:17,935 [ERROR] LogOutputStream:75 - [STDERR_REDIRECT] [Fatal Error] :1:1: Premature end of file.
2025-12-11 19:25:17,935 [ERROR] LogOutputStream:75 - [STDERR_REDIRECT] 
2025-12-11 19:25:18,936 [ERROR] LogOutputStream:75 - [STDERR_REDIRECT] [Fatal Error] :1:1: Premature end of file.
2025-12-11 19:25:18,936 [ERROR] LogOutputStream:75 - [STDERR_REDIRECT] 
2025-12-11 19:25:19,949 [ERROR] LogOutputStream:75 - [STDERR_REDIRECT] [Fatal Error] :1:1: Premature end of file.
2025-12-11 19:25:19,949 [ERROR] LogOutputStream:75 - [STDERR_REDIRECT] 
2025-12-11 19:25:20,943 [ERROR] LogOutputStream:75 - [STDERR_REDIRECT] [Fatal Error] :1:1: Premature end of file.
2025-12-11 19:25:20,943 [ERROR] LogOutputStream:75 - [STDERR_REDIRECT] 
2025-12-11 19:25:21,929 [ERROR] LogOutputStream:75 - [STDERR_REDIRECT] [Fatal Error] :1:1: Premature end of file.
2025-12-11 19:25:21,929 [ERROR] LogOutputStream:75 - [STDERR_REDIRECT] 
2025-12-11 19:25:22,935 [ERROR] LogOutputStream:75 - [STDERR_REDIRECT] [Fatal Error] :1:1: Premature end of file.
2025-12-11 19:25:22,935 [ERROR] LogOutputStream:75 - [STDERR_REDIRECT] 
2025-12-11 19:25:23,944 [ERROR] LogOutputStream:75 - [STDERR_REDIRECT] [Fatal Error] :1:1: Premature end of file.
2025-12-11 19:25:23,944 [ERROR] LogOutputStream:75 - [STDERR_REDIRECT] 
2025-12-11 19:25:24,928 [ERROR] LogOutputStream:75 - [STDERR_REDIRECT] [Fatal Error] :1:1: Premature end of file.
2025-12-11 19:25:24,928 [ERROR] LogOutputStream:75 - [STDERR_REDIRECT] 
2025-12-11 19:25:25,933 [ERROR] LogOutputStream:75 - [STDERR_REDIRECT] [Fatal Error] :1:1: Premature end of file.
2025-12-11 19:25:25,933 [ERROR] LogOutputStream:75 - [STDERR_REDIRECT] 
2025-12-11 19:25:26,936 [ERROR] LogOutputStream:75 - [STDERR_REDIRECT] [Fatal Error] :1:1: Premature end of file.
2025-12-11 19:25:26,936 [ERROR] LogOutputStream:75 - [STDERR_REDIRECT] 
2025-12-11 19:25:27,940 [ERROR] LogOutputStream:75 - [STDERR_REDIRECT] [Fatal Error] :1:1: Premature end of file.
2025-12-11 19:25:27,940 [ERROR] LogOutputStream:75 - [STDERR_REDIRECT] 
2025-12-11 19:25:28,928 [ERROR] LogOutputStream:75 - [STDERR_REDIRECT] [Fatal Error] :1:1: Premature end of file.
2025-12-11 19:25:28,928 [ERROR] LogOutputStream:75 - [STDERR_REDIRECT] 
2025-12-11 19:25:29,935 [ERROR] LogOutputStream:75 - [STDERR_REDIRECT] [Fatal Error] :1:1: Premature end of file.
2025-12-11 19:25:29,935 [ERROR] LogOutputStream:75 - [STDERR_REDIRECT] 
2025-12-11 19:25:30,931 [ERROR] LogOutputStream:75 - [STDERR_REDIRECT] [Fatal Error] :1:1: Premature end of file.
2025-12-11 19:25:30,953 [ERROR] LogOutputStream:75 - [STDERR_REDIRECT] 
2025-12-11 19:25:31,935 [ERROR] LogOutputStream:75 - [STDERR_REDIRECT] [Fatal Error] :1:1: Premature end of file.
2025-12-11 19:25:31,935 [ERROR] LogOutputStream:75 - [STDERR_REDIRECT] 
2025-12-11 19:25:32,936 [ERROR] LogOutputStream:75 - [STDERR_REDIRECT] [Fatal Error] :1:1: Premature end of file.
2025-12-11 19:25:32,936 [ERROR] LogOutputStream:75 - [STDERR_REDIRECT] 
2025-12-11 19:25:33,940 [ERROR] LogOutputStream:75 - [STDERR_REDIRECT] [Fatal Error] :1:1: Premature end of file.
2025-12-11 19:25:33,940 [ERROR] LogOutputStream:75 - [STDERR_REDIRECT] 
2025-12-11 19:25:34,933 [ERROR] LogOutputStream:75 - [STDERR_REDIRECT] [Fatal Error] :1:1: Premature end of file.
2025-12-11 19:25:34,933 [ERROR] LogOutputStream:75 - [STDERR_REDIRECT] 
2025-12-11 19:25:35,929 [ERROR] LogOutputStream:75 - [STDERR_REDIRECT] [Fatal Error] :1:1: Premature end of file.
2025-12-11 19:25:35,929 [ERROR] LogOutputStream:75 - [STDERR_REDIRECT] 
2025-12-11 19:25:36,935 [ERROR] LogOutputStream:75 - [STDERR_REDIRECT] [Fatal Error] :1:1: Premature end of file.
2025-12-11 19:25:36,935 [ERROR] LogOutputStream:75 - [STDERR_REDIRECT] 
2025-12-11 19:25:37,929 [ERROR] LogOutputStream:75 - [STDERR_REDIRECT] [Fatal Error] :1:1: Premature end of file.
2025-12-11 19:25:37,929 [ERROR] LogOutputStream:75 - [STDERR_REDIRECT] 
2025-12-11 19:25:38,936 [ERROR] LogOutputStream:75 - [STDERR_REDIRECT] [Fatal Error] :1:1: Premature end of file.
2025-12-11 19:25:38,936 [ERROR] LogOutputStream:75 - [STDERR_REDIRECT] 
2025-12-11 19:25:39,933 [ERROR] LogOutputStream:75 - [STDERR_REDIRECT] [Fatal Error] :1:1: Premature end of file.
2025-12-11 19:25:39,933 [ERROR] LogOutputStream:75 - [STDERR_REDIRECT] 
2025-12-11 19:25:40,924 [ERROR] LogOutputStream:75 - [STDERR_REDIRECT] [Fatal Error] :1:1: Premature end of file.
2025-12-11 19:25:40,924 [ERROR] LogOutputStream:75 - [STDERR_REDIRECT] 
2025-12-11 19:25:41,932 [ERROR] LogOutputStream:75 - [STDERR_REDIRECT] [Fatal Error] :1:1: Premature end of file.
2025-12-11 19:25:41,932 [ERROR] LogOutputStream:75 - [STDERR_REDIRECT] 
2025-12-11 19:25:42,930 [ERROR] LogOutputStream:75 - [STDERR_REDIRECT] [Fatal Error] :1:1: Premature end of file.
2025-12-11 19:25:42,930 [ERROR] LogOutputStream:75 - [STDERR_REDIRECT] 
2025-12-11 19:25:43,933 [ERROR] LogOutputStream:75 - [STDERR_REDIRECT] [Fatal Error] :1:1: Premature end of file.
2025-12-11 19:25:43,933 [ERROR] LogOutputStream:75 - [STDERR_REDIRECT] 
2025-12-11 19:25:44,938 [ERROR] LogOutputStream:75 - [STDERR_REDIRECT] [Fatal Error] :1:1: Premature end of file.
2025-12-11 19:25:44,938 [ERROR] LogOutputStream:75 - [STDERR_REDIRECT] 
2025-12-11 19:25:45,931 [ERROR] LogOutputStream:75 - [STDERR_REDIRECT] [Fatal Error] :1:1: Premature end of file.
2025-12-11 19:25:45,931 [ERROR] LogOutputStream:75 - [STDERR_REDIRECT] 
2025-12-11 19:25:46,938 [ERROR] LogOutputStream:75 - [STDERR_REDIRECT] [Fatal Error] :1:1: Premature end of file.
2025-12-11 19:25:46,938 [ERROR] LogOutputStream:75 - [STDERR_REDIRECT] 
2025-12-11 19:25:47,924 [ERROR] LogOutputStream:75 - [STDERR_REDIRECT] [Fatal Error] :1:1: Premature end of file.
2025-12-11 19:25:47,924 [ERROR] LogOutputStream:75 - [STDERR_REDIRECT] 
2025-12-11 19:25:48,935 [ERROR] LogOutputStream:75 - [STDERR_REDIRECT] [Fatal Error] :1:1: Premature end of file.
2025-12-11 19:25:48,935 [ERROR] LogOutputStream:75 - [STDERR_REDIRECT] 
2025-12-11 19:25:49,937 [ERROR] LogOutputStream:75 - [STDERR_REDIRECT] [Fatal Error] :1:1: Premature end of file.
2025-12-11 19:25:49,937 [ERROR] LogOutputStream:75 - [STDERR_REDIRECT] 
2025-12-11 19:25:50,936 [ERROR] LogOutputStream:75 - [STDERR_REDIRECT] [Fatal Error] :1:1: Premature end of file.
2025-12-11 19:25:50,936 [ERROR] LogOutputStream:75 - [STDERR_REDIRECT] 
2025-12-11 19:25:51,940 [ERROR] LogOutputStream:75 - [STDERR_REDIRECT] [Fatal Error] :1:1: Premature end of file.
2025-12-11 19:25:51,940 [ERROR] LogOutputStream:75 - [STDERR_REDIRECT] 
2025-12-11 19:25:52,934 [ERROR] LogOutputStream:75 - [STDERR_REDIRECT] [Fatal Error] :1:1: Premature end of file.
2025-12-11 19:25:52,934 [ERROR] LogOutputStream:75 - [STDERR_REDIRECT] 
2025-12-11 19:25:53,935 [ERROR] LogOutputStream:75 - [STDERR_REDIRECT] [Fatal Error] :1:1: Premature end of file.
2025-12-11 19:25:53,935 [ERROR] LogOutputStream:75 - [STDERR_REDIRECT] 
2025-12-11 19:25:54,934 [ERROR] LogOutputStream:75 - [STDERR_REDIRECT] [Fatal Error] :1:1: Premature end of file.
2025-12-11 19:25:54,934 [ERROR] LogOutputStream:75 - [STDERR_REDIRECT] 
2025-12-11 19:25:55,931 [ERROR] LogOutputStream:75 - [STDERR_REDIRECT] [Fatal Error] :1:1: Premature end of file.
2025-12-11 19:25:55,931 [ERROR] LogOutputStream:75 - [STDERR_REDIRECT] 
2025-12-11 19:25:56,940 [ERROR] LogOutputStream:75 - [STDERR_REDIRECT] [Fatal Error] :1:1: Premature end of file.
2025-12-11 19:25:56,940 [ERROR] LogOutputStream:75 - [STDERR_REDIRECT] 
2025-12-11 19:25:57,939 [ERROR] LogOutputStream:75 - [STDERR_REDIRECT] [Fatal Error] :1:1: Premature end of file.
2025-12-11 19:25:57,939 [ERROR] LogOutputStream:75 - [STDERR_REDIRECT] 
2025-12-11 19:25:58,929 [ERROR] LogOutputStream:75 - [STDERR_REDIRECT] [Fatal Error] :1:1: Premature end of file.
2025-12-11 19:25:58,929 [ERROR] LogOutputStream:75 - [STDERR_REDIRECT] 
2025-12-11 19:25:59,924 [ERROR] LogOutputStream:75 - [STDERR_REDIRECT] [Fatal Error] :1:1: Premature end of file.
2025-12-11 19:25:59,924 [ERROR] LogOutputStream:75 - [STDERR_REDIRECT] 
2025-12-11 19:26:00,929 [ERROR] LogOutputStream:75 - [STDERR_REDIRECT] [Fatal Error] :1:1: Premature end of file.
2025-12-11 19:26:00,929 [ERROR] LogOutputStream:75 - [STDERR_REDIRECT] 
2025-12-11 19:26:01,932 [ERROR] LogOutputStream:75 - [STDERR_REDIRECT] [Fatal Error] :1:1: Premature end of file.
2025-12-11 19:26:01,932 [ERROR] LogOutputStream:75 - [STDERR_REDIRECT] 
2025-12-11 19:26:02,937 [ERROR] LogOutputStream:75 - [STDERR_REDIRECT] [Fatal Error] :1:1: Premature end of file.
2025-12-11 19:26:02,937 [ERROR] LogOutputStream:75 - [STDERR_REDIRECT] 
2025-12-11 19:26:03,927 [ERROR] LogOutputStream:75 - [STDERR_REDIRECT] [Fatal Error] :1:1: Premature end of file.
2025-12-11 19:26:03,927 [ERROR] LogOutputStream:75 - [STDERR_REDIRECT] 
2025-12-11 19:26:10,706 [ERROR] LogOutputStream:75 - [STDERR_REDIRECT] [Fatal Error] :1:1: Premature end of file.
2025-12-11 19:26:10,706 [ERROR] LogOutputStream:75 - [STDERR_REDIRECT] 
2025-12-11 19:26:10,755 [ERROR] LogOutputStream:75 - [STDERR_REDIRECT] [Fatal Error] :1:1: Premature end of file.
2025-12-11 19:26:10,755 [ERROR] LogOutputStream:75 - [STDERR_REDIRECT] 
2025-12-11 19:26:10,805 [ERROR] LogOutputStream:75 - [STDERR_REDIRECT] [Fatal Error] :1:1: Premature end of file.
2025-12-11 19:26:10,805 [ERROR] LogOutputStream:75 - [STDERR_REDIRECT] 
2025-12-11 19:26:10,854 [ERROR] LogOutputStream:75 - [STDERR_REDIRECT] [Fatal Error] :1:1: Premature end of file.
2025-12-11 19:26:10,854 [ERROR] LogOutputStream:75 - [STDERR_REDIRECT] 
2025-12-11 19:26:10,912 [ERROR] LogOutputStream:75 - [STDERR_REDIRECT] [Fatal Error] :1:1: Premature end of file.
2025-12-11 19:26:10,912 [ERROR] LogOutputStream:75 - [STDERR_REDIRECT] 
2025-12-11 19:26:10,961 [ERROR] LogOutputStream:75 - [STDERR_REDIRECT] [Fatal Error] :1:1: Premature end of file.
2025-12-11 19:26:10,961 [ERROR] LogOutputStream:75 - [STDERR_REDIRECT] 
2025-12-11 19:26:11,018 [ERROR] LogOutputStream:75 - [STDERR_REDIRECT] [Fatal Error] :1:1: Premature end of file.
2025-12-11 19:26:11,018 [ERROR] LogOutputStream:75 - [STDERR_REDIRECT] 
2025-12-11 19:26:11,943 [ERROR] LogOutputStream:75 - [STDERR_REDIRECT] [Fatal Error] :1:1: Premature end of file.
2025-12-11 19:26:11,944 [ERROR] LogOutputStream:75 - [STDERR_REDIRECT] 
2025-12-11 19:26:12,933 [ERROR] LogOutputStream:75 - [STDERR_REDIRECT] [Fatal Error] :1:1: Premature end of file.
2025-12-11 19:26:12,933 [ERROR] LogOutputStream:75 - [STDERR_REDIRECT] 
2025-12-11 19:26:13,938 [ERROR] LogOutputStream:75 - [STDERR_REDIRECT] [Fatal Error] :1:1: Premature end of file.
2025-12-11 19:26:13,938 [ERROR] LogOutputStream:75 - [STDERR_REDIRECT] 
2025-12-11 19:26:14,935 [ERROR] LogOutputStream:75 - [STDERR_REDIRECT] [Fatal Error] :1:1: Premature end of file.
2025-12-11 19:26:14,935 [ERROR] LogOutputStream:75 - [STDERR_REDIRECT] 
2025-12-11 19:26:15,932 [ERROR] LogOutputStream:75 - [STDERR_REDIRECT] [Fatal Error] :1:1: Premature end of file.
2025-12-11 19:26:15,932 [ERROR] LogOutputStream:75 - [STDERR_REDIRECT] 
2025-12-11 19:26:16,922 [ERROR] LogOutputStream:75 - [STDERR_REDIRECT] [Fatal Error] :1:1: Premature end of file.
2025-12-11 19:26:16,922 [ERROR] LogOutputStream:75 - [STDERR_REDIRECT] 
2025-12-11 19:26:17,933 [ERROR] LogOutputStream:75 - [STDERR_REDIRECT] [Fatal Error] :1:1: Premature end of file.
2025-12-11 19:26:17,933 [ERROR] LogOutputStream:75 - [STDERR_REDIRECT] 
2025-12-11 19:26:18,944 [ERROR] LogOutputStream:75 - [STDERR_REDIRECT] [Fatal Error] :1:1: Premature end of file.
2025-12-11 19:26:18,952 [ERROR] LogOutputStream:75 - [STDERR_REDIRECT] 
2025-12-11 19:26:19,935 [ERROR] LogOutputStream:75 - [STDERR_REDIRECT] [Fatal Error] :1:1: Premature end of file.
2025-12-11 19:26:19,935 [ERROR] LogOutputStream:75 - [STDERR_REDIRECT] 
2025-12-11 19:26:20,938 [ERROR] LogOutputStream:75 - [STDERR_REDIRECT] [Fatal Error] :1:1: Premature end of file.
2025-12-11 19:26:20,938 [ERROR] LogOutputStream:75 - [STDERR_REDIRECT] 
2025-12-11 19:26:21,929 [ERROR] LogOutputStream:75 - [STDERR_REDIRECT] [Fatal Error] :1:1: Premature end of file.
2025-12-11 19:26:21,929 [ERROR] LogOutputStream:75 - [STDERR_REDIRECT] 
2025-12-11 19:26:22,942 [ERROR] LogOutputStream:75 - [STDERR_REDIRECT] [Fatal Error] :1:1: Premature end of file.
2025-12-11 19:26:22,942 [ERROR] LogOutputStream:75 - [STDERR_REDIRECT] 
2025-12-11 19:26:23,944 [ERROR] LogOutputStream:75 - [STDERR_REDIRECT] [Fatal Error] :1:1: Premature end of file.
2025-12-11 19:26:23,944 [ERROR] LogOutputStream:75 - [STDERR_REDIRECT] 
2025-12-11 19:26:24,936 [ERROR] LogOutputStream:75 - [STDERR_REDIRECT] [Fatal Error] :1:1: Premature end of file.
2025-12-11 19:26:24,936 [ERROR] LogOutputStream:75 - [STDERR_REDIRECT] 
2025-12-11 19:26:25,948 [ERROR] LogOutputStream:75 - [STDERR_REDIRECT] [Fatal Error] :1:1: Premature end of file.
2025-12-11 19:26:25,948 [ERROR] LogOutputStream:75 - [STDERR_REDIRECT] 
2025-12-11 19:26:26,944 [ERROR] LogOutputStream:75 - [STDERR_REDIRECT] [Fatal Error] :1:1: Premature end of file.
2025-12-11 19:26:26,944 [ERROR] LogOutputStream:75 - [STDERR_REDIRECT] 
2025-12-11 19:26:27,950 [ERROR] LogOutputStream:75 - [STDERR_REDIRECT] [Fatal Error] :1:1: Premature end of file.
2025-12-11 19:26:27,950 [ERROR] LogOutputStream:75 - [STDERR_REDIRECT] 
2025-12-11 19:26:28,932 [ERROR] LogOutputStream:75 - [STDERR_REDIRECT] [Fatal Error] :1:1: Premature end of file.
2025-12-11 19:26:28,932 [ERROR] LogOutputStream:75 - [STDERR_REDIRECT] 
2025-12-11 19:26:29,931 [ERROR] LogOutputStream:75 - [STDERR_REDIRECT] [Fatal Error] :1:1: Premature end of file.
2025-12-11 19:26:29,931 [ERROR] LogOutputStream:75 - [STDERR_REDIRECT] 
2025-12-11 19:26:30,939 [ERROR] LogOutputStream:75 - [STDERR_REDIRECT] [Fatal Error] :1:1: Premature end of file.
2025-12-11 19:26:30,939 [ERROR] LogOutputStream:75 - [STDERR_REDIRECT] 
2025-12-11 19:26:31,938 [ERROR] LogOutputStream:75 - [STDERR_REDIRECT] [Fatal Error] :1:1: Premature end of file.
2025-12-11 19:26:31,938 [ERROR] LogOutputStream:75 - [STDERR_REDIRECT] 
2025-12-11 19:26:32,929 [ERROR] LogOutputStream:75 - [STDERR_REDIRECT] [Fatal Error] :1:1: Premature end of file.
2025-12-11 19:26:32,929 [ERROR] LogOutputStream:75 - [STDERR_REDIRECT] 
2025-12-11 19:26:33,967 [ERROR] LogOutputStream:75 - [STDERR_REDIRECT] [Fatal Error] :1:1: Premature end of file.
2025-12-11 19:26:33,967 [ERROR] LogOutputStream:75 - [STDERR_REDIRECT] 
2025-12-11 19:26:34,937 [ERROR] LogOutputStream:75 - [STDERR_REDIRECT] [Fatal Error] :1:1: Premature end of file.
2025-12-11 19:26:34,937 [ERROR] LogOutputStream:75 - [STDERR_REDIRECT] 
2025-12-11 19:26:35,935 [ERROR] LogOutputStream:75 - [STDERR_REDIRECT] [Fatal Error] :1:1: Premature end of file.
2025-12-11 19:26:35,935 [ERROR] LogOutputStream:75 - [STDERR_REDIRECT] 
2025-12-11 19:26:36,927 [ERROR] LogOutputStream:75 - [STDERR_REDIRECT] [Fatal Error] :1:1: Premature end of file.
2025-12-11 19:26:36,927 [ERROR] LogOutputStream:75 - [STDERR_REDIRECT] 
2025-12-11 19:26:37,924 [ERROR] LogOutputStream:75 - [STDERR_REDIRECT] [Fatal Error] :1:1: Premature end of file.
2025-12-11 19:26:37,924 [ERROR] LogOutputStream:75 - [STDERR_REDIRECT] 
2025-12-11 19:26:38,923 [ERROR] LogOutputStream:75 - [STDERR_REDIRECT] [Fatal Error] :1:1: Premature end of file.
2025-12-11 19:26:38,923 [ERROR] LogOutputStream:75 - [STDERR_REDIRECT] 
2025-12-11 19:26:39,936 [ERROR] LogOutputStream:75 - [STDERR_REDIRECT] [Fatal Error] :1:1: Premature end of file.
2025-12-11 19:26:39,936 [ERROR] LogOutputStream:75 - [STDERR_REDIRECT] 
2025-12-11 19:26:41,115 [ERROR] LogOutputStream:75 - [STDERR_REDIRECT] [Fatal Error] :1:1: Premature end of file.
2025-12-11 19:26:41,115 [ERROR] LogOutputStream:75 - [STDERR_REDIRECT] 
2025-12-11 19:26:42,467 [ERROR] LogOutputStream:75 - [STDERR_REDIRECT] [Fatal Error] :1:1: Premature end of file.
2025-12-11 19:26:42,467 [ERROR] LogOutputStream:75 - [STDERR_REDIRECT] 
2025-12-11 19:26:42,931 [ERROR] LogOutputStream:75 - [STDERR_REDIRECT] [Fatal Error] :1:1: Premature end of file.
2025-12-11 19:26:42,931 [ERROR] LogOutputStream:75 - [STDERR_REDIRECT] 
2025-12-11 19:26:43,933 [ERROR] LogOutputStream:75 - [STDERR_REDIRECT] [Fatal Error] :1:1: Premature end of file.
2025-12-11 19:26:43,933 [ERROR] LogOutputStream:75 - [STDERR_REDIRECT] 
2025-12-11 19:26:44,940 [ERROR] LogOutputStream:75 - [STDERR_REDIRECT] [Fatal Error] :1:1: Premature end of file.
2025-12-11 19:26:44,940 [ERROR] LogOutputStream:75 - [STDERR_REDIRECT] 
2025-12-11 19:26:45,940 [ERROR] LogOutputStream:75 - [STDERR_REDIRECT] [Fatal Error] :1:1: Premature end of file.
2025-12-11 19:26:45,940 [ERROR] LogOutputStream:75 - [STDERR_REDIRECT] 
2025-12-11 19:26:51,918 [ERROR] LogOutputStream:75 - [STDERR_REDIRECT] [Fatal Error] :1:1: Premature end of file.
2025-12-11 19:26:51,918 [ERROR] LogOutputStream:75 - [STDERR_REDIRECT] 
2025-12-11 19:26:51,977 [ERROR] LogOutputStream:75 - [STDERR_REDIRECT] [Fatal Error] :1:1: Premature end of file.
2025-12-11 19:26:51,977 [ERROR] LogOutputStream:75 - [STDERR_REDIRECT] 
2025-12-11 19:26:52,663 [ERROR] LogOutputStream:75 - [STDERR_REDIRECT] [Fatal Error] :1:1: Premature end of file.
2025-12-11 19:26:52,663 [ERROR] LogOutputStream:75 - [STDERR_REDIRECT] 
2025-12-11 19:26:52,724 [ERROR] LogOutputStream:75 - [STDERR_REDIRECT] [Fatal Error] :1:1: Premature end of file.
2025-12-11 19:26:52,724 [ERROR] LogOutputStream:75 - [STDERR_REDIRECT] 
2025-12-11 19:26:52,772 [ERROR] LogOutputStream:75 - [STDERR_REDIRECT] [Fatal Error] :1:1: Premature end of file.
2025-12-11 19:26:52,772 [ERROR] LogOutputStream:75 - [STDERR_REDIRECT] 
2025-12-11 19:26:52,813 [ERROR] LogOutputStream:75 - [STDERR_REDIRECT] [Fatal Error] :1:1: Premature end of file.
2025-12-11 19:26:52,813 [ERROR] LogOutputStream:75 - [STDERR_REDIRECT] 
2025-12-11 19:26:52,937 [ERROR] LogOutputStream:75 - [STDERR_REDIRECT] [Fatal Error] :1:1: Premature end of file.
2025-12-11 19:26:52,937 [ERROR] LogOutputStream:75 - [STDERR_REDIRECT] 
2025-12-11 19:26:53,933 [ERROR] LogOutputStream:75 - [STDERR_REDIRECT] [Fatal Error] :1:1: Premature end of file.
2025-12-11 19:26:53,933 [ERROR] LogOutputStream:75 - [STDERR_REDIRECT] 
2025-12-11 19:26:54,935 [ERROR] LogOutputStream:75 - [STDERR_REDIRECT] [Fatal Error] :1:1: Premature end of file.
2025-12-11 19:26:54,935 [ERROR] LogOutputStream:75 - [STDERR_REDIRECT] 
2025-12-11 19:26:55,928 [ERROR] LogOutputStream:75 - [STDERR_REDIRECT] [Fatal Error] :1:1: Premature end of file.
2025-12-11 19:26:55,928 [ERROR] LogOutputStream:75 - [STDERR_REDIRECT] 
2025-12-11 19:26:56,934 [ERROR] LogOutputStream:75 - [STDERR_REDIRECT] [Fatal Error] :1:1: Premature end of file.
2025-12-11 19:26:56,934 [ERROR] LogOutputStream:75 - [STDERR_REDIRECT] 
2025-12-11 19:26:57,930 [ERROR] LogOutputStream:75 - [STDERR_REDIRECT] [Fatal Error] :1:1: Premature end of file.
2025-12-11 19:26:57,930 [ERROR] LogOutputStream:75 - [STDERR_REDIRECT] 
2025-12-11 19:26:59,871 [ERROR] LogOutputStream:75 - [STDERR_REDIRECT] [Fatal Error] :1:1: Premature end of file.
2025-12-11 19:26:59,871 [ERROR] LogOutputStream:75 - [STDERR_REDIRECT] 
2025-12-11 19:26:59,933 [ERROR] LogOutputStream:75 - [STDERR_REDIRECT] [Fatal Error] :1:1: Premature end of file.
2025-12-11 19:26:59,933 [ERROR] LogOutputStream:75 - [STDERR_REDIRECT] 
2025-12-11 19:27:01,720 [ERROR] LogOutputStream:75 - [STDERR_REDIRECT] [Fatal Error] :1:1: Premature end of file.
2025-12-11 19:27:01,720 [ERROR] LogOutputStream:75 - [STDERR_REDIRECT] 
2025-12-11 19:27:01,926 [ERROR] LogOutputStream:75 - [STDERR_REDIRECT] [Fatal Error] :1:1: Premature end of file.
2025-12-11 19:27:01,926 [ERROR] LogOutputStream:75 - [STDERR_REDIRECT] 
2025-12-11 19:27:02,935 [ERROR] LogOutputStream:75 - [STDERR_REDIRECT] [Fatal Error] :1:1: Premature end of file.
2025-12-11 19:27:02,935 [ERROR] LogOutputStream:75 - [STDERR_REDIRECT] 
2025-12-11 19:27:03,932 [ERROR] LogOutputStream:75 - [STDERR_REDIRECT] [Fatal Error] :1:1: Premature end of file.
2025-12-11 19:27:03,932 [ERROR] LogOutputStream:75 - [STDERR_REDIRECT] 
2025-12-11 19:27:05,312 [ERROR] LogOutputStream:75 - [STDERR_REDIRECT] [Fatal Error] :1:1: Premature end of file.
2025-12-11 19:27:05,312 [ERROR] LogOutputStream:75 - [STDERR_REDIRECT] 
2025-12-11 19:27:06,165 [ERROR] LogOutputStream:75 - [STDERR_REDIRECT] [Fatal Error] :1:1: Premature end of file.
2025-12-11 19:27:06,165 [ERROR] LogOutputStream:75 - [STDERR_REDIRECT] 
2025-12-11 19:27:06,929 [ERROR] LogOutputStream:75 - [STDERR_REDIRECT] [Fatal Error] :1:1: Premature end of file.
2025-12-11 19:27:06,929 [ERROR] LogOutputStream:75 - [STDERR_REDIRECT] 
2025-12-11 19:27:07,931 [ERROR] LogOutputStream:75 - [STDERR_REDIRECT] [Fatal Error] :1:1: Premature end of file.
2025-12-11 19:27:07,931 [ERROR] LogOutputStream:75 - [STDERR_REDIRECT] 
2025-12-11 19:27:08,939 [ERROR] LogOutputStream:75 - [STDERR_REDIRECT] [Fatal Error] :1:1: Premature end of file.
2025-12-11 19:27:08,939 [ERROR] LogOutputStream:75 - [STDERR_REDIRECT] 
2025-12-11 19:27:09,946 [ERROR] LogOutputStream:75 - [STDERR_REDIRECT] [Fatal Error] :1:1: Premature end of file.
2025-12-11 19:27:09,946 [ERROR] LogOutputStream:75 - [STDERR_REDIRECT] 
2025-12-11 19:27:10,930 [ERROR] LogOutputStream:75 - [STDERR_REDIRECT] [Fatal Error] :1:1: Premature end of file.
2025-12-11 19:27:10,930 [ERROR] LogOutputStream:75 - [STDERR_REDIRECT] 
2025-12-11 19:27:11,930 [ERROR] LogOutputStream:75 - [STDERR_REDIRECT] [Fatal Error] :1:1: Premature end of file.
2025-12-11 19:27:11,930 [ERROR] LogOutputStream:75 - [STDERR_REDIRECT] 
2025-12-11 19:27:12,940 [ERROR] LogOutputStream:75 - [STDERR_REDIRECT] [Fatal Error] :1:1: Premature end of file.
2025-12-11 19:27:12,940 [ERROR] LogOutputStream:75 - [STDERR_REDIRECT] 
2025-12-11 19:27:13,937 [ERROR] LogOutputStream:75 - [STDERR_REDIRECT] [Fatal Error] :1:1: Premature end of file.
2025-12-11 19:27:13,937 [ERROR] LogOutputStream:75 - [STDERR_REDIRECT] 
2025-12-11 19:27:14,942 [ERROR] LogOutputStream:75 - [STDERR_REDIRECT] [Fatal Error] :1:1: Premature end of file.
2025-12-11 19:27:14,942 [ERROR] LogOutputStream:75 - [STDERR_REDIRECT] 
2025-12-11 19:27:16,457 [ERROR] LogOutputStream:75 - [STDERR_REDIRECT] [Fatal Error] :1:1: Premature end of file.
2025-12-11 19:27:16,457 [ERROR] LogOutputStream:75 - [STDERR_REDIRECT] 
2025-12-11 19:27:16,930 [ERROR] LogOutputStream:75 - [STDERR_REDIRECT] [Fatal Error] :1:1: Premature end of file.
2025-12-11 19:27:16,930 [ERROR] LogOutputStream:75 - [STDERR_REDIRECT] 
2025-12-11 19:27:17,923 [ERROR] LogOutputStream:75 - [STDERR_REDIRECT] [Fatal Error] :1:1: Premature end of file.
2025-12-11 19:27:17,923 [ERROR] LogOutputStream:75 - [STDERR_REDIRECT] 
2025-12-11 19:27:18,936 [ERROR] LogOutputStream:75 - [STDERR_REDIRECT] [Fatal Error] :1:1: Premature end of file.
2025-12-11 19:27:18,936 [ERROR] LogOutputStream:75 - [STDERR_REDIRECT] 
2025-12-11 19:27:19,926 [ERROR] LogOutputStream:75 - [STDERR_REDIRECT] [Fatal Error] :1:1: Premature end of file.
2025-12-11 19:27:19,926 [ERROR] LogOutputStream:75 - [STDERR_REDIRECT] 
2025-12-11 19:27:20,934 [ERROR] LogOutputStream:75 - [STDERR_REDIRECT] [Fatal Error] :1:1: Premature end of file.
2025-12-11 19:27:20,934 [ERROR] LogOutputStream:75 - [STDERR_REDIRECT] 
2025-12-11 19:27:21,936 [ERROR] LogOutputStream:75 - [STDERR_REDIRECT] [Fatal Error] :1:1: Premature end of file.
2025-12-11 19:27:21,936 [ERROR] LogOutputStream:75 - [STDERR_REDIRECT] 
2025-12-11 19:27:22,920 [ERROR] LogOutputStream:75 - [STDERR_REDIRECT] [Fatal Error] :1:1: Premature end of file.
2025-12-11 19:27:22,920 [ERROR] LogOutputStream:75 - [STDERR_REDIRECT] 
2025-12-11 19:27:23,925 [ERROR] LogOutputStream:75 - [STDERR_REDIRECT] [Fatal Error] :1:1: Premature end of file.
2025-12-11 19:27:23,925 [ERROR] LogOutputStream:75 - [STDERR_REDIRECT] 
2025-12-11 19:27:24,920 [ERROR] LogOutputStream:75 - [STDERR_REDIRECT] [Fatal Error] :1:1: Premature end of file.
2025-12-11 19:27:24,920 [ERROR] LogOutputStream:75 - [STDERR_REDIRECT] 
2025-12-11 19:27:25,921 [ERROR] LogOutputStream:75 - [STDERR_REDIRECT] [Fatal Error] :1:1: Premature end of file.
2025-12-11 19:27:25,921 [ERROR] LogOutputStream:75 - [STDERR_REDIRECT] 
2025-12-11 19:27:26,935 [ERROR] LogOutputStream:75 - [STDERR_REDIRECT] [Fatal Error] :1:1: Premature end of file.
2025-12-11 19:27:26,935 [ERROR] LogOutputStream:75 - [STDERR_REDIRECT] 
2025-12-11 19:27:27,925 [ERROR] LogOutputStream:75 - [STDERR_REDIRECT] [Fatal Error] :1:1: Premature end of file.
2025-12-11 19:27:27,925 [ERROR] LogOutputStream:75 - [STDERR_REDIRECT] 
2025-12-11 19:27:28,929 [ERROR] LogOutputStream:75 - [STDERR_REDIRECT] [Fatal Error] :1:1: Premature end of file.
2025-12-11 19:27:28,929 [ERROR] LogOutputStream:75 - [STDERR_REDIRECT] 
2025-12-11 19:27:29,938 [ERROR] LogOutputStream:75 - [STDERR_REDIRECT] [Fatal Error] :1:1: Premature end of file.
2025-12-11 19:27:29,938 [ERROR] LogOutputStream:75 - [STDERR_REDIRECT] 
2025-12-11 19:27:30,932 [ERROR] LogOutputStream:75 - [STDERR_REDIRECT] [Fatal Error] :1:1: Premature end of file.
2025-12-11 19:27:30,932 [ERROR] LogOutputStream:75 - [STDERR_REDIRECT] 
2025-12-11 19:27:31,929 [ERROR] LogOutputStream:75 - [STDERR_REDIRECT] [Fatal Error] :1:1: Premature end of file.
2025-12-11 19:27:31,929 [ERROR] LogOutputStream:75 - [STDERR_REDIRECT] 
2025-12-11 19:27:32,929 [ERROR] LogOutputStream:75 - [STDERR_REDIRECT] [Fatal Error] :1:1: Premature end of file.
2025-12-11 19:27:32,929 [ERROR] LogOutputStream:75 - [STDERR_REDIRECT] 
2025-12-11 19:27:34,751 [ERROR] LogOutputStream:75 - [STDERR_REDIRECT] [Fatal Error] :1:1: Premature end of file.
2025-12-11 19:27:34,751 [ERROR] LogOutputStream:75 - [STDERR_REDIRECT] 
2025-12-11 19:27:34,929 [ERROR] LogOutputStream:75 - [STDERR_REDIRECT] [Fatal Error] :1:1: Premature end of file.
2025-12-11 19:27:34,929 [ERROR] LogOutputStream:75 - [STDERR_REDIRECT] 
2025-12-11 19:27:35,925 [ERROR] LogOutputStream:75 - [STDERR_REDIRECT] [Fatal Error] :1:1: Premature end of file.
2025-12-11 19:27:35,925 [ERROR] LogOutputStream:75 - [STDERR_REDIRECT] 
2025-12-11 19:27:36,937 [ERROR] LogOutputStream:75 - [STDERR_REDIRECT] [Fatal Error] :1:1: Premature end of file.
2025-12-11 19:27:36,937 [ERROR] LogOutputStream:75 - [STDERR_REDIRECT] 
2025-12-11 19:27:37,929 [ERROR] LogOutputStream:75 - [STDERR_REDIRECT] [Fatal Error] :1:1: Premature end of file.
2025-12-11 19:27:37,929 [ERROR] LogOutputStream:75 - [STDERR_REDIRECT] 
2025-12-11 19:27:42,031 [ERROR] LogOutputStream:75 - [STDERR_REDIRECT] [Fatal Error] :1:1: Premature end of file.
2025-12-11 19:27:42,031 [ERROR] LogOutputStream:75 - [STDERR_REDIRECT] 
2025-12-11 19:27:42,085 [ERROR] LogOutputStream:75 - [STDERR_REDIRECT] [Fatal Error] :1:1: Premature end of file.
2025-12-11 19:27:42,085 [ERROR] LogOutputStream:75 - [STDERR_REDIRECT] 
2025-12-11 19:27:42,134 [ERROR] LogOutputStream:75 - [STDERR_REDIRECT] [Fatal Error] :1:1: Premature end of file.
2025-12-11 19:27:42,134 [ERROR] LogOutputStream:75 - [STDERR_REDIRECT] 
2025-12-11 19:27:42,187 [ERROR] LogOutputStream:75 - [STDERR_REDIRECT] [Fatal Error] :1:1: Premature end of file.
2025-12-11 19:27:42,189 [ERROR] LogOutputStream:75 - [STDERR_REDIRECT] 
2025-12-11 19:27:42,941 [ERROR] LogOutputStream:75 - [STDERR_REDIRECT] [Fatal Error] :1:1: Premature end of file.
2025-12-11 19:27:42,941 [ERROR] LogOutputStream:75 - [STDERR_REDIRECT] 
2025-12-11 19:27:43,937 [ERROR] LogOutputStream:75 - [STDERR_REDIRECT] [Fatal Error] :1:1: Premature end of file.
2025-12-11 19:27:43,937 [ERROR] LogOutputStream:75 - [STDERR_REDIRECT] 
2025-12-11 19:27:44,942 [ERROR] LogOutputStream:75 - [STDERR_REDIRECT] [Fatal Error] :1:1: Premature end of file.
2025-12-11 19:27:44,942 [ERROR] LogOutputStream:75 - [STDERR_REDIRECT] 
2025-12-11 19:27:45,926 [ERROR] LogOutputStream:75 - [STDERR_REDIRECT] [Fatal Error] :1:1: Premature end of file.
2025-12-11 19:27:45,926 [ERROR] LogOutputStream:75 - [STDERR_REDIRECT] 
2025-12-11 19:27:46,943 [ERROR] LogOutputStream:75 - [STDERR_REDIRECT] [Fatal Error] :1:1: Premature end of file.
2025-12-11 19:27:46,943 [ERROR] LogOutputStream:75 - [STDERR_REDIRECT] 
2025-12-11 19:27:47,943 [ERROR] LogOutputStream:75 - [STDERR_REDIRECT] [Fatal Error] :1:1: Premature end of file.
2025-12-11 19:27:47,943 [ERROR] LogOutputStream:75 - [STDERR_REDIRECT] 
2025-12-11 19:27:48,923 [ERROR] LogOutputStream:75 - [STDERR_REDIRECT] [Fatal Error] :1:1: Premature end of file.
2025-12-11 19:27:48,923 [ERROR] LogOutputStream:75 - [STDERR_REDIRECT] 
2025-12-11 19:27:49,937 [ERROR] LogOutputStream:75 - [STDERR_REDIRECT] [Fatal Error] :1:1: Premature end of file.
2025-12-11 19:27:49,937 [ERROR] LogOutputStream:75 - [STDERR_REDIRECT] 
2025-12-11 19:27:50,935 [ERROR] LogOutputStream:75 - [STDERR_REDIRECT] [Fatal Error] :1:1: Premature end of file.
2025-12-11 19:27:50,935 [ERROR] LogOutputStream:75 - [STDERR_REDIRECT] 
2025-12-11 19:27:51,932 [ERROR] LogOutputStream:75 - [STDERR_REDIRECT] [Fatal Error] :1:1: Premature end of file.
2025-12-11 19:27:51,932 [ERROR] LogOutputStream:75 - [STDERR_REDIRECT] 
2025-12-11 19:27:52,942 [ERROR] LogOutputStream:75 - [STDERR_REDIRECT] [Fatal Error] :1:1: Premature end of file.
2025-12-11 19:27:52,942 [ERROR] LogOutputStream:75 - [STDERR_REDIRECT] 
2025-12-11 19:27:53,938 [ERROR] LogOutputStream:75 - [STDERR_REDIRECT] [Fatal Error] :1:1: Premature end of file.
2025-12-11 19:27:53,938 [ERROR] LogOutputStream:75 - [STDERR_REDIRECT] 
2025-12-11 19:27:54,929 [ERROR] LogOutputStream:75 - [STDERR_REDIRECT] [Fatal Error] :1:1: Premature end of file.
2025-12-11 19:27:54,931 [ERROR] LogOutputStream:75 - [STDERR_REDIRECT] 
2025-12-11 19:27:55,948 [ERROR] LogOutputStream:75 - [STDERR_REDIRECT] [Fatal Error] :1:1: Premature end of file.
2025-12-11 19:27:55,948 [ERROR] LogOutputStream:75 - [STDERR_REDIRECT] 
2025-12-11 19:27:56,936 [ERROR] LogOutputStream:75 - [STDERR_REDIRECT] [Fatal Error] :1:1: Premature end of file.
2025-12-11 19:27:56,936 [ERROR] LogOutputStream:75 - [STDERR_REDIRECT] 
2025-12-11 19:27:57,930 [ERROR] LogOutputStream:75 - [STDERR_REDIRECT] [Fatal Error] :1:1: Premature end of file.
2025-12-11 19:27:57,930 [ERROR] LogOutputStream:75 - [STDERR_REDIRECT] 
2025-12-11 19:27:58,929 [ERROR] LogOutputStream:75 - [STDERR_REDIRECT] [Fatal Error] :1:1: Premature end of file.
2025-12-11 19:27:58,929 [ERROR] LogOutputStream:75 - [STDERR_REDIRECT] 
2025-12-11 19:27:59,933 [ERROR] LogOutputStream:75 - [STDERR_REDIRECT] [Fatal Error] :1:1: Premature end of file.
2025-12-11 19:27:59,933 [ERROR] LogOutputStream:75 - [STDERR_REDIRECT] 
2025-12-11 19:28:00,940 [ERROR] LogOutputStream:75 - [STDERR_REDIRECT] [Fatal Error] :1:1: Premature end of file.
2025-12-11 19:28:00,940 [ERROR] LogOutputStream:75 - [STDERR_REDIRECT] 
2025-12-11 19:28:03,495 [ERROR] LogOutputStream:75 - [STDERR_REDIRECT] [Fatal Error] :1:1: Premature end of file.
2025-12-11 19:28:03,495 [ERROR] LogOutputStream:75 - [STDERR_REDIRECT] 
2025-12-11 19:28:03,549 [ERROR] LogOutputStream:75 - [STDERR_REDIRECT] [Fatal Error] :1:1: Premature end of file.
2025-12-11 19:28:03,549 [ERROR] LogOutputStream:75 - [STDERR_REDIRECT] 
2025-12-11 19:28:03,939 [ERROR] LogOutputStream:75 - [STDERR_REDIRECT] [Fatal Error] :1:1: Premature end of file.
2025-12-11 19:28:03,939 [ERROR] LogOutputStream:75 - [STDERR_REDIRECT] 
2025-12-11 19:28:04,942 [ERROR] LogOutputStream:75 - [STDERR_REDIRECT] [Fatal Error] :1:1: Premature end of file.
2025-12-11 19:28:04,942 [ERROR] LogOutputStream:75 - [STDERR_REDIRECT] 
2025-12-11 19:28:05,938 [ERROR] LogOutputStream:75 - [STDERR_REDIRECT] [Fatal Error] :1:1: Premature end of file.
2025-12-11 19:28:05,938 [ERROR] LogOutputStream:75 - [STDERR_REDIRECT] 
2025-12-11 19:28:06,955 [ERROR] LogOutputStream:75 - [STDERR_REDIRECT] [Fatal Error] :1:1: Premature end of file.
2025-12-11 19:28:06,955 [ERROR] LogOutputStream:75 - [STDERR_REDIRECT] 
2025-12-11 19:28:08,795 [ERROR] LogOutputStream:75 - [STDERR_REDIRECT] [Fatal Error] :1:1: Premature end of file.
2025-12-11 19:28:08,795 [ERROR] LogOutputStream:75 - [STDERR_REDIRECT] 
2025-12-11 19:28:08,934 [ERROR] LogOutputStream:75 - [STDERR_REDIRECT] [Fatal Error] :1:1: Premature end of file.
2025-12-11 19:28:08,934 [ERROR] LogOutputStream:75 - [STDERR_REDIRECT] 
2025-12-11 19:28:09,929 [ERROR] LogOutputStream:75 - [STDERR_REDIRECT] [Fatal Error] :1:1: Premature end of file.
2025-12-11 19:28:09,929 [ERROR] LogOutputStream:75 - [STDERR_REDIRECT] 
2025-12-11 19:28:10,930 [ERROR] LogOutputStream:75 - [STDERR_REDIRECT] [Fatal Error] :1:1: Premature end of file.
2025-12-11 19:28:10,932 [ERROR] LogOutputStream:75 - [STDERR_REDIRECT] 
2025-12-11 19:28:11,934 [ERROR] LogOutputStream:75 - [STDERR_REDIRECT] [Fatal Error] :1:1: Premature end of file.
2025-12-11 19:28:11,934 [ERROR] LogOutputStream:75 - [STDERR_REDIRECT] 
2025-12-11 19:28:12,928 [ERROR] LogOutputStream:75 - [STDERR_REDIRECT] [Fatal Error] :1:1: Premature end of file.
2025-12-11 19:28:12,928 [ERROR] LogOutputStream:75 - [STDERR_REDIRECT] 
2025-12-11 19:28:13,938 [ERROR] LogOutputStream:75 - [STDERR_REDIRECT] [Fatal Error] :1:1: Premature end of file.
2025-12-11 19:28:13,938 [ERROR] LogOutputStream:75 - [STDERR_REDIRECT] 
2025-12-11 19:28:14,930 [ERROR] LogOutputStream:75 - [STDERR_REDIRECT] [Fatal Error] :1:1: Premature end of file.
2025-12-11 19:28:14,932 [ERROR] LogOutputStream:75 - [STDERR_REDIRECT] 
2025-12-11 19:28:15,930 [ERROR] LogOutputStream:75 - [STDERR_REDIRECT] [Fatal Error] :1:1: Premature end of file.
2025-12-11 19:28:15,938 [ERROR] LogOutputStream:75 - [STDERR_REDIRECT] 
2025-12-11 19:28:16,924 [ERROR] LogOutputStream:75 - [STDERR_REDIRECT] [Fatal Error] :1:1: Premature end of file.
2025-12-11 19:28:16,924 [ERROR] LogOutputStream:75 - [STDERR_REDIRECT] 
2025-12-11 19:28:17,929 [ERROR] LogOutputStream:75 - [STDERR_REDIRECT] [Fatal Error] :1:1: Premature end of file.
2025-12-11 19:28:17,929 [ERROR] LogOutputStream:75 - [STDERR_REDIRECT] 
2025-12-11 19:28:18,963 [ERROR] LogOutputStream:75 - [STDERR_REDIRECT] [Fatal Error] :1:1: Premature end of file.
2025-12-11 19:28:18,963 [ERROR] LogOutputStream:75 - [STDERR_REDIRECT] 
2025-12-11 19:28:19,934 [ERROR] LogOutputStream:75 - [STDERR_REDIRECT] [Fatal Error] :1:1: Premature end of file.
2025-12-11 19:28:19,934 [ERROR] LogOutputStream:75 - [STDERR_REDIRECT] 
2025-12-11 19:28:20,934 [ERROR] LogOutputStream:75 - [STDERR_REDIRECT] [Fatal Error] :1:1: Premature end of file.
2025-12-11 19:28:20,934 [ERROR] LogOutputStream:75 - [STDERR_REDIRECT] 
2025-12-11 19:28:21,933 [ERROR] LogOutputStream:75 - [STDERR_REDIRECT] [Fatal Error] :1:1: Premature end of file.
2025-12-11 19:28:21,933 [ERROR] LogOutputStream:75 - [STDERR_REDIRECT] 
2025-12-11 19:28:22,928 [ERROR] LogOutputStream:75 - [STDERR_REDIRECT] [Fatal Error] :1:1: Premature end of file.
2025-12-11 19:28:22,928 [ERROR] LogOutputStream:75 - [STDERR_REDIRECT] 
2025-12-11 19:28:23,924 [ERROR] LogOutputStream:75 - [STDERR_REDIRECT] [Fatal Error] :1:1: Premature end of file.
2025-12-11 19:28:23,924 [ERROR] LogOutputStream:75 - [STDERR_REDIRECT] 
2025-12-11 19:28:24,943 [ERROR] LogOutputStream:75 - [STDERR_REDIRECT] [Fatal Error] :1:1: Premature end of file.
2025-12-11 19:28:24,943 [ERROR] LogOutputStream:75 - [STDERR_REDIRECT] 
2025-12-11 19:28:25,939 [ERROR] LogOutputStream:75 - [STDERR_REDIRECT] [Fatal Error] :1:1: Premature end of file.
2025-12-11 19:28:25,939 [ERROR] LogOutputStream:75 - [STDERR_REDIRECT] 
2025-12-11 19:28:26,935 [ERROR] LogOutputStream:75 - [STDERR_REDIRECT] [Fatal Error] :1:1: Premature end of file.
2025-12-11 19:28:26,935 [ERROR] LogOutputStream:75 - [STDERR_REDIRECT] 
2025-12-11 19:28:27,921 [ERROR] LogOutputStream:75 - [STDERR_REDIRECT] [Fatal Error] :1:1: Premature end of file.
2025-12-11 19:28:27,921 [ERROR] LogOutputStream:75 - [STDERR_REDIRECT] 
2025-12-11 19:28:28,930 [ERROR] LogOutputStream:75 - [STDERR_REDIRECT] [Fatal Error] :1:1: Premature end of file.
2025-12-11 19:28:28,930 [ERROR] LogOutputStream:75 - [STDERR_REDIRECT] 
2025-12-11 19:28:29,933 [ERROR] LogOutputStream:75 - [STDERR_REDIRECT] [Fatal Error] :1:1: Premature end of file.
2025-12-11 19:28:29,933 [ERROR] LogOutputStream:75 - [STDERR_REDIRECT] 
2025-12-11 19:28:30,936 [ERROR] LogOutputStream:75 - [STDERR_REDIRECT] [Fatal Error] :1:1: Premature end of file.
2025-12-11 19:28:30,936 [ERROR] LogOutputStream:75 - [STDERR_REDIRECT] 
2025-12-11 19:28:31,941 [ERROR] LogOutputStream:75 - [STDERR_REDIRECT] [Fatal Error] :1:1: Premature end of file.
2025-12-11 19:28:31,941 [ERROR] LogOutputStream:75 - [STDERR_REDIRECT] 
2025-12-11 19:28:32,913 [ERROR] LogOutputStream:75 - [STDERR_REDIRECT] [Fatal Error] :1:1: Premature end of file.
2025-12-11 19:28:32,913 [ERROR] LogOutputStream:75 - [STDERR_REDIRECT] 
2025-12-11 19:28:33,930 [ERROR] LogOutputStream:75 - [STDERR_REDIRECT] [Fatal Error] :1:1: Premature end of file.
2025-12-11 19:28:33,930 [ERROR] LogOutputStream:75 - [STDERR_REDIRECT] 
2025-12-11 19:28:34,945 [ERROR] LogOutputStream:75 - [STDERR_REDIRECT] [Fatal Error] :1:1: Premature end of file.
2025-12-11 19:28:34,945 [ERROR] LogOutputStream:75 - [STDERR_REDIRECT] 
2025-12-11 19:28:35,933 [ERROR] LogOutputStream:75 - [STDERR_REDIRECT] [Fatal Error] :1:1: Premature end of file.
2025-12-11 19:28:35,933 [ERROR] LogOutputStream:75 - [STDERR_REDIRECT] 
2025-12-11 19:28:36,936 [ERROR] LogOutputStream:75 - [STDERR_REDIRECT] [Fatal Error] :1:1: Premature end of file.
2025-12-11 19:28:36,936 [ERROR] LogOutputStream:75 - [STDERR_REDIRECT] 
2025-12-11 19:28:37,944 [ERROR] LogOutputStream:75 - [STDERR_REDIRECT] [Fatal Error] :1:1: Premature end of file.
2025-12-11 19:28:37,944 [ERROR] LogOutputStream:75 - [STDERR_REDIRECT] 
2025-12-11 19:28:38,929 [ERROR] LogOutputStream:75 - [STDERR_REDIRECT] [Fatal Error] :1:1: Premature end of file.
2025-12-11 19:28:38,929 [ERROR] LogOutputStream:75 - [STDERR_REDIRECT] 
2025-12-11 19:28:39,948 [ERROR] LogOutputStream:75 - [STDERR_REDIRECT] [Fatal Error] :1:1: Premature end of file.
2025-12-11 19:28:39,950 [ERROR] LogOutputStream:75 - [STDERR_REDIRECT] 
2025-12-11 19:28:40,935 [ERROR] LogOutputStream:75 - [STDERR_REDIRECT] [Fatal Error] :1:1: Premature end of file.
2025-12-11 19:28:40,935 [ERROR] LogOutputStream:75 - [STDERR_REDIRECT] 
2025-12-11 19:28:41,967 [ERROR] LogOutputStream:75 - [STDERR_REDIRECT] [Fatal Error] :1:1: Premature end of file.
2025-12-11 19:28:41,967 [ERROR] LogOutputStream:75 - [STDERR_REDIRECT] 
2025-12-11 19:28:42,979 [ERROR] LogOutputStream:75 - [STDERR_REDIRECT] [Fatal Error] :1:1: Premature end of file.
2025-12-11 19:28:42,981 [ERROR] LogOutputStream:75 - [STDERR_REDIRECT] 
2025-12-11 19:28:43,954 [ERROR] LogOutputStream:75 - [STDERR_REDIRECT] [Fatal Error] :1:1: Premature end of file.
2025-12-11 19:28:43,954 [ERROR] LogOutputStream:75 - [STDERR_REDIRECT] 
2025-12-11 19:28:44,955 [ERROR] LogOutputStream:75 - [STDERR_REDIRECT] [Fatal Error] :1:1: Premature end of file.
2025-12-11 19:28:44,955 [ERROR] LogOutputStream:75 - [STDERR_REDIRECT] 
2025-12-11 19:28:45,939 [ERROR] LogOutputStream:75 - [STDERR_REDIRECT] [Fatal Error] :1:1: Premature end of file.
2025-12-11 19:28:45,939 [ERROR] LogOutputStream:75 - [STDERR_REDIRECT] 
2025-12-11 19:28:46,948 [ERROR] LogOutputStream:75 - [STDERR_REDIRECT] [Fatal Error] :1:1: Premature end of file.
2025-12-11 19:28:46,948 [ERROR] LogOutputStream:75 - [STDERR_REDIRECT] 
2025-12-11 19:28:47,937 [ERROR] LogOutputStream:75 - [STDERR_REDIRECT] [Fatal Error] :1:1: Premature end of file.
2025-12-11 19:28:47,937 [ERROR] LogOutputStream:75 - [STDERR_REDIRECT] 
2025-12-11 19:28:48,937 [ERROR] LogOutputStream:75 - [STDERR_REDIRECT] [Fatal Error] :1:1: Premature end of file.
2025-12-11 19:28:48,937 [ERROR] LogOutputStream:75 - [STDERR_REDIRECT] 
2025-12-11 19:28:49,932 [ERROR] LogOutputStream:75 - [STDERR_REDIRECT] [Fatal Error] :1:1: Premature end of file.
2025-12-11 19:28:49,932 [ERROR] LogOutputStream:75 - [STDERR_REDIRECT] 
2025-12-11 19:28:50,928 [ERROR] LogOutputStream:75 - [STDERR_REDIRECT] [Fatal Error] :1:1: Premature end of file.
2025-12-11 19:28:50,932 [ERROR] LogOutputStream:75 - [STDERR_REDIRECT] 
2025-12-11 19:28:51,931 [ERROR] LogOutputStream:75 - [STDERR_REDIRECT] [Fatal Error] :1:1: Premature end of file.
2025-12-11 19:28:51,931 [ERROR] LogOutputStream:75 - [STDERR_REDIRECT] 
2025-12-11 19:28:52,942 [ERROR] LogOutputStream:75 - [STDERR_REDIRECT] [Fatal Error] :1:1: Premature end of file.
2025-12-11 19:28:52,942 [ERROR] LogOutputStream:75 - [STDERR_REDIRECT] 
2025-12-11 19:28:53,935 [ERROR] LogOutputStream:75 - [STDERR_REDIRECT] [Fatal Error] :1:1: Premature end of file.
2025-12-11 19:28:53,935 [ERROR] LogOutputStream:75 - [STDERR_REDIRECT] 
2025-12-11 19:28:54,931 [ERROR] LogOutputStream:75 - [STDERR_REDIRECT] [Fatal Error] :1:1: Premature end of file.
2025-12-11 19:28:54,931 [ERROR] LogOutputStream:75 - [STDERR_REDIRECT] 
2025-12-11 19:28:55,943 [ERROR] LogOutputStream:75 - [STDERR_REDIRECT] [Fatal Error] :1:1: Premature end of file.
2025-12-11 19:28:55,943 [ERROR] LogOutputStream:75 - [STDERR_REDIRECT] 
2025-12-11 19:28:56,935 [ERROR] LogOutputStream:75 - [STDERR_REDIRECT] [Fatal Error] :1:1: Premature end of file.
2025-12-11 19:28:56,935 [ERROR] LogOutputStream:75 - [STDERR_REDIRECT] 
2025-12-11 19:28:57,933 [ERROR] LogOutputStream:75 - [STDERR_REDIRECT] [Fatal Error] :1:1: Premature end of file.
2025-12-11 19:28:57,933 [ERROR] LogOutputStream:75 - [STDERR_REDIRECT] 
2025-12-11 19:28:58,920 [ERROR] LogOutputStream:75 - [STDERR_REDIRECT] [Fatal Error] :1:1: Premature end of file.
2025-12-11 19:28:58,920 [ERROR] LogOutputStream:75 - [STDERR_REDIRECT] 
2025-12-11 19:28:59,924 [ERROR] LogOutputStream:75 - [STDERR_REDIRECT] [Fatal Error] :1:1: Premature end of file.
2025-12-11 19:28:59,924 [ERROR] LogOutputStream:75 - [STDERR_REDIRECT] 
2025-12-11 19:29:00,928 [ERROR] LogOutputStream:75 - [STDERR_REDIRECT] [Fatal Error] :1:1: Premature end of file.
2025-12-11 19:29:00,928 [ERROR] LogOutputStream:75 - [STDERR_REDIRECT] 
2025-12-11 19:29:01,928 [ERROR] LogOutputStream:75 - [STDERR_REDIRECT] [Fatal Error] :1:1: Premature end of file.
2025-12-11 19:29:01,928 [ERROR] LogOutputStream:75 - [STDERR_REDIRECT] 
2025-12-11 19:29:02,937 [ERROR] LogOutputStream:75 - [STDERR_REDIRECT] [Fatal Error] :1:1: Premature end of file.
2025-12-11 19:29:02,937 [ERROR] LogOutputStream:75 - [STDERR_REDIRECT] 
2025-12-11 19:29:03,923 [ERROR] LogOutputStream:75 - [STDERR_REDIRECT] [Fatal Error] :1:1: Premature end of file.
2025-12-11 19:29:03,923 [ERROR] LogOutputStream:75 - [STDERR_REDIRECT] 
2025-12-11 19:29:04,933 [ERROR] LogOutputStream:75 - [STDERR_REDIRECT] [Fatal Error] :1:1: Premature end of file.
2025-12-11 19:29:04,933 [ERROR] LogOutputStream:75 - [STDERR_REDIRECT] 
2025-12-11 19:29:05,934 [ERROR] LogOutputStream:75 - [STDERR_REDIRECT] [Fatal Error] :1:1: Premature end of file.
2025-12-11 19:29:05,934 [ERROR] LogOutputStream:75 - [STDERR_REDIRECT] 
2025-12-11 19:29:06,925 [ERROR] LogOutputStream:75 - [STDERR_REDIRECT] [Fatal Error] :1:1: Premature end of file.
2025-12-11 19:29:06,925 [ERROR] LogOutputStream:75 - [STDERR_REDIRECT] 
2025-12-11 19:29:07,934 [ERROR] LogOutputStream:75 - [STDERR_REDIRECT] [Fatal Error] :1:1: Premature end of file.
2025-12-11 19:29:07,934 [ERROR] LogOutputStream:75 - [STDERR_REDIRECT] 
2025-12-11 19:29:08,933 [ERROR] LogOutputStream:75 - [STDERR_REDIRECT] [Fatal Error] :1:1: Premature end of file.
2025-12-11 19:29:08,933 [ERROR] LogOutputStream:75 - [STDERR_REDIRECT] 
2025-12-11 19:29:09,930 [ERROR] LogOutputStream:75 - [STDERR_REDIRECT] [Fatal Error] :1:1: Premature end of file.
2025-12-11 19:29:09,930 [ERROR] LogOutputStream:75 - [STDERR_REDIRECT] 
2025-12-11 19:29:10,938 [ERROR] LogOutputStream:75 - [STDERR_REDIRECT] [Fatal Error] :1:1: Premature end of file.
2025-12-11 19:29:10,938 [ERROR] LogOutputStream:75 - [STDERR_REDIRECT] 
2025-12-11 19:29:11,928 [ERROR] LogOutputStream:75 - [STDERR_REDIRECT] [Fatal Error] :1:1: Premature end of file.
2025-12-11 19:29:11,928 [ERROR] LogOutputStream:75 - [STDERR_REDIRECT] 
2025-12-11 19:29:12,940 [ERROR] LogOutputStream:75 - [STDERR_REDIRECT] [Fatal Error] :1:1: Premature end of file.
2025-12-11 19:29:12,940 [ERROR] LogOutputStream:75 - [STDERR_REDIRECT] 
2025-12-11 19:29:13,930 [ERROR] LogOutputStream:75 - [STDERR_REDIRECT] [Fatal Error] :1:1: Premature end of file.
2025-12-11 19:29:13,930 [ERROR] LogOutputStream:75 - [STDERR_REDIRECT] 
2025-12-11 19:29:14,942 [ERROR] LogOutputStream:75 - [STDERR_REDIRECT] [Fatal Error] :1:1: Premature end of file.
2025-12-11 19:29:14,942 [ERROR] LogOutputStream:75 - [STDERR_REDIRECT] 
2025-12-11 19:29:15,929 [ERROR] LogOutputStream:75 - [STDERR_REDIRECT] [Fatal Error] :1:1: Premature end of file.
2025-12-11 19:29:15,929 [ERROR] LogOutputStream:75 - [STDERR_REDIRECT] 
2025-12-11 19:29:16,928 [ERROR] LogOutputStream:75 - [STDERR_REDIRECT] [Fatal Error] :1:1: Premature end of file.
2025-12-11 19:29:16,928 [ERROR] LogOutputStream:75 - [STDERR_REDIRECT] 
2025-12-11 19:29:17,941 [ERROR] LogOutputStream:75 - [STDERR_REDIRECT] [Fatal Error] :1:1: Premature end of file.
2025-12-11 19:29:17,941 [ERROR] LogOutputStream:75 - [STDERR_REDIRECT] 
2025-12-11 19:29:18,930 [ERROR] LogOutputStream:75 - [STDERR_REDIRECT] [Fatal Error] :1:1: Premature end of file.
2025-12-11 19:29:18,930 [ERROR] LogOutputStream:75 - [STDERR_REDIRECT] 
2025-12-11 19:29:19,943 [ERROR] LogOutputStream:75 - [STDERR_REDIRECT] [Fatal Error] :1:1: Premature end of file.
2025-12-11 19:29:19,950 [ERROR] LogOutputStream:75 - [STDERR_REDIRECT] 
2025-12-11 19:29:20,934 [ERROR] LogOutputStream:75 - [STDERR_REDIRECT] [Fatal Error] :1:1: Premature end of file.
2025-12-11 19:29:20,934 [ERROR] LogOutputStream:75 - [STDERR_REDIRECT] 
2025-12-11 19:29:21,943 [ERROR] LogOutputStream:75 - [STDERR_REDIRECT] [Fatal Error] :1:1: Premature end of file.
2025-12-11 19:29:21,943 [ERROR] LogOutputStream:75 - [STDERR_REDIRECT] 
2025-12-11 19:29:22,940 [ERROR] LogOutputStream:75 - [STDERR_REDIRECT] [Fatal Error] :1:1: Premature end of file.
2025-12-11 19:29:22,940 [ERROR] LogOutputStream:75 - [STDERR_REDIRECT] 
2025-12-11 19:29:23,938 [ERROR] LogOutputStream:75 - [STDERR_REDIRECT] [Fatal Error] :1:1: Premature end of file.
2025-12-11 19:29:23,938 [ERROR] LogOutputStream:75 - [STDERR_REDIRECT] 
2025-12-11 19:29:24,942 [ERROR] LogOutputStream:75 - [STDERR_REDIRECT] [Fatal Error] :1:1: Premature end of file.
2025-12-11 19:29:24,942 [ERROR] LogOutputStream:75 - [STDERR_REDIRECT] 
2025-12-11 19:29:25,934 [ERROR] LogOutputStream:75 - [STDERR_REDIRECT] [Fatal Error] :1:1: Premature end of file.
2025-12-11 19:29:25,934 [ERROR] LogOutputStream:75 - [STDERR_REDIRECT] 
2025-12-11 19:29:26,940 [ERROR] LogOutputStream:75 - [STDERR_REDIRECT] [Fatal Error] :1:1: Premature end of file.
2025-12-11 19:29:26,940 [ERROR] LogOutputStream:75 - [STDERR_REDIRECT] 
2025-12-11 19:29:27,938 [ERROR] LogOutputStream:75 - [STDERR_REDIRECT] [Fatal Error] :1:1: Premature end of file.
2025-12-11 19:29:27,944 [ERROR] LogOutputStream:75 - [STDERR_REDIRECT] 
2025-12-11 19:29:28,933 [ERROR] LogOutputStream:75 - [STDERR_REDIRECT] [Fatal Error] :1:1: Premature end of file.
2025-12-11 19:29:28,933 [ERROR] LogOutputStream:75 - [STDERR_REDIRECT] 
2025-12-11 19:29:29,946 [ERROR] LogOutputStream:75 - [STDERR_REDIRECT] [Fatal Error] :1:1: Premature end of file.
2025-12-11 19:29:29,946 [ERROR] LogOutputStream:75 - [STDERR_REDIRECT] 
2025-12-11 19:29:30,932 [ERROR] LogOutputStream:75 - [STDERR_REDIRECT] [Fatal Error] :1:1: Premature end of file.
2025-12-11 19:29:30,932 [ERROR] LogOutputStream:75 - [STDERR_REDIRECT] 
2025-12-11 19:29:31,935 [ERROR] LogOutputStream:75 - [STDERR_REDIRECT] [Fatal Error] :1:1: Premature end of file.
2025-12-11 19:29:31,935 [ERROR] LogOutputStream:75 - [STDERR_REDIRECT] 
2025-12-11 19:29:32,934 [ERROR] LogOutputStream:75 - [STDERR_REDIRECT] [Fatal Error] :1:1: Premature end of file.
2025-12-11 19:29:32,934 [ERROR] LogOutputStream:75 - [STDERR_REDIRECT] 
2025-12-11 19:29:33,935 [ERROR] LogOutputStream:75 - [STDERR_REDIRECT] [Fatal Error] :1:1: Premature end of file.
2025-12-11 19:29:33,935 [ERROR] LogOutputStream:75 - [STDERR_REDIRECT] 
2025-12-11 19:29:34,939 [ERROR] LogOutputStream:75 - [STDERR_REDIRECT] [Fatal Error] :1:1: Premature end of file.
2025-12-11 19:29:34,939 [ERROR] LogOutputStream:75 - [STDERR_REDIRECT] 
2025-12-11 19:29:35,945 [ERROR] LogOutputStream:75 - [STDERR_REDIRECT] [Fatal Error] :1:1: Premature end of file.
2025-12-11 19:29:35,945 [ERROR] LogOutputStream:75 - [STDERR_REDIRECT] 
2025-12-11 19:29:36,930 [ERROR] LogOutputStream:75 - [STDERR_REDIRECT] [Fatal Error] :1:1: Premature end of file.
2025-12-11 19:29:36,930 [ERROR] LogOutputStream:75 - [STDERR_REDIRECT] 
2025-12-11 19:29:37,932 [ERROR] LogOutputStream:75 - [STDERR_REDIRECT] [Fatal Error] :1:1: Premature end of file.
2025-12-11 19:29:37,932 [ERROR] LogOutputStream:75 - [STDERR_REDIRECT] 
2025-12-11 19:29:38,943 [ERROR] LogOutputStream:75 - [STDERR_REDIRECT] [Fatal Error] :1:1: Premature end of file.
2025-12-11 19:29:38,943 [ERROR] LogOutputStream:75 - [STDERR_REDIRECT] 
2025-12-11 19:29:39,946 [ERROR] LogOutputStream:75 - [STDERR_REDIRECT] [Fatal Error] :1:1: Premature end of file.
2025-12-11 19:29:39,946 [ERROR] LogOutputStream:75 - [STDERR_REDIRECT] 
2025-12-11 19:29:40,942 [ERROR] LogOutputStream:75 - [STDERR_REDIRECT] [Fatal Error] :1:1: Premature end of file.
2025-12-11 19:29:40,942 [ERROR] LogOutputStream:75 - [STDERR_REDIRECT] 
2025-12-11 19:29:41,937 [ERROR] LogOutputStream:75 - [STDERR_REDIRECT] [Fatal Error] :1:1: Premature end of file.
2025-12-11 19:29:41,937 [ERROR] LogOutputStream:75 - [STDERR_REDIRECT] 
2025-12-11 19:29:42,929 [ERROR] LogOutputStream:75 - [STDERR_REDIRECT] [Fatal Error] :1:1: Premature end of file.
2025-12-11 19:29:42,929 [ERROR] LogOutputStream:75 - [STDERR_REDIRECT] 
2025-12-11 19:29:43,933 [ERROR] LogOutputStream:75 - [STDERR_REDIRECT] [Fatal Error] :1:1: Premature end of file.
2025-12-11 19:29:43,933 [ERROR] LogOutputStream:75 - [STDERR_REDIRECT] 
2025-12-11 19:29:44,928 [ERROR] LogOutputStream:75 - [STDERR_REDIRECT] [Fatal Error] :1:1: Premature end of file.
2025-12-11 19:29:44,928 [ERROR] LogOutputStream:75 - [STDERR_REDIRECT] 
2025-12-11 19:29:45,937 [ERROR] LogOutputStream:75 - [STDERR_REDIRECT] [Fatal Error] :1:1: Premature end of file.
2025-12-11 19:29:45,937 [ERROR] LogOutputStream:75 - [STDERR_REDIRECT] 
2025-12-11 19:29:46,921 [ERROR] LogOutputStream:75 - [STDERR_REDIRECT] [Fatal Error] :1:1: Premature end of file.
2025-12-11 19:29:46,921 [ERROR] LogOutputStream:75 - [STDERR_REDIRECT] 
2025-12-11 19:29:47,933 [ERROR] LogOutputStream:75 - [STDERR_REDIRECT] [Fatal Error] :1:1: Premature end of file.
2025-12-11 19:29:47,933 [ERROR] LogOutputStream:75 - [STDERR_REDIRECT] 
2025-12-11 19:29:48,933 [ERROR] LogOutputStream:75 - [STDERR_REDIRECT] [Fatal Error] :1:1: Premature end of file.
2025-12-11 19:29:48,933 [ERROR] LogOutputStream:75 - [STDERR_REDIRECT] 
2025-12-11 19:29:49,934 [ERROR] LogOutputStream:75 - [STDERR_REDIRECT] [Fatal Error] :1:1: Premature end of file.
2025-12-11 19:29:49,934 [ERROR] LogOutputStream:75 - [STDERR_REDIRECT] 
2025-12-11 19:29:50,943 [ERROR] LogOutputStream:75 - [STDERR_REDIRECT] [Fatal Error] :1:1: Premature end of file.
2025-12-11 19:29:50,943 [ERROR] LogOutputStream:75 - [STDERR_REDIRECT] 
2025-12-11 19:29:51,920 [ERROR] LogOutputStream:75 - [STDERR_REDIRECT] [Fatal Error] :1:1: Premature end of file.
2025-12-11 19:29:51,920 [ERROR] LogOutputStream:75 - [STDERR_REDIRECT] 
2025-12-11 19:29:52,935 [ERROR] LogOutputStream:75 - [STDERR_REDIRECT] [Fatal Error] :1:1: Premature end of file.
2025-12-11 19:29:52,935 [ERROR] LogOutputStream:75 - [STDERR_REDIRECT] 
2025-12-11 19:29:53,944 [ERROR] LogOutputStream:75 - [STDERR_REDIRECT] [Fatal Error] :1:1: Premature end of file.
2025-12-11 19:29:53,944 [ERROR] LogOutputStream:75 - [STDERR_REDIRECT] 
2025-12-11 19:29:54,935 [ERROR] LogOutputStream:75 - [STDERR_REDIRECT] [Fatal Error] :1:1: Premature end of file.
2025-12-11 19:29:54,935 [ERROR] LogOutputStream:75 - [STDERR_REDIRECT] 
2025-12-11 19:29:55,944 [ERROR] LogOutputStream:75 - [STDERR_REDIRECT] [Fatal Error] :1:1: Premature end of file.
2025-12-11 19:29:55,944 [ERROR] LogOutputStream:75 - [STDERR_REDIRECT] 
2025-12-11 19:29:56,928 [ERROR] LogOutputStream:75 - [STDERR_REDIRECT] [Fatal Error] :1:1: Premature end of file.
2025-12-11 19:29:56,928 [ERROR] LogOutputStream:75 - [STDERR_REDIRECT] 
2025-12-11 19:29:57,941 [ERROR] LogOutputStream:75 - [STDERR_REDIRECT] [Fatal Error] :1:1: Premature end of file.
2025-12-11 19:29:57,941 [ERROR] LogOutputStream:75 - [STDERR_REDIRECT] 
2025-12-11 19:29:58,935 [ERROR] LogOutputStream:75 - [STDERR_REDIRECT] [Fatal Error] :1:1: Premature end of file.
2025-12-11 19:29:58,935 [ERROR] LogOutputStream:75 - [STDERR_REDIRECT] 
2025-12-11 19:29:59,942 [ERROR] LogOutputStream:75 - [STDERR_REDIRECT] [Fatal Error] :1:1: Premature end of file.
2025-12-11 19:29:59,942 [ERROR] LogOutputStream:75 - [STDERR_REDIRECT] 
2025-12-11 19:30:00,951 [ERROR] LogOutputStream:75 - [STDERR_REDIRECT] [Fatal Error] :1:1: Premature end of file.
2025-12-11 19:30:00,951 [ERROR] LogOutputStream:75 - [STDERR_REDIRECT] 
2025-12-11 19:30:01,935 [ERROR] LogOutputStream:75 - [STDERR_REDIRECT] [Fatal Error] :1:1: Premature end of file.
2025-12-11 19:30:01,935 [ERROR] LogOutputStream:75 - [STDERR_REDIRECT] 
2025-12-11 19:30:02,934 [ERROR] LogOutputStream:75 - [STDERR_REDIRECT] [Fatal Error] :1:1: Premature end of file.
2025-12-11 19:30:02,934 [ERROR] LogOutputStream:75 - [STDERR_REDIRECT] 
2025-12-11 19:30:03,931 [ERROR] LogOutputStream:75 - [STDERR_REDIRECT] [Fatal Error] :1:1: Premature end of file.
2025-12-11 19:30:03,931 [ERROR] LogOutputStream:75 - [STDERR_REDIRECT] 
2025-12-11 19:30:04,931 [ERROR] LogOutputStream:75 - [STDERR_REDIRECT] [Fatal Error] :1:1: Premature end of file.
2025-12-11 19:30:04,931 [ERROR] LogOutputStream:75 - [STDERR_REDIRECT] 
2025-12-11 19:30:05,936 [ERROR] LogOutputStream:75 - [STDERR_REDIRECT] [Fatal Error] :1:1: Premature end of file.
2025-12-11 19:30:05,936 [ERROR] LogOutputStream:75 - [STDERR_REDIRECT] 
2025-12-11 19:30:06,939 [ERROR] LogOutputStream:75 - [STDERR_REDIRECT] [Fatal Error] :1:1: Premature end of file.
2025-12-11 19:30:06,939 [ERROR] LogOutputStream:75 - [STDERR_REDIRECT] 
2025-12-11 19:30:07,943 [ERROR] LogOutputStream:75 - [STDERR_REDIRECT] [Fatal Error] :1:1: Premature end of file.
2025-12-11 19:30:07,943 [ERROR] LogOutputStream:75 - [STDERR_REDIRECT] 
2025-12-11 19:30:08,932 [ERROR] LogOutputStream:75 - [STDERR_REDIRECT] [Fatal Error] :1:1: Premature end of file.
2025-12-11 19:30:08,932 [ERROR] LogOutputStream:75 - [STDERR_REDIRECT] 
2025-12-11 19:30:09,936 [ERROR] LogOutputStream:75 - [STDERR_REDIRECT] [Fatal Error] :1:1: Premature end of file.
2025-12-11 19:30:09,936 [ERROR] LogOutputStream:75 - [STDERR_REDIRECT] 
2025-12-11 19:30:10,937 [ERROR] LogOutputStream:75 - [STDERR_REDIRECT] [Fatal Error] :1:1: Premature end of file.
2025-12-11 19:30:10,937 [ERROR] LogOutputStream:75 - [STDERR_REDIRECT] 
2025-12-11 19:30:11,935 [ERROR] LogOutputStream:75 - [STDERR_REDIRECT] [Fatal Error] :1:1: Premature end of file.
2025-12-11 19:30:11,935 [ERROR] LogOutputStream:75 - [STDERR_REDIRECT] 
2025-12-11 19:30:12,950 [ERROR] LogOutputStream:75 - [STDERR_REDIRECT] [Fatal Error] :1:1: Premature end of file.
2025-12-11 19:30:12,950 [ERROR] LogOutputStream:75 - [STDERR_REDIRECT] 
2025-12-11 19:30:13,955 [ERROR] LogOutputStream:75 - [STDERR_REDIRECT] [Fatal Error] :1:1: Premature end of file.
2025-12-11 19:30:13,955 [ERROR] LogOutputStream:75 - [STDERR_REDIRECT] 
2025-12-11 19:30:14,930 [ERROR] LogOutputStream:75 - [STDERR_REDIRECT] [Fatal Error] :1:1: Premature end of file.
2025-12-11 19:30:14,930 [ERROR] LogOutputStream:75 - [STDERR_REDIRECT] 
2025-12-11 19:30:15,936 [ERROR] LogOutputStream:75 - [STDERR_REDIRECT] [Fatal Error] :1:1: Premature end of file.
2025-12-11 19:30:15,936 [ERROR] LogOutputStream:75 - [STDERR_REDIRECT] 
2025-12-11 19:30:16,938 [ERROR] LogOutputStream:75 - [STDERR_REDIRECT] [Fatal Error] :1:1: Premature end of file.
2025-12-11 19:30:16,938 [ERROR] LogOutputStream:75 - [STDERR_REDIRECT] 
2025-12-11 19:30:17,930 [ERROR] LogOutputStream:75 - [STDERR_REDIRECT] [Fatal Error] :1:1: Premature end of file.
2025-12-11 19:30:17,930 [ERROR] LogOutputStream:75 - [STDERR_REDIRECT] 
2025-12-11 19:30:18,936 [ERROR] LogOutputStream:75 - [STDERR_REDIRECT] [Fatal Error] :1:1: Premature end of file.
2025-12-11 19:30:18,936 [ERROR] LogOutputStream:75 - [STDERR_REDIRECT] 
2025-12-11 19:30:19,929 [ERROR] LogOutputStream:75 - [STDERR_REDIRECT] [Fatal Error] :1:1: Premature end of file.
2025-12-11 19:30:19,937 [ERROR] LogOutputStream:75 - [STDERR_REDIRECT] 
2025-12-11 19:30:20,936 [ERROR] LogOutputStream:75 - [STDERR_REDIRECT] [Fatal Error] :1:1: Premature end of file.
2025-12-11 19:30:20,936 [ERROR] LogOutputStream:75 - [STDERR_REDIRECT] 
2025-12-11 19:30:21,934 [ERROR] LogOutputStream:75 - [STDERR_REDIRECT] [Fatal Error] :1:1: Premature end of file.
2025-12-11 19:30:21,934 [ERROR] LogOutputStream:75 - [STDERR_REDIRECT] 
2025-12-11 19:30:22,943 [ERROR] LogOutputStream:75 - [STDERR_REDIRECT] [Fatal Error] :1:1: Premature end of file.
2025-12-11 19:30:22,943 [ERROR] LogOutputStream:75 - [STDERR_REDIRECT] 
2025-12-11 19:30:23,936 [ERROR] LogOutputStream:75 - [STDERR_REDIRECT] [Fatal Error] :1:1: Premature end of file.
2025-12-11 19:30:23,936 [ERROR] LogOutputStream:75 - [STDERR_REDIRECT] 
2025-12-11 19:30:24,941 [ERROR] LogOutputStream:75 - [STDERR_REDIRECT] [Fatal Error] :1:1: Premature end of file.
2025-12-11 19:30:24,941 [ERROR] LogOutputStream:75 - [STDERR_REDIRECT] 
2025-12-11 19:30:25,939 [ERROR] LogOutputStream:75 - [STDERR_REDIRECT] [Fatal Error] :1:1: Premature end of file.
2025-12-11 19:30:25,939 [ERROR] LogOutputStream:75 - [STDERR_REDIRECT] 
2025-12-11 19:30:26,934 [ERROR] LogOutputStream:75 - [STDERR_REDIRECT] [Fatal Error] :1:1: Premature end of file.
2025-12-11 19:30:26,934 [ERROR] LogOutputStream:75 - [STDERR_REDIRECT] 
2025-12-11 19:30:27,936 [ERROR] LogOutputStream:75 - [STDERR_REDIRECT] [Fatal Error] :1:1: Premature end of file.
2025-12-11 19:30:27,936 [ERROR] LogOutputStream:75 - [STDERR_REDIRECT] 
2025-12-11 19:30:28,934 [ERROR] LogOutputStream:75 - [STDERR_REDIRECT] [Fatal Error] :1:1: Premature end of file.
2025-12-11 19:30:28,934 [ERROR] LogOutputStream:75 - [STDERR_REDIRECT] 
2025-12-11 19:30:30,949 [ERROR] LogOutputStream:75 - [STDERR_REDIRECT] [Fatal Error] :1:1: Premature end of file.
2025-12-11 19:30:30,949 [ERROR] LogOutputStream:75 - [STDERR_REDIRECT] 
2025-12-11 19:30:31,011 [ERROR] LogOutputStream:75 - [STDERR_REDIRECT] [Fatal Error] :1:1: Premature end of file.
2025-12-11 19:30:31,011 [ERROR] LogOutputStream:75 - [STDERR_REDIRECT] 
2025-12-11 19:30:31,935 [ERROR] LogOutputStream:75 - [STDERR_REDIRECT] [Fatal Error] :1:1: Premature end of file.
2025-12-11 19:30:31,935 [ERROR] LogOutputStream:75 - [STDERR_REDIRECT] 
2025-12-11 19:30:32,939 [ERROR] LogOutputStream:75 - [STDERR_REDIRECT] [Fatal Error] :1:1: Premature end of file.
2025-12-11 19:30:32,939 [ERROR] LogOutputStream:75 - [STDERR_REDIRECT] 
2025-12-11 19:30:33,939 [ERROR] LogOutputStream:75 - [STDERR_REDIRECT] [Fatal Error] :1:1: Premature end of file.
2025-12-11 19:30:33,939 [ERROR] LogOutputStream:75 - [STDERR_REDIRECT] 
2025-12-11 19:30:34,932 [ERROR] LogOutputStream:75 - [STDERR_REDIRECT] [Fatal Error] :1:1: Premature end of file.
2025-12-11 19:30:34,932 [ERROR] LogOutputStream:75 - [STDERR_REDIRECT] 
2025-12-11 19:30:35,946 [ERROR] LogOutputStream:75 - [STDERR_REDIRECT] [Fatal Error] :1:1: Premature end of file.
2025-12-11 19:30:35,946 [ERROR] LogOutputStream:75 - [STDERR_REDIRECT] 
2025-12-11 19:30:36,946 [ERROR] LogOutputStream:75 - [STDERR_REDIRECT] [Fatal Error] :1:1: Premature end of file.
2025-12-11 19:30:36,946 [ERROR] LogOutputStream:75 - [STDERR_REDIRECT] 
2025-12-11 19:30:37,985 [ERROR] LogOutputStream:75 - [STDERR_REDIRECT] [Fatal Error] :1:1: Premature end of file.
2025-12-11 19:30:37,985 [ERROR] LogOutputStream:75 - [STDERR_REDIRECT] 
2025-12-11 19:30:38,934 [ERROR] LogOutputStream:75 - [STDERR_REDIRECT] [Fatal Error] :1:1: Premature end of file.
2025-12-11 19:30:38,935 [ERROR] LogOutputStream:75 - [STDERR_REDIRECT] 
2025-12-11 19:30:39,940 [ERROR] LogOutputStream:75 - [STDERR_REDIRECT] [Fatal Error] :1:1: Premature end of file.
2025-12-11 19:30:39,940 [ERROR] LogOutputStream:75 - [STDERR_REDIRECT] 
2025-12-11 19:30:40,938 [ERROR] LogOutputStream:75 - [STDERR_REDIRECT] [Fatal Error] :1:1: Premature end of file.
2025-12-11 19:30:40,938 [ERROR] LogOutputStream:75 - [STDERR_REDIRECT] 
2025-12-11 19:30:41,935 [ERROR] LogOutputStream:75 - [STDERR_REDIRECT] [Fatal Error] :1:1: Premature end of file.
2025-12-11 19:30:41,935 [ERROR] LogOutputStream:75 - [STDERR_REDIRECT] 
2025-12-11 19:30:42,931 [ERROR] LogOutputStream:75 - [STDERR_REDIRECT] [Fatal Error] :1:1: Premature end of file.
2025-12-11 19:30:42,931 [ERROR] LogOutputStream:75 - [STDERR_REDIRECT] 
2025-12-11 19:30:43,932 [ERROR] LogOutputStream:75 - [STDERR_REDIRECT] [Fatal Error] :1:1: Premature end of file.
2025-12-11 19:30:43,932 [ERROR] LogOutputStream:75 - [STDERR_REDIRECT] 
2025-12-11 19:30:44,934 [ERROR] LogOutputStream:75 - [STDERR_REDIRECT] [Fatal Error] :1:1: Premature end of file.
2025-12-11 19:30:44,934 [ERROR] LogOutputStream:75 - [STDERR_REDIRECT] 
2025-12-11 19:30:45,936 [ERROR] LogOutputStream:75 - [STDERR_REDIRECT] [Fatal Error] :1:1: Premature end of file.
2025-12-11 19:30:45,936 [ERROR] LogOutputStream:75 - [STDERR_REDIRECT] 
2025-12-11 19:30:46,932 [ERROR] LogOutputStream:75 - [STDERR_REDIRECT] [Fatal Error] :1:1: Premature end of file.
2025-12-11 19:30:46,932 [ERROR] LogOutputStream:75 - [STDERR_REDIRECT] 
2025-12-11 19:30:47,935 [ERROR] LogOutputStream:75 - [STDERR_REDIRECT] [Fatal Error] :1:1: Premature end of file.
2025-12-11 19:30:47,935 [ERROR] LogOutputStream:75 - [STDERR_REDIRECT] 
2025-12-11 19:30:48,927 [ERROR] LogOutputStream:75 - [STDERR_REDIRECT] [Fatal Error] :1:1: Premature end of file.
2025-12-11 19:30:48,927 [ERROR] LogOutputStream:75 - [STDERR_REDIRECT] 
2025-12-11 19:30:49,929 [ERROR] LogOutputStream:75 - [STDERR_REDIRECT] [Fatal Error] :1:1: Premature end of file.
2025-12-11 19:30:49,929 [ERROR] LogOutputStream:75 - [STDERR_REDIRECT] 
2025-12-11 19:30:50,930 [ERROR] LogOutputStream:75 - [STDERR_REDIRECT] [Fatal Error] :1:1: Premature end of file.
2025-12-11 19:30:50,930 [ERROR] LogOutputStream:75 - [STDERR_REDIRECT] 
2025-12-11 19:30:51,928 [ERROR] LogOutputStream:75 - [STDERR_REDIRECT] [Fatal Error] :1:1: Premature end of file.
2025-12-11 19:30:51,928 [ERROR] LogOutputStream:75 - [STDERR_REDIRECT] 
2025-12-11 19:30:52,932 [ERROR] LogOutputStream:75 - [STDERR_REDIRECT] [Fatal Error] :1:1: Premature end of file.
2025-12-11 19:30:52,932 [ERROR] LogOutputStream:75 - [STDERR_REDIRECT] 
2025-12-11 19:30:53,928 [ERROR] LogOutputStream:75 - [STDERR_REDIRECT] [Fatal Error] :1:1: Premature end of file.
2025-12-11 19:30:53,928 [ERROR] LogOutputStream:75 - [STDERR_REDIRECT] 
2025-12-11 19:30:54,947 [ERROR] LogOutputStream:75 - [STDERR_REDIRECT] [Fatal Error] :1:1: Premature end of file.
2025-12-11 19:30:54,948 [ERROR] LogOutputStream:75 - [STDERR_REDIRECT] 
2025-12-11 19:30:55,942 [ERROR] LogOutputStream:75 - [STDERR_REDIRECT] [Fatal Error] :1:1: Premature end of file.
2025-12-11 19:30:55,942 [ERROR] LogOutputStream:75 - [STDERR_REDIRECT] 
2025-12-11 19:30:56,947 [ERROR] LogOutputStream:75 - [STDERR_REDIRECT] [Fatal Error] :1:1: Premature end of file.
2025-12-11 19:30:56,947 [ERROR] LogOutputStream:75 - [STDERR_REDIRECT] 
2025-12-11 19:30:57,940 [ERROR] LogOutputStream:75 - [STDERR_REDIRECT] [Fatal Error] :1:1: Premature end of file.
2025-12-11 19:30:57,940 [ERROR] LogOutputStream:75 - [STDERR_REDIRECT] 
2025-12-11 19:30:58,935 [ERROR] LogOutputStream:75 - [STDERR_REDIRECT] [Fatal Error] :1:1: Premature end of file.
2025-12-11 19:30:58,935 [ERROR] LogOutputStream:75 - [STDERR_REDIRECT] 
2025-12-11 19:30:59,930 [ERROR] LogOutputStream:75 - [STDERR_REDIRECT] [Fatal Error] :1:1: Premature end of file.
2025-12-11 19:30:59,930 [ERROR] LogOutputStream:75 - [STDERR_REDIRECT] 
2025-12-11 19:31:00,931 [ERROR] LogOutputStream:75 - [STDERR_REDIRECT] [Fatal Error] :1:1: Premature end of file.
2025-12-11 19:31:00,931 [ERROR] LogOutputStream:75 - [STDERR_REDIRECT] 
2025-12-11 19:31:01,933 [ERROR] LogOutputStream:75 - [STDERR_REDIRECT] [Fatal Error] :1:1: Premature end of file.
2025-12-11 19:31:01,933 [ERROR] LogOutputStream:75 - [STDERR_REDIRECT] 
2025-12-11 19:31:02,944 [ERROR] LogOutputStream:75 - [STDERR_REDIRECT] [Fatal Error] :1:1: Premature end of file.
2025-12-11 19:31:02,944 [ERROR] LogOutputStream:75 - [STDERR_REDIRECT] 
2025-12-11 19:31:03,931 [ERROR] LogOutputStream:75 - [STDERR_REDIRECT] [Fatal Error] :1:1: Premature end of file.
2025-12-11 19:31:03,931 [ERROR] LogOutputStream:75 - [STDERR_REDIRECT] 
2025-12-11 19:31:04,928 [ERROR] LogOutputStream:75 - [STDERR_REDIRECT] [Fatal Error] :1:1: Premature end of file.
2025-12-11 19:31:04,928 [ERROR] LogOutputStream:75 - [STDERR_REDIRECT] 
2025-12-11 19:31:05,939 [ERROR] LogOutputStream:75 - [STDERR_REDIRECT] [Fatal Error] :1:1: Premature end of file.
2025-12-11 19:31:05,939 [ERROR] LogOutputStream:75 - [STDERR_REDIRECT] 
2025-12-11 19:31:06,929 [ERROR] LogOutputStream:75 - [STDERR_REDIRECT] [Fatal Error] :1:1: Premature end of file.
2025-12-11 19:31:06,929 [ERROR] LogOutputStream:75 - [STDERR_REDIRECT] 
2025-12-11 19:31:07,925 [ERROR] LogOutputStream:75 - [STDERR_REDIRECT] [Fatal Error] :1:1: Premature end of file.
2025-12-11 19:31:07,925 [ERROR] LogOutputStream:75 - [STDERR_REDIRECT] 
2025-12-11 19:31:08,938 [ERROR] LogOutputStream:75 - [STDERR_REDIRECT] [Fatal Error] :1:1: Premature end of file.
2025-12-11 19:31:08,938 [ERROR] LogOutputStream:75 - [STDERR_REDIRECT] 
2025-12-11 19:31:09,941 [ERROR] LogOutputStream:75 - [STDERR_REDIRECT] [Fatal Error] :1:1: Premature end of file.
2025-12-11 19:31:09,947 [ERROR] LogOutputStream:75 - [STDERR_REDIRECT] 
2025-12-11 19:31:10,938 [ERROR] LogOutputStream:75 - [STDERR_REDIRECT] [Fatal Error] :1:1: Premature end of file.
2025-12-11 19:31:10,938 [ERROR] LogOutputStream:75 - [STDERR_REDIRECT] 
2025-12-11 19:31:11,933 [ERROR] LogOutputStream:75 - [STDERR_REDIRECT] [Fatal Error] :1:1: Premature end of file.
2025-12-11 19:31:11,933 [ERROR] LogOutputStream:75 - [STDERR_REDIRECT] 
2025-12-11 19:31:12,957 [ERROR] LogOutputStream:75 - [STDERR_REDIRECT] [Fatal Error] :1:1: Premature end of file.
2025-12-11 19:31:12,957 [ERROR] LogOutputStream:75 - [STDERR_REDIRECT] 
2025-12-11 19:31:13,932 [ERROR] LogOutputStream:75 - [STDERR_REDIRECT] [Fatal Error] :1:1: Premature end of file.
2025-12-11 19:31:13,932 [ERROR] LogOutputStream:75 - [STDERR_REDIRECT] 
2025-12-11 19:31:14,926 [ERROR] LogOutputStream:75 - [STDERR_REDIRECT] [Fatal Error] :1:1: Premature end of file.
2025-12-11 19:31:14,926 [ERROR] LogOutputStream:75 - [STDERR_REDIRECT] 
2025-12-11 19:31:15,945 [ERROR] LogOutputStream:75 - [STDERR_REDIRECT] [Fatal Error] :1:1: Premature end of file.
2025-12-11 19:31:15,945 [ERROR] LogOutputStream:75 - [STDERR_REDIRECT] 
2025-12-11 19:31:16,928 [ERROR] LogOutputStream:75 - [STDERR_REDIRECT] [Fatal Error] :1:1: Premature end of file.
2025-12-11 19:31:16,928 [ERROR] LogOutputStream:75 - [STDERR_REDIRECT] 
2025-12-11 19:31:17,927 [ERROR] LogOutputStream:75 - [STDERR_REDIRECT] [Fatal Error] :1:1: Premature end of file.
2025-12-11 19:31:17,927 [ERROR] LogOutputStream:75 - [STDERR_REDIRECT] 
2025-12-11 19:31:18,926 [ERROR] LogOutputStream:75 - [STDERR_REDIRECT] [Fatal Error] :1:1: Premature end of file.
2025-12-11 19:31:18,926 [ERROR] LogOutputStream:75 - [STDERR_REDIRECT] 
2025-12-11 19:31:19,936 [ERROR] LogOutputStream:75 - [STDERR_REDIRECT] [Fatal Error] :1:1: Premature end of file.
2025-12-11 19:31:19,936 [ERROR] LogOutputStream:75 - [STDERR_REDIRECT] 
2025-12-11 19:31:20,934 [ERROR] LogOutputStream:75 - [STDERR_REDIRECT] [Fatal Error] :1:1: Premature end of file.
2025-12-11 19:31:20,934 [ERROR] LogOutputStream:75 - [STDERR_REDIRECT] 
2025-12-11 19:31:21,935 [ERROR] LogOutputStream:75 - [STDERR_REDIRECT] [Fatal Error] :1:1: Premature end of file.
2025-12-11 19:31:21,935 [ERROR] LogOutputStream:75 - [STDERR_REDIRECT] 
2025-12-11 19:31:22,934 [ERROR] LogOutputStream:75 - [STDERR_REDIRECT] [Fatal Error] :1:1: Premature end of file.
2025-12-11 19:31:22,934 [ERROR] LogOutputStream:75 - [STDERR_REDIRECT] 
2025-12-11 19:31:23,944 [ERROR] LogOutputStream:75 - [STDERR_REDIRECT] [Fatal Error] :1:1: Premature end of file.
2025-12-11 19:31:23,944 [ERROR] LogOutputStream:75 - [STDERR_REDIRECT] 
2025-12-11 19:31:24,939 [ERROR] LogOutputStream:75 - [STDERR_REDIRECT] [Fatal Error] :1:1: Premature end of file.
2025-12-11 19:31:24,939 [ERROR] LogOutputStream:75 - [STDERR_REDIRECT] 
2025-12-11 19:31:25,938 [ERROR] LogOutputStream:75 - [STDERR_REDIRECT] [Fatal Error] :1:1: Premature end of file.
2025-12-11 19:31:25,938 [ERROR] LogOutputStream:75 - [STDERR_REDIRECT] 
2025-12-11 19:31:26,938 [ERROR] LogOutputStream:75 - [STDERR_REDIRECT] [Fatal Error] :1:1: Premature end of file.
2025-12-11 19:31:26,938 [ERROR] LogOutputStream:75 - [STDERR_REDIRECT] 
2025-12-11 19:31:27,931 [ERROR] LogOutputStream:75 - [STDERR_REDIRECT] [Fatal Error] :1:1: Premature end of file.
2025-12-11 19:31:27,931 [ERROR] LogOutputStream:75 - [STDERR_REDIRECT] 
2025-12-11 19:31:28,940 [ERROR] LogOutputStream:75 - [STDERR_REDIRECT] [Fatal Error] :1:1: Premature end of file.
2025-12-11 19:31:28,940 [ERROR] LogOutputStream:75 - [STDERR_REDIRECT] 
2025-12-11 19:31:29,926 [ERROR] LogOutputStream:75 - [STDERR_REDIRECT] [Fatal Error] :1:1: Premature end of file.
2025-12-11 19:31:29,926 [ERROR] LogOutputStream:75 - [STDERR_REDIRECT] 
2025-12-11 19:31:30,927 [ERROR] LogOutputStream:75 - [STDERR_REDIRECT] [Fatal Error] :1:1: Premature end of file.
2025-12-11 19:31:30,927 [ERROR] LogOutputStream:75 - [STDERR_REDIRECT] 
2025-12-11 19:31:31,935 [ERROR] LogOutputStream:75 - [STDERR_REDIRECT] [Fatal Error] :1:1: Premature end of file.
2025-12-11 19:31:31,935 [ERROR] LogOutputStream:75 - [STDERR_REDIRECT] 
2025-12-11 19:31:32,928 [ERROR] LogOutputStream:75 - [STDERR_REDIRECT] [Fatal Error] :1:1: Premature end of file.
2025-12-11 19:31:32,928 [ERROR] LogOutputStream:75 - [STDERR_REDIRECT] 
2025-12-11 19:31:33,948 [ERROR] LogOutputStream:75 - [STDERR_REDIRECT] [Fatal Error] :1:1: Premature end of file.
2025-12-11 19:31:33,948 [ERROR] LogOutputStream:75 - [STDERR_REDIRECT] 
2025-12-11 19:31:34,937 [ERROR] LogOutputStream:75 - [STDERR_REDIRECT] [Fatal Error] :1:1: Premature end of file.
2025-12-11 19:31:34,937 [ERROR] LogOutputStream:75 - [STDERR_REDIRECT] 
2025-12-11 19:31:35,942 [ERROR] LogOutputStream:75 - [STDERR_REDIRECT] [Fatal Error] :1:1: Premature end of file.
2025-12-11 19:31:35,942 [ERROR] LogOutputStream:75 - [STDERR_REDIRECT] 
2025-12-11 19:31:36,932 [ERROR] LogOutputStream:75 - [STDERR_REDIRECT] [Fatal Error] :1:1: Premature end of file.
2025-12-11 19:31:36,932 [ERROR] LogOutputStream:75 - [STDERR_REDIRECT] 
2025-12-11 19:31:37,945 [ERROR] LogOutputStream:75 - [STDERR_REDIRECT] [Fatal Error] :1:1: Premature end of file.
2025-12-11 19:31:37,945 [ERROR] LogOutputStream:75 - [STDERR_REDIRECT] 
2025-12-11 19:31:38,934 [ERROR] LogOutputStream:75 - [STDERR_REDIRECT] [Fatal Error] :1:1: Premature end of file.
2025-12-11 19:31:38,934 [ERROR] LogOutputStream:75 - [STDERR_REDIRECT] 
2025-12-11 19:31:39,934 [ERROR] LogOutputStream:75 - [STDERR_REDIRECT] [Fatal Error] :1:1: Premature end of file.
2025-12-11 19:31:39,934 [ERROR] LogOutputStream:75 - [STDERR_REDIRECT] 
2025-12-11 19:31:40,926 [ERROR] LogOutputStream:75 - [STDERR_REDIRECT] [Fatal Error] :1:1: Premature end of file.
2025-12-11 19:31:40,926 [ERROR] LogOutputStream:75 - [STDERR_REDIRECT] 
2025-12-11 19:31:41,942 [ERROR] LogOutputStream:75 - [STDERR_REDIRECT] [Fatal Error] :1:1: Premature end of file.
2025-12-11 19:31:41,942 [ERROR] LogOutputStream:75 - [STDERR_REDIRECT] 
2025-12-11 19:31:42,928 [ERROR] LogOutputStream:75 - [STDERR_REDIRECT] [Fatal Error] :1:1: Premature end of file.
2025-12-11 19:31:42,928 [ERROR] LogOutputStream:75 - [STDERR_REDIRECT] 
2025-12-11 19:31:43,928 [ERROR] LogOutputStream:75 - [STDERR_REDIRECT] [Fatal Error] :1:1: Premature end of file.
2025-12-11 19:31:43,928 [ERROR] LogOutputStream:75 - [STDERR_REDIRECT] 
2025-12-11 19:31:44,929 [ERROR] LogOutputStream:75 - [STDERR_REDIRECT] [Fatal Error] :1:1: Premature end of file.
2025-12-11 19:31:44,929 [ERROR] LogOutputStream:75 - [STDERR_REDIRECT] 
2025-12-11 19:31:45,936 [ERROR] LogOutputStream:75 - [STDERR_REDIRECT] [Fatal Error] :1:1: Premature end of file.
2025-12-11 19:31:45,936 [ERROR] LogOutputStream:75 - [STDERR_REDIRECT] 
2025-12-11 19:31:46,929 [ERROR] LogOutputStream:75 - [STDERR_REDIRECT] [Fatal Error] :1:1: Premature end of file.
2025-12-11 19:31:46,929 [ERROR] LogOutputStream:75 - [STDERR_REDIRECT] 
2025-12-11 19:31:47,937 [ERROR] LogOutputStream:75 - [STDERR_REDIRECT] [Fatal Error] :1:1: Premature end of file.
2025-12-11 19:31:47,937 [ERROR] LogOutputStream:75 - [STDERR_REDIRECT] 
2025-12-11 19:31:48,947 [ERROR] LogOutputStream:75 - [STDERR_REDIRECT] [Fatal Error] :1:1: Premature end of file.
2025-12-11 19:31:48,947 [ERROR] LogOutputStream:75 - [STDERR_REDIRECT] 
2025-12-11 19:31:49,945 [ERROR] LogOutputStream:75 - [STDERR_REDIRECT] [Fatal Error] :1:1: Premature end of file.
2025-12-11 19:31:49,945 [ERROR] LogOutputStream:75 - [STDERR_REDIRECT] 
2025-12-11 19:31:50,941 [ERROR] LogOutputStream:75 - [STDERR_REDIRECT] [Fatal Error] :1:1: Premature end of file.
2025-12-11 19:31:50,941 [ERROR] LogOutputStream:75 - [STDERR_REDIRECT] 
2025-12-11 19:31:51,941 [ERROR] LogOutputStream:75 - [STDERR_REDIRECT] [Fatal Error] :1:1: Premature end of file.
2025-12-11 19:31:51,941 [ERROR] LogOutputStream:75 - [STDERR_REDIRECT] 
2025-12-11 19:31:52,938 [ERROR] LogOutputStream:75 - [STDERR_REDIRECT] [Fatal Error] :1:1: Premature end of file.
2025-12-11 19:31:52,944 [ERROR] LogOutputStream:75 - [STDERR_REDIRECT] 
2025-12-11 19:31:53,942 [ERROR] LogOutputStream:75 - [STDERR_REDIRECT] [Fatal Error] :1:1: Premature end of file.
2025-12-11 19:31:53,942 [ERROR] LogOutputStream:75 - [STDERR_REDIRECT] 
2025-12-11 19:31:54,943 [ERROR] LogOutputStream:75 - [STDERR_REDIRECT] [Fatal Error] :1:1: Premature end of file.
2025-12-11 19:31:54,943 [ERROR] LogOutputStream:75 - [STDERR_REDIRECT] 
2025-12-11 19:31:55,939 [ERROR] LogOutputStream:75 - [STDERR_REDIRECT] [Fatal Error] :1:1: Premature end of file.
2025-12-11 19:31:55,939 [ERROR] LogOutputStream:75 - [STDERR_REDIRECT] 
2025-12-11 19:31:56,937 [ERROR] LogOutputStream:75 - [STDERR_REDIRECT] [Fatal Error] :1:1: Premature end of file.
2025-12-11 19:31:56,937 [ERROR] LogOutputStream:75 - [STDERR_REDIRECT] 
2025-12-11 19:31:57,931 [ERROR] LogOutputStream:75 - [STDERR_REDIRECT] [Fatal Error] :1:1: Premature end of file.
2025-12-11 19:31:57,931 [ERROR] LogOutputStream:75 - [STDERR_REDIRECT] 
2025-12-11 19:31:58,935 [ERROR] LogOutputStream:75 - [STDERR_REDIRECT] [Fatal Error] :1:1: Premature end of file.
2025-12-11 19:31:58,935 [ERROR] LogOutputStream:75 - [STDERR_REDIRECT] 
2025-12-11 19:31:59,937 [ERROR] LogOutputStream:75 - [STDERR_REDIRECT] [Fatal Error] :1:1: Premature end of file.
2025-12-11 19:31:59,937 [ERROR] LogOutputStream:75 - [STDERR_REDIRECT] 
2025-12-11 19:32:00,937 [ERROR] LogOutputStream:75 - [STDERR_REDIRECT] [Fatal Error] :1:1: Premature end of file.
2025-12-11 19:32:00,937 [ERROR] LogOutputStream:75 - [STDERR_REDIRECT] 
2025-12-11 19:32:01,953 [ERROR] LogOutputStream:75 - [STDERR_REDIRECT] [Fatal Error] :1:1: Premature end of file.
2025-12-11 19:32:01,953 [ERROR] LogOutputStream:75 - [STDERR_REDIRECT] 
2025-12-11 19:32:02,930 [ERROR] LogOutputStream:75 - [STDERR_REDIRECT] [Fatal Error] :1:1: Premature end of file.
2025-12-11 19:32:02,930 [ERROR] LogOutputStream:75 - [STDERR_REDIRECT] 
2025-12-11 19:32:03,940 [ERROR] LogOutputStream:75 - [STDERR_REDIRECT] [Fatal Error] :1:1: Premature end of file.
2025-12-11 19:32:03,940 [ERROR] LogOutputStream:75 - [STDERR_REDIRECT] 
2025-12-11 19:32:04,929 [ERROR] LogOutputStream:75 - [STDERR_REDIRECT] [Fatal Error] :1:1: Premature end of file.
2025-12-11 19:32:04,929 [ERROR] LogOutputStream:75 - [STDERR_REDIRECT] 
2025-12-11 19:32:05,934 [ERROR] LogOutputStream:75 - [STDERR_REDIRECT] [Fatal Error] :1:1: Premature end of file.
2025-12-11 19:32:05,934 [ERROR] LogOutputStream:75 - [STDERR_REDIRECT] 
2025-12-11 19:32:06,938 [ERROR] LogOutputStream:75 - [STDERR_REDIRECT] [Fatal Error] :1:1: Premature end of file.
2025-12-11 19:32:06,938 [ERROR] LogOutputStream:75 - [STDERR_REDIRECT] 
2025-12-11 19:32:07,951 [ERROR] LogOutputStream:75 - [STDERR_REDIRECT] [Fatal Error] :1:1: Premature end of file.
2025-12-11 19:32:07,955 [ERROR] LogOutputStream:75 - [STDERR_REDIRECT] 
2025-12-11 19:32:08,934 [ERROR] LogOutputStream:75 - [STDERR_REDIRECT] [Fatal Error] :1:1: Premature end of file.
2025-12-11 19:32:08,934 [ERROR] LogOutputStream:75 - [STDERR_REDIRECT] 
2025-12-11 19:32:09,931 [ERROR] LogOutputStream:75 - [STDERR_REDIRECT] [Fatal Error] :1:1: Premature end of file.
2025-12-11 19:32:09,931 [ERROR] LogOutputStream:75 - [STDERR_REDIRECT] 
2025-12-11 19:32:10,943 [ERROR] LogOutputStream:75 - [STDERR_REDIRECT] [Fatal Error] :1:1: Premature end of file.
2025-12-11 19:32:10,943 [ERROR] LogOutputStream:75 - [STDERR_REDIRECT] 
2025-12-11 19:32:11,938 [ERROR] LogOutputStream:75 - [STDERR_REDIRECT] [Fatal Error] :1:1: Premature end of file.
2025-12-11 19:32:11,938 [ERROR] LogOutputStream:75 - [STDERR_REDIRECT] 
2025-12-11 19:32:12,949 [ERROR] LogOutputStream:75 - [STDERR_REDIRECT] [Fatal Error] :1:1: Premature end of file.
2025-12-11 19:32:12,949 [ERROR] LogOutputStream:75 - [STDERR_REDIRECT] 
2025-12-11 19:32:13,945 [ERROR] LogOutputStream:75 - [STDERR_REDIRECT] [Fatal Error] :1:1: Premature end of file.
2025-12-11 19:32:13,945 [ERROR] LogOutputStream:75 - [STDERR_REDIRECT] 
2025-12-11 19:32:14,947 [ERROR] LogOutputStream:75 - [STDERR_REDIRECT] [Fatal Error] :1:1: Premature end of file.
2025-12-11 19:32:14,947 [ERROR] LogOutputStream:75 - [STDERR_REDIRECT] 
2025-12-11 19:32:15,930 [ERROR] LogOutputStream:75 - [STDERR_REDIRECT] [Fatal Error] :1:1: Premature end of file.
2025-12-11 19:32:15,930 [ERROR] LogOutputStream:75 - [STDERR_REDIRECT] 
2025-12-11 19:32:16,941 [ERROR] LogOutputStream:75 - [STDERR_REDIRECT] [Fatal Error] :1:1: Premature end of file.
2025-12-11 19:32:16,941 [ERROR] LogOutputStream:75 - [STDERR_REDIRECT] 
2025-12-11 19:32:17,967 [ERROR] LogOutputStream:75 - [STDERR_REDIRECT] [Fatal Error] :1:1: Premature end of file.
2025-12-11 19:32:17,970 [ERROR] LogOutputStream:75 - [STDERR_REDIRECT] 
2025-12-11 19:32:18,945 [ERROR] LogOutputStream:75 - [STDERR_REDIRECT] [Fatal Error] :1:1: Premature end of file.
2025-12-11 19:32:18,945 [ERROR] LogOutputStream:75 - [STDERR_REDIRECT] 
2025-12-11 19:32:19,931 [ERROR] LogOutputStream:75 - [STDERR_REDIRECT] [Fatal Error] :1:1: Premature end of file.
2025-12-11 19:32:19,931 [ERROR] LogOutputStream:75 - [STDERR_REDIRECT] 
2025-12-11 19:32:20,921 [ERROR] LogOutputStream:75 - [STDERR_REDIRECT] [Fatal Error] :1:1: Premature end of file.
2025-12-11 19:32:20,921 [ERROR] LogOutputStream:75 - [STDERR_REDIRECT] 
2025-12-11 19:32:21,936 [ERROR] LogOutputStream:75 - [STDERR_REDIRECT] [Fatal Error] :1:1: Premature end of file.
2025-12-11 19:32:21,936 [ERROR] LogOutputStream:75 - [STDERR_REDIRECT] 
2025-12-11 19:32:22,936 [ERROR] LogOutputStream:75 - [STDERR_REDIRECT] [Fatal Error] :1:1: Premature end of file.
2025-12-11 19:32:22,936 [ERROR] LogOutputStream:75 - [STDERR_REDIRECT] 
2025-12-11 19:32:23,942 [ERROR] LogOutputStream:75 - [STDERR_REDIRECT] [Fatal Error] :1:1: Premature end of file.
2025-12-11 19:32:23,942 [ERROR] LogOutputStream:75 - [STDERR_REDIRECT] 
2025-12-11 19:32:24,941 [ERROR] LogOutputStream:75 - [STDERR_REDIRECT] [Fatal Error] :1:1: Premature end of file.
2025-12-11 19:32:24,941 [ERROR] LogOutputStream:75 - [STDERR_REDIRECT] 
2025-12-11 19:32:25,947 [ERROR] LogOutputStream:75 - [STDERR_REDIRECT] [Fatal Error] :1:1: Premature end of file.
2025-12-11 19:32:25,947 [ERROR] LogOutputStream:75 - [STDERR_REDIRECT] 
2025-12-11 19:32:26,944 [ERROR] LogOutputStream:75 - [STDERR_REDIRECT] [Fatal Error] :1:1: Premature end of file.
2025-12-11 19:32:26,944 [ERROR] LogOutputStream:75 - [STDERR_REDIRECT] 
2025-12-11 19:32:27,944 [ERROR] LogOutputStream:75 - [STDERR_REDIRECT] [Fatal Error] :1:1: Premature end of file.
2025-12-11 19:32:27,944 [ERROR] LogOutputStream:75 - [STDERR_REDIRECT] 
2025-12-11 19:32:28,951 [ERROR] LogOutputStream:75 - [STDERR_REDIRECT] [Fatal Error] :1:1: Premature end of file.
2025-12-11 19:32:28,951 [ERROR] LogOutputStream:75 - [STDERR_REDIRECT] 
2025-12-11 19:32:29,947 [ERROR] LogOutputStream:75 - [STDERR_REDIRECT] [Fatal Error] :1:1: Premature end of file.
2025-12-11 19:32:29,947 [ERROR] LogOutputStream:75 - [STDERR_REDIRECT] 
2025-12-11 19:32:30,947 [ERROR] LogOutputStream:75 - [STDERR_REDIRECT] [Fatal Error] :1:1: Premature end of file.
2025-12-11 19:32:30,947 [ERROR] LogOutputStream:75 - [STDERR_REDIRECT] 
2025-12-11 19:32:31,947 [ERROR] LogOutputStream:75 - [STDERR_REDIRECT] [Fatal Error] :1:1: Premature end of file.
2025-12-11 19:32:31,972 [ERROR] LogOutputStream:75 - [STDERR_REDIRECT] 
2025-12-11 19:32:32,948 [ERROR] LogOutputStream:75 - [STDERR_REDIRECT] [Fatal Error] :1:1: Premature end of file.
2025-12-11 19:32:32,948 [ERROR] LogOutputStream:75 - [STDERR_REDIRECT] 
2025-12-11 19:32:33,933 [ERROR] LogOutputStream:75 - [STDERR_REDIRECT] [Fatal Error] :1:1: Premature end of file.
2025-12-11 19:32:33,933 [ERROR] LogOutputStream:75 - [STDERR_REDIRECT] 
2025-12-11 19:32:34,935 [ERROR] LogOutputStream:75 - [STDERR_REDIRECT] [Fatal Error] :1:1: Premature end of file.
2025-12-11 19:32:34,935 [ERROR] LogOutputStream:75 - [STDERR_REDIRECT] 
2025-12-11 19:32:35,950 [ERROR] LogOutputStream:75 - [STDERR_REDIRECT] [Fatal Error] :1:1: Premature end of file.
2025-12-11 19:32:35,985 [ERROR] LogOutputStream:75 - [STDERR_REDIRECT] 
2025-12-11 19:32:36,958 [ERROR] LogOutputStream:75 - [STDERR_REDIRECT] [Fatal Error] :1:1: Premature end of file.
2025-12-11 19:32:36,959 [ERROR] LogOutputStream:75 - [STDERR_REDIRECT] 
2025-12-11 19:32:37,950 [ERROR] LogOutputStream:75 - [STDERR_REDIRECT] [Fatal Error] :1:1: Premature end of file.
2025-12-11 19:32:37,976 [ERROR] LogOutputStream:75 - [STDERR_REDIRECT] 
2025-12-11 19:32:38,948 [ERROR] LogOutputStream:75 - [STDERR_REDIRECT] [Fatal Error] :1:1: Premature end of file.
2025-12-11 19:32:38,948 [ERROR] LogOutputStream:75 - [STDERR_REDIRECT] 
2025-12-11 19:32:39,943 [ERROR] LogOutputStream:75 - [STDERR_REDIRECT] [Fatal Error] :1:1: Premature end of file.
2025-12-11 19:32:39,996 [ERROR] LogOutputStream:75 - [STDERR_REDIRECT] 
2025-12-11 19:32:40,948 [ERROR] LogOutputStream:75 - [STDERR_REDIRECT] [Fatal Error] :1:1: Premature end of file.
2025-12-11 19:32:40,948 [ERROR] LogOutputStream:75 - [STDERR_REDIRECT] 
2025-12-11 19:32:41,954 [ERROR] LogOutputStream:75 - [STDERR_REDIRECT] [Fatal Error] :1:1: Premature end of file.
2025-12-11 19:32:42,004 [ERROR] LogOutputStream:75 - [STDERR_REDIRECT] 
2025-12-11 19:32:42,942 [ERROR] LogOutputStream:75 - [STDERR_REDIRECT] [Fatal Error] :1:1: Premature end of file.
2025-12-11 19:32:42,942 [ERROR] LogOutputStream:75 - [STDERR_REDIRECT] 
2025-12-11 19:32:43,942 [ERROR] LogOutputStream:75 - [STDERR_REDIRECT] [Fatal Error] :1:1: Premature end of file.
2025-12-11 19:32:43,942 [ERROR] LogOutputStream:75 - [STDERR_REDIRECT] 
2025-12-11 19:32:44,977 [ERROR] LogOutputStream:75 - [STDERR_REDIRECT] [Fatal Error] :1:1: Premature end of file.
2025-12-11 19:32:44,977 [ERROR] LogOutputStream:75 - [STDERR_REDIRECT] 
2025-12-11 19:32:45,935 [ERROR] LogOutputStream:75 - [STDERR_REDIRECT] [Fatal Error] :1:1: Premature end of file.
2025-12-11 19:32:45,935 [ERROR] LogOutputStream:75 - [STDERR_REDIRECT] 
2025-12-11 19:32:46,968 [ERROR] LogOutputStream:75 - [STDERR_REDIRECT] [Fatal Error] :1:1: Premature end of file.
2025-12-11 19:32:46,968 [ERROR] LogOutputStream:75 - [STDERR_REDIRECT] 
2025-12-11 19:32:48,184 [ERROR] LogOutputStream:75 - [STDERR_REDIRECT] [Fatal Error] :1:1: Premature end of file.
2025-12-11 19:32:48,184 [ERROR] LogOutputStream:75 - [STDERR_REDIRECT] 
2025-12-11 19:32:48,939 [ERROR] LogOutputStream:75 - [STDERR_REDIRECT] [Fatal Error] :1:1: Premature end of file.
2025-12-11 19:32:48,939 [ERROR] LogOutputStream:75 - [STDERR_REDIRECT] 
2025-12-11 19:32:49,923 [ERROR] LogOutputStream:75 - [STDERR_REDIRECT] [Fatal Error] :1:1: Premature end of file.
2025-12-11 19:32:49,923 [ERROR] LogOutputStream:75 - [STDERR_REDIRECT] 
2025-12-11 19:32:50,924 [ERROR] LogOutputStream:75 - [STDERR_REDIRECT] [Fatal Error] :1:1: Premature end of file.
2025-12-11 19:32:50,924 [ERROR] LogOutputStream:75 - [STDERR_REDIRECT] 
2025-12-11 19:32:51,965 [ERROR] LogOutputStream:75 - [STDERR_REDIRECT] [Fatal Error] :1:1: Premature end of file.
2025-12-11 19:32:51,967 [ERROR] LogOutputStream:75 - [STDERR_REDIRECT] 
2025-12-11 19:32:52,962 [ERROR] LogOutputStream:75 - [STDERR_REDIRECT] [Fatal Error] :1:1: Premature end of file.
2025-12-11 19:32:52,963 [ERROR] LogOutputStream:75 - [STDERR_REDIRECT] 
2025-12-11 19:32:53,937 [ERROR] LogOutputStream:75 - [STDERR_REDIRECT] [Fatal Error] :1:1: Premature end of file.
2025-12-11 19:32:53,938 [ERROR] LogOutputStream:75 - [STDERR_REDIRECT] 
2025-12-11 19:32:54,944 [ERROR] LogOutputStream:75 - [STDERR_REDIRECT] [Fatal Error] :1:1: Premature end of file.
2025-12-11 19:32:54,946 [ERROR] LogOutputStream:75 - [STDERR_REDIRECT] 
2025-12-11 19:32:55,946 [ERROR] LogOutputStream:75 - [STDERR_REDIRECT] [Fatal Error] :1:1: Premature end of file.
2025-12-11 19:32:55,946 [ERROR] LogOutputStream:75 - [STDERR_REDIRECT] 
2025-12-11 19:32:56,960 [ERROR] LogOutputStream:75 - [STDERR_REDIRECT] [Fatal Error] :1:1: Premature end of file.
2025-12-11 19:32:56,960 [ERROR] LogOutputStream:75 - [STDERR_REDIRECT] 
2025-12-11 19:32:57,943 [ERROR] LogOutputStream:75 - [STDERR_REDIRECT] [Fatal Error] :1:1: Premature end of file.
2025-12-11 19:32:57,943 [ERROR] LogOutputStream:75 - [STDERR_REDIRECT] 
2025-12-11 19:32:58,949 [ERROR] LogOutputStream:75 - [STDERR_REDIRECT] [Fatal Error] :1:1: Premature end of file.
2025-12-11 19:32:58,950 [ERROR] LogOutputStream:75 - [STDERR_REDIRECT] 
2025-12-11 19:32:59,933 [ERROR] LogOutputStream:75 - [STDERR_REDIRECT] [Fatal Error] :1:1: Premature end of file.
2025-12-11 19:32:59,933 [ERROR] LogOutputStream:75 - [STDERR_REDIRECT] 
2025-12-11 19:33:00,950 [ERROR] LogOutputStream:75 - [STDERR_REDIRECT] [Fatal Error] :1:1: Premature end of file.
2025-12-11 19:33:00,950 [ERROR] LogOutputStream:75 - [STDERR_REDIRECT] 
2025-12-11 19:33:01,944 [ERROR] LogOutputStream:75 - [STDERR_REDIRECT] [Fatal Error] :1:1: Premature end of file.
2025-12-11 19:33:01,944 [ERROR] LogOutputStream:75 - [STDERR_REDIRECT] 
2025-12-11 19:33:02,929 [ERROR] LogOutputStream:75 - [STDERR_REDIRECT] [Fatal Error] :1:1: Premature end of file.
2025-12-11 19:33:02,929 [ERROR] LogOutputStream:75 - [STDERR_REDIRECT] 
2025-12-11 19:33:03,925 [ERROR] LogOutputStream:75 - [STDERR_REDIRECT] [Fatal Error] :1:1: Premature end of file.
2025-12-11 19:33:03,925 [ERROR] LogOutputStream:75 - [STDERR_REDIRECT] 
2025-12-11 19:33:04,929 [ERROR] LogOutputStream:75 - [STDERR_REDIRECT] [Fatal Error] :1:1: Premature end of file.
2025-12-11 19:33:04,929 [ERROR] LogOutputStream:75 - [STDERR_REDIRECT] 
2025-12-11 19:33:05,932 [ERROR] LogOutputStream:75 - [STDERR_REDIRECT] [Fatal Error] :1:1: Premature end of file.
2025-12-11 19:33:05,932 [ERROR] LogOutputStream:75 - [STDERR_REDIRECT] 
2025-12-11 19:33:06,943 [ERROR] LogOutputStream:75 - [STDERR_REDIRECT] [Fatal Error] :1:1: Premature end of file.
2025-12-11 19:33:06,943 [ERROR] LogOutputStream:75 - [STDERR_REDIRECT] 
2025-12-11 19:33:07,945 [ERROR] LogOutputStream:75 - [STDERR_REDIRECT] [Fatal Error] :1:1: Premature end of file.
2025-12-11 19:33:07,945 [ERROR] LogOutputStream:75 - [STDERR_REDIRECT] 
2025-12-11 19:33:08,943 [ERROR] LogOutputStream:75 - [STDERR_REDIRECT] [Fatal Error] :1:1: Premature end of file.
2025-12-11 19:33:08,943 [ERROR] LogOutputStream:75 - [STDERR_REDIRECT] 
2025-12-11 19:33:09,938 [ERROR] LogOutputStream:75 - [STDERR_REDIRECT] [Fatal Error] :1:1: Premature end of file.
2025-12-11 19:33:09,940 [ERROR] LogOutputStream:75 - [STDERR_REDIRECT] 
2025-12-11 19:33:10,953 [ERROR] LogOutputStream:75 - [STDERR_REDIRECT] [Fatal Error] :1:1: Premature end of file.
2025-12-11 19:33:10,953 [ERROR] LogOutputStream:75 - [STDERR_REDIRECT] 
2025-12-11 19:33:11,955 [ERROR] LogOutputStream:75 - [STDERR_REDIRECT] [Fatal Error] :1:1: Premature end of file.
2025-12-11 19:33:11,955 [ERROR] LogOutputStream:75 - [STDERR_REDIRECT] 
2025-12-11 19:33:12,946 [ERROR] LogOutputStream:75 - [STDERR_REDIRECT] [Fatal Error] :1:1: Premature end of file.
2025-12-11 19:33:12,946 [ERROR] LogOutputStream:75 - [STDERR_REDIRECT] 
2025-12-11 19:33:13,954 [ERROR] LogOutputStream:75 - [STDERR_REDIRECT] [Fatal Error] :1:1: Premature end of file.
2025-12-11 19:33:13,954 [ERROR] LogOutputStream:75 - [STDERR_REDIRECT] 
2025-12-11 19:33:14,940 [ERROR] LogOutputStream:75 - [STDERR_REDIRECT] [Fatal Error] :1:1: Premature end of file.
2025-12-11 19:33:14,940 [ERROR] LogOutputStream:75 - [STDERR_REDIRECT] 
2025-12-11 19:33:15,940 [ERROR] LogOutputStream:75 - [STDERR_REDIRECT] [Fatal Error] :1:1: Premature end of file.
2025-12-11 19:33:15,940 [ERROR] LogOutputStream:75 - [STDERR_REDIRECT] 
2025-12-11 19:33:16,935 [ERROR] LogOutputStream:75 - [STDERR_REDIRECT] [Fatal Error] :1:1: Premature end of file.
2025-12-11 19:33:16,935 [ERROR] LogOutputStream:75 - [STDERR_REDIRECT] 
2025-12-11 19:33:17,933 [ERROR] LogOutputStream:75 - [STDERR_REDIRECT] [Fatal Error] :1:1: Premature end of file.
2025-12-11 19:33:17,933 [ERROR] LogOutputStream:75 - [STDERR_REDIRECT] 
2025-12-11 19:33:21,533 [ERROR] LogOutputStream:75 - [STDERR_REDIRECT] [Fatal Error] :1:1: Premature end of file.
2025-12-11 19:33:21,533 [ERROR] LogOutputStream:75 - [STDERR_REDIRECT] 
2025-12-11 19:33:21,603 [ERROR] LogOutputStream:75 - [STDERR_REDIRECT] [Fatal Error] :1:1: Premature end of file.
2025-12-11 19:33:21,603 [ERROR] LogOutputStream:75 - [STDERR_REDIRECT] 
2025-12-11 19:33:21,677 [ERROR] LogOutputStream:75 - [STDERR_REDIRECT] [Fatal Error] :1:1: Premature end of file.
2025-12-11 19:33:21,677 [ERROR] LogOutputStream:75 - [STDERR_REDIRECT] 
2025-12-11 19:33:22,599 [ERROR] LogOutputStream:75 - [STDERR_REDIRECT] [Fatal Error] :1:1: Premature end of file.
2025-12-11 19:33:22,599 [ERROR] LogOutputStream:75 - [STDERR_REDIRECT] 
2025-12-11 19:33:22,920 [ERROR] LogOutputStream:75 - [STDERR_REDIRECT] [Fatal Error] :1:1: Premature end of file.
2025-12-11 19:33:22,920 [ERROR] LogOutputStream:75 - [STDERR_REDIRECT] 
2025-12-11 19:33:23,929 [ERROR] LogOutputStream:75 - [STDERR_REDIRECT] [Fatal Error] :1:1: Premature end of file.
2025-12-11 19:33:23,929 [ERROR] LogOutputStream:75 - [STDERR_REDIRECT] 
2025-12-11 19:33:24,940 [ERROR] LogOutputStream:75 - [STDERR_REDIRECT] [Fatal Error] :1:1: Premature end of file.
2025-12-11 19:33:24,940 [ERROR] LogOutputStream:75 - [STDERR_REDIRECT] 
2025-12-11 19:33:25,927 [ERROR] LogOutputStream:75 - [STDERR_REDIRECT] [Fatal Error] :1:1: Premature end of file.
2025-12-11 19:33:25,927 [ERROR] LogOutputStream:75 - [STDERR_REDIRECT] 
2025-12-11 19:33:26,933 [ERROR] LogOutputStream:75 - [STDERR_REDIRECT] [Fatal Error] :1:1: Premature end of file.
2025-12-11 19:33:26,933 [ERROR] LogOutputStream:75 - [STDERR_REDIRECT] 
2025-12-11 19:33:27,932 [ERROR] LogOutputStream:75 - [STDERR_REDIRECT] [Fatal Error] :1:1: Premature end of file.
2025-12-11 19:33:27,932 [ERROR] LogOutputStream:75 - [STDERR_REDIRECT] 
2025-12-11 19:33:28,942 [ERROR] LogOutputStream:75 - [STDERR_REDIRECT] [Fatal Error] :1:1: Premature end of file.
2025-12-11 19:33:28,942 [ERROR] LogOutputStream:75 - [STDERR_REDIRECT] 
2025-12-11 19:33:29,934 [ERROR] LogOutputStream:75 - [STDERR_REDIRECT] [Fatal Error] :1:1: Premature end of file.
2025-12-11 19:33:29,934 [ERROR] LogOutputStream:75 - [STDERR_REDIRECT] 
2025-12-11 19:33:30,930 [ERROR] LogOutputStream:75 - [STDERR_REDIRECT] [Fatal Error] :1:1: Premature end of file.
2025-12-11 19:33:30,930 [ERROR] LogOutputStream:75 - [STDERR_REDIRECT] 
2025-12-11 19:33:31,938 [ERROR] LogOutputStream:75 - [STDERR_REDIRECT] [Fatal Error] :1:1: Premature end of file.
2025-12-11 19:33:31,938 [ERROR] LogOutputStream:75 - [STDERR_REDIRECT] 
2025-12-11 19:33:32,941 [ERROR] LogOutputStream:75 - [STDERR_REDIRECT] [Fatal Error] :1:1: Premature end of file.
2025-12-11 19:33:32,941 [ERROR] LogOutputStream:75 - [STDERR_REDIRECT] 
2025-12-11 19:33:33,938 [ERROR] LogOutputStream:75 - [STDERR_REDIRECT] [Fatal Error] :1:1: Premature end of file.
2025-12-11 19:33:33,938 [ERROR] LogOutputStream:75 - [STDERR_REDIRECT] 
2025-12-11 19:33:34,937 [ERROR] LogOutputStream:75 - [STDERR_REDIRECT] [Fatal Error] :1:1: Premature end of file.
2025-12-11 19:33:34,937 [ERROR] LogOutputStream:75 - [STDERR_REDIRECT] 
2025-12-11 19:33:35,939 [ERROR] LogOutputStream:75 - [STDERR_REDIRECT] [Fatal Error] :1:1: Premature end of file.
2025-12-11 19:33:35,939 [ERROR] LogOutputStream:75 - [STDERR_REDIRECT] 
2025-12-11 19:33:36,941 [ERROR] LogOutputStream:75 - [STDERR_REDIRECT] [Fatal Error] :1:1: Premature end of file.
2025-12-11 19:33:36,941 [ERROR] LogOutputStream:75 - [STDERR_REDIRECT] 
2025-12-11 19:33:37,937 [ERROR] LogOutputStream:75 - [STDERR_REDIRECT] [Fatal Error] :1:1: Premature end of file.
2025-12-11 19:33:37,937 [ERROR] LogOutputStream:75 - [STDERR_REDIRECT] 
2025-12-11 19:33:38,941 [ERROR] LogOutputStream:75 - [STDERR_REDIRECT] [Fatal Error] :1:1: Premature end of file.
2025-12-11 19:33:38,941 [ERROR] LogOutputStream:75 - [STDERR_REDIRECT] 
2025-12-11 19:33:39,929 [ERROR] LogOutputStream:75 - [STDERR_REDIRECT] [Fatal Error] :1:1: Premature end of file.
2025-12-11 19:33:39,929 [ERROR] LogOutputStream:75 - [STDERR_REDIRECT] 
2025-12-11 19:33:40,921 [ERROR] LogOutputStream:75 - [STDERR_REDIRECT] [Fatal Error] :1:1: Premature end of file.
2025-12-11 19:33:40,921 [ERROR] LogOutputStream:75 - [STDERR_REDIRECT] 
2025-12-11 19:33:41,926 [ERROR] LogOutputStream:75 - [STDERR_REDIRECT] [Fatal Error] :1:1: Premature end of file.
2025-12-11 19:33:41,926 [ERROR] LogOutputStream:75 - [STDERR_REDIRECT] 
2025-12-11 19:33:42,934 [ERROR] LogOutputStream:75 - [STDERR_REDIRECT] [Fatal Error] :1:1: Premature end of file.
2025-12-11 19:33:42,934 [ERROR] LogOutputStream:75 - [STDERR_REDIRECT] 
2025-12-11 19:33:43,949 [ERROR] LogOutputStream:75 - [STDERR_REDIRECT] [Fatal Error] :1:1: Premature end of file.
2025-12-11 19:33:43,949 [ERROR] LogOutputStream:75 - [STDERR_REDIRECT] 
2025-12-11 19:33:44,432 [ERROR] LogOutputStream:75 - [STDERR_REDIRECT] 
